s_name,aumdate,aumtotal,classification,schemecode
SBI Nifty 50 ETF,2026-08-31T00:00:00.000Z,213793.98,Equity : ETFs,33369
HDFC Flexi Cap Fund(G),2026-08-31T00:00:00.000Z,113606.47,Equity : Flexi Cap,1131
HDFC Balanced Advantage Fund(G),2026-08-31T00:00:00.000Z,107295.79,Hybrid : Dynamic Asset Allocation,1273
ICICI Pru Multi Asset Allocation Fund(G),2026-08-31T00:00:00.000Z,87833.1,Hybrid : Multi Asset Allocation,1495
HDFC Mid Cap Fund-Reg(G),2026-08-31T00:00:00.000Z,108324.55,Equity : Mid Cap,1305
Parag Parikh Flexi Cap Fund-Reg(G),2026-08-31T00:00:00.000Z,147404.51,Equity : Flexi Cap,21520
SBI BSE Sensex ETF,2026-08-31T00:00:00.000Z,121962.01,Equity : ETFs,20447
Nippon India Small Cap Fund(G),2026-08-31T00:00:00.000Z,82580.31,Equity : Small Cap,12758
ICICI Pru Large Cap Fund(G),2026-08-31T00:00:00.000Z,80206.2,Equity : Large Cap,4980
SBI Liquid Fund-Reg(G),2026-09-30T00:00:00.000Z,77480.91,Debt : Liquid,2828
SBI Aggressive Hybrid Fund-Reg(G),2026-08-31T00:00:00.000Z,88667.52,Hybrid : Aggressive Hybrid,2747
HDFC Liquid Fund(G),2026-09-30T00:00:00.000Z,66295.17,Debt : Liquid,1286
Kotak Mid Cap Fund-Reg(G),2026-08-31T00:00:00.000Z,71256.26,Equity : Mid Cap,1977
ICICI Pru Balanced Advantage Fund(G),2026-08-31T00:00:00.000Z,75399.17,Hybrid : Dynamic Asset Allocation,1470
UTI Nifty 50 ETF,2026-08-31T00:00:00.000Z,73301.83,Equity : ETFs,33150
Kotak Arbitrage Fund(G),2026-08-31T00:00:00.000Z,75712.35,Hybrid : Arbitrage,1979
Nippon India ETF Nifty 50 BeES,2026-08-31T00:00:00.000Z,67095.32,Equity : ETFs,2272
Nippon India ETF Gold BeES,2026-08-31T00:00:00.000Z,58629.45,Metal : ETFs,1024
Axis Liquid Fund-Reg(G),2026-08-31T00:00:00.000Z,63342.66,Debt : Liquid,8029
Aditya Birla SL Liquid Fund(G),2026-09-30T00:00:00.000Z,61166.55,Debt : Liquid,293
Kotak Flexi Cap Fund(G),2026-08-31T00:00:00.000Z,56392.25,Equity : Flexi Cap,7874
ICICI Pru Value Fund(G),2026-08-31T00:00:00.000Z,60074.56,Equity : Value / Contra,1492
UTI BSE Sensex ETF,2026-08-31T00:00:00.000Z,57099.07,Equity : ETFs,33151
Nippon India Multi Cap Fund(G),2026-08-31T00:00:00.000Z,56297.62,Equity : Multi Cap,2466
SBI Large Cap Fund-Reg(G),2026-08-31T00:00:00.000Z,55139.85,Equity : Large Cap,2711
ICICI Pru Liquid Fund(G),2026-09-30T00:00:00.000Z,55340.45,Debt : Liquid,1659
Nippon India Large Cap Fund(G),2026-08-31T00:00:00.000Z,54133.66,Equity : Large Cap,2455
SBI Focused Fund-Reg(G),2026-08-31T00:00:00.000Z,51247.73,Equity : Focused,2817
Nippon India Growth Mid Cap Fund(G),2026-08-31T00:00:00.000Z,52270.55,Equity : Mid Cap,2573
ICICI Pru Aggressive Hybrid Fund(G),2026-08-31T00:00:00.000Z,52454.21,Hybrid : Aggressive Hybrid,1482
SBI Contra Fund-Reg(G),2026-08-31T00:00:00.000Z,47589.39,Equity : Value / Contra,2809
ICICI Pru Nifty 50 ETF,2026-08-31T00:00:00.000Z,44509.06,Equity : ETFs,20803
SBI Arbitrage Fund-Reg(G),2026-08-31T00:00:00.000Z,47282.79,Hybrid : Arbitrage,2709
Motilal Oswal Midcap Fund-Reg(G),2026-08-31T00:00:00.000Z,42851.59,Equity : Mid Cap,22533
Mirae Asset Large & Midcap Fund-Reg(G),2026-08-31T00:00:00.000Z,45811.35,Equity : Large & Mid Cap,9767
SBI Large & Midcap Fund-Reg(G),2026-08-31T00:00:00.000Z,42335.63,Equity : Large & Mid Cap,2801
HDFC Small Cap Fund-Reg(G),2026-08-31T00:00:00.000Z,41890.86,Equity : Small Cap,4455
SBI Small Cap Fund-Reg(G),2026-08-31T00:00:00.000Z,42630.89,Equity : Small Cap,7885
SBI Balanced Advantage Fund-Reg(G),2026-08-31T00:00:00.000Z,41802.81,Hybrid : Dynamic Asset Allocation,32097
Kotak Liquid Fund-Reg(G),2026-09-30T00:00:00.000Z,42047.28,Debt : Liquid,2060
Nippon India Liquid Fund(G),2026-09-30T00:00:00.000Z,40489.55,Debt : Liquid,2637
Mirae Asset Large Cap Fund-Reg(G),2026-08-31T00:00:00.000Z,38166.23,Equity : Large Cap,4457
HDFC Large Cap Fund(G),2026-08-31T00:00:00.000Z,39933.37,Equity : Large Cap,1331
ICICI Pru India Opp Fund(G),2026-08-31T00:00:00.000Z,38338.43,Equity : Thematic,42140
Bandhan Small Cap Fund-Reg(G),2026-08-31T00:00:00.000Z,34176.02,Equity : Small Cap,42342
Quant Small Cap Fund(G),2026-08-31T00:00:00.000Z,35557.21,Equity : Small Cap,876
Axis Midcap Fund-Reg(G),2026-08-31T00:00:00.000Z,35425.07,Equity : Mid Cap,13049
ICICI Pru Large & Mid Cap Fund(G),2026-08-31T00:00:00.000Z,33591.78,Equity : Large & Mid Cap,1608
ICICI Pru BSE Sensex ETF,2026-08-31T00:00:00.000Z,32685.47,Equity : ETFs,2848
Kotak Large & Mid Cap Fund(G),2026-08-31T00:00:00.000Z,32325.48,Equity : Large & Mid Cap,2069
Axis ELSS-Tax Saver Fund-Reg(G),2026-08-31T00:00:00.000Z,32667.38,Equity : Tax Saving (ELSS),8408
ICICI Pru Arbitrage Fund(G),2026-08-31T00:00:00.000Z,34849.65,Hybrid : Arbitrage,1467
Nippon India Silver ETF,2026-08-31T00:00:00.000Z,32222.7,Metal : ETFs,46199
SBI ELSS Tax Saver Fund-Reg(G),2026-08-31T00:00:00.000Z,31734.62,Equity : Tax Saving (ELSS),2815
Kotak Multi Cap Fund-Reg(G),2026-08-31T00:00:00.000Z,30529.1,Equity : Multi Cap,45336
ICICI Pru Money Market Fund(G),2026-09-30T00:00:00.000Z,31009.57,Debt : Money Market,1690
Tata Money Market Fund-Reg(G),2026-09-30T00:00:00.000Z,31689.59,Debt : Money Market,3267
Axis Large Cap Fund-Reg(G),2026-08-31T00:00:00.000Z,31375.66,Equity : Large Cap,8250
Invesco India Arbitrage Fund-Reg(G),2026-08-31T00:00:00.000Z,30617.52,Hybrid : Arbitrage,2167
Axis Small Cap Fund-Reg(G),2026-08-31T00:00:00.000Z,31448.32,Equity : Small Cap,21651
UTI Nifty 50 Index Fund-Reg(G),2026-08-31T00:00:00.000Z,29485.43,Equity : Index Funds,3641
HDFC Large & Mid Cap Fund-Reg(G),2026-08-31T00:00:00.000Z,30294.02,Equity : Large & Mid Cap,2271
HDFC Corp Bond Fund(G),2026-09-30T00:00:00.000Z,29478.92,Debt : Corporate Bond,8241
Aditya Birla SL Large Cap Fund-Reg(G),2026-08-31T00:00:00.000Z,29710.82,Equity : Large Cap,447
ICICI Pru Dynamic Asset Allocation Active FOF(G),2026-08-31T00:00:00.000Z,28660.55,FoFs : Domestic,1704
UTI Liquid Fund-Reg(G),2026-08-31T00:00:00.000Z,29217.85,Debt : Liquid,3590
Nippon India ETF BSE Sensex,2026-08-31T00:00:00.000Z,28730.53,Equity : ETFs,30127
Aditya Birla SL Flexi Cap Fund-Reg(G),2026-08-31T00:00:00.000Z,29044.24,Equity : Flexi Cap,445
ICICI Pru Corp Bond Fund(G),2026-09-30T00:00:00.000Z,28384.9,Debt : Corporate Bond,7925
DSP Liquid Fund-Reg(G),2026-08-31T00:00:00.000Z,27920.26,Debt : Liquid,708
Tata Liquid Fund-Reg(G),2026-09-30T00:00:00.000Z,28037.42,Debt : Liquid,3212
HDFC Money Market Fund-Reg(G),2026-09-30T00:00:00.000Z,27624.26,Debt : Money Market,1119
ICICI Pru Gold ETF,2026-08-31T00:00:00.000Z,28324.61,Metal : ETFs,12328
HDFC Focused Fund-Reg(G),2026-08-31T00:00:00.000Z,28200.67,Equity : Focused,1129
Kotak Money Market Fund(G),2026-09-30T00:00:00.000Z,27512.54,Debt : Money Market,1999
Aditya Birla SL Money Market Fund(G),2026-09-30T00:00:00.000Z,26943.19,Debt : Money Market,394
SBI Money Market Fund-Reg(G),2026-09-30T00:00:00.000Z,27850.34,Debt : Money Market,2774
SBI Gold ETF,2026-08-31T00:00:00.000Z,27085.26,Metal : ETFs,7741
Canara Rob Large and Mid Cap Fund-Reg(G),2026-08-31T00:00:00.000Z,26330.85,Equity : Large & Mid Cap,523
Aditya Birla SL Arbitrage Fund(G),2026-08-31T00:00:00.000Z,27237.15,Hybrid : Arbitrage,7889
ICICI Pru Flexi Cap Fund(G),2026-08-31T00:00:00.000Z,25894.53,Equity : Flexi Cap,45492
SBI Overnight Fund-Reg(G),2026-09-30T00:00:00.000Z,25553.01,Debt : Overnight,2787
Mirae Asset ELSS Tax Saver Fund-Reg(G),2026-08-31T00:00:00.000Z,26427.51,Equity : Tax Saving (ELSS),33536
BHARAT Bond ETF - April 2030,2026-09-30T00:00:00.000Z,24603.04,Debt : ETFs,44421
UTI Flexi Cap Fund-Reg(G),2026-08-31T00:00:00.000Z,24163.23,Equity : Flexi Cap,3461
HDFC Arbitrage Fund-Reg(G),2026-08-31T00:00:00.000Z,25509.47,Hybrid : Arbitrage,1103
Tata Arbitrage Fund-Reg(G),2026-08-31T00:00:00.000Z,24949.62,Hybrid : Arbitrage,38865
SBI Midcap Fund-Reg(G),2026-08-31T00:00:00.000Z,24518.32,Equity : Mid Cap,2789
HDFC Gold ETF,2026-08-31T00:00:00.000Z,24417.4,Metal : ETFs,12319
SBI Multicap Fund-Reg(G),2026-08-31T00:00:00.000Z,24524.75,Equity : Multi Cap,46405
Aditya Birla SL Corp Bond Fund(G),2026-09-30T00:00:00.000Z,22721.59,Debt : Corporate Bond,453
SBI Flexicap Fund-Reg(G),2026-08-31T00:00:00.000Z,23234.64,Equity : Flexi Cap,2799
HDFC Nifty 50 Index Fund(G),2026-08-31T00:00:00.000Z,23783.91,Equity : Index Funds,12633
HSBC Liquid Fund(G),2026-09-30T00:00:00.000Z,23038.43,Debt : Liquid,1340
Invesco India Liquid Fund(G),2026-09-30T00:00:00.000Z,22395.05,Debt : Liquid,2240
HDFC Aggressive Hybrid Fund(G),2026-08-31T00:00:00.000Z,22296.62,Hybrid : Aggressive Hybrid,1311
SBI Corp Bond Fund-Reg(G),2026-09-30T00:00:00.000Z,21803.13,Debt : Corporate Bond,40450
DSP Small Cap Fund-Reg(G),2026-08-31T00:00:00.000Z,21658.64,Equity : Small Cap,714
SBI Multi Asset Allocation Fund-Reg(G),2026-09-30T00:00:00.000Z,21044.19,Hybrid : Multi Asset Allocation,2796
Axis Money Market Fund-Reg(G),2026-08-31T00:00:00.000Z,21405.41,Debt : Money Market,21218
Bandhan Large & Mid Cap Fund-Reg(G),2026-08-31T00:00:00.000Z,21020.5,Equity : Large & Mid Cap,2858
Mirae Asset Midcap Fund-Reg(G),2026-08-31T00:00:00.000Z,20891.69,Equity : Mid Cap,43349
DSP Midcap Fund-Reg(G),2026-08-31T00:00:00.000Z,21018.54,Equity : Mid Cap,735
HDFC Multi Cap Fund-Reg(G),2026-08-31T00:00:00.000Z,20649.14,Equity : Multi Cap,46093
Edelweiss Mid Cap Fund-Reg(G),2026-08-31T00:00:00.000Z,19891.0,Equity : Mid Cap,3790
Motilal Oswal Large & Midcap Fund-Reg(G),2026-08-31T00:00:00.000Z,20159.1,Equity : Large & Mid Cap,42803
Kotak Small Cap Fund(G),2026-08-31T00:00:00.000Z,19678.75,Equity : Small Cap,2066
ICICI Pru Multi Cap Fund(G),2026-08-31T00:00:00.000Z,19537.64,Equity : Multi Cap,1677
Invesco India Contra Fund-Reg(G),2026-08-31T00:00:00.000Z,20643.56,Equity : Value / Contra,2169
Nippon India Money Market Fund(G),2026-09-30T00:00:00.000Z,19854.77,Debt : Money Market,2628
HSBC Small Cap Fund-Reg(G),2026-08-31T00:00:00.000Z,19076.35,Equity : Small Cap,22139
UTI Money Market Fund-Reg(G),2026-08-31T00:00:00.000Z,19467.72,Debt : Money Market,7914
ICICI Pru Short Term Fund(G),2026-09-30T00:00:00.000Z,18889.78,Debt : Short Duration,1682
Franklin India Flexi Cap Fund(G),2026-08-31T00:00:00.000Z,19384.82,Equity : Flexi Cap,950
CPSE ETF,2026-08-31T00:00:00.000Z,19040.04,Equity : ETFs,27621
ICICI Pru Ultra Short to Short Term Fund(G),2026-09-30T00:00:00.000Z,18781.24,Debt : Low Duration,1500
SBI Gold Fund-Reg(G),2026-08-31T00:00:00.000Z,17647.04,Metal : MFs,14666
Nippon India Multi Asset Allocation Fund-Reg(G),2026-08-31T00:00:00.000Z,17983.94,Hybrid : Multi Asset Allocation,26169
ICICI Pru Focused Fund(G),2026-08-31T00:00:00.000Z,17948.79,Equity : Focused,7747
DSP Large & Mid Cap Fund-Reg(G),2026-08-31T00:00:00.000Z,18410.89,Equity : Large & Mid Cap,716
Axis Large & Mid Cap Fund-Reg(G),2026-08-31T00:00:00.000Z,17319.58,Equity : Large & Mid Cap,38080
Nippon India Arbitrage Fund(G),2026-08-31T00:00:00.000Z,17532.65,Hybrid : Arbitrage,12938
Mirae Asset Liquid Fund-Reg(G),2026-08-31T00:00:00.000Z,17358.7,Debt : Liquid,7554
Kotak Balanced Advantage Fund-Reg(G),2026-08-31T00:00:00.000Z,17373.4,Hybrid : Dynamic Asset Allocation,40623
HSBC Midcap Fund-Reg(G),2026-08-31T00:00:00.000Z,17188.24,Equity : Mid Cap,611
Aditya Birla SL Ultra Short Term Fund-Reg(G),2026-09-30T00:00:00.000Z,16278.9,Debt : Ultra Short Duration,468
Canara Rob Large Cap Fund-Reg(G),2026-08-31T00:00:00.000Z,17092.16,Equity : Large Cap,8217
ICICI Pru Nifty 50 Index Fund-Reg(G),2026-08-31T00:00:00.000Z,17253.52,Equity : Index Funds,1623
DSP ELSS Tax Saver Fund-Reg(G),2026-08-31T00:00:00.000Z,16666.45,Equity : Tax Saving (ELSS),745
Bandhan Liquid Fund-Reg(G),2026-09-30T00:00:00.000Z,16269.4,Debt : Liquid,1032
HDFC Ultra Short to Short Term Fund(G),2026-09-30T00:00:00.000Z,16512.86,Debt : Low Duration,1114
ICICI Pru Business Cycle Fund(G),2026-08-31T00:00:00.000Z,15873.28,Equity : Thematic,44146
Invesco India Midcap Fund-Reg(G),2026-08-31T00:00:00.000Z,15905.31,Equity : Mid Cap,2259
Invesco India Smallcap Fund-Reg(G),2026-08-31T00:00:00.000Z,15744.4,Equity : Small Cap,40339
ICICI Pru Equity Savings Fund-Reg(G),2026-08-31T00:00:00.000Z,15794.73,Hybrid : Equity Savings,31230
HDFC ELSS-Tax Saver Fund(G),2026-08-31T00:00:00.000Z,15991.78,Equity : Tax Saving (ELSS),1329
HSBC Value Fund-Reg(G),2026-08-31T00:00:00.000Z,15372.81,Equity : Value / Contra,8262
HDFC Floating Interest Rates Fund(G),2026-09-30T00:00:00.000Z,15658.95,Debt : Floater,3728
HDFC Ultra Short Term Fund-Reg(G),2026-09-30T00:00:00.000Z,15674.64,Debt : Ultra Short Duration,39949
Kotak Multi Asset Allocation Fund-Reg(G),2026-08-31T00:00:00.000Z,15282.85,Hybrid : Multi Asset Allocation,48028
ICICI Pru Ultra Short Term Fund(G),2026-09-30T00:00:00.000Z,15236.43,Debt : Ultra Short Duration,12454
Sundaram Mid Cap Fund-Reg(G),2026-08-31T00:00:00.000Z,14863.43,Equity : Mid Cap,3067
Edelweiss Arbitrage Fund-Reg(G),2026-08-31T00:00:00.000Z,14849.18,Hybrid : Arbitrage,27622
Kotak Ultra Short Term Fund(G),2026-09-30T00:00:00.000Z,15261.29,Debt : Ultra Short Duration,1995
ICICI Pru Silver ETF,2026-08-31T00:00:00.000Z,15107.65,Metal : ETFs,46214
Nippon India ELSS Tax Saver Fund(G),2026-08-31T00:00:00.000Z,14718.43,Equity : Tax Saving (ELSS),2667
Canara Rob Small Cap Fund-Reg(G),2026-08-31T00:00:00.000Z,14661.14,Equity : Small Cap,42350
Kotak Corporate Bond Fund(G),2026-09-30T00:00:00.000Z,14791.21,Debt : Corporate Bond,265
Kotak Gold ETF,2026-08-31T00:00:00.000Z,14989.4,Metal : ETFs,2050
Franklin India Small Cap Fund(G),2026-08-31T00:00:00.000Z,14746.08,Equity : Small Cap,952
Aditya Birla SL ELSS Tax Saver Fund(G),2026-08-31T00:00:00.000Z,14542.57,Equity : Tax Saving (ELSS),4637
Axis Flexi Cap Fund-Reg(G),2026-08-31T00:00:00.000Z,13942.88,Equity : Flexi Cap,38212
ICICI Pru ELSS-Tax Saver Fund(G),2026-08-31T00:00:00.000Z,14285.6,Equity : Tax Saving (ELSS),1694
SBI Nifty Index Fund-Reg(G),2026-08-31T00:00:00.000Z,13927.86,Equity : Index Funds,2782
Kotak Short Term Fund(G),2026-09-30T00:00:00.000Z,14241.27,Debt : Short Duration,1971
Motilal Oswal Flexi Cap Fund-Reg(G),2026-08-31T00:00:00.000Z,14159.98,Equity : Flexi Cap,26481
HDFC Short Term Fund(G),2026-09-30T00:00:00.000Z,14218.52,Debt : Short Duration,11925
Canara Rob Flexi Cap Fund-Reg(G),2026-08-31T00:00:00.000Z,13678.82,Equity : Flexi Cap,526
Motilal Oswal Nasdaq 100 ETF,2026-08-31T00:00:00.000Z,13814.68,Equity : ETFs,13397
ICICI Pru Technology Fund(G),2026-08-31T00:00:00.000Z,13660.98,Equity : Sectoral - Technology,1695
Bandhan Corp Bond Fund-Reg(G),2026-09-30T00:00:00.000Z,13511.5,Debt : Corporate Bond,31896
Quant ELSS Tax Saver Fund(G),2026-08-31T00:00:00.000Z,13457.65,Equity : Tax Saving (ELSS),889
Edelweiss Balanced Advantage Fund-Reg(G),2026-08-31T00:00:00.000Z,13445.0,Hybrid : Dynamic Asset Allocation,7912
SBI Short Term Fund-Reg(G),2026-09-30T00:00:00.000Z,13242.64,Debt : Short Duration,2843
Tata Small Cap Fund-Reg(G),2026-08-31T00:00:00.000Z,13093.88,Equity : Small Cap,35242
BHARAT Bond ETF - April 2031,2026-09-30T00:00:00.000Z,13203.9,Debt : ETFs,45008
Bandhan Money Market Fund-Reg(G),2026-09-30T00:00:00.000Z,13128.61,Debt : Money Market,1052
Franklin India Mid Cap Fund(G),2026-08-31T00:00:00.000Z,13052.4,Equity : Mid Cap,948
Aditya Birla SL Floating Interest Rates Fund(G),2026-09-30T00:00:00.000Z,12971.49,Debt : Floater,7727
Baroda BNP Paribas Liquid Fund(G),2026-09-30T00:00:00.000Z,12914.22,Debt : Liquid,7594
ICICI Pru Dynamic Term Fund(G),2026-09-30T00:00:00.000Z,12863.13,Debt : Dynamic Bond,8499
UTI Mid Cap Fund-Reg(G),2026-08-31T00:00:00.000Z,12795.44,Equity : Mid Cap,3628
LIC MF Liquid Fund-Reg(G),2026-09-30T00:00:00.000Z,12871.93,Debt : Liquid,2137
Invesco India Large & Mid Cap Fund-Reg(G),2026-08-31T00:00:00.000Z,12387.43,Equity : Large & Mid Cap,2235
ICICI Pru Overnight Fund(G),2026-09-30T00:00:00.000Z,12280.45,Debt : Overnight,41653
HDFC Gold ETF FoF(G),2026-08-31T00:00:00.000Z,12359.16,FoFs : Domestic,15381
Kotak Ultra Short to Short Term Fund(G),2026-09-30T00:00:00.000Z,12565.95,Debt : Low Duration,4573
DSP Flexi Cap Fund-Reg(G),2026-08-31T00:00:00.000Z,12500.27,Equity : Flexi Cap,642
Axis Multicap Fund-Reg(G),2026-08-31T00:00:00.000Z,11984.67,Equity : Multi Cap,45362
UTI Large Cap Fund-Reg(G),2026-08-31T00:00:00.000Z,12189.1,Equity : Large Cap,3626
Axis Banking and PSU Debt Fund-Reg(G),2026-08-31T00:00:00.000Z,12003.89,Debt : Banking & PSU,16903
Bandhan Banking and PSU Debt Fund-Reg(G),2026-09-30T00:00:00.000Z,11893.32,Debt : Banking & PSU,20747
DSP Aggressive Hybrid Fund-Reg(G),2026-08-31T00:00:00.000Z,11758.92,Hybrid : Aggressive Hybrid,635
Franklin India Focused Equity Fund(G),2026-08-31T00:00:00.000Z,11506.08,Equity : Focused,938
Nippon India Ultra Short Term Fund(G),2026-09-30T00:00:00.000Z,11551.08,Debt : Ultra Short Duration,2615
Edelweiss Liquid Fund-Reg(G),2026-09-30T00:00:00.000Z,11740.88,Debt : Liquid,6688
HDFC Defence Fund-Reg(G),2026-08-31T00:00:00.000Z,11477.59,Equity : Thematic,46585
ICICI Pru Banking & Fin Serv Fund(G),2026-08-31T00:00:00.000Z,11330.58,Equity : Sectoral - Financial Services,5736
Aditya Birla SL Overnight Fund-Reg(G),2026-09-30T00:00:00.000Z,11386.73,Debt : Overnight,41518
Axis Focused Fund-Reg(G),2026-08-31T00:00:00.000Z,11424.21,Equity : Focused,15557
Canara Rob Aggressive Hybrid Fund-Reg(G),2026-08-31T00:00:00.000Z,11395.66,Hybrid : Aggressive Hybrid,513
Axis Overnight Fund-Reg(G),2026-08-31T00:00:00.000Z,11325.08,Debt : Overnight,42062
DSP Multi Asset Allocation Fund-Reg(G),2026-08-31T00:00:00.000Z,10989.91,Hybrid : Multi Asset Allocation,48206
UTI Arbitrage Fund-Reg(G),2026-08-31T00:00:00.000Z,11131.6,Hybrid : Arbitrage,3660
SBI Ultra Short to Short Term Fund-Reg(G),2026-09-30T00:00:00.000Z,10942.35,Debt : Low Duration,2832
DSP Money Market Fund-Reg(G),2026-08-31T00:00:00.000Z,10991.6,Debt : Money Market,695
PGIM India Midcap Fund-Reg(G),2026-08-31T00:00:00.000Z,11217.67,Equity : Mid Cap,24741
SBI Ultra Short Term Fund-Reg(G),2026-09-30T00:00:00.000Z,11237.26,Debt : Ultra Short Duration,2785
HDFC Manufacturing Fund-Reg(G),2026-08-31T00:00:00.000Z,10751.82,Equity : Thematic,48655
HDFC Childrens Fund,2026-08-31T00:00:00.000Z,10657.76,Hybrid : Aggressive Hybrid,1126
Nippon India ETF Nifty 1D Rate Liquid BeES,2026-09-30T00:00:00.000Z,10542.54,Debt : ETFs,2155
Kotak Large Cap Fund(G),2026-08-31T00:00:00.000Z,10937.11,Equity : Large Cap,1962
Kotak Equity Savings Fund(G),2026-08-31T00:00:00.000Z,10683.93,Hybrid : Equity Savings,30690
BHARAT Bond ETF - April 2032,2026-09-30T00:00:00.000Z,10355.44,Debt : ETFs,46127
Axis Arbitrage Fund-Reg(G),2026-08-31T00:00:00.000Z,10594.14,Hybrid : Arbitrage,30097
SBI Banking & Financial Services Fund-Reg(G),2026-08-31T00:00:00.000Z,10872.95,Equity : Sectoral - Financial Services,30125
Zerodha Nifty 1D Rate Liquid ETF,2026-08-31T00:00:00.000Z,10184.39,Debt : ETFs,48471
Tata Digital India Fund-Reg(G),2026-08-31T00:00:00.000Z,10322.02,Equity : Sectoral - Technology,33727
SBI Conservative Hybrid Fund-Reg(G),2026-09-30T00:00:00.000Z,10107.43,Hybrid : Conservative Hybrid,2797
Bandhan Value Fund-Reg(G),2026-08-31T00:00:00.000Z,9981.11,Equity : Value / Contra,4270
ICICI Pru Nifty Next 50 Index Fund(G),2026-08-31T00:00:00.000Z,10116.69,Equity : Index Funds,11889
HDFC Overnight Fund(G),2026-09-30T00:00:00.000Z,10342.47,Debt : Overnight,1117
Bharat 22 ETF,2026-08-31T00:00:00.000Z,9945.54,Equity : ETFs,38252
Nippon India Balanced Advantage Fund(G),2026-08-31T00:00:00.000Z,9917.51,Hybrid : Dynamic Asset Allocation,2654
Aditya Birla SL Balanced Advantage Fund(G),2026-08-31T00:00:00.000Z,10125.45,Hybrid : Dynamic Asset Allocation,1713
Nippon India Flexi Cap Fund-Reg(G),2026-08-31T00:00:00.000Z,9822.45,Equity : Flexi Cap,45335
WOC Flexi Cap Fund-Reg(G),2026-08-31T00:00:00.000Z,9594.96,Equity : Flexi Cap,46367
ICICI Pru Small Cap Fund(G),2026-08-31T00:00:00.000Z,9820.61,Equity : Small Cap,1625
Mirae Asset Aggressive Hybrid Fund-Reg(G),2026-08-31T00:00:00.000Z,9595.71,Hybrid : Aggressive Hybrid,33228
Franklin India Opportunities Fund(G),2026-08-31T00:00:00.000Z,9717.42,Equity : Thematic,946
UTI Value Fund-Reg(G),2026-08-31T00:00:00.000Z,9572.6,Equity : Value / Contra,3644
Nippon India Pharma Fund(G),2026-08-31T00:00:00.000Z,9479.08,Equity : Sectoral - Pharma,2659
Altiva Hybrid Long-Short Fund-Reg(G),2026-08-31T00:00:00.000Z,9267.63,Hybrid : Long - Short,75009
ICICI Pru Aggressive Hybrid Active FOF(G),2026-08-31T00:00:00.000Z,9431.14,FoFs : Domestic,1706
Aditya Birla SL Ultra Short to Short Term Fund(G),2026-09-30T00:00:00.000Z,9184.88,Debt : Low Duration,440
Kotak Aggressive Hybrid Fund-Reg(G),2026-08-31T00:00:00.000Z,9334.58,Hybrid : Aggressive Hybrid,31224
ICICI Pru Gilt Fund(G),2026-09-30T00:00:00.000Z,9117.79,Debt : Gilt,1606
Sundaram Aggressive Hybrid Fund(G),2026-08-31T00:00:00.000Z,9272.45,Hybrid : Aggressive Hybrid,2321
Nippon India ETF Nifty Next 50 Junior BeES,2026-08-31T00:00:00.000Z,8969.1,Equity : ETFs,2273
Nippon India Corp Bond Fund(G),2026-09-30T00:00:00.000Z,8907.2,Debt : Corporate Bond,2646
WOC Multi Asset Allocation Fund-Reg(G),2026-08-31T00:00:00.000Z,8777.56,Hybrid : Multi Asset Allocation,47946
Canara Rob ELSS-Tax Saver Fund-Reg(G),2026-08-31T00:00:00.000Z,8724.8,Equity : Tax Saving (ELSS),7600
Nippon India Value Fund(G),2026-08-31T00:00:00.000Z,9042.97,Equity : Value / Contra,2662
Helios Flexi Cap Fund-Reg(G),2026-08-31T00:00:00.000Z,8747.55,Equity : Flexi Cap,48299
Bandhan Short Term Fund-Reg(G),2026-09-30T00:00:00.000Z,8680.22,Debt : Short Duration,1097
BHARAT Bond FOF - April 2030 -Reg(G),2026-09-30T00:00:00.000Z,8748.26,FoFs : Domestic,44426
Bajaj Finserv Flexi Cap Fund-Reg(G),2026-08-31T00:00:00.000Z,8655.4,Equity : Flexi Cap,48061
ICICI Pru Floating Interest Rates Fund(G),2026-09-30T00:00:00.000Z,8657.84,Debt : Floater,1512
Tata Value Fund(G),2026-08-31T00:00:00.000Z,8655.69,Equity : Value / Contra,3098
Nippon India Focused Fund(G),2026-08-31T00:00:00.000Z,8650.81,Equity : Focused,2641
SBI Dividend Yield Fund-Reg(G),2026-08-31T00:00:00.000Z,8553.61,Equity : Thematic - Dividend Yield,47653
HDFC BSE Sensex Index Fund(G),2026-08-31T00:00:00.000Z,8495.57,Equity : Index Funds,12635
UTI Nifty200 Momentum 30 Index Fund-Reg(G),2026-08-31T00:00:00.000Z,8513.34,Equity : Index Funds,45342
ICICI Pru Infrastructure Fund(G),2026-08-31T00:00:00.000Z,8558.09,Equity : Sectoral - Infrastructure,1629
ICICI Pru Mid Cap Fund(G),2026-08-31T00:00:00.000Z,8403.3,Equity : Mid Cap,1499
Tata Balanced Adv Fund-Reg(G),2026-08-31T00:00:00.000Z,8538.57,Hybrid : Dynamic Asset Allocation,39531
Nippon India ETF Nifty Bank BeES,2026-08-31T00:00:00.000Z,8397.01,Equity : ETFs,267
SBI Energy Opportunities Fund-Reg(G),2026-08-31T00:00:00.000Z,8326.23,Equity : Sectoral - Energy / Power,48474
Aditya Birla SL Banking & PSU Debt Fund(G),2026-09-30T00:00:00.000Z,8439.17,Debt : Banking & PSU,5183
HDFC Value Fund-Reg(G),2026-08-31T00:00:00.000Z,8265.95,Equity : Value / Contra,1112
Motilal Oswal Nasdaq 100 FOF-Reg(G),2026-08-31T00:00:00.000Z,8353.54,FoFs : Overseas,41322
JioBlackRock Liquid Fund-Reg(G),2026-09-30T00:00:00.000Z,8255.69,Debt : Liquid,51169
ICICI Pru Energy Opportunities Fund-Reg(G),2026-08-31T00:00:00.000Z,8276.04,Equity : Sectoral - Energy / Power,48896
HDFC Silver ETF,2026-08-31T00:00:00.000Z,8312.87,Metal : ETFs,46223
SBI Gilt Fund-Reg(G),2026-09-30T00:00:00.000Z,8067.41,Debt : Gilt,2754
Motilal Oswal Small Cap Fund-Reg(G),2026-08-31T00:00:00.000Z,8150.2,Equity : Small Cap,48388
ICICI Pru Innovation Fund-Reg(G),2026-08-31T00:00:00.000Z,8012.44,Equity : Thematic,47918
Nippon India Power & Infra Fund(G),2026-08-31T00:00:00.000Z,8136.78,Equity : Sectoral - Energy / Power,2452
Kotak Overnight Fund-Reg(G),2026-09-30T00:00:00.000Z,7934.82,Debt : Overnight,41944
Quant Mid Cap Fund(G),2026-08-31T00:00:00.000Z,8055.58,Equity : Mid Cap,887
ICICI Pru Banking and PSU Debt Fund(G),2026-09-30T00:00:00.000Z,8041.39,Debt : Banking & PSU,8080
Aditya Birla SL Focused Fund(G),2026-08-31T00:00:00.000Z,7971.4,Equity : Focused,489
ICICI Pru Nifty PSU Bond Plus SDL Sep 2027 40:60 Index Fund-Reg(G),2026-09-30T00:00:00.000Z,7771.39,Debt : Medium to Long Duration,45898
Nippon India Banking & Financial Services Fund(G),2026-08-31T00:00:00.000Z,7909.93,Equity : Sectoral - Financial Services,2445
Nippon India Vision Large & Mid Cap Fund(G),2026-08-31T00:00:00.000Z,7903.5,Equity : Large & Mid Cap,2669
Kotak Income Plus Arbitrage Omni FOF-Reg(G),2026-09-30T00:00:00.000Z,7895.98,FoFs : Domestic,47093
SBI Childrens Fund-Investment Plan-Reg(G),2026-08-31T00:00:00.000Z,7764.81,Hybrid : Aggressive Hybrid,34199
Bandhan Arbitrage Fund-Reg(G),2026-08-31T00:00:00.000Z,7796.15,Hybrid : Arbitrage,2854
Quant Multi Cap Fund(G),2026-08-31T00:00:00.000Z,7724.57,Equity : Multi Cap,871
Mahindra Manulife Multi Cap Fund-Reg(G),2026-08-31T00:00:00.000Z,7662.34,Equity : Multi Cap,36401
Axis Corp Bond Fund-Reg(G),2026-08-31T00:00:00.000Z,7768.14,Debt : Corporate Bond,36744
Tata Large & Mid Cap Fund-Reg(G),2026-08-31T00:00:00.000Z,7679.32,Equity : Large & Mid Cap,3096
Sundaram Large and Mid Cap Fund(G),2026-08-31T00:00:00.000Z,7543.73,Equity : Large & Mid Cap,2947
UTI Nifty Next 50 Index Fund-Reg(G),2026-08-31T00:00:00.000Z,7546.56,Equity : Index Funds,38439
HDFC Credit Risk Fund(G),2026-09-30T00:00:00.000Z,7630.51,Debt : Credit Risk,21538
Aditya Birla SL Multi Asset Allocation Fund-Reg(G),2026-08-31T00:00:00.000Z,7618.21,Hybrid : Multi Asset Allocation,47416
Axis Short Term Fund-Reg(G),2026-08-31T00:00:00.000Z,7501.02,Debt : Short Duration,8488
Nippon India Gold Savings Fund(G),2026-08-31T00:00:00.000Z,7602.42,Metal : MFs,14108
Aditya Birla SL Multi-Cap Fund-Reg(G),2026-08-31T00:00:00.000Z,7531.29,Equity : Multi Cap,45476
Bandhan Flexi Cap Fund-Reg(G),2026-08-31T00:00:00.000Z,7508.0,Equity : Flexi Cap,2906
Abakkus Flexi Cap Fund-Reg(G),2026-08-31T00:00:00.000Z,7394.97,Equity : Flexi Cap,50546
Quant Flexi Cap Fund(G),2026-08-31T00:00:00.000Z,7363.92,Equity : Sectoral - Energy / Power,6305
Nippon India Floating Interest Rates Fund(G),2026-09-30T00:00:00.000Z,7461.22,Debt : Floater,2566
Franklin India Large Cap Fund(G),2026-08-31T00:00:00.000Z,7490.45,Equity : Large Cap,931
WOC Mid Cap Fund-Reg(G),2026-08-31T00:00:00.000Z,7485.37,Equity : Mid Cap,46769
Kotak Gold Fund(G),2026-08-31T00:00:00.000Z,7194.95,Metal : MFs,14148
ICICI Pru Gold ETF FOF(G),2026-08-31T00:00:00.000Z,7149.02,FoFs : Domestic,14885
Nippon India Ultra Short to Short Term Fund(G),2026-09-30T00:00:00.000Z,7096.48,Debt : Low Duration,2621
Edelweiss Small Cap Fund-Reg(G),2026-08-31T00:00:00.000Z,7252.91,Equity : Small Cap,40559
ICICI Pru Manufacturing Fund(G),2026-08-31T00:00:00.000Z,7175.07,Equity : Thematic,32077
DSP Large Cap Fund-Reg(G),2026-08-31T00:00:00.000Z,7100.57,Equity : Large Cap,748
Aditya Birla SL Aggressive Hybrid Fund(G),2026-08-31T00:00:00.000Z,7209.57,Hybrid : Aggressive Hybrid,430
HDFC Retirement Fund-Equity Plan-Reg(G),2026-08-31T00:00:00.000Z,6997.74,Equity : Flexi Cap,24803
UTI Multi Asset Allocation Fund-Reg(G),2026-08-31T00:00:00.000Z,7062.53,Hybrid : Multi Asset Allocation,7143
ICICI Pru Healthcare Fund-(G),2026-08-31T00:00:00.000Z,6995.62,Equity : Sectoral - Pharma,36398
Aditya Birla SL Midcap Fund(G),2026-08-31T00:00:00.000Z,6966.29,Equity : Mid Cap,417
360 ONE Focused Fund-Reg(G),2026-08-31T00:00:00.000Z,6800.15,Equity : Focused,30046
Aditya Birla SL Value Fund-Reg(G),2026-08-31T00:00:00.000Z,6924.62,Equity : Value / Contra,4453
Bandhan ELSS-Tax Saver Fund-Reg(G),2026-08-31T00:00:00.000Z,6964.87,Equity : Tax Saving (ELSS),7433
Mirae Asset Focused Fund-Reg(G),2026-08-31T00:00:00.000Z,6751.88,Equity : Focused,42898
UTI Aggressive Hybrid Fund-Reg(G),2026-08-31T00:00:00.000Z,6740.42,Hybrid : Aggressive Hybrid,3437
Nippon India Overnight Fund-Reg(G),2026-09-30T00:00:00.000Z,6791.49,Debt : Overnight,41900
SBI MNC Fund-Reg(G),2026-08-31T00:00:00.000Z,6717.62,Equity : Thematic - MNC,2766
Bajaj Finserv Liquid Fund-Reg(G),2026-09-30T00:00:00.000Z,6862.6,Debt : Liquid,48041
Sundaram Liquid Fund(G),2026-09-30T00:00:00.000Z,6727.3,Debt : Liquid,2323
SBI PSU Fund-Reg(G),2026-08-31T00:00:00.000Z,6703.16,Equity : Thematic,9252
ICICI Pru Dividend Yield Fund(G),2026-08-31T00:00:00.000Z,6711.6,Equity : Thematic - Dividend Yield,17588
UTI Large & Mid Cap Fund-Reg(G),2026-08-31T00:00:00.000Z,6514.49,Equity : Large & Mid Cap,16672
ICICI Pru Silver ETF FOF(G),2026-08-31T00:00:00.000Z,6514.16,FoFs : Domestic,46215
Quant Multi Asset Allocation Fund(G),2026-08-31T00:00:00.000Z,6527.78,Hybrid : Multi Asset Allocation,869
DSP India T.I.G.E.R Fund-Reg(G),2026-08-31T00:00:00.000Z,6467.31,Equity : Sectoral - Infrastructure,698
DSP Arbitrage Fund-Reg(G),2026-08-31T00:00:00.000Z,6672.77,Hybrid : Arbitrage,30760
Invesco India Focused Fund-Reg(G),2026-08-31T00:00:00.000Z,6453.55,Equity : Focused,45058
SBI Medium Term Fund-Reg(G),2026-09-30T00:00:00.000Z,6418.65,Debt : Medium Duration,2778
HSBC Multi Cap Fund-Reg(G),2026-08-31T00:00:00.000Z,6502.58,Equity : Multi Cap,47272
Kotak Nifty SDL Apr 2027 Top 12 Equal Weight Index Fund-Reg(G),2026-08-31T00:00:00.000Z,6355.7,Debt : Medium to Long Duration,46381
Kotak ELSS Tax Saver Fund(G),2026-08-31T00:00:00.000Z,6383.52,Equity : Tax Saving (ELSS),2075
Nippon India Short Term Fund(G),2026-09-30T00:00:00.000Z,6363.76,Debt : Short Duration,2664
HSBC Money Market Fund-Reg(G),2026-09-30T00:00:00.000Z,6382.4,Debt : Money Market,621
SBI Automotive Opportunities Fund-Reg(G),2026-08-31T00:00:00.000Z,6348.97,Equity : Sectoral - Auto,48475
ICICI Pru Credit Risk Fund(G),2026-09-30T00:00:00.000Z,6320.29,Debt : Credit Risk,12456
Bandhan Ultra Short to Short Term Fund-Reg(G),2026-09-30T00:00:00.000Z,6342.3,Debt : Low Duration,2902
SBI Silver ETF,2026-08-31T00:00:00.000Z,6194.83,Metal : ETFs,48967
Aditya Birla SL Small Cap Fund(G),2026-08-31T00:00:00.000Z,6226.47,Equity : Small Cap,477
Tata Mid Cap Fund-Reg(G),2026-08-31T00:00:00.000Z,6240.29,Equity : Mid Cap,3237
BHARAT Bond ETF - April 2033,2026-09-30T00:00:00.000Z,6110.75,Debt : ETFs,47283
Franklin India ELSS Tax Saver Fund(G),2026-08-31T00:00:00.000Z,6222.62,Equity : Tax Saving (ELSS),957
Tata Gold ETF,2026-08-31T00:00:00.000Z,6172.04,Metal : ETFs,48435
Aditya Birla SL Consumption Fund-Reg(G),2026-08-31T00:00:00.000Z,6085.41,Equity : Thematic - Consumption,409
Axis Ultra Short Term Fund-Reg(G),2026-08-31T00:00:00.000Z,6073.91,Debt : Ultra Short Duration,29356
Franklin India Liquid Fund-Super Inst(G),2026-08-31T00:00:00.000Z,6082.1,Debt : Liquid,3406
Aditya Birla SL Large & Mid Cap Fund-Reg(G),2026-08-31T00:00:00.000Z,5997.92,Equity : Large & Mid Cap,277
HSBC Flexi Cap Fund-Reg(G),2026-08-31T00:00:00.000Z,5999.67,Equity : Flexi Cap,1441
Aditya Birla SL PSU Equity Fund-Reg(G),2026-08-31T00:00:00.000Z,6072.56,Equity : Thematic,43788
Aditya Birla SL Short Term Fund(G),2026-09-30T00:00:00.000Z,5966.14,Debt : Short Duration,287
HDFC Multi-Asset Active FOF-Reg(G),2026-09-30T00:00:00.000Z,5956.23,FoFs : Domestic,45488
HDFC Multi Asset Allocation Fund(G),2026-08-31T00:00:00.000Z,6031.26,Hybrid : Multi Asset Allocation,1307
PGIM India Flexi Cap Fund-Reg(G),2026-08-31T00:00:00.000Z,5963.36,Equity : Flexi Cap,31642
HSBC Corporate Bond Fund-Reg(G),2026-09-30T00:00:00.000Z,5978.86,Debt : Corporate Bond,631
Franklin U.S. Opportunities Equity Active FOF(G),2026-08-31T00:00:00.000Z,5954.55,FoFs : Overseas,16071
Canara Rob Multi Cap Fund-Reg(G),2026-08-31T00:00:00.000Z,5951.14,Equity : Multi Cap,46370
HSBC Aggressive Hybrid Fund-Reg(G),2026-08-31T00:00:00.000Z,5869.76,Hybrid : Aggressive Hybrid,13017
HSBC Large & Mid Cap Fund-Reg(G),2026-08-31T00:00:00.000Z,5931.25,Equity : Large & Mid Cap,42701
Aditya Birla SL Nifty SDL Plus PSU Bond Sep 2026 60:40 Index Fund-Reg(G),2026-09-30T00:00:00.000Z,5839.93,Debt : Medium to Long Duration,45732
SBI Healthcare Opp Fund-Reg(G),2026-08-31T00:00:00.000Z,5796.42,Equity : Sectoral - Pharma,2813
Nippon India Nivesh Lakshya Long Term Fund(G),2026-09-30T00:00:00.000Z,5838.78,Debt : Long Duration,35207
Mirae Asset Small Cap Fund-Reg(G),2026-08-31T00:00:00.000Z,5717.05,Equity : Small Cap,49453
Axis Gold ETF,2026-08-31T00:00:00.000Z,5832.98,Metal : ETFs,12461
Axis India Manufacturing Fund-Reg(G),2026-08-31T00:00:00.000Z,5795.54,Equity : Thematic,48253
HDFC Equity Savings Fund(G),2026-08-31T00:00:00.000Z,5758.13,Hybrid : Equity Savings,1309
UTI Overnight Fund-Reg(G),2026-08-31T00:00:00.000Z,5647.53,Debt : Overnight,3574
Mirae Asset Multicap Fund-Reg(G),2026-08-31T00:00:00.000Z,5619.19,Equity : Multi Cap,48089
Invesco India Flexi Cap Fund-Reg(G),2026-08-31T00:00:00.000Z,5708.83,Equity : Flexi Cap,45945
Motilal Oswal Nifty India Defence Index Fund-Reg(G),2026-08-31T00:00:00.000Z,5528.56,Equity : Index Funds,48892
Tata Overnight Fund-Reg(G),2026-09-30T00:00:00.000Z,5555.64,Debt : Overnight,42706
Parag Parikh ELSS Tax Saver Fund-Reg(G),2026-08-31T00:00:00.000Z,5613.32,Equity : Tax Saving (ELSS),42577
Mirae Asset Nifty 50 ETF,2026-08-31T00:00:00.000Z,5515.16,Equity : ETFs,41174
HDFC Dividend Yield Fund-Reg(G),2026-08-31T00:00:00.000Z,5587.41,Equity : Thematic - Dividend Yield,45197
SBI Innovative Opportunities Fund-Reg(G),2026-08-31T00:00:00.000Z,5493.2,Equity : Thematic,48899
Kotak Contra Fund-Reg(G),2026-08-31T00:00:00.000Z,5510.93,Equity : Value / Contra,1973
Tata Silver ETF,2026-08-31T00:00:00.000Z,5440.35,Metal : ETFs,48436
Invesco India Money Market Fund(G),2026-09-30T00:00:00.000Z,5480.73,Debt : Money Market,7934
Mahindra Manulife Small Cap Fund-Reg(G),2026-08-31T00:00:00.000Z,5467.66,Equity : Small Cap,37922
Tata Ultra Short Term Fund-Reg(G),2026-09-30T00:00:00.000Z,5404.36,Debt : Ultra Short Duration,41798
UTI Small Cap Fund-Reg(G),2026-08-31T00:00:00.000Z,5447.65,Equity : Small Cap,44511
SBI Equity Savings Fund-Reg(G),2026-08-31T00:00:00.000Z,5485.53,Hybrid : Equity Savings,32901
HDFC Nifty 50 ETF,2026-08-31T00:00:00.000Z,5429.29,Equity : ETFs,33325
Mahindra Manulife Mid Cap Fund-Reg(G),2026-08-31T00:00:00.000Z,5406.37,Equity : Mid Cap,38444
SBI ESG Exclusionary Strategy Fund-Reg(G),2026-08-31T00:00:00.000Z,5355.93,Equity : Thematic,2752
Baroda BNP Paribas Balanced Advantage Fund-Reg(G),2026-08-31T00:00:00.000Z,5342.81,Hybrid : Dynamic Asset Allocation,38263
Franklin India Multi Cap Fund-Reg(G),2026-08-31T00:00:00.000Z,5262.39,Equity : Multi Cap,48901
JM Flexi Cap Fund-Reg(G),2026-08-31T00:00:00.000Z,5290.61,Equity : Flexi Cap,6075
SBI CPSE Bond Plus SDL Sep 2026 50:50 Index Fund-Reg(G),2026-09-30T00:00:00.000Z,5289.71,Debt : Medium Duration,45947
ICICI Pru Medium Term Fund(G),2026-09-30T00:00:00.000Z,5331.4,Debt : Medium Duration,1667
Parag Parikh Liquid Fund-Reg(G),2026-09-30T00:00:00.000Z,5228.31,Debt : Liquid,38735
Sundaram Services Fund-Reg(G),2026-08-31T00:00:00.000Z,5262.21,Equity : Thematic,37849
Tata Multi Asset Allocation Fund-Reg(G),2026-08-31T00:00:00.000Z,5241.6,Hybrid : Multi Asset Allocation,44648
Bandhan CRISIL IBX Gilt June 2027 Index Fund-Reg(G),2026-09-30T00:00:00.000Z,5181.55,Debt : Gilt,45412
Nippon India Banking and PSU Debt Fund(G),2026-09-30T00:00:00.000Z,5056.71,Debt : Banking & PSU,13656
Canara Rob Mid Cap Fund-Reg(G),2026-08-31T00:00:00.000Z,5231.03,Equity : Mid Cap,46001
Motilal Oswal ELSS Tax Saver Fund-Reg(G),2026-08-31T00:00:00.000Z,5134.23,Equity : Tax Saving (ELSS),31189
HDFC Banking and PSU Debt Fund-Reg(G),2026-09-30T00:00:00.000Z,5055.46,Debt : Banking & PSU,23913
UTI ULIP(G),2026-08-31T00:00:00.000Z,5107.67,Hybrid : Balanced Hybrid,3662
Union Liquid Fund(G),2026-09-30T00:00:00.000Z,5014.29,Debt : Liquid,14561
HSBC Overnight Fund-Reg(G),2026-09-30T00:00:00.000Z,4804.9,Debt : Overnight,42784
Edelweiss Large & Mid Cap Fund-Reg(G),2026-08-31T00:00:00.000Z,4942.41,Equity : Large & Mid Cap,1956
Canara Rob Liquid Fund-Reg(G),2026-09-30T00:00:00.000Z,5026.58,Debt : Liquid,5926
SBI Infrastructure Fund-Reg(G),2026-08-31T00:00:00.000Z,4810.36,Equity : Sectoral - Infrastructure,2743
UTI Corporate Bond Fund-Reg(G),2026-08-31T00:00:00.000Z,4718.36,Debt : Corporate Bond,39515
Tata ELSS-Tax Saver Fund-Reg(G),2026-08-31T00:00:00.000Z,4746.75,Equity : Tax Saving (ELSS),31025
Kotak Banking and PSU Debt Fund(G),2026-09-30T00:00:00.000Z,4761.48,Debt : Banking & PSU,2044
Mirae Asset Great Consumer Fund-Reg(G),2026-08-31T00:00:00.000Z,4742.18,Equity : Thematic - Consumption,14314
DSP Ultra Short to Short Term Fund-Reg(G),2026-08-31T00:00:00.000Z,4750.25,Debt : Low Duration,17625
HDFC Silver ETF FoF-Reg(G),2026-08-31T00:00:00.000Z,4698.5,FoFs : Domestic,46465
JioBlackRock Money Market Fund-Reg(G),2026-09-30T00:00:00.000Z,4663.56,Debt : Money Market,51171
UTI Retirement Fund,2026-08-31T00:00:00.000Z,4699.44,Hybrid : Balanced Hybrid,3650
Nippon India Silver ETF FOF-Reg(G),2026-08-31T00:00:00.000Z,4561.47,FoFs : Domestic,46198
Motilal Oswal Multi Cap Fund-Reg(G),2026-08-31T00:00:00.000Z,4676.55,Equity : Multi Cap,48489
HDFC Banking & Financial Services Fund-Reg(G),2026-08-31T00:00:00.000Z,4687.81,Equity : Sectoral - Financial Services,37759
DSP Ultra Short Term Fund-Reg(G),2026-08-31T00:00:00.000Z,4599.23,Debt : Ultra Short Duration,702
Axis Ultra Short to Short Term Fund-Reg(G),2026-08-31T00:00:00.000Z,4557.64,Debt : Low Duration,8032
Kotak Focused Fund-Reg(G),2026-08-31T00:00:00.000Z,4548.87,Equity : Focused,43968
Kotak US Specific Equity Passive FOF-Reg(G),2026-08-31T00:00:00.000Z,4542.3,FoFs : Overseas,45260
Motilal Oswal S&P 500 Index Fund-Reg(G),2026-08-31T00:00:00.000Z,4593.76,Equity : International,44958
Mirae Asset Flexi Cap Fund-Reg(G),2026-08-31T00:00:00.000Z,4506.26,Equity : Flexi Cap,47596
Invesco India Multicap Fund-Reg(G),2026-08-31T00:00:00.000Z,4529.0,Equity : Multi Cap,4256
SBI Technology Opp Fund-Reg(G),2026-08-31T00:00:00.000Z,4487.82,Equity : Sectoral - Technology,19247
UTI Gold ETF,2026-08-31T00:00:00.000Z,4513.68,Metal : ETFs,3564
BHARAT Bond FOF - April 2031 -Reg(G),2026-09-30T00:00:00.000Z,4505.94,FoFs : Domestic,45013
UTI Childrens Hybrid Fund,2026-08-31T00:00:00.000Z,4390.72,Hybrid : Balanced Hybrid,3449
Kotak Nifty Bank ETF,2026-08-31T00:00:00.000Z,4465.73,Equity : ETFs,30020
Edelweiss US Technology Equity FOF-Reg(G),2026-08-31T00:00:00.000Z,4348.09,FoFs : Overseas,44630
WOC Multi Cap Fund-Reg(G),2026-08-31T00:00:00.000Z,4384.77,Equity : Multi Cap,48199
Old Bridge Focused Fund-Reg(G),2026-08-31T00:00:00.000Z,4354.21,Equity : Focused,48527
UTI Transportation & Logistics Fund-Reg(G),2026-08-31T00:00:00.000Z,4341.42,Equity : Sectoral - Auto,3435
Kotak Pioneer Fund-Reg(G),2026-08-31T00:00:00.000Z,4280.58,Equity : Thematic,43927
HSBC ELSS Tax saver Fund-Reg(G),2026-08-31T00:00:00.000Z,4228.75,Equity : Tax Saving (ELSS),927
ICICI Pru Nifty Private Bank ETF,2026-08-31T00:00:00.000Z,4286.58,Equity : ETFs,42119
Mirae Asset NYSE FANG+ ETF,2026-08-31T00:00:00.000Z,4335.79,Equity : ETFs,45379
ICICI Pru Commodities Fund-Reg(G),2026-08-31T00:00:00.000Z,4276.74,Equity : Thematic,41999
BHARAT Bond ETF FOF - April 2032 -Reg(G),2026-09-30T00:00:00.000Z,4136.21,FoFs : Domestic,46128
Bandhan Ultra Short Term Fund-Reg(G),2026-09-30T00:00:00.000Z,4097.79,Debt : Ultra Short Duration,40482
Navi Nifty 50 Index Fund-Reg(G),2026-08-31T00:00:00.000Z,4129.71,Equity : Index Funds,45614
Sundaram Small Cap Fund(G),2026-08-31T00:00:00.000Z,4155.35,Equity : Small Cap,3052
Motilal Oswal Nifty Midcap 150 Index Fund-Reg(G),2026-08-31T00:00:00.000Z,4150.62,Equity : Index Funds,43810
ICICI Pru Transportation and Logistics Fund-Reg(G),2026-08-31T00:00:00.000Z,4119.31,Equity : Sectoral - Auto,46979
Aditya Birla SL Digital India Fund-Reg(G),2026-08-31T00:00:00.000Z,4108.58,Equity : Sectoral - Technology,482
Nippon India ETF Nifty Midcap 150,2026-08-31T00:00:00.000Z,4062.74,Equity : ETFs,40028
Nippon India Aggressive Hybrid Fund(G),2026-08-31T00:00:00.000Z,4072.36,Hybrid : Aggressive Hybrid,2660
Magnum Hybrid Long Short Fund-Reg(G),2026-08-31T00:00:00.000Z,4001.17,Hybrid : Long - Short,75013
Axis Greater China Equity FoF-Reg(G),2026-08-31T00:00:00.000Z,4061.57,FoFs : Overseas,44318
Nippon India ETF Nifty PSU Bank BeES,2026-08-31T00:00:00.000Z,4040.68,Equity : ETFs,3722
Edelweiss Aggressive Hybrid Fund-Reg(G),2026-08-31T00:00:00.000Z,3997.7,Hybrid : Aggressive Hybrid,7922
Tata Aggressive Hybrid Fund-Reg(G),2026-08-31T00:00:00.000Z,4069.01,Hybrid : Aggressive Hybrid,3082
ICICI Pru US Bluechip Equity Fund(G),2026-08-31T00:00:00.000Z,4070.53,Equity : International,15655
LIC MF Money Market Fund-Reg(G),2026-09-30T00:00:00.000Z,3979.06,Debt : Money Market,46587
Bajaj Finserv Money Market Fund-Reg(G),2026-09-30T00:00:00.000Z,3973.07,Debt : Money Market,48065
Nippon India Index Fund-Nifty 50 Plan(G),2026-08-31T00:00:00.000Z,3883.75,Equity : Index Funds,12860
HSBC Short Term Fund-Reg(G),2026-09-30T00:00:00.000Z,3880.69,Debt : Short Duration,15772
Tata Ethical Fund-Reg(G),2026-08-31T00:00:00.000Z,3860.81,Equity : Thematic,3283
Kotak Silver ETF,2026-08-31T00:00:00.000Z,3954.76,Metal : ETFs,46627
SBI Silver ETF FOF-Reg(G),2026-08-31T00:00:00.000Z,3923.77,FoFs : Domestic,48895
Franklin India Money Market Fund(G),2026-08-31T00:00:00.000Z,3937.32,Debt : Money Market,3361
Axis Balanced Advantage Fund-Reg(G),2026-08-31T00:00:00.000Z,3835.99,Hybrid : Dynamic Asset Allocation,37918
DSP Dynamic Asset Allocation Fund-Reg(G),2026-08-31T00:00:00.000Z,3821.11,Hybrid : Dynamic Asset Allocation,25872
Nippon India ETF Nifty IT,2026-08-31T00:00:00.000Z,3799.77,Equity : ETFs,44506
UTI Dividend Yield Fund-Reg(G),2026-08-31T00:00:00.000Z,3772.44,Equity : Thematic - Dividend Yield,3454
Mirae Asset Arbitrage Fund-Reg(G),2026-08-31T00:00:00.000Z,3838.23,Hybrid : Arbitrage,44983
DSP Healthcare Fund-Reg(G),2026-08-31T00:00:00.000Z,3835.28,Equity : Sectoral - Pharma,36002
Bandhan Multi Asset Allocation Fund-Reg(G),2026-08-31T00:00:00.000Z,3744.87,Hybrid : Multi Asset Allocation,48252
HSBC Banking and PSU Debt Fund-Reg(G),2026-09-30T00:00:00.000Z,3722.07,Debt : Banking & PSU,916
SBI Nifty Bank ETF,2026-08-31T00:00:00.000Z,3745.42,Equity : ETFs,30043
Tata Flexi Cap Fund-Reg(G),2026-08-31T00:00:00.000Z,3663.05,Equity : Flexi Cap,39283
Nippon India Dynamic Term Fund(G),2026-09-30T00:00:00.000Z,3701.52,Debt : Dynamic Bond,2656
Edelweiss Flexi Cap Fund-Reg(G),2026-08-31T00:00:00.000Z,3721.74,Equity : Flexi Cap,31778
Aditya Birla SL Banking & Financial Services Fund-Reg(G),2026-08-31T00:00:00.000Z,3667.96,Equity : Sectoral - Financial Services,24150
Mirae Asset Multi Asset Allocation Fund-Reg(G),2026-08-31T00:00:00.000Z,3690.64,Hybrid : Multi Asset Allocation,48465
ITI Small Cap Fund-Reg(G),2026-08-31T00:00:00.000Z,3602.85,Equity : Small Cap,44399
Quant Large Cap Fund-Reg(G),2026-08-31T00:00:00.000Z,3651.08,Equity : Large Cap,46678
Franklin India Large & Mid Cap Fund(G),2026-08-31T00:00:00.000Z,3622.12,Equity : Large & Mid Cap,933
ICICI Pru NASDAQ 100 Index Fund(G),2026-08-31T00:00:00.000Z,3581.43,Equity : International,45683
Edelweiss Multi Cap Fund-Reg(G),2026-08-31T00:00:00.000Z,3550.33,Equity : Multi Cap,48147
Mirae Asset Money Market Fund-Reg(G),2026-08-31T00:00:00.000Z,3586.5,Debt : Money Market,45753
Mirae Asset Gold ETF,2026-08-31T00:00:00.000Z,3529.66,Metal : ETFs,47117
Tata Multicap Fund-Reg(G),2026-08-31T00:00:00.000Z,3575.98,Equity : Multi Cap,47480
Mirae Asset Healthcare Fund-Reg(G),2026-08-31T00:00:00.000Z,3555.18,Equity : Sectoral - Pharma,39122
Kotak Nifty 50 ETF,2026-08-31T00:00:00.000Z,3525.3,Equity : ETFs,8469
SBI Dynamic Term Fund-Reg(G),2026-09-30T00:00:00.000Z,3502.48,Debt : Dynamic Bond,2805
Kotak Business Cycle Fund-Reg(G),2026-08-31T00:00:00.000Z,3508.76,Equity : Thematic,46472
SBI Banking and PSU Debt Fund-Reg(G),2026-09-30T00:00:00.000Z,3512.09,Debt : Banking & PSU,8004
Nippon India Nifty Smallcap 250 Index Fund-Reg(G),2026-08-31T00:00:00.000Z,3518.33,Equity : Index Funds,44504
Baroda BNP Paribas Multi Cap Fund-Reg(G),2026-08-31T00:00:00.000Z,3492.89,Equity : Multi Cap,500
HDFC Medium Term Fund(G),2026-09-30T00:00:00.000Z,3498.9,Debt : Medium Duration,1278
Motilal Oswal Arbitrage Fund-Reg(G),2026-08-31T00:00:00.000Z,3486.36,Hybrid : Arbitrage,49485
UTI ELSS Tax Saver Fund-Reg(G),2026-08-31T00:00:00.000Z,3482.37,Equity : Tax Saving (ELSS),3462
Invesco India Corporate Bond Fund-Reg(G),2026-09-30T00:00:00.000Z,3477.81,Debt : Corporate Bond,2158
Quant Large & Mid Cap Fund(G),2026-08-31T00:00:00.000Z,3487.47,Equity : Large & Mid Cap,874
TRUSTMF Small Cap Fund-Reg(G),2026-08-31T00:00:00.000Z,3438.9,Equity : Small Cap,48991
Parag Parikh Conservative Hybrid Fund-Reg(G),2026-09-30T00:00:00.000Z,3453.72,Hybrid : Conservative Hybrid,45338
Bandhan CRISIL IBX Gilt April 2028 Index Fund-Reg(G),2026-09-30T00:00:00.000Z,3367.16,Debt : Gilt,45422
Sundaram Multi Asset Allocation Fund-Reg(G),2026-08-31T00:00:00.000Z,3406.52,Hybrid : Multi Asset Allocation,48460
ICICI Pru Nifty 100 Low Volatility 30 ETF,2026-08-31T00:00:00.000Z,3414.28,Equity : ETFs,36395
Aditya Birla SL Medium Term Fund-Reg(G),2026-09-30T00:00:00.000Z,3369.72,Debt : Medium Duration,7683
Baroda BNP Paribas Money Market Fund-Reg(G),2026-09-30T00:00:00.000Z,3392.64,Debt : Money Market,25167
NJ Balanced Advantage Fund-Reg(G),2026-08-31T00:00:00.000Z,3385.33,Hybrid : Dynamic Asset Allocation,45927
Bank of India Small Cap Fund-Reg(G),2026-08-31T00:00:00.000Z,3307.18,Equity : Small Cap,41323
HDFC Pharma and Healthcare Fund-Reg(G),2026-08-31T00:00:00.000Z,3310.64,Equity : Sectoral - Pharma,48220
DSP Equity Savings Fund-Reg(G),2026-08-31T00:00:00.000Z,3306.27,Hybrid : Equity Savings,34871
UTI Ultra Short Term Fund-Reg(G),2026-08-31T00:00:00.000Z,3347.94,Debt : Ultra Short Duration,3533
Aditya Birla SL Nifty 50 ETF,2026-08-31T00:00:00.000Z,3324.57,Equity : ETFs,12811
ICICI Pru Income plus Arbitrage Omni FOF(G),2026-08-31T00:00:00.000Z,3277.98,FoFs : Domestic,1701
Aditya Birla SL MNC Fund-Reg(G),2026-08-31T00:00:00.000Z,3292.92,Equity : Thematic - MNC,425
HSBC Arbitrage Fund-Reg(G),2026-08-31T00:00:00.000Z,3288.17,Hybrid : Arbitrage,29550
Edelweiss Gold and Silver ETF FoF-Reg(G),2026-08-31T00:00:00.000Z,3275.86,FoFs : Domestic,46800
Tata Banking & Financial Services Fund-Reg(G),2026-08-31T00:00:00.000Z,3300.88,Equity : Sectoral - Financial Services,33726
DSP Banking and PSU Debt Fund-Reg(G),2026-08-31T00:00:00.000Z,3270.25,Debt : Banking & PSU,22142
SBI Retirement Benefit Fund-Aggressive Plan-Reg(G),2026-08-31T00:00:00.000Z,3241.71,Equity : Flexi Cap,30398
ICICI Pru Bharat Consumption Fund-Reg(G),2026-08-31T00:00:00.000Z,3238.21,Equity : Thematic - Consumption,41946
JioBlackRock Flexi Cap Fund-Reg(G),2026-08-31T00:00:00.000Z,3274.95,Equity : Flexi Cap,51167
ICICI Pru Conservative Hybrid Fund-Reg(G),2026-09-30T00:00:00.000Z,3269.92,Hybrid : Conservative Hybrid,1615
HSBC Multi Asset Allocation Fund-Reg(G),2026-08-31T00:00:00.000Z,3259.66,Hybrid : Multi Asset Allocation,48468
Kotak Floating Interest Rates Fund-Reg(G),2026-09-30T00:00:00.000Z,3240.48,Debt : Floater,42597
DSP Short Term Fund-Reg(G),2026-08-31T00:00:00.000Z,3235.41,Debt : Short Duration,729
LIC MF Large & Midcap Fund-Reg(G),2026-08-31T00:00:00.000Z,3198.49,Equity : Large & Mid Cap,31950
HDFC Innovation Fund-Reg(G),2026-08-31T00:00:00.000Z,3188.93,Equity : Thematic,49691
Aditya Birla SL Nifty SDL Apr 2027 Index Fund-Reg(G),2026-09-30T00:00:00.000Z,3184.61,Debt : Medium to Long Duration,46112
SBI Nifty 10 yr Benchmark G-Sec ETF,2026-09-30T00:00:00.000Z,3226.11,Debt : ETFs,32455
Axis Gold Fund-Reg(G),2026-08-31T00:00:00.000Z,3190.8,Metal : MFs,15330
Motilal Oswal Nifty 500 Index Fund-Reg(G),2026-08-31T00:00:00.000Z,3195.47,Equity : Index Funds,43809
Quant Infrastructure Fund(G),2026-08-31T00:00:00.000Z,3163.71,Equity : Sectoral - Infrastructure,881
Edelweiss Banking and PSU Debt Fund-Reg(G),2026-09-30T00:00:00.000Z,3136.53,Debt : Banking & PSU,23296
Kotak Manufacture in India Fund-Reg(G),2026-08-31T00:00:00.000Z,3126.86,Equity : Thematic,46107
Motilal Oswal Large Cap Fund-Reg(G),2026-08-31T00:00:00.000Z,3146.7,Equity : Large Cap,48488
Franklin Build India Fund(G),2026-08-31T00:00:00.000Z,3151.71,Equity : Sectoral - Infrastructure,7864
Nippon India Retirement Fund-Wealth Creation(G),2026-08-31T00:00:00.000Z,3127.08,Equity : Flexi Cap,17164
Nippon India Innovation Fund-Reg(G),2026-08-31T00:00:00.000Z,3107.75,Equity : Thematic,48169
Aditya Birla SL Gold ETF,2026-08-31T00:00:00.000Z,3105.6,Metal : ETFs,13056
Bandhan Multi Cap Fund-Reg(G),2026-08-31T00:00:00.000Z,3074.12,Equity : Multi Cap,45867
Edelweiss Greater China Equity Off-shore Fund-Reg(G),2026-08-31T00:00:00.000Z,3078.85,FoFs : Overseas,7869
Sundaram Multi Cap Fund(G),2026-08-31T00:00:00.000Z,3069.63,Equity : Multi Cap,2370
UTI Nifty Bank ETF,2026-08-31T00:00:00.000Z,3100.89,Equity : ETFs,44435
HDFC Conservative Hybrid Fund(G),2026-09-30T00:00:00.000Z,3108.02,Hybrid : Conservative Hybrid,1298
SBI Nifty Next 50 ETF,2026-08-31T00:00:00.000Z,3058.48,Equity : ETFs,30248
Nippon India Multi-Asset Omni FoF-Reg(G),2026-08-31T00:00:00.000Z,3055.54,FoFs : Domestic,44074
Sundaram Large Cap Fund-Reg(G),2026-08-31T00:00:00.000Z,3055.94,Equity : Large Cap,44397
ICICI Pru Nifty Bank ETF,2026-08-31T00:00:00.000Z,3058.38,Equity : ETFs,32451
Aditya Birla SL Silver ETF,2026-08-31T00:00:00.000Z,2993.65,Metal : ETFs,46194
DSP Multi Cap Fund-Reg(G),2026-08-31T00:00:00.000Z,3024.92,Equity : Multi Cap,48040
UTI Balanced Advantage Fund-Reg(G),2026-08-31T00:00:00.000Z,3022.5,Hybrid : Dynamic Asset Allocation,48102
Bandhan Innovation Fund-Reg(G),2026-08-31T00:00:00.000Z,2957.35,Equity : Thematic,48656
Nippon India Nifty AAA CPSE Bond Plus SDL - Apr 2027 Maturity 60:40 Index Fund(G),2026-09-30T00:00:00.000Z,2930.57,Debt : Medium to Long Duration,46532
Edelweiss Multi Asset Allocation Fund-Reg(G),2026-08-31T00:00:00.000Z,2953.76,Hybrid : Multi Asset Allocation,47994
Bank of India Flexi Cap Fund-Reg(G),2026-08-31T00:00:00.000Z,2953.0,Equity : Flexi Cap,44987
Kotak Nifty SDL Apr 2032 Top 12 Equal Weight Index Fund-Reg(G),2026-08-31T00:00:00.000Z,2941.9,Debt : Long Duration,46390
Franklin India Multi Asset Allocation Fund-Reg(G),2026-08-31T00:00:00.000Z,2912.44,Hybrid : Multi Asset Allocation,50069
Mahindra Manulife Large & Mid Cap Fund-Reg(G),2026-08-31T00:00:00.000Z,2929.22,Equity : Large & Mid Cap,43915
SBI Quant Fund-Reg(G),2026-08-31T00:00:00.000Z,2921.36,Equity : Thematic,48902
Tata India Consumer Fund-Reg(G),2026-08-31T00:00:00.000Z,2900.93,Equity : Thematic - Consumption,33728
DSP Gold ETF,2026-08-31T00:00:00.000Z,2854.86,Metal : ETFs,47938
Canara Rob Focused Fund-Reg(G),2026-08-31T00:00:00.000Z,2919.63,Equity : Focused,45510
Motilal Oswal Gold and Silver Passive FoF-Reg(G),2026-08-31T00:00:00.000Z,2914.04,FoFs : Domestic,17788
Nippon India Nifty Midcap 150 Index Fund-Reg(G),2026-08-31T00:00:00.000Z,2844.51,Equity : Index Funds,44503
Tata Short Term Fund-Reg(G),2026-09-30T00:00:00.000Z,2911.82,Debt : Short Duration,3286
DSP Overnight Fund-Reg(G),2026-08-31T00:00:00.000Z,2853.61,Debt : Overnight,41945
SBI Consumption Opp Fund-Reg(G),2026-08-31T00:00:00.000Z,2826.89,Equity : Thematic - Consumption,19166
DSP Corp Bond Fund-Reg(G),2026-08-31T00:00:00.000Z,2816.26,Debt : Corporate Bond,37709
Franklin India Balanced Advantage Fund-Reg(G),2026-08-31T00:00:00.000Z,2822.52,Hybrid : Dynamic Asset Allocation,46625
UTI MEPUS,2026-08-31T00:00:00.000Z,2818.62,Equity : Tax Saving (ELSS),3617
Bandhan Nifty 50 Index Fund-Reg(G),2026-08-31T00:00:00.000Z,2813.29,Equity : Index Funds,9078
Parag Parikh Arbitrage Fund-Reg(G),2026-08-31T00:00:00.000Z,2798.93,Hybrid : Arbitrage,48215
Abakkus Small Cap Fund-Reg(G),2026-08-31T00:00:00.000Z,2794.2,Equity : Small Cap,50666
Mahindra Manulife Aggressive Hybrid Fund-Reg(G),2026-08-31T00:00:00.000Z,2790.82,Hybrid : Aggressive Hybrid,43978
UTI MNC Fund-Reg(G),2026-08-31T00:00:00.000Z,2790.21,Equity : Thematic - MNC,3634
HDFC Business Cycle Fund-Reg(G),2026-08-31T00:00:00.000Z,2774.5,Equity : Thematic,46445
ICICI Pru Bharat 22 FOF-(G),2026-08-31T00:00:00.000Z,2743.19,FoFs : Domestic,40232
Tata Ultra Short to Short Term Fund-Reg(G),2026-09-30T00:00:00.000Z,2727.46,Debt : Low Duration,3205
Tata Large Cap Fund-Reg(G),2026-08-31T00:00:00.000Z,2764.89,Equity : Large Cap,3281
Invesco India ELSS Tax Saver Fund-Reg(G),2026-08-31T00:00:00.000Z,2764.45,Equity : Tax Saving (ELSS),2270
HSBC Ultra Short Term Fund-Reg(G),2026-09-30T00:00:00.000Z,2733.17,Debt : Ultra Short Duration,44328
Kotak Conservative Hybrid Fund(G),2026-09-30T00:00:00.000Z,2732.82,Hybrid : Conservative Hybrid,2051
ICICI Pru Nifty Next 50 ETF,2026-08-31T00:00:00.000Z,2720.05,Equity : ETFs,39950
Mirae Asset NYSE FANG+ETF FoF-Reg(G),2026-08-31T00:00:00.000Z,2707.1,FoFs : Overseas,45496
ICICI Pru Housing Opp Fund-Reg(G),2026-08-31T00:00:00.000Z,2728.07,Equity : Thematic,46546
NJ Flexi Cap Fund-Reg(G),2026-08-31T00:00:00.000Z,2696.5,Equity : Flexi Cap,48135
HDFC NIFTY Smallcap 250 ETF,2026-08-31T00:00:00.000Z,2691.14,Equity : ETFs,46874
Tata Corp Bond Fund-Reg(G),2026-09-30T00:00:00.000Z,2675.73,Debt : Corporate Bond,46079
Kotak Nifty PSU Bank ETF,2026-08-31T00:00:00.000Z,2714.83,Equity : ETFs,3723
HDFC NIFTY Next 50 Index Fund-Reg(G),2026-08-31T00:00:00.000Z,2708.94,Equity : Index Funds,45985
DSP Focused Fund-Reg(G),2026-08-31T00:00:00.000Z,2671.23,Equity : Focused,8463
UTI Ultra Short to Short Term Fund-Reg(G),2026-08-31T00:00:00.000Z,2679.94,Debt : Low Duration,3601
DSP Nifty 50 Equal Weight Index Fund-Reg(G),2026-08-31T00:00:00.000Z,2671.44,Equity : Index Funds,38179
Union Small Cap Fund-Reg(G),2026-08-31T00:00:00.000Z,2667.47,Equity : Small Cap,15717
ICICI Pru Equity Minimum Variance Fund-Reg(G),2026-08-31T00:00:00.000Z,2671.86,Equity : Thematic,48947
Baroda BNP Paribas Large Cap Fund-Reg(G),2026-08-31T00:00:00.000Z,2641.13,Equity : Large Cap,23
Bajaj Finserv Small Cap Fund-Reg(G),2026-08-31T00:00:00.000Z,2646.91,Equity : Small Cap,49933
SBI Quality Fund-Reg(G),2026-08-31T00:00:00.000Z,2658.53,Equity : Thematic,50461
Baroda BNP Paribas Mid Cap Fund-Reg(G),2026-08-31T00:00:00.000Z,2657.78,Equity : Mid Cap,172
HDFC Income Plus Arbitrage Active FOF-Reg(G),2026-09-30T00:00:00.000Z,2646.85,FoFs : Domestic,16034
Kotak Multi Asset Omni FOF(G),2026-08-31T00:00:00.000Z,2644.66,FoFs : Domestic,1981
Bandhan Aggressive Hybrid Fund-Reg(G),2026-08-31T00:00:00.000Z,2610.49,Hybrid : Aggressive Hybrid,34066
SBI CRISIL IBX Gilt Index - June 2036 Fund-Reg(G),2026-09-30T00:00:00.000Z,2638.01,Debt : Long Duration,46941
Axis Multi Asset Allocation Fund-Reg(G),2026-08-31T00:00:00.000Z,2611.13,Hybrid : Multi Asset Allocation,8583
HDFC Long Term Fund-Reg(G),2026-09-30T00:00:00.000Z,2577.19,Debt : Long Duration,45991
Axis Consumption Fund-Reg(G),2026-08-31T00:00:00.000Z,2615.78,Equity : Thematic - Consumption,49051
Tata Business Cycle Fund-Reg(G),2026-08-31T00:00:00.000Z,2602.35,Equity : Thematic,45373
Bandhan Mid Cap Fund-Reg(G),2026-08-31T00:00:00.000Z,2581.29,Equity : Mid Cap,45868
DSP Natural Res & New Energy Fund-Reg(G),2026-08-31T00:00:00.000Z,2574.37,Equity : Sectoral - Energy / Power,4584
HDFC Diversified Equity All Cap Active FOF-Reg(G),2026-09-30T00:00:00.000Z,2582.64,FoFs : Domestic,50229
Aditya Birla SL Nifty Bank ETF,2026-08-31T00:00:00.000Z,2545.2,Equity : ETFs,34434
Axis Global Equity Alpha FoF-Reg(G),2026-08-31T00:00:00.000Z,2534.97,FoFs : Overseas,23016
Kotak Infra & Eco Reform Fund(G),2026-08-31T00:00:00.000Z,2492.98,Equity : Sectoral - Infrastructure,4228
Parag Parikh Dynamic Asset Allocation Fund-Reg(G),2026-08-31T00:00:00.000Z,2574.82,Hybrid : Dynamic Asset Allocation,48512
Motilal Oswal Nifty Microcap 250 Index Fund-Reg(G),2026-08-31T00:00:00.000Z,2494.06,Equity : Index Funds,41176
WOC Large & Mid Cap Fund-Reg(G),2026-08-31T00:00:00.000Z,2524.36,Equity : Large & Mid Cap,48333
Zerodha Gold ETF,2026-08-31T00:00:00.000Z,2570.54,Metal : ETFs,48500
UTI Focused Fund-Reg(G),2026-08-31T00:00:00.000Z,2487.33,Equity : Focused,45685
Kotak Nifty 1D Rate Liquid ETF,2026-08-31T00:00:00.000Z,2480.92,Debt : Liquid,47545
HSBC Infrastructure Fund-Reg(G),2026-08-31T00:00:00.000Z,2466.09,Equity : Sectoral - Infrastructure,594
iSIF Equity Ex-Top 100 Long-Short Fund-Reg(G),2026-08-31T00:00:00.000Z,2475.27,Hybrid : Long - Short,75053
Union Flexi Cap Fund-Reg(G),2026-08-31T00:00:00.000Z,2452.32,Equity : Flexi Cap,14559
ICICI Pru Multi-Asset Active FOF-Reg(G),2026-08-31T00:00:00.000Z,2390.48,FoFs : Domestic,50894
Bajaj Finserv Large & Mid Cap Fund-Reg(G),2026-08-31T00:00:00.000Z,2463.06,Equity : Large & Mid Cap,48063
Nippon India Consumption Fund(G),2026-08-31T00:00:00.000Z,2452.31,Equity : Thematic - Consumption,2644
Mirae Asset Ultra Short to Short Term Fund-Reg Savings Plan(G),2026-08-31T00:00:00.000Z,2433.82,Debt : Low Duration,4609
SBI Nifty Next 50 Index Fund-Reg(G),2026-08-31T00:00:00.000Z,2366.06,Equity : Index Funds,45529
UTI Nifty Next 50 ETF,2026-08-31T00:00:00.000Z,2329.64,Equity : ETFs,37338
Franklin India Aggressive Hybrid Fund(G),2026-08-31T00:00:00.000Z,2364.53,Hybrid : Aggressive Hybrid,999
Mirae Asset Banking and Financial Services Fund-Reg(G),2026-08-31T00:00:00.000Z,2356.52,Equity : Sectoral - Financial Services,45174
SBI CRISIL-IBX Financial Services 3-6 Months Debt Index Fund-Reg(G),2026-09-30T00:00:00.000Z,2317.78,Debt : Ultra Short Duration,50809
Nippon India ETF Nifty 8-13 yr G-Sec Long Term Gilt,2026-09-30T00:00:00.000Z,2364.46,Debt : ETFs,35459
Kotak MNC Fund-Reg(G),2026-08-31T00:00:00.000Z,2309.19,Equity : Thematic - MNC,49046
Axis CRISIL-IBX AAA Bond NBFC - Jun 2027 Index Fund-Reg(G),2026-08-31T00:00:00.000Z,2295.15,Debt : Medium to Long Duration,49127
WOC Balanced Advantage Fund-Reg(G),2026-08-31T00:00:00.000Z,2302.39,Hybrid : Dynamic Asset Allocation,46990
HDFC Infrastructure Fund(G),2026-08-31T00:00:00.000Z,2324.63,Equity : Sectoral - Infrastructure,4253
Franklin India Dividend Yield Fund(G),2026-08-31T00:00:00.000Z,2279.81,Equity : Thematic - Dividend Yield,3367
Tata Retirement Sav Fund - Mod Plan(G),2026-08-31T00:00:00.000Z,2251.23,Hybrid : Aggressive Hybrid,15379
Bandhan Balanced Advantage Fund-Reg(G),2026-08-31T00:00:00.000Z,2285.86,Hybrid : Dynamic Asset Allocation,30671
Tata Retirement Sav Fund - Prog Plan(G),2026-08-31T00:00:00.000Z,2254.57,Equity : Flexi Cap,15380
Motilal Oswal BSE Enhanced Value Index Fund-Reg(G),2026-08-31T00:00:00.000Z,2251.31,Equity : Index Funds,46741
WOC Arbitrage Fund-Reg(G),2026-08-31T00:00:00.000Z,2254.61,Hybrid : Arbitrage,48900
LIC MF Multi Cap Fund-Reg(G),2026-08-31T00:00:00.000Z,2253.92,Equity : Multi Cap,46624
360 ONE Flexicap Fund-Reg(G),2026-08-31T00:00:00.000Z,2249.87,Equity : Flexi Cap,47567
Axis Income Plus Arbitrage Omni FOF-Reg(G),2026-08-31T00:00:00.000Z,2234.43,FoFs : Domestic,43840
Aditya Birla SL CRISIL-IBX Financial Services 3 to 6 Months Debt Index Fund-Reg(G),2026-09-30T00:00:00.000Z,2220.03,Debt : Ultra Short Duration,49477
Helios Mid Cap Fund-Reg(G),2026-08-31T00:00:00.000Z,2228.71,Equity : Mid Cap,49111
Kotak Dynamic Term Fund-Reg(G),2026-09-30T00:00:00.000Z,2218.84,Debt : Dynamic Bond,5430
SBI CRISIL IBX SDL Index - Sep 2027 Fund-Reg(G),2026-09-30T00:00:00.000Z,2216.13,Debt : Medium to Long Duration,46975
DSP Value Fund-Reg(G),2026-08-31T00:00:00.000Z,2220.35,Equity : Value / Contra,44293
SBI Dynamic Asset Allocation Active FoF-Reg(G),2026-09-30T00:00:00.000Z,2213.5,FoFs : Domestic,49973
DSP Banking & Financial Services Fund-Reg(G),2026-08-31T00:00:00.000Z,2183.66,Equity : Sectoral - Financial Services,48350
SBI Credit Risk Fund-Reg(G),2026-09-30T00:00:00.000Z,2182.18,Debt : Credit Risk,2770
UTI Multi Cap Fund-Reg(G),2026-08-31T00:00:00.000Z,2177.65,Equity : Multi Cap,49884
Bandhan Large Cap Fund-Reg(G),2026-08-31T00:00:00.000Z,2179.99,Equity : Large Cap,2860
ICICI Pru Active Momentum Fund-Reg(G),2026-08-31T00:00:00.000Z,2162.96,Equity : Thematic,49705
Mirae Asset Balanced Advantage Fund-Reg(G),2026-08-31T00:00:00.000Z,2169.2,Hybrid : Dynamic Asset Allocation,46224
Quant Aggressive Hybrid Fund(G),2026-08-31T00:00:00.000Z,2158.27,Hybrid : Aggressive Hybrid,865
Axis Business Cycles Fund-Reg(G),2026-08-31T00:00:00.000Z,2168.39,Equity : Thematic,47580
ICICI Pru Quality Fund-Reg(G),2026-08-31T00:00:00.000Z,2144.49,Equity : Thematic,49893
HDFC NIFTY Bank ETF,2026-08-31T00:00:00.000Z,2161.39,Equity : ETFs,33563
UTI Infrastructure Fund-Reg(G),2026-08-31T00:00:00.000Z,2117.6,Equity : Sectoral - Infrastructure,3582
Axis Medium Term Fund-Reg(G),2026-08-31T00:00:00.000Z,2112.31,Debt : Medium Duration,8136
Mahindra Manulife Focused Fund-Reg(G),2026-08-31T00:00:00.000Z,2108.86,Equity : Focused,45141
HDFC Transportation and Logistics Fund-Reg(G),2026-08-31T00:00:00.000Z,2115.78,Equity : Sectoral - Auto,48114
ICICI Pru Retirement Fund-Pure Equity Plan(G),2026-08-31T00:00:00.000Z,2157.94,Equity : Flexi Cap,25667
Edelweiss Nifty PSU Bond Plus SDL Apr 2027 50:50 Index Fund-Reg(G),2026-09-30T00:00:00.000Z,2083.52,Debt : Medium to Long Duration,45387
Axis Nifty 100 Index Fund-Reg(G),2026-08-31T00:00:00.000Z,2100.74,Equity : Index Funds,43785
Bandhan Focused Fund-Reg(G),2026-08-31T00:00:00.000Z,2093.7,Equity : Focused,2896
Sundaram Ultra Short Term Fund(G),2026-09-30T00:00:00.000Z,2107.99,Debt : Ultra Short Duration,4186
Bank of India Aggressive Hybrid Fund-Reg(G),2026-08-31T00:00:00.000Z,2050.58,Hybrid : Aggressive Hybrid,32972
Kotak Gilt Fund-Reg(G),2026-09-30T00:00:00.000Z,2064.97,Debt : Gilt,2042
Axis Silver ETF,2026-08-31T00:00:00.000Z,2068.39,Metal : ETFs,46369
Edelweiss Money Market Fund-Reg(G),2026-09-30T00:00:00.000Z,2065.4,Debt : Dynamic Bond,5437
Mirae Asset Ultra Short-Term Fund-Reg(G),2026-08-31T00:00:00.000Z,2065.66,Debt : Ultra Short Duration,45100
Kotak Gilt Fund-PF&Trust(G),2026-09-30T00:00:00.000Z,2064.97,Debt : Gilt,2040
SBI Medium to Long Term Fund-Reg(G),2026-09-30T00:00:00.000Z,2036.27,Debt : Medium to Long Duration,2776
Mirae Asset Equity Savings Fund-Reg(G),2026-08-31T00:00:00.000Z,2040.61,Hybrid : Equity Savings,39401
Aditya Birla SL Quant Fund-Reg(G),2026-08-31T00:00:00.000Z,2035.33,Equity : Thematic,48491
BHARAT Bond ETF FOF - April 2033 -Reg(G),2026-09-30T00:00:00.000Z,2021.42,FoFs : Domestic,47284
ICICI Pru Rural Opportunities Fund-Reg(G),2026-08-31T00:00:00.000Z,2046.82,Equity : Thematic,49521
Tata Infrastructure Fund-Reg(G),2026-08-31T00:00:00.000Z,2021.88,Equity : Sectoral - Infrastructure,3254
ICICI Pru Medium to Long Term Fund(G),2026-09-30T00:00:00.000Z,2019.36,Debt : Medium to Long Duration,6197
Bajaj Finserv Multi Asset Allocation Fund-Reg(G),2026-08-31T00:00:00.000Z,1984.98,Hybrid : Multi Asset Allocation,48748
Invesco India Largecap Fund-Reg(G),2026-08-31T00:00:00.000Z,2020.76,Equity : Large Cap,7870
SBI CRISIL IBX Gilt Index - Apr 2029 Fund-Reg(G),2026-09-30T00:00:00.000Z,1990.37,Debt : Medium to Long Duration,46971
SBI Balanced Hybrid Fund-Reg(G),2026-09-30T00:00:00.000Z,1979.76,Hybrid : Balanced Hybrid,51065
Canara Rob Consumption Fund-Reg(G),2026-08-31T00:00:00.000Z,1986.55,Equity : Thematic - Consumption,7876
Motilal Oswal Gold ETF,2026-08-31T00:00:00.000Z,1979.83,Metal : ETFs,50010
Union Midcap Fund-Reg(G),2026-08-31T00:00:00.000Z,2005.31,Equity : Mid Cap,44313
Quant Value Fund-Reg(G),2026-08-31T00:00:00.000Z,1977.54,Equity : Value / Contra,46064
HDFC CRISIL-IBX Financial Services 3-6 Months Debt Index Fund-Reg(G),2026-09-30T00:00:00.000Z,1971.69,Debt : Ultra Short Duration,49838
WOC Special Opp Fund-Reg(G),2026-08-31T00:00:00.000Z,1940.7,Equity : Thematic,48833
Templeton India Value Fund(G),2026-08-31T00:00:00.000Z,1922.07,Equity : Value / Contra,3379
ICICI Pru 10 year Constant Maturity Gilt Fund(G),2026-09-30T00:00:00.000Z,1934.74,Debt : Gilt (10 Yr Constant Duration),30426
Sundaram Flexi Cap Fund-Reg(G),2026-08-31T00:00:00.000Z,1962.63,Equity : Flexi Cap,46622
Sundaram Overnight Fund-Reg(G),2026-09-30T00:00:00.000Z,1926.77,Debt : Overnight,42000
Kotak Medium Term Fund(G),2026-09-30T00:00:00.000Z,1911.76,Debt : Medium Duration,22514
DSP BSE Liquid Rate ETF,2026-08-31T00:00:00.000Z,1904.83,Debt : ETFs,48724
Bandhan Dynamic Term Fund-Reg(G),2026-09-30T00:00:00.000Z,1909.92,Debt : Dynamic Bond,7455
Axis Value Fund-Reg(G),2026-08-31T00:00:00.000Z,1879.94,Equity : Value / Contra,45838
HDFC Gilt Fund(G),2026-09-30T00:00:00.000Z,1884.59,Debt : Gilt,1269
Franklin India Arbitrage Fund-Reg(G),2026-08-31T00:00:00.000Z,1905.95,Hybrid : Arbitrage,49339
Mirae Asset Nifty Midcap 150 ETF,2026-08-31T00:00:00.000Z,1873.79,Equity : ETFs,46105
Invesco India Financial Services Fund-Reg(G),2026-08-31T00:00:00.000Z,1895.57,Equity : Sectoral - Financial Services,5348
LIC MF Ultra Short to Short Term Fund(G),2026-09-30T00:00:00.000Z,1900.4,Debt : Low Duration,2149
Kotak MSCI India ETF,2026-08-31T00:00:00.000Z,1863.71,Equity : ETFs,48891
Baroda BNP Paribas Large & Mid Cap Fund-Reg(G),2026-08-31T00:00:00.000Z,1876.82,Equity : Large & Mid Cap,44222
Bank of India Liquid Fund-Reg(G),2026-09-30T00:00:00.000Z,1874.05,Debt : Liquid,5836
Aditya Birla SL Business Cycle Fund-Reg(G),2026-08-31T00:00:00.000Z,1843.59,Equity : Thematic,45733
HSBC Large Cap Fund(G),2026-08-31T00:00:00.000Z,1855.01,Equity : Large Cap,1348
ICICI Pru PSU Equity Fund-Reg(G),2026-08-31T00:00:00.000Z,1850.35,Equity : Index Funds,46106
Aditya Birla SL Gold Fund-Reg(G),2026-08-31T00:00:00.000Z,1843.26,Metal : MFs,16220
Edelweiss Silver ETF,2026-08-31T00:00:00.000Z,1862.79,Metal : ETFs,48344
ICICI Pru BSE Sensex Index Fund(G),2026-08-31T00:00:00.000Z,1839.68,Equity : Index Funds,36396
HSBC Focused Fund-Reg(G),2026-08-31T00:00:00.000Z,1843.06,Equity : Focused,44739
DSP World Gold Mining Overseas Equity Omni FoF-Reg(G),2026-08-31T00:00:00.000Z,1827.65,FoFs : Overseas,755
Motilal Oswal Focused Fund-Reg(G),2026-08-31T00:00:00.000Z,1827.16,Equity : Focused,21769
HDFC NIFTY50 Equal Weight Index Fund-Reg(G),2026-08-31T00:00:00.000Z,1808.73,Equity : Index Funds,45708
Edelweiss Nifty Midcap150 Momentum 50 Index Fund-Reg(G),2026-08-31T00:00:00.000Z,1833.83,Equity : Index Funds,47175
HSBC Consumption Fund-Reg(G),2026-08-31T00:00:00.000Z,1816.62,Equity : Thematic - Consumption,48124
ICICI Pru MNC Fund(G),2026-08-31T00:00:00.000Z,1807.97,Equity : Thematic - MNC,41965
Bandhan Income Plus Arbitrage Active FOF-Reg(G),2026-08-31T00:00:00.000Z,1805.44,FoFs : Domestic,2850
UTI Short Term Fund-Reg(G),2026-08-31T00:00:00.000Z,1798.28,Debt : Short Duration,3656
Edelweiss Gold ETF,2026-08-31T00:00:00.000Z,1788.55,Metal : ETFs,17716
PGIM India Small Cap Fund-Reg(G),2026-08-31T00:00:00.000Z,1793.79,Equity : Small Cap,45616
Aditya Birla SL Transportation and Logistics Fund-Reg(G),2026-08-31T00:00:00.000Z,1807.69,Equity : Sectoral - Auto,48291
Franklin India Technology Fund(G),2026-08-31T00:00:00.000Z,1759.08,Equity : Sectoral - Technology,961
Canara Rob Manufacturing Fund-Reg(G),2026-08-31T00:00:00.000Z,1756.84,Equity : Thematic,48606
Tata Focused Fund-Reg(G),2026-08-31T00:00:00.000Z,1755.1,Equity : Focused,44148
SBI Nifty Smallcap 250 Index Fund-Reg(G),2026-08-31T00:00:00.000Z,1787.65,Equity : Index Funds,46937
Kotak Medium to Long Term Fund-Reg(G),2026-09-30T00:00:00.000Z,1759.61,Debt : Medium to Long Duration,1968
Nippon India Nifty Pharma ETF,2026-08-31T00:00:00.000Z,1760.51,Equity : ETFs,45584
Sundaram Business Cycle Fund-Reg(G),2026-08-31T00:00:00.000Z,1747.12,Equity : Thematic,35200
SBI Income Plus Arbitrage Active FOF-Reg(G),2026-09-30T00:00:00.000Z,1747.3,FoFs : Domestic,49840
HSBC CRISIL IBX 50:50 Gilt Plus SDL Apr 2028 Index Fund-Reg(G),2026-09-30T00:00:00.000Z,1747.71,Debt : Medium to Long Duration,46506
Helios Small Cap Fund-Reg(G),2026-08-31T00:00:00.000Z,1736.52,Equity : Small Cap,50211
HDFC Developed World Overseas Equity Passive FOF-Reg(G),2026-08-31T00:00:00.000Z,1732.56,FoFs : Overseas,45884
Kotak Global Emerging Market Overseas Equity Active FOF(G),2026-08-31T00:00:00.000Z,1729.59,FoFs : Overseas,2047
Aditya Birla SL Medium to Long Term Fund(G),2026-09-30T00:00:00.000Z,1733.73,Debt : Medium to Long Duration,405
Sundaram Fin Serv Opp Fund(G),2026-08-31T00:00:00.000Z,1722.04,Equity : Sectoral - Financial Services,5144
Kotak Consumption Fund-Reg(G),2026-08-31T00:00:00.000Z,1730.39,Equity : Thematic - Consumption,47948
Nippon India Credit Risk Fund(G),2026-09-30T00:00:00.000Z,1707.58,Debt : Credit Risk,2661
Invesco India Ultra Short to Short Term Fund(G),2026-09-30T00:00:00.000Z,1714.29,Debt : Low Duration,2253
Mirae Asset Overnight Fund-Reg(G),2026-08-31T00:00:00.000Z,1727.28,Debt : Overnight,44008
Tata NIFTY 50 Index Fund-Reg(G),2026-08-31T00:00:00.000Z,1706.66,Equity : Index Funds,3247
LIC MF Nifty 8-13 yr G-Sec ETF,2026-09-30T00:00:00.000Z,1703.74,Debt : ETFs,31581
Bandhan Contra Fund-Reg(G),2026-08-31T00:00:00.000Z,1713.01,Equity : Value / Contra,51009
Axis CRISIL IBX SDL May 2027 Index Fund-Reg(G),2026-08-31T00:00:00.000Z,1704.65,Debt : Medium to Long Duration,45999
Sundaram Dynamic Asset Allocation Fund(G),2026-08-31T00:00:00.000Z,1685.79,Hybrid : Dynamic Asset Allocation,13366
Kotak Special Opportunities Fund-Reg(G),2026-08-31T00:00:00.000Z,1702.45,Equity : Thematic,48809
Bajaj Finserv Large Cap Fund-Reg(G),2026-08-31T00:00:00.000Z,1663.21,Equity : Large Cap,48965
JM Liquid Fund(G),2026-09-30T00:00:00.000Z,1701.37,Debt : Liquid,1909
Bandhan Gilt Fund-Reg(G),2026-09-30T00:00:00.000Z,1686.14,Debt : Gilt,7483
Kotak Active Momentum Fund-Reg(G),2026-08-31T00:00:00.000Z,1659.32,Equity : Thematic,50099
SBI Retirement Benefit Fund-Aggressive Hybrid Plan-Reg(G),2026-08-31T00:00:00.000Z,1671.55,Hybrid : Aggressive Hybrid,30399
DSP Nifty SDL Plus G-Sec Jun 2028 30:70 Index Fund-Reg(G),2026-08-31T00:00:00.000Z,1649.42,Debt : Medium to Long Duration,45863
Edelweiss Equity Savings Fund-Reg(G),2026-08-31T00:00:00.000Z,1659.5,Hybrid : Equity Savings,30730
UTI Conservative Hybrid Fund-Reg(G),2026-08-31T00:00:00.000Z,1646.1,Hybrid : Conservative Hybrid,3631
Quant Quantamental Fund-Reg(G),2026-08-31T00:00:00.000Z,1631.96,Equity : Thematic,45480
Aditya Birla SL Conglomerate Fund-Reg(G),2026-08-31T00:00:00.000Z,1610.36,Equity : Thematic,49209
Aditya Birla SL Credit Risk Fund-Reg(G),2026-09-30T00:00:00.000Z,1657.06,Debt : Credit Risk,29571
Bajaj Finserv Multi Cap Fund-Reg(G),2026-08-31T00:00:00.000Z,1630.02,Equity : Multi Cap,49459
LIC MF Banking & PSU Debt Fund-Reg(G),2026-09-30T00:00:00.000Z,1597.72,Debt : Banking & PSU,2139
Bandhan Nifty100 Low Volatility 30 Index Fund-Reg(G),2026-08-31T00:00:00.000Z,1604.25,Equity : Index Funds,46607
PGIM India Global Equity Opp FoF(G),2026-08-31T00:00:00.000Z,1643.81,FoFs : Overseas,8812
Mahindra Manulife Flexi Cap Fund-Reg(G),2026-08-31T00:00:00.000Z,1589.55,Equity : Flexi Cap,45670
HDFC Retirement Fund-Hybrid-Equity Plan-Reg(G),2026-08-31T00:00:00.000Z,1603.73,Hybrid : Aggressive Hybrid,24805
Tata India Pharma & Healthcare Fund-Reg(G),2026-08-31T00:00:00.000Z,1565.28,Equity : Sectoral - Pharma,33729
ICICI Pru Nifty Alpha Low - Volatility 30 ETF,2026-08-31T00:00:00.000Z,1581.67,Equity : ETFs,45038
ITI Flexi Cap Fund-Reg(G),2026-08-31T00:00:00.000Z,1588.13,Equity : Flexi Cap,45721
UTI Floating Interest Rates Fund-Reg(G),2026-08-31T00:00:00.000Z,1574.57,Debt : Floater,39630
DSP Income Plus Arbitrage Omni FoF-Reg(G),2026-08-31T00:00:00.000Z,1593.3,FoFs : Overseas,14756
ICICI Pru FMCG Fund(G),2026-08-31T00:00:00.000Z,1557.2,Equity : Thematic - Consumption,1517
Union Multicap Fund-Reg(G),2026-08-31T00:00:00.000Z,1561.67,Equity : Mid Cap,43846
ICICI Pru Exports & Services Fund(G),2026-08-31T00:00:00.000Z,1549.46,Equity : Thematic,1680
Motilal Oswal Business Cycle Fund-Reg(G),2026-08-31T00:00:00.000Z,1547.14,Equity : Thematic,48959
Invesco India Infrastructure Fund-Reg(G),2026-08-31T00:00:00.000Z,1547.6,Equity : Sectoral - Infrastructure,2237
Kotak Banking & Financial Services Fund-Reg(G),2026-08-31T00:00:00.000Z,1560.92,Equity : Sectoral - Financial Services,46629
HSBC Balanced Advantage Fund-Reg(G),2026-08-31T00:00:00.000Z,1522.18,Hybrid : Dynamic Asset Allocation,13019
Tata Gold ETF FoF-Reg(G),2026-08-31T00:00:00.000Z,1540.09,FoFs : Domestic,48437
UTI Silver ETF,2026-08-31T00:00:00.000Z,1546.49,Metal : ETFs,46881
ITI Mid Cap Fund-Reg(G),2026-08-31T00:00:00.000Z,1539.2,Equity : Mid Cap,45314
ITI Multi Cap Fund-Reg(G),2026-08-31T00:00:00.000Z,1542.8,Equity : Multi Cap,43408
SBI 10 Year Constant Maturity Gilt Fund-Reg(G),2026-09-30T00:00:00.000Z,1500.73,Debt : Gilt (10 Yr Constant Duration),2756
UTI Banking & PSU Debt Fund-Reg(G),2026-08-31T00:00:00.000Z,1508.42,Debt : Banking & PSU,21956
UTI Gold ETF FoF-Reg(G),2026-08-31T00:00:00.000Z,1516.99,FoFs : Domestic,47003
Sundaram Consumption Fund(G),2026-08-31T00:00:00.000Z,1516.36,Equity : Thematic - Consumption,3050
LIC MF Gold ETF,2026-08-31T00:00:00.000Z,1500.27,Metal : ETFs,15131
DSP Silver ETF,2026-08-31T00:00:00.000Z,1495.98,Metal : ETFs,46354
Aditya Birla SL Nifty 50 Index Fund-Reg(G),2026-08-31T00:00:00.000Z,1488.13,Equity : Index Funds,407
ICICI Pru Passive Multi-Asset FoF(G),2026-08-31T00:00:00.000Z,1498.44,FoFs : Domestic,46182
UTI Quant Fund-Reg(G),2026-08-31T00:00:00.000Z,1489.16,Equity : Thematic,49528
Nippon India Gilt Fund(G),2026-09-30T00:00:00.000Z,1486.62,Debt : Gilt,6291
Axis Services Opportunities Fund-Reg(G),2026-08-31T00:00:00.000Z,1487.49,Equity : Thematic,49801
HSBC Equity Savings Fund-Reg(G),2026-08-31T00:00:00.000Z,1475.34,Hybrid : Equity Savings,15304
Baroda BNP Paribas Multi Asset Fund-Reg(G),2026-08-31T00:00:00.000Z,1486.46,Hybrid : Multi Asset Allocation,46852
HDFC Technology Fund-Reg(G),2026-08-31T00:00:00.000Z,1483.59,Equity : Sectoral - Technology,48189
Groww Multicap Fund-Reg(G),2026-08-31T00:00:00.000Z,1476.14,Equity : Multi Cap,49400
Helios Large & Mid Cap Fund-Reg(G),2026-08-31T00:00:00.000Z,1473.18,Equity : Large & Mid Cap,49245
Mirae Asset Gold Silver Passive FoF-Reg(G),2026-08-31T00:00:00.000Z,1470.16,FoFs : Domestic,50139
Axis Aggressive Hybrid Fund-Reg(G),2026-08-31T00:00:00.000Z,1471.33,Hybrid : Aggressive Hybrid,40568
DSP Business Cycle Fund-Reg(G),2026-08-31T00:00:00.000Z,1469.37,Equity : Thematic,48957
Edelweiss Business Cycle Fund-Reg(G),2026-08-31T00:00:00.000Z,1463.37,Equity : Thematic,48499
Aditya Birla SL Dividend Yield Fund-Reg(G),2026-08-31T00:00:00.000Z,1474.8,Equity : Thematic - Dividend Yield,301
Baroda BNP Paribas India Consumption Fund-Reg(G),2026-08-31T00:00:00.000Z,1453.65,Equity : Thematic - Consumption,17168
Mirae Asset Nifty Next 50 ETF,2026-08-31T00:00:00.000Z,1457.36,Equity : ETFs,44314
DSP Global Innovation Overseas Equity Omni FoF-Reg(G),2026-08-31T00:00:00.000Z,1447.3,FoFs : Overseas,45728
Aditya Birla SL Conservative Hybrid Fund(G),2026-09-30T00:00:00.000Z,1467.08,Hybrid : Conservative Hybrid,422
Invesco India PSU Equity Fund-Reg(G),2026-08-31T00:00:00.000Z,1447.78,Equity : Thematic,7996
UTI Banking and Financial Services Fund-Reg(G),2026-08-31T00:00:00.000Z,1451.73,Equity : Sectoral - Financial Services,3439
Edelweiss Large Cap Fund-Reg(G),2026-08-31T00:00:00.000Z,1434.03,Equity : Large Cap,7785
UTI Healthcare Fund-Reg(G),2026-08-31T00:00:00.000Z,1443.57,Equity : Sectoral - Pharma,3646
Bandhan Infrastructure Fund-Reg(G),2026-08-31T00:00:00.000Z,1433.04,Equity : Sectoral - Infrastructure,12459
Unifi Dynamic Asset Allocation Fund-Reg(G),2026-08-31T00:00:00.000Z,1426.76,Hybrid : Dynamic Asset Allocation,49692
ICICI Pru Childrens Fund(G),2026-08-31T00:00:00.000Z,1435.83,Hybrid : Aggressive Hybrid,1489
Bank of India ELSS Tax Saver Fund-Reg(G),2026-08-31T00:00:00.000Z,1414.44,Equity : Tax Saving (ELSS),7516
ICICI Pru Nifty SDL Sep 2027 Index Fund-Reg(G),2026-09-30T00:00:00.000Z,1428.98,Debt : Medium to Long Duration,46528
Canara Rob Multi Asset Allocation Fund-Reg(G),2026-08-31T00:00:00.000Z,1411.53,Hybrid : Multi Asset Allocation,49689
LIC MF Ultra Short Term Fund-Reg(G),2026-09-30T00:00:00.000Z,1419.87,Debt : Ultra Short Duration,44073
PGIM India Emerging Markets Equity FoF(G),2026-08-31T00:00:00.000Z,1414.49,FoFs : Overseas,815
Tata Resources & Energy Fund-Reg(G),2026-08-31T00:00:00.000Z,1409.15,Equity : Sectoral - Energy / Power,33731
Bajaj Finserv Arbitrage Fund-Reg(G),2026-08-31T00:00:00.000Z,1408.37,Hybrid : Arbitrage,48064
DSP Nifty PSU Bank ETF,2026-08-31T00:00:00.000Z,1391.17,Equity : ETFs,47908
Invesco India Ultra Short Term Fund-Reg(G),2026-09-30T00:00:00.000Z,1394.21,Debt : Ultra Short Duration,13460
Aditya Birla SL Mfg. Equity Fund-Reg(G),2026-08-31T00:00:00.000Z,1401.52,Equity : Thematic - Consumption,30774
DSP NIFTY Next 50 Index Fund-Reg(G),2026-08-31T00:00:00.000Z,1406.84,Equity : Index Funds,41641
Aditya Birla SL Nifty India Defence Index Fund-Reg(G),2026-08-31T00:00:00.000Z,1398.18,Equity : Index Funds,49044
LIC MF Large Cap Fund-Reg(G),2026-08-31T00:00:00.000Z,1384.68,Equity : Large Cap,2127
Axis Multi-Asset Omni FoF-Reg(G),2026-08-31T00:00:00.000Z,1390.78,FoFs : Domestic,50377
Franklin India Corporate Bond Fund-A(G),2026-08-31T00:00:00.000Z,1379.0,Debt : Corporate Bond,3381
Invesco India Business Cycle Fund-Reg(G),2026-08-31T00:00:00.000Z,1381.04,Equity : Thematic,49315
DSP Nifty 50 Equal Weight ETF,2026-08-31T00:00:00.000Z,1389.89,Equity : ETFs,45715
Altiva Equity Ex-Top 100 Long-Short Fund-Reg(G),2026-08-31T00:00:00.000Z,1366.06,Hybrid : Long - Short,75090
Mahindra Manulife Business Cycle Fund-Reg(G),2026-08-31T00:00:00.000Z,1364.42,Equity : Thematic,48179
JM Mid Cap Fund-Reg(G),2026-08-31T00:00:00.000Z,1360.29,Equity : Mid Cap,47089
Aditya Birla SL Dynamic Term Fund-Reg(G),2026-09-30T00:00:00.000Z,1369.67,Debt : Dynamic Bond,302
Motilal Oswal Nifty India Defence ETF,2026-08-31T00:00:00.000Z,1357.99,Equity : ETFs,49103
ICICI Pru ESG Exclusionary Strategy Fund(G),2026-08-31T00:00:00.000Z,1356.49,Equity : Thematic,44087
Axis Innovation Fund-Reg(G),2026-08-31T00:00:00.000Z,1362.59,Equity : Thematic,44315
Union Innovation & Opp Fund-Reg(G),2026-08-31T00:00:00.000Z,1344.41,Equity : Thematic,45727
Quant Momentum Fund-Reg(G),2026-08-31T00:00:00.000Z,1354.89,Equity : Thematic,48334
Sundaram Money Market Fund-Reg(G),2026-09-30T00:00:00.000Z,1338.16,Debt : Money Market,39625
Tata India Innovation Fund-Reg(G),2026-08-31T00:00:00.000Z,1345.73,Equity : Thematic,49235
Navi Nifty Next 50 Index Fund-Reg(G),2026-08-31T00:00:00.000Z,1330.5,Equity : Index Funds,45860
ICICI Pru Nifty Midcap 150 Index Fund-Reg(G),2026-08-31T00:00:00.000Z,1328.47,Equity : Index Funds,46108
Bank of India Multi Cap Fund-Reg(G),2026-08-31T00:00:00.000Z,1335.04,Equity : Multi Cap,46115
HSBC India Export Opportunities Fund-Reg(G),2026-08-31T00:00:00.000Z,1325.79,Equity : Thematic,49091
Aditya Birla SL CRISIL-IBX Financial Services 9-12 Months Debt Index Fund-Reg(G),2026-09-30T00:00:00.000Z,1328.62,Debt : Low Duration,49730
Aditya Birla SL CRISIL IBX 60:40 SDL + AAA PSU - Apr 2027 Index Fund-Reg(G),2026-09-30T00:00:00.000Z,1306.63,Debt : Medium to Long Duration,46227
Nippon India Nifty 500 Momentum 50 Index Fund-Reg(G),2026-08-31T00:00:00.000Z,1326.49,Equity : Index Funds,49162
iSIF Hybrid Long-Short Fund-Reg(G),2026-08-31T00:00:00.000Z,1323.11,Hybrid : Long - Short,75051
Baroda BNP Paribas Small Cap Fund-Reg(G),2026-08-31T00:00:00.000Z,1309.22,Equity : Small Cap,48146
ICICI Pru Retirement Fund-Hybrid Aggressive Plan(G),2026-08-31T00:00:00.000Z,1320.5,Hybrid : Aggressive Hybrid,25669
Kotak Nifty Next 50 Index Fund-Reg(G),2026-08-31T00:00:00.000Z,1294.56,Equity : Index Funds,44443
Aditya Birla SL Silver ETF FOF-Reg(G),2026-08-31T00:00:00.000Z,1295.32,FoFs : Domestic,46225
Motilal Oswal Nifty Smallcap 250 Index Fund-Reg(G),2026-08-31T00:00:00.000Z,1299.09,Equity : Index Funds,43811
Nippon India Nifty Alpha Low Volatility 30 Index Fund(G),2026-08-31T00:00:00.000Z,1291.68,Equity : Index Funds,46717
SBI Nifty Midcap 150 Index Fund-Reg(G),2026-08-31T00:00:00.000Z,1292.32,Equity : Index Funds,45376
WOC Large Cap Fund-Reg(G),2026-08-31T00:00:00.000Z,1275.81,Equity : Large Cap,47079
Bajaj Finserv Balanced Advantage Fund-Reg(G),2026-08-31T00:00:00.000Z,1276.19,Hybrid : Dynamic Asset Allocation,48062
Aditya Birla SL Special Opp Fund-Reg(G),2026-08-31T00:00:00.000Z,1279.43,Equity : Thematic,45096
Sundaram Value Fund-Reg(G),2026-08-31T00:00:00.000Z,1284.42,Equity : Tax Saving (ELSS),3072
Axis Silver FoF-Reg(G),2026-08-31T00:00:00.000Z,1280.6,FoFs : Domestic,46368
Sundaram ELSS Tax Saver Fund-Reg(G),2026-08-31T00:00:00.000Z,1284.96,Equity : Tax Saving (ELSS),2433
Tata Nifty Midcap 150 Momentum 50 Index Fund-Reg(G),2026-08-31T00:00:00.000Z,1274.02,Equity : Index Funds,47010
Baroda BNP Paribas Aggressive Hybrid Fund-Reg(G),2026-08-31T00:00:00.000Z,1259.49,Hybrid : Aggressive Hybrid,33800
Navi Nasdaq100 US Specific Equity Passive FOF-Reg(G),2026-08-31T00:00:00.000Z,1251.61,FoFs : Overseas,45870
Aditya Birla SL Bal Bhavishya Yojna-Reg(G),2026-08-31T00:00:00.000Z,1266.45,Equity : Flexi Cap,41375
Baroda BNP Paribas Flexi Cap Fund-Reg(G),2026-08-31T00:00:00.000Z,1271.69,Equity : Flexi Cap,46699
DSP US Specific Equity Omni FoF-Reg(G),2026-08-31T00:00:00.000Z,1270.06,FoFs : Overseas,17236
Bandhan Medium Term Fund-Reg(G),2026-09-30T00:00:00.000Z,1244.08,Debt : Medium Duration,1084
SBI Long Term Fund-Reg(G),2026-09-30T00:00:00.000Z,1245.82,Debt : Long Duration,46864
ICICI Pru Nifty 100 Low Volatility 30 ETF FOF(G),2026-08-31T00:00:00.000Z,1240.91,Equity : ETFs,45443
Franklin India Dynamic Asset Allocation Active FOFs(G),2026-08-31T00:00:00.000Z,1242.33,FoFs : Domestic,1001
Aditya Birla SL Infrastructure Fund(G),2026-08-31T00:00:00.000Z,1250.89,Equity : Sectoral - Infrastructure,413
SBI Comma Fund-Reg(G),2026-08-31T00:00:00.000Z,1236.51,Equity : Thematic,2750
Union Balanced Advantage Fund-Reg(G),2026-08-31T00:00:00.000Z,1240.12,Hybrid : Dynamic Asset Allocation,38378
Edelweiss Recently Listed IPO Fund-Reg(G),2026-08-31T00:00:00.000Z,1230.36,Equity : Thematic,38375
Mahindra Manulife Multi Asset Allocation Fund-Reg(G),2026-08-31T00:00:00.000Z,1234.81,Hybrid : Multi Asset Allocation,48449
LIC MF Overnight Fund-Reg(G),2026-09-30T00:00:00.000Z,1218.11,Debt : Overnight,43784
Invesco India Multi Asset Allocation Fund-Reg(G),2026-08-31T00:00:00.000Z,1233.72,Hybrid : Multi Asset Allocation,49224
SBI US Specific Equity Active FoF-Reg(G),2026-08-31T00:00:00.000Z,1227.41,FoFs : Overseas,44224
Mirae Asset Silver ETF,2026-08-31T00:00:00.000Z,1219.1,Metal : ETFs,46195
HSBC Business Cycles Fund-Reg(G),2026-08-31T00:00:00.000Z,1229.28,Equity : Thematic,29553
Bandhan Overnight Fund-Reg(G),2026-09-30T00:00:00.000Z,1213.38,Debt : Overnight,41901
DSP Gilt Fund-Reg(G),2026-08-31T00:00:00.000Z,1213.03,Debt : Gilt,693
Zerodha Silver ETF,2026-08-31T00:00:00.000Z,1205.24,Metal : ETFs,49713
Kotak Nifty 50 Index Fund-Reg(G),2026-08-31T00:00:00.000Z,1156.66,Equity : Index Funds,45556
Aditya Birla SL Gilt Fund(G),2026-09-30T00:00:00.000Z,1175.01,Debt : Gilt,399
Motilal Oswal Active Momentum Fund-Reg(G),2026-08-31T00:00:00.000Z,1154.95,Equity : Thematic,49517
Motilal Oswal Consumption Fund-Reg(G),2026-08-31T00:00:00.000Z,1184.73,Equity : Thematic - Consumption,50356
HDFC Housing Opp Fund-Reg(G),2026-08-31T00:00:00.000Z,1166.99,Equity : Sectoral - Infrastructure,38242
LIC MF Infra Fund-Reg(G),2026-08-31T00:00:00.000Z,1174.02,Equity : Sectoral - Infrastructure,4324
Kotak Gold Silver Passive FOF-Reg(G),2026-08-31T00:00:00.000Z,1141.92,FoFs : Domestic,50159
Quant Liquid Plan(G),2026-09-30T00:00:00.000Z,1148.99,Debt : Liquid,883
Tata Dividend Yield Fund-Reg(G),2026-08-31T00:00:00.000Z,1156.47,Equity : Thematic - Dividend Yield,45374
DSP Nifty Top 10 Equal Weight Index Fund-Reg(G),2026-08-31T00:00:00.000Z,1139.69,Equity : Index Funds,49011
Mirae Asset S&P 500 Top 50 ETF,2026-08-31T00:00:00.000Z,1127.26,Equity : ETFs,45835
UTI Childrens Equity Fund(G),2026-08-31T00:00:00.000Z,1132.84,Equity : Flexi Cap,3450
Mirae Asset Nifty 1D Rate Liquid ETF(G),2026-08-31T00:00:00.000Z,1140.78,Debt : ETFs,49344
Nippon India Taiwan Equity Fund-Reg(G),2026-08-31T00:00:00.000Z,1128.29,Equity : International,45690
LIC MF Flexi Cap Fund-Reg(G),2026-08-31T00:00:00.000Z,1125.39,Equity : Flexi Cap,2090
Aditya Birla SL Equity Savings Fund-Reg(G),2026-08-31T00:00:00.000Z,1129.84,Hybrid : Equity Savings,30757
Quantum Value Fund-Reg(G),2026-08-31T00:00:00.000Z,1121.91,Equity : Value / Contra,19759
Union Money Market Fund-Reg(G),2026-09-30T00:00:00.000Z,1120.46,Debt : Money Market,45360
Canara Rob Ultra Short to Short Term Fund-Reg(G),2026-09-30T00:00:00.000Z,1113.35,Debt : Low Duration,535
Bandhan Financial Services Fund-Reg(G),2026-08-31T00:00:00.000Z,1122.38,Equity : Sectoral - Financial Services,47389
DSP NIFTY 50 Index Fund-Reg(G),2026-08-31T00:00:00.000Z,1108.8,Equity : Index Funds,41642
Navi Total Stock Market US Specific Equity Passive FoF-Reg(G),2026-08-31T00:00:00.000Z,1091.98,FoFs : Overseas,45871
Aditya Birla SL Pharma & Healthcare Fund-Reg(G),2026-08-31T00:00:00.000Z,1102.73,Equity : Sectoral - Pharma,37591
Kotak CRISIL-IBX Financial Services 9 to 12 Months Debt Index Fund-Reg(G),2026-09-30T00:00:00.000Z,1105.74,Debt : Low Duration,50232
Bandhan Business Cycle Fund-Reg(G),2026-08-31T00:00:00.000Z,1099.82,Equity : Thematic,49014
Tata Silver ETF FoF-Reg(G),2026-08-31T00:00:00.000Z,1094.2,FoFs : Domestic,48441
Sundaram Focused Fund(G),2026-08-31T00:00:00.000Z,1096.8,Equity : Focused,2390
Canara Rob Balanced Advantage Fund-Reg(G),2026-08-31T00:00:00.000Z,1079.26,Hybrid : Dynamic Asset Allocation,48747
Motilal Oswal Silver ETF,2026-08-31T00:00:00.000Z,1082.66,Metal : ETFs,50142
Nippon India ETF Hang Seng BeES,2026-08-31T00:00:00.000Z,1086.34,Equity : ETFs,8564
HDFC CRISIL-IBX Financial Services 9-12 Months Debt Index Fund-Reg(G),2026-09-30T00:00:00.000Z,1072.98,Debt : Low Duration,50798
ICICI Pru BSE Liquid Rate ETF(G),2026-09-30T00:00:00.000Z,1071.13,Debt : ETFs,49518
Axis ESG Integration Strategy Fund-Reg(G),2026-08-31T00:00:00.000Z,1073.15,Equity : Thematic,44495
RedHex Hybrid Long-Short Fund-Reg(G),2026-08-31T00:00:00.000Z,1072.84,Hybrid : Long - Short,75136
Baroda BNP Paribas Arbitrage Fund-Reg(G),2026-08-31T00:00:00.000Z,1055.29,Hybrid : Arbitrage,35820
ICICI Pru BSE Liquid Rate ETF(IDCW),2026-09-30T00:00:00.000Z,1064.73,Debt : ETFs,35122
Edelweiss Focused Fund-Reg(G),2026-08-31T00:00:00.000Z,1050.81,Equity : Focused,46055
Axis NIFTY 50 ETF,2026-08-31T00:00:00.000Z,1066.3,Equity : ETFs,33980
SBI Nifty50 Equal Weight Index Fund-Reg(G),2026-08-31T00:00:00.000Z,1064.35,Equity : Index Funds,48498
ICICI Pru Nifty Metal ETF,2026-08-31T00:00:00.000Z,1045.41,Equity : ETFs,33835
TRUSTMF Flexi Cap Fund-Reg(G),2026-08-31T00:00:00.000Z,1041.58,Equity : Flexi Cap,48451
PGIM India Liquid Fund(G),2026-08-31T00:00:00.000Z,1030.92,Debt : Liquid,818
Mahindra Manulife Liquid Fund-Reg(G),2026-09-30T00:00:00.000Z,1041.44,Debt : Liquid,35846
Aditya Birla SL Income Plus Arbitrage Active FOF-Reg(G),2026-08-31T00:00:00.000Z,1050.46,FoFs : Domestic,2277
HDFC Consumption Fund-Reg(G),2026-08-31T00:00:00.000Z,1022.11,Equity : Thematic - Consumption,46357
Mahindra Manulife Value Fund-Reg(G),2026-08-31T00:00:00.000Z,1028.62,Equity : Value / Contra,49460
LIC MF ELSS Tax Saver Fund-Reg(G),2026-08-31T00:00:00.000Z,1021.43,Equity : Tax Saving (ELSS),2153
Axis Nifty 50 Index Fund-Reg(G),2026-08-31T00:00:00.000Z,1031.39,Equity : Index Funds,45701
Motilal Oswal Liquid Fund-Reg(G),2026-08-31T00:00:00.000Z,1014.99,Debt : Liquid,41872
SBI Nifty Private Bank ETF,2026-08-31T00:00:00.000Z,1012.35,Equity : ETFs,36351
Union Multi Asset Allocation Fund-Reg(G),2026-08-31T00:00:00.000Z,1020.13,Hybrid : Multi Asset Allocation,48944
Union Large & Midcap Fund-Reg(G),2026-08-31T00:00:00.000Z,1017.77,Equity : Large & Mid Cap,44300
Kotak Silver ETF FoF-Reg(G),2026-08-31T00:00:00.000Z,1004.17,FoFs : Domestic,46628
Franklin Asian Equity Fund(G),2026-08-31T00:00:00.000Z,995.97,Equity : International,3813
LIC MF Multi Asset Allocation Fund-Reg(G),2026-08-31T00:00:00.000Z,1004.98,Hybrid : Multi Asset Allocation,49465
Baroda BNP Paribas Value Fund-Reg(G),2026-08-31T00:00:00.000Z,992.98,Equity : Value / Contra,47940
Axis Dynamic Term Fund-Reg(G),2026-08-31T00:00:00.000Z,992.7,Debt : Dynamic Bond,12380
Sundaram Equity Savings Fund(G),2026-08-31T00:00:00.000Z,1002.49,Hybrid : Equity Savings,2393
Canara Rob Infrastructure Fund-Reg(G),2026-08-31T00:00:00.000Z,987.21,Equity : Sectoral - Infrastructure,547
Mirae Asset Nifty Smallcap 250 Momentum Quality 100 ETF,2026-08-31T00:00:00.000Z,988.76,Equity : ETFs,48496
Tata Nifty Capital Markets Index Fund-Reg(G),2026-08-31T00:00:00.000Z,979.6,Equity : Index Funds,49234
Nippon India Conservative Hybrid Fund(G),2026-09-30T00:00:00.000Z,977.17,Hybrid : Conservative Hybrid,2649
Quant Business Cycle Fund-Reg(G),2026-08-31T00:00:00.000Z,984.65,Equity : Thematic,47951
Mirae Asset Diversified Equity Allocator Passive FOF-Reg(G),2026-08-31T00:00:00.000Z,966.51,FoFs : Domestic,45064
iSIF Active Asset Allocator Long-Short Fund-Reg(G),2026-08-31T00:00:00.000Z,983.83,Hybrid : Long - Short,75091
Sundaram Infra Advantage Fund(G),2026-08-31T00:00:00.000Z,971.13,Equity : Sectoral - Infrastructure,2945
HSBC Financial Services Fund-Reg(G),2026-08-31T00:00:00.000Z,962.92,Equity : Sectoral - Financial Services,49575
Motilal Oswal Nifty 200 Momentum 30 Index Fund-Reg(G),2026-08-31T00:00:00.000Z,957.6,Equity : Index Funds,46320
ICICI Pru Diversified Equity All Cap Active FOF-Reg(G),2026-08-31T00:00:00.000Z,954.99,FoFs : Domestic,50739
Baroda BNP Paribas Conservative Hybrid Fund-Reg(G),2026-09-30T00:00:00.000Z,949.15,Hybrid : Conservative Hybrid,210
Bank of India Mfg & Infra Fund-Reg(G),2026-08-31T00:00:00.000Z,948.65,Equity : Sectoral - Infrastructure,8484
Invesco India Balanced Advantage Fund-Reg(G),2026-08-31T00:00:00.000Z,937.48,Hybrid : Dynamic Asset Allocation,2171
Baroda BNP Paribas ELSS Tax Saver Fund-Reg(G),2026-08-31T00:00:00.000Z,929.74,Equity : Tax Saving (ELSS),226
Nippon India Index Fund-BSE Sensex Plan(G),2026-08-31T00:00:00.000Z,929.76,Equity : Index Funds,12865
Motilal Oswal Digital India Fund-Reg(G),2026-08-31T00:00:00.000Z,929.69,Equity : Sectoral - Technology,48960
Mahindra Manulife Balanced Advantage Fund-Reg(G),2026-08-31T00:00:00.000Z,922.99,Hybrid : Dynamic Asset Allocation,45993
Kotak Nifty Alpha 50 ETF,2026-08-31T00:00:00.000Z,933.77,Equity : ETFs,45687
JM Small Cap Fund-Reg(G),2026-08-31T00:00:00.000Z,929.5,Equity : Small Cap,48452
HDFC Nifty G-Sec Dec 2026 Index Fund-Reg(G),2026-09-30T00:00:00.000Z,920.03,Debt : Gilt,46871
Axis Global Innovation FoF-Reg(G),2026-08-31T00:00:00.000Z,925.82,FoFs : Overseas,45539
Quant BFSI Fund-Reg(G),2026-08-31T00:00:00.000Z,922.02,Equity : Sectoral - Financial Services,47989
Baroda BNP Paribas Innovation Fund-Reg(G),2026-08-31T00:00:00.000Z,917.83,Equity : Thematic,48463
Motilal Oswal Nifty Midcap 100 ETF,2026-08-31T00:00:00.000Z,917.34,Equity : ETFs,13595
Axis Momentum Fund-Reg(G),2026-08-31T00:00:00.000Z,919.14,Equity : Thematic,49376
Axis Childrens Fund-No Lock in-Reg(G),2026-08-31T00:00:00.000Z,906.89,Hybrid : Aggressive Hybrid,34004
ICICI Pru Nifty SDL Dec 2028 Index Fund-Reg(G),2026-09-30T00:00:00.000Z,898.91,Debt : Medium to Long Duration,46359
Edelweiss Ultra Short Term Fund-Reg(G),2026-09-30T00:00:00.000Z,896.0,Debt : Ultra Short Duration,51134
Motilal Oswal Nifty 50 Index Fund-Reg(G),2026-08-31T00:00:00.000Z,892.63,Equity : Index Funds,44366
WOC Pharma and Healthcare Fund-Reg(G),2026-08-31T00:00:00.000Z,902.24,Equity : Sectoral - Pharma,48472
Axis Childrens Fund-Compulsory Lock in-Reg(G),2026-08-31T00:00:00.000Z,906.89,Hybrid : Aggressive Hybrid,34008
Axis Equity Savings Fund-Reg(G),2026-08-31T00:00:00.000Z,885.96,Hybrid : Equity Savings,33370
Mahindra Manulife ELSS Tax Saver Fund-Reg(G),2026-08-31T00:00:00.000Z,894.74,Equity : Tax Saving (ELSS),36058
Edelweiss CRISIL IBX 50:50 Gilt Plus SDL April 2037 Index Fund-Reg(G),2026-09-30T00:00:00.000Z,882.08,Debt : Long Duration,46863
Quant Arbitrage Fund-Reg(G),2026-08-31T00:00:00.000Z,881.26,Hybrid : Arbitrage,49743
DSP Multi Asset Omni FoF-Reg(G),2026-08-31T00:00:00.000Z,882.89,FoFs : Domestic,50617
Union ELSS Tax Saver Fund(G),2026-08-31T00:00:00.000Z,871.91,Equity : Tax Saving (ELSS),14893
JioBlackRock Overnight Fund-Reg(G),2026-09-30T00:00:00.000Z,869.96,Debt : Overnight,51177
LIC MF Gold ETF FoF(G),2026-08-31T00:00:00.000Z,858.31,FoFs : Domestic,17242
Infinity Hybrid Long-Short Fund-Reg(G),2026-07-31T00:00:00.000Z,859.02,Hybrid : Long - Short,75147
Sundaram Multi-Factor Fund-Reg(G),2026-08-31T00:00:00.000Z,870.78,Equity : Thematic,49873
LIC MF Nifty 50 ETF,2026-08-31T00:00:00.000Z,867.7,Equity : ETFs,33580
Parag Parikh Large Cap Fund-Reg(G),2026-08-31T00:00:00.000Z,860.1,Equity : Large Cap,50488
Quant Dynamic Asset Allocation Fund-Reg(G),2026-08-31T00:00:00.000Z,852.39,Hybrid : Dynamic Asset Allocation,47895
Canara Rob Conservative Hybrid Fund-Reg(G),2026-08-31T00:00:00.000Z,852.49,Hybrid : Conservative Hybrid,520
Baroda BNP Paribas Manufacturing Fund-Reg(G),2026-08-31T00:00:00.000Z,850.32,Equity : Thematic,48904
The Wealth Company Liquid Fund-Reg(G),2026-09-30T00:00:00.000Z,852.46,Debt : Liquid,50296
Quant Focused Fund(G),2026-08-31T00:00:00.000Z,850.2,Equity : Focused,5742
Mirae Asset S&P 500 Top 50 ETF FoF-Reg(G),2026-08-31T00:00:00.000Z,846.59,FoFs : Overseas,45836
UTI Nifty 500 Value 50 Index Fund-Reg(G),2026-08-31T00:00:00.000Z,846.22,Equity : Index Funds,47577
HSBC Ultra Short to Short Term Fund-Reg(G),2026-09-30T00:00:00.000Z,847.33,Debt : Low Duration,13350
Kotak Global Innovation Overseas Equity Active FOF-Reg(G),2026-08-31T00:00:00.000Z,840.39,FoFs : Overseas,45334
360 ONE Quant Fund-Reg(G),2026-08-31T00:00:00.000Z,845.7,Equity : Thematic,46015
UTI Innovation Fund-Reg(G),2026-08-31T00:00:00.000Z,837.37,Equity : Thematic,48238
PGIM India Large and Mid Cap Fund(G),2026-08-31T00:00:00.000Z,830.84,Equity : Large & Mid Cap,48543
HDFC NIFTY G-Sec Jun 2036 Index Fund-Reg(G),2026-09-30T00:00:00.000Z,839.11,Debt : Long Duration,47714
LIC MF Small Cap Fund-Reg(G),2026-08-31T00:00:00.000Z,831.55,Equity : Small Cap,36914
Nippon India Nifty Next 50 Junior BeES FoF-Reg(G),2026-08-31T00:00:00.000Z,840.37,FoFs : Domestic,40664
ICICI Pru Conglomerate Fund-Reg(G),2026-08-31T00:00:00.000Z,817.05,Equity : Thematic,49928
Motilal Oswal Nifty 500 Momentum 50 Index Fund-Reg(G),2026-08-31T00:00:00.000Z,826.54,Equity : Index Funds,48961
JM Value Fund-Reg(G),2026-08-31T00:00:00.000Z,817.27,Equity : Value / Contra,1849
Axis Quant Fund-Reg(G),2026-08-31T00:00:00.000Z,827.21,Equity : Thematic,44329
UTI Equity Savings Fund-Reg(G),2026-08-31T00:00:00.000Z,816.21,Hybrid : Equity Savings,35818
ICICI Pru Long Term Fund(G),2026-09-30T00:00:00.000Z,822.48,Debt : Long Duration,1617
TRUSTMF Multi Cap Fund-Reg(G),2026-08-31T00:00:00.000Z,809.54,Equity : Multi Cap,49976
ICICI Pru Nifty 10 yr Benchmark G-Sec ETF,2026-09-30T00:00:00.000Z,810.73,Debt : Gilt (10 Yr Constant Duration),47331
Nippon India Nifty 50 Value 20 Index Fund-Reg(G),2026-08-31T00:00:00.000Z,815.93,Equity : Index Funds,45289
Edelweiss Technology Fund-Reg(G),2026-08-31T00:00:00.000Z,810.43,Equity : Sectoral - Technology,43844
HDFC Medium to Long Term Fund(G),2026-09-30T00:00:00.000Z,812.7,Debt : Medium to Long Duration,1281
Nippon India US Equity Opp Fund(G),2026-08-31T00:00:00.000Z,810.39,Equity : International,19246
ICICI Pru Nifty Alpha Low - Volatility 30 ETF FOF(G),2026-08-31T00:00:00.000Z,797.5,FoFs : Domestic,45389
Bajaj Finserv Overnight Fund-Reg(G),2026-09-30T00:00:00.000Z,791.92,Debt : Overnight,48051
Motilal Oswal Innovation Opportunities Fund-Reg(G),2026-08-31T00:00:00.000Z,793.08,Equity : Thematic,49313
ICICI Pru Nifty G-Sec Dec 2030 Index Fund-Reg(G),2026-09-30T00:00:00.000Z,802.6,Debt : Medium to Long Duration,46358
Sundaram Dividend Yield Fund(G),2026-08-31T00:00:00.000Z,806.55,Equity : Thematic - Dividend Yield,2337
ICICI Pru Nifty Smallcap 250 Index Fund(G),2026-08-31T00:00:00.000Z,788.96,Equity : Index Funds,45684
ICICI Pru Nifty Bank Index Fund-Reg(G),2026-08-31T00:00:00.000Z,793.57,Equity : Index Funds,45994
ICICI Pru Nifty Midcap 150 ETF,2026-08-31T00:00:00.000Z,790.84,Equity : ETFs,44494
Invesco India Gold ETF,2026-08-31T00:00:00.000Z,786.34,Metal : ETFs,8505
SBI Nifty 500 Index Fund-Reg(G),2026-08-31T00:00:00.000Z,779.93,Equity : Index Funds,49019
Quantum Gold ETF,2026-08-31T00:00:00.000Z,789.13,Metal : ETFs,4326
Axis Nifty Smallcap 50 Index Fund-Reg(G),2026-08-31T00:00:00.000Z,783.48,Equity : Index Funds,45856
DSP Nifty Private Bank ETF,2026-08-31T00:00:00.000Z,782.78,Equity : ETFs,47907
Invesco India Aggressive Hybrid Fund-Reg(G),2026-08-31T00:00:00.000Z,776.61,Hybrid : Aggressive Hybrid,39893
LIC MF Manufacturing Fund-Reg(G),2026-08-31T00:00:00.000Z,781.06,Equity : Thematic,49120
Bandhan Transportation and Logistics Fund-Reg(G),2026-08-31T00:00:00.000Z,771.25,Equity : Sectoral - Auto,46986
HDFC NIFTY Smallcap 250 Index Fund-Reg(G),2026-08-31T00:00:00.000Z,774.79,Equity : Index Funds,47916
Union Aggressive Hybrid Fund-Reg(G),2026-08-31T00:00:00.000Z,776.78,Hybrid : Aggressive Hybrid,44512
Nippon India Equity Savings Fund(G),2026-08-31T00:00:00.000Z,771.07,Hybrid : Equity Savings,30963
Kotak Credit Risk Fund(G),2026-09-30T00:00:00.000Z,769.05,Debt : Credit Risk,8472
DSP Quant Fund-Reg(G),2026-08-31T00:00:00.000Z,767.23,Equity : Thematic,42237
Axis Nifty Midcap 50 Index Fund-Reg(G),2026-08-31T00:00:00.000Z,771.51,Equity : Index Funds,46459
Tata Gilt Fund-Reg(G),2026-09-30T00:00:00.000Z,769.09,Debt : Gilt,3230
Kotak Healthcare Fund-Reg(G),2026-08-31T00:00:00.000Z,767.7,Equity : Sectoral - Pharma,47949
Bank of India Mid Cap Fund-Reg(G),2026-08-31T00:00:00.000Z,766.6,Equity : Mid Cap,50004
LIC MF Dividend Yield Fund-Reg(G),2026-08-31T00:00:00.000Z,759.21,Equity : Thematic - Dividend Yield,41332
Qsif Equity Long-Short Fund-Reg(G),2026-07-31T00:00:00.000Z,758.21,Hybrid : Long - Short,75001
Groww Small Cap Fund-Reg(G),2026-08-31T00:00:00.000Z,764.03,Equity : Small Cap,50392
Kotak Rural Opportunities Fund-Reg(G),2026-08-31T00:00:00.000Z,758.11,Equity : Thematic,50404
Samco Active Momentum Fund-Reg(G),2026-08-31T00:00:00.000Z,751.84,Equity : Thematic,47753
Motilal Oswal Balanced Advantage Fund-Reg(G),2026-08-31T00:00:00.000Z,743.51,Hybrid : Dynamic Asset Allocation,35831
Kotak Services Fund-Reg(G),2026-08-31T00:00:00.000Z,756.53,Equity : Thematic,50374
Invesco India Manufacturing Fund-Reg(G),2026-08-31T00:00:00.000Z,757.76,Equity : Thematic,47579
LIC MF Nifty 100 ETF,2026-08-31T00:00:00.000Z,741.78,Equity : ETFs,33578
Kotak ESG Exclusionary Strategy Fund-Reg(G),2026-08-31T00:00:00.000Z,740.6,Equity : Thematic,44147
TRUSTMF Liquid Fund-Reg(G),2026-09-30T00:00:00.000Z,748.11,Debt : Liquid,45451
PGIM India Balanced Advantage Fund-Reg(G),2026-08-31T00:00:00.000Z,738.64,Hybrid : Dynamic Asset Allocation,45262
Quant Manufacturing Fund-Reg(G),2026-08-31T00:00:00.000Z,737.4,Equity : Thematic,48120
WOC Liquid Fund-Reg(G),2026-08-31T00:00:00.000Z,742.59,Debt : Liquid,42211
HDFC NIFTY Midcap 150 Index Fund-Reg(G),2026-08-31T00:00:00.000Z,725.98,Equity : Index Funds,46619
UTI India Consumer Fund-Reg(G),2026-08-31T00:00:00.000Z,733.44,Equity : Thematic - Consumption,3581
ITI Large & Mid Cap Fund-Reg(G),2026-08-31T00:00:00.000Z,728.59,Equity : Large & Mid Cap,48956
PGIM India ELSS Tax Saver Fund-Reg(G),2026-08-31T00:00:00.000Z,722.05,Equity : Tax Saving (ELSS),26780
ICICI Pru Nifty FMCG ETF,2026-08-31T00:00:00.000Z,735.18,Equity : ETFs,45651
LIC MF BSE Sensex ETF,2026-08-31T00:00:00.000Z,717.55,Equity : ETFs,33579
Axis Retirement Fund-Aggressive Plan-Reg(G),2026-08-31T00:00:00.000Z,705.82,Hybrid : Aggressive Hybrid,43841
JM Aggressive Hybrid Fund-Reg(G),2026-08-31T00:00:00.000Z,699.77,Hybrid : Aggressive Hybrid,1847
Tata Nifty 50 ETF,2026-08-31T00:00:00.000Z,716.58,Equity : ETFs,41017
DSP Silver ETF FoF-Reg(G),2026-08-31T00:00:00.000Z,715.77,FoFs : Domestic,49808
HSBC Gold ETF,2026-08-31T00:00:00.000Z,700.09,Metal : ETFs,50748
Franklin India NSE Nifty 50 Index Fund(G),2026-08-31T00:00:00.000Z,715.27,Equity : Index Funds,942
DSP Nifty Top 10 Equal Weight ETF,2026-08-31T00:00:00.000Z,695.68,Equity : ETFs,49012
Nippon India Nifty G-Sec Jun 2036 Maturity Index Fund-Reg(G),2026-09-30T00:00:00.000Z,688.97,Debt : Gilt,47190
Motilal Oswal Manufacturing Fund-Reg(G),2026-08-31T00:00:00.000Z,699.72,Equity : Thematic,48962
JioBlackRock Ultra Short to Short Term Fund-Reg(G),2026-09-30T00:00:00.000Z,686.13,Debt : Low Duration,51170
LIC MF Balanced Advantage Fund-Reg(G),2026-08-31T00:00:00.000Z,695.74,Hybrid : Dynamic Asset Allocation,45941
Franklin India Overnight Fund(G),2026-08-31T00:00:00.000Z,685.37,Debt : Overnight,43438
Mahindra Manulife Large Cap Fund-Reg(G),2026-08-31T00:00:00.000Z,695.06,Equity : Large Cap,38073
Mahindra Manulife Manufacturing Fund-Reg(G),2026-08-31T00:00:00.000Z,684.43,Equity : Thematic,48881
LIC MF Nifty Midcap 100 ETF,2026-08-31T00:00:00.000Z,683.42,Equity : ETFs,48473
Motilal Oswal Nifty Bank Index Fund-Reg(G),2026-08-31T00:00:00.000Z,676.26,Equity : Index Funds,43789
Motilal Oswal Nifty Capital Market Index Fund-Reg(G),2026-08-31T00:00:00.000Z,679.15,Equity : Index Funds,49214
HSBC Medium Term Fund-Reg(G),2026-09-30T00:00:00.000Z,670.22,Debt : Medium Duration,31014
360 ONE Balanced Hybrid Fund-Reg(G),2026-09-30T00:00:00.000Z,666.81,Hybrid : Balanced Hybrid,48144
WOC Banking & Financial Services Fund-Reg(G),2026-08-31T00:00:00.000Z,665.45,Equity : Sectoral - Financial Services,48332
SBI Floating Interest Rates Fund-Reg(G),2026-09-30T00:00:00.000Z,675.98,Debt : Floater,45111
Baroda BNP Paribas Focused Fund-Reg(G),2026-08-31T00:00:00.000Z,659.97,Equity : Focused,32452
Union Overnight Fund-Reg(G),2026-09-30T00:00:00.000Z,656.92,Debt : Overnight,43213
Canara Rob Banking & Financial Services Fund-Reg(G),2026-08-31T00:00:00.000Z,656.84,Equity : Sectoral - Financial Services,50688
Baroda BNP Paribas Overnight Fund-Reg(G),2026-09-30T00:00:00.000Z,656.89,Debt : Overnight,43376
DSP Dynamic Term Fund-Reg(G),2026-08-31T00:00:00.000Z,638.52,Debt : Dynamic Bond,742
UTI Silver ETF FoF-Reg(G),2026-08-31T00:00:00.000Z,654.52,FoFs : Domestic,46882
Bandhan Multi-Factor Fund-Reg(G),2026-08-31T00:00:00.000Z,646.63,Equity : Thematic,50021
Navi Nifty Bank Index Fund-Reg(G),2026-08-31T00:00:00.000Z,648.84,Equity : Index Funds,45873
Tata Nifty SDL Plus AAA PSU Bond Dec 2027 60:40 Index Fund-Reg(G),2026-09-30T00:00:00.000Z,644.61,Debt : Medium to Long Duration,46351
Baroda BNP Paribas Business Conglomerates Fund-Reg(G),2026-08-31T00:00:00.000Z,646.71,Equity : Thematic,50243
Mirae Asset Gold ETF FoF-Reg(G),2026-08-31T00:00:00.000Z,628.26,FoFs : Domestic,49290
Bandhan Nifty Alpha 50 Index Fund-Reg(G),2026-08-31T00:00:00.000Z,628.85,Equity : Index Funds,48314
SBI FMP-67-1467D-Reg(G),2026-07-31T00:00:00.000Z,629.58,Debt : FTP/FMP,46703
Tata CRISIL-IBX Financial Services 3-6 Months Debt Index Fund-Reg(G),2026-09-30T00:00:00.000Z,637.06,Debt : Ultra Short Duration,51216
Baroda BNP Paribas Energy Opportunities Fund-Reg(G),2026-08-31T00:00:00.000Z,627.29,Equity : Sectoral - Energy / Power,49558
ITI Focused Fund-Reg(G),2026-08-31T00:00:00.000Z,628.6,Equity : Focused,45722
Edelweiss Nifty500 Multicap Momentum Quality 50 Index Fund-Reg(G),2026-08-31T00:00:00.000Z,625.99,Equity : Index Funds,49278
Nippon India Income Plus Arbitrage Active FoF-Reg(G),2026-09-30T00:00:00.000Z,628.45,FoFs : Domestic,49936
Sundaram Corp Bond Fund(G),2026-09-30T00:00:00.000Z,618.89,Debt : Corporate Bond,2955
Baroda BNP Paribas Services Fund-Reg(G),2026-08-31T00:00:00.000Z,622.69,Equity : Thematic,50959
Canara Rob Overnight Fund-Reg(G),2026-09-30T00:00:00.000Z,623.43,Debt : Overnight,43350
Franklin India Multi-Factor Fund(G),2026-08-31T00:00:00.000Z,615.86,Equity : Thematic,50269
Baroda BNP Paribas ESG Best-in-class Strategy Fund-Reg(G),2026-08-31T00:00:00.000Z,618.27,Equity : Thematic,43916
HDFC Nifty G-Sec Jul 2031 Index Fund-Reg(G),2026-09-30T00:00:00.000Z,623.29,Debt : Gilt,46620
WOC Quality Equity Fund-Reg(G),2026-08-31T00:00:00.000Z,620.89,Equity : Thematic,49192
Kotak Nifty 200 Momentum 30 Index Fund-Reg(G),2026-08-31T00:00:00.000Z,601.43,Equity : Index Funds,47977
Kotak CRISIL-IBX AAA Financial Services Index - Sep 2027 Fund-Reg(G),2026-09-30T00:00:00.000Z,606.31,Debt : Medium to Long Duration,49109
HDFC NIFTY200 Momentum 30 Index Fund-Reg(G),2026-08-31T00:00:00.000Z,608.84,Equity : Index Funds,48466
Bajaj Finserv Consumption Fund-Reg(G),2026-08-31T00:00:00.000Z,611.0,Equity : Thematic - Consumption,49345
HDFC Nifty G-Sec Sep 2032 Index Fund-Reg(G),2026-09-30T00:00:00.000Z,613.58,Debt : Gilt,46872
Invesco India Consumption Fund-Reg(G),2026-08-31T00:00:00.000Z,599.47,Equity : Thematic - Consumption,50227
Aditya Birla SL CRISIL IBX Gilt Apr 2029 Index Fund-Reg(G),2026-09-30T00:00:00.000Z,602.36,Debt : Gilt,46950
iSIF Equity Long-Short Fund-Reg(G),2026-08-31T00:00:00.000Z,599.34,Hybrid : Long - Short,75125
JioBlackRock Arbitrage Fund-Reg(G),2026-08-31T00:00:00.000Z,586.54,Hybrid : Arbitrage,51166
Baroda BNP Paribas Ultra Short Term Fund-Reg(G),2026-09-30T00:00:00.000Z,596.37,Debt : Ultra Short Duration,39448
TRUSTMF Mid Cap Fund-Reg(G),2026-08-31T00:00:00.000Z,588.36,Equity : Mid Cap,50597
Bajaj Finserv Ultra Short to Short Term Fund-Reg(G),2026-09-30T00:00:00.000Z,582.27,Debt : Low Duration,50590
WOC Ultra Short Term Fund-Reg(G),2026-08-31T00:00:00.000Z,584.11,Debt : Ultra Short Duration,42221
Quantum Gold ETF FOF-Reg(G),2026-08-31T00:00:00.000Z,579.23,Metal : MFs,19961
Baroda BNP Paribas Dividend Yield Fund-Reg(G),2026-08-31T00:00:00.000Z,585.19,Equity : Thematic - Dividend Yield,49067
Franklin India Equity Savings Fund(G),2026-08-31T00:00:00.000Z,587.24,Hybrid : Equity Savings,39645
Aditya Birla SL ESG Integration Strategy Fund-Reg(G),2026-08-31T00:00:00.000Z,579.65,Equity : Thematic,44736
Axis Gold and Silver Passive FoF-Reg(G),2026-08-31T00:00:00.000Z,576.01,FoFs : Domestic,50530
Bajaj Finserv Nifty 1D Rate Liquid ETF(G),2026-09-30T00:00:00.000Z,576.67,Debt : ETFs,48746
Baroda BNP Paribas Business Cycle Fund-Reg(G),2026-08-31T00:00:00.000Z,573.51,Equity : Thematic,45686
ICICI Pru Nifty IT ETF,2026-08-31T00:00:00.000Z,574.65,Equity : ETFs,44401
HDFC MNC Fund-Reg(G),2026-08-31T00:00:00.000Z,566.32,Equity : Thematic - MNC,47648
DSP Financial Services Sectoral Debt Fund-Reg(G),2026-08-31T00:00:00.000Z,563.77,Debt : Corporate Bond,51103
ICICI Pru Nifty 200 Momentum 30 Index Fund-Reg(G),2026-08-31T00:00:00.000Z,568.25,Equity : Index Funds,46683
Kotak Diversified Equity All Cap Omni FOF-Reg(G),2026-08-31T00:00:00.000Z,562.55,FoFs : Domestic,50898
HDFC Nifty G-Sec Jun 2027 Index Fund-Reg(G),2026-09-30T00:00:00.000Z,568.07,Debt : Gilt,46618
Nippon India Active Momentum Fund-Reg(G),2026-08-31T00:00:00.000Z,565.46,Equity : Thematic,49115
Franklin India Banking & PSU Debt Fund(G),2026-08-31T00:00:00.000Z,567.02,Debt : Banking & PSU,28458
LIC MF Aggressive Hybrid Fund(G),2026-08-31T00:00:00.000Z,561.9,Hybrid : Aggressive Hybrid,2085
Abakkus Liquid Fund-Reg(G),2026-08-31T00:00:00.000Z,559.1,Debt : Liquid,50550
DSP Gold ETF FoF-Reg(G),2026-08-31T00:00:00.000Z,556.84,FoFs : Domestic,48322
ICICI Pru Nifty 200 Momentum 30 ETF,2026-08-31T00:00:00.000Z,556.74,Equity : ETFs,46682
360 ONE Dynamic Term Fund-Reg(G),2026-09-30T00:00:00.000Z,548.58,Debt : Dynamic Bond,17578
Sundaram Arbitrage Fund(G),2026-08-31T00:00:00.000Z,553.9,Hybrid : Arbitrage,32098
Titanium Hybrid Long-Short Fund-Reg(G),2026-05-31T00:00:00.000Z,548.72,Hybrid : Long - Short,75027
Axis Nifty Next 50 Index Fund-Reg(G),2026-08-31T00:00:00.000Z,548.71,Equity : Index Funds,45702
Shriram Liquid Fund-Reg(G),2026-09-30T00:00:00.000Z,547.03,Debt : Liquid,48954
Nippon India CRISIL-IBX Financial Services 9-12 Months Debt Index Fund-Reg(G),2026-09-30T00:00:00.000Z,542.62,Debt : Low Duration,50727
UTI Nifty200 Quality 30 Index Fund-Reg(G),2026-08-31T00:00:00.000Z,552.55,Equity : Index Funds,49144
Mirae Asset Nifty Metal ETF,2026-08-31T00:00:00.000Z,542.42,Equity : ETFs,49100
Quantum Liquid Fund-Reg(G),2026-09-30T00:00:00.000Z,542.63,Debt : Liquid,19756
Kotak Transportation & Logistics Fund-Reg(G),2026-08-31T00:00:00.000Z,539.86,Equity : Sectoral - Auto,48943
WOC Aggressive Hybrid Fund-Reg(G),2026-08-31T00:00:00.000Z,542.34,Hybrid : Aggressive Hybrid,50887
Invesco India Short Term Fund-Reg(G),2026-09-30T00:00:00.000Z,540.51,Debt : Short Duration,2262
ICICI Pru CRISIL-IBX Financial Services 3-6 Months Debt Index Fund-Reg(G),2026-09-30T00:00:00.000Z,538.78,Debt : Ultra Short Duration,49708
HDFC BSE Sensex ETF,2026-08-31T00:00:00.000Z,538.57,Equity : ETFs,34084
Aditya Birla SL Nifty 50 Equal Weight Index Fund-Reg(G),2026-08-31T00:00:00.000Z,534.84,Equity : Index Funds,44741
PGIM India Large Cap Fund(G),2026-08-31T00:00:00.000Z,538.29,Equity : Large Cap,758
Union Active Momentum Fund-Reg(G),2026-08-31T00:00:00.000Z,535.78,Equity : Thematic,49020
HDFC NIFTY 100 Equal Weight Index Fund-Reg(G),2026-08-31T00:00:00.000Z,534.4,Equity : Index Funds,45997
Kotak Technology Fund-Reg(G),2026-08-31T00:00:00.000Z,532.44,Equity : Sectoral - Technology,48587
Mahindra Manulife Equity Savings Fund-Reg(G),2026-08-31T00:00:00.000Z,530.31,Hybrid : Equity Savings,36671
Edelweiss Multi Asset Omni FoF-Reg(G),2026-08-31T00:00:00.000Z,532.41,FoFs : Domestic,50130
360 ONE Liquid Fund-Reg(G),2026-09-30T00:00:00.000Z,528.53,Debt : Liquid,15687
Nippon India Nifty 500 Equal Weight Index Fund-Reg(G),2026-08-31T00:00:00.000Z,529.49,Equity : Index Funds,49022
Bank of India Large & Mid Cap Fund-Reg(G),2026-08-31T00:00:00.000Z,529.09,Equity : Large & Mid Cap,6434
HSBC Income Plus Arbitrage Active FOF-Reg(G),2026-09-30T00:00:00.000Z,527.51,FoFs : Domestic,28311
Canara Rob Ultra Short Term Fund-Reg(G),2026-09-30T00:00:00.000Z,528.77,Debt : Ultra Short Duration,5902
Motilal Oswal Nifty Next 50 Index Fund-Reg(G),2026-08-31T00:00:00.000Z,521.74,Equity : Index Funds,44368
WOC Digital Bharat Fund-Reg(G),2026-08-31T00:00:00.000Z,520.83,Equity : Sectoral - Technology,49129
Motilal Oswal Ultra Short Term Fund-Reg(G),2026-08-31T00:00:00.000Z,524.33,Debt : Ultra Short Duration,22532
Aditya Birla SL US Equity Passive FOF-Reg(G),2026-08-31T00:00:00.000Z,523.17,FoFs : Overseas,45711
Mirae Asset Short Term Fund-Reg(G),2026-08-31T00:00:00.000Z,518.14,Debt : Short Duration,38870
HSBC Global Emerging Markets Fund(G),2026-08-31T00:00:00.000Z,519.19,FoFs : Overseas,4314
Union Business Cycle Fund-Reg(G),2026-08-31T00:00:00.000Z,517.9,Equity : Thematic,48599
HDFC Nifty500 Multicap 50:25:25 Index Fund-Reg(G),2026-08-31T00:00:00.000Z,517.99,Equity : Index Funds,48970
Baroda BNP Paribas Gilt Fund-Reg(G),2026-09-30T00:00:00.000Z,515.34,Debt : Gilt,497
Invesco India Gold ETF FoF-Reg(G),2026-08-31T00:00:00.000Z,510.75,FoFs : Domestic,14593
HDFC FMP-Sr 46-1861D-Mar 2022-Reg(G),2026-09-30T00:00:00.000Z,510.82,Debt : FTP/FMP,46453
360 ONE Multi Asset Allocation Fund-Reg(G),2026-08-31T00:00:00.000Z,510.54,Hybrid : Multi Asset Allocation,49121
WOC ELSS Tax Saver Fund-Reg(G),2026-08-31T00:00:00.000Z,507.22,Equity : Tax Saving (ELSS),46773
Aditya Birla SL Nifty Midcap 150 Index Fund-Reg(G),2026-08-31T00:00:00.000Z,503.18,Equity : Index Funds,44738
HDFC NIFTY Private Bank ETF,2026-08-31T00:00:00.000Z,505.04,Equity : ETFs,46045
Baroda BNP Paribas Health and Wellness Fund-Reg(G),2026-08-31T00:00:00.000Z,507.42,Equity : Sectoral - Pharma,49985
Kotak Quant Fund-Reg(G),2026-08-31T00:00:00.000Z,496.94,Equity : Thematic,48083
Nippon India Nifty Auto ETF,2026-08-31T00:00:00.000Z,496.71,Equity : ETFs,45713
Bajaj Finserv Banking and Financial Services Fund-Reg(G),2026-08-31T00:00:00.000Z,499.43,Equity : Sectoral - Financial Services,50372
Kotak Nifty SDL Plus AAA PSU Bond Jul 2028 60:40 Index Fund-Reg(G),2026-09-30T00:00:00.000Z,502.54,Debt : Medium to Long Duration,46730
Mahindra Manulife Ultra Short to Short Term Fund-Reg(G),2026-09-30T00:00:00.000Z,497.0,Debt : Low Duration,36894
ICICI Pru FMP-85-10Y-I(G),2026-09-30T00:00:00.000Z,495.72,Debt : FTP/FMP,43023
Mirae Asset Nifty MidSmallcap400 Momentum Quality 100 ETF,2026-08-31T00:00:00.000Z,493.96,Equity : ETFs,48681
Mahindra Manulife Consumption Fund-Reg(G),2026-08-31T00:00:00.000Z,489.39,Equity : Thematic - Consumption,38749
Edelweiss Consumption Fund-Reg(G),2026-08-31T00:00:00.000Z,492.58,Equity : Thematic - Consumption,49329
Mirae Asset Infrastructure Fund-Reg(G),2026-08-31T00:00:00.000Z,488.9,Equity : Sectoral - Infrastructure,50400
Invesco India - Invesco Global Consumer Trends FoF-Reg(G),2026-08-31T00:00:00.000Z,487.32,FoFs : Overseas,45201
Invesco India Overnight Fund-Reg(G),2026-09-30T00:00:00.000Z,485.35,Debt : Overnight,44317
Franklin India Retirement Fund(G),2026-08-31T00:00:00.000Z,492.59,Hybrid : Balanced Hybrid,3396
JM Arbitrage Fund(G),2026-08-31T00:00:00.000Z,482.5,Hybrid : Arbitrage,1843
Aditya Birla SL Retirement Fund-30-Reg(G),2026-08-31T00:00:00.000Z,486.74,Equity : Flexi Cap,32078
DSP NIFTY 1D Rate Liquid ETF,2026-08-31T00:00:00.000Z,482.68,Debt : ETFs,38904
HDFC Dynamic Term Fund(G),2026-09-30T00:00:00.000Z,479.92,Debt : Dynamic Bond,1274
Mirae Asset Global X Artificial Intelligence & Technology ETF FoF-Reg(G),2026-08-31T00:00:00.000Z,479.89,FoFs : Overseas,45380
SBI CRISIL-IBX Financial Services 9-12 Months Debt Index Fund-Reg(G),2026-09-30T00:00:00.000Z,482.15,Debt : Low Duration,50810
Tata Housing Opportunities Fund-Reg(G),2026-08-31T00:00:00.000Z,478.37,Equity : Thematic,46764
Capitalmind Flexi Cap Fund-Reg(G),2026-08-31T00:00:00.000Z,476.28,Equity : Flexi Cap,50096
Mahindra Manulife Banking & Financial Services Fund-Reg(G),2026-08-31T00:00:00.000Z,477.42,Equity : Sectoral - Financial Services,49983
Aditya Birla SL Multi-Asset Omni FOF-Reg(G),2026-08-31T00:00:00.000Z,477.57,FoFs : Domestic,2279
Mirae Asset Nifty SDL Jun 2027 Index Fund-Reg(G),2026-08-31T00:00:00.000Z,474.92,Debt : Medium to Long Duration,46134
Kotak NIFTY Midcap 150 Momentum 50 Index Fund-Reg(G),2026-08-31T00:00:00.000Z,473.94,Equity : Index Funds,49180
Mirae Asset Nifty 1D Rate Liquid ETF(IDCW),2026-08-31T00:00:00.000Z,474.27,Debt : ETFs,48119
HDFC NIFTY 100 Index Fund-Reg(G),2026-08-31T00:00:00.000Z,473.62,Equity : Index Funds,45996
ICICI Pru Nifty IT Index Fund-Reg(G),2026-08-31T00:00:00.000Z,467.65,Equity : Index Funds,46707
JM Large & Mid Cap Fund-Reg(G),2026-08-31T00:00:00.000Z,464.46,Equity : Large & Mid Cap,49975
Invesco India - Invesco EQQQ NASDAQ-100 ETF FoF-Reg(G),2026-08-31T00:00:00.000Z,468.68,FoFs : Overseas,45943
PGIM India Multi Cap Fund-Reg(G),2026-08-31T00:00:00.000Z,467.85,Equity : Multi Cap,48968
Groww Gold ETF,2026-08-31T00:00:00.000Z,465.19,Metal : ETFs,49188
HDFC Nifty LargeMidcap 250 Index Fund-Reg(G),2026-08-31T00:00:00.000Z,466.18,Equity : Index Funds,48969
Bank of India Business Cycle Fund-Reg(G),2026-08-31T00:00:00.000Z,463.16,Equity : Thematic,48964
Union Focused Fund-Reg(G),2026-08-31T00:00:00.000Z,462.18,Equity : Focused,22068
Baroda BNP Paribas Banking and Fin Serv Fund-Reg(G),2026-08-31T00:00:00.000Z,459.66,Equity : Sectoral - Financial Services,16955
ITI ELSS Tax Saver Fund-Reg(G),2026-08-31T00:00:00.000Z,462.87,Equity : Tax Saving (ELSS),44014
Edelweiss ELSS Tax saver Fund-Reg(G),2026-08-31T00:00:00.000Z,462.33,Equity : Tax Saving (ELSS),7545
Edelweiss Ultra Short to Short term Fund-Reg(G),2026-09-30T00:00:00.000Z,454.0,Debt : Low Duration,49709
LIC MF ULIS,2026-08-31T00:00:00.000Z,445.8,Hybrid : Aggressive Hybrid,2154
LIC MF Consumption Fund-Reg(G),2026-08-31T00:00:00.000Z,460.73,Equity : Thematic - Consumption,50393
UTI BSE Low Volatility Index Fund-Reg(G),2026-08-31T00:00:00.000Z,452.64,Equity : Index Funds,46409
HSBC Credit Risk Fund-Reg(G),2026-09-30T00:00:00.000Z,441.18,Debt : Credit Risk,8016
Motilal Oswal Contra Fund-Reg(G),2026-08-31T00:00:00.000Z,445.64,Equity : Value / Contra,49501
DSP Nifty Bank ETF,2026-08-31T00:00:00.000Z,445.39,Equity : ETFs,46468
Nippon India MNC Fund-Reg(G),2026-08-31T00:00:00.000Z,435.28,Equity : Thematic - MNC,49503
DSP Nifty Midcap 150 Quality 50 Index Fund-Reg(G),2026-08-31T00:00:00.000Z,433.96,Equity : Index Funds,46467
Union Largecap Fund-Reg(G),2026-08-31T00:00:00.000Z,437.27,Equity : Large Cap,33066
Abakkus Large & Mid Cap Fund-Reg(G),2026-08-31T00:00:00.000Z,437.16,Equity : Large & Mid Cap,50968
Taurus Ethical Fund-Reg(G),2026-08-31T00:00:00.000Z,441.65,Equity : Multi Cap,7615
UTI Gilt Fund-Reg(G),2026-08-31T00:00:00.000Z,419.51,Debt : Gilt,3560
Quant PSU Fund-Reg(G),2026-08-31T00:00:00.000Z,430.98,Equity : Thematic,48341
Mirae Asset Nifty 200 Alpha 30 ETF,2026-08-31T00:00:00.000Z,424.77,Equity : ETFs,48243
Qsif Equity Ex-Top 100 Long-Short Fund-Reg(G),2026-07-31T00:00:00.000Z,419.99,Hybrid : Long - Short,75018
Quant Healthcare Fund-Reg(G),2026-08-31T00:00:00.000Z,428.3,Equity : Sectoral - Pharma,48035
Bandhan Medium to Long Term Fund-Reg(G),2026-09-30T00:00:00.000Z,427.78,Debt : Long Duration,1090
ICICI Pru Global Advantage Fund(FOF)(G),2026-08-31T00:00:00.000Z,415.64,FoFs : Overseas,43240
SBI FMP-44-1855D-Reg(G),2026-06-30T00:00:00.000Z,412.3,Debt : FTP/FMP,45552
Baroda BNP Paribas Short Term Fund-Reg(G),2026-09-30T00:00:00.000Z,419.27,Debt : Short Duration,8374
Bandhan Equity Savings Fund-Reg(G),2026-08-31T00:00:00.000Z,409.39,Hybrid : Equity Savings,5300
Kotak Quality Overseas Equity Active FOF-Reg(G),2026-08-31T00:00:00.000Z,407.78,FoFs : Overseas,50746
Navi Nifty Midcap 150 Index Fund-Reg(G),2026-08-31T00:00:00.000Z,407.98,Equity : Index Funds,45861
Bank of India Money Market Fund-Reg(G),2026-09-30T00:00:00.000Z,410.33,Debt : Money Market,49468
Bajaj Finserv Healthcare Fund-Reg(G),2026-08-31T00:00:00.000Z,405.91,Equity : Sectoral - Pharma,49421
Baroda BNP Paribas Retirement Fund-Reg(G),2026-08-31T00:00:00.000Z,404.85,Hybrid : Aggressive Hybrid,48794
JioBlackRock Nifty Smallcap 250 Index Fund-Reg(G),2026-08-31T00:00:00.000Z,404.18,Equity : Index Funds,51176
Bandhan CRISIL IBX Gilt April 2032 Index Fund-Reg(G),2026-09-30T00:00:00.000Z,407.97,Debt : Long Duration,47601
Aditya Birla SL CRISIL IBX 50:50 Gilt Plus SDL Apr 2028 Index Fund-Reg(G),2026-09-30T00:00:00.000Z,401.73,Debt : Medium to Long Duration,46897
Bajaj Finserv Nifty Bank ETF,2026-08-31T00:00:00.000Z,404.6,Equity : ETFs,48462
Old Bridge Flexi Cap Fund-Reg(G),2026-08-31T00:00:00.000Z,396.97,Equity : Flexi Cap,50499
UTI Dynamic Term Fund-Reg(G),2026-08-31T00:00:00.000Z,401.14,Debt : Dynamic Bond,11896
Mirae Asset Nifty Financial Services ETF,2026-08-31T00:00:00.000Z,396.5,Equity : ETFs,45669
Samco Multi Asset Allocation Fund-Reg(G),2026-08-31T00:00:00.000Z,400.2,Hybrid : Multi Asset Allocation,49316
Motilal Oswal Nifty 500 Momentum 50 ETF,2026-08-31T00:00:00.000Z,397.84,Equity : ETFs,49151
Union Value Fund-Reg(G),2026-08-31T00:00:00.000Z,398.93,Equity : Value / Contra,41740
Invesco India ESG Integration Strategy Fund-Reg(G),2026-08-31T00:00:00.000Z,394.91,Equity : Thematic,45348
HSBC Gold ETF FOF-Reg(G),2026-08-31T00:00:00.000Z,394.69,FoFs : Domestic,50789
Axis Credit Risk Fund-Reg(G),2026-08-31T00:00:00.000Z,394.58,Debt : Credit Risk,23018
HSBC Nifty 50 Index Fund-Reg(G),2026-08-31T00:00:00.000Z,392.17,Equity : Index Funds,44938
LIC MF Midcap Fund-Reg(G),2026-08-31T00:00:00.000Z,392.12,Equity : Mid Cap,36348
SBI BSE PSU Bank ETF,2026-08-31T00:00:00.000Z,388.72,Equity : ETFs,49725
JM Large Cap Fund-Reg(G),2026-08-31T00:00:00.000Z,393.72,Equity : Large Cap,1858
Bandhan CRISIL-IBX Financial Services 3-6 Months Debt Index Fund-Reg(G),2026-09-30T00:00:00.000Z,386.66,Debt : Ultra Short Duration,49706
ITI Banking & Financial Services Fund-Reg(G),2026-08-31T00:00:00.000Z,388.18,Equity : Sectoral - Financial Services,45720
Groww Multi Asset Allocation Fund-Reg(G),2026-08-31T00:00:00.000Z,389.91,Hybrid : Multi Asset Allocation,50195
Franklin India Ultra Short to Short Term Fund-Reg(G),2026-08-31T00:00:00.000Z,392.1,Debt : Low Duration,49676
Taurus Flexi Cap Fund-Reg(G),2026-08-31T00:00:00.000Z,382.21,Equity : Flexi Cap,3317
Sundaram Ultra Short to Short Term Fund(G),2026-09-30T00:00:00.000Z,381.0,Debt : Low Duration,2343
Tata BSE Sensex Index Fund-Reg(G),2026-08-31T00:00:00.000Z,387.15,Equity : Index Funds,3249
SBI LT Advantage Fund-V-Reg(G),2026-08-31T00:00:00.000Z,380.79,Equity : Tax Saving (ELSS),38291
Bandhan CRISIL IBX 90:10 SDL Plus Gilt - April 2032 Index Fund-Reg(G),2026-09-30T00:00:00.000Z,381.83,Debt : Long Duration,46814
Axis FMP-129-108D-Reg(G),2026-05-31T00:00:00.000Z,385.45,Debt : FTP/FMP,48652
Bandhan FTP-179-3652D-Reg(G),2026-09-30T00:00:00.000Z,375.32,Debt : FTP/FMP,42924
DynaSIF Equity Long-Short Fund-Reg(G),2026-07-31T00:00:00.000Z,370.4,Hybrid : Long - Short,75055
ITI Bharat Consumption Fund-Reg(G),2026-08-31T00:00:00.000Z,370.31,Equity : Thematic - Consumption,49324
Aditya Birla SL BSE Top 10 Banks ETF,2026-08-31T00:00:00.000Z,378.73,Equity : ETFs,50674
Groww Nifty Total Market Index Fund-Reg(G),2026-08-31T00:00:00.000Z,373.93,Equity : Index Funds,48247
Groww Nifty India Defence ETF,2026-08-31T00:00:00.000Z,367.97,Equity : ETFs,49018
Bank of India Multi Asset Allocation Fund-Reg(G),2026-09-30T00:00:00.000Z,368.88,Hybrid : Multi Asset Allocation,48027
Bank of India Consumption Fund-Reg(G),2026-08-31T00:00:00.000Z,369.81,Equity : Thematic - Consumption,49323
Aditya Birla SL Nifty Smallcap 50 Index Fund-Reg(G),2026-08-31T00:00:00.000Z,367.0,Equity : Index Funds,44737
Platinum Hybrid Long-Short Fund-Reg(G),2026-08-31T00:00:00.000Z,369.66,Hybrid : Long - Short,75127
ICICI Pru BSE 500 ETF,2026-08-31T00:00:00.000Z,365.86,Equity : ETFs,38531
TRUSTMF Large & Mid Cap Fund-Reg(G),2026-08-31T00:00:00.000Z,365.69,Equity : Large & Mid Cap,50926
Bandhan US Specific Equity Active FOF-Reg(G),2026-08-31T00:00:00.000Z,358.46,FoFs : Overseas,45674
ITI Large Cap Fund-Reg(G),2026-08-31T00:00:00.000Z,363.97,Equity : Large Cap,44400
Mirae Asset Hang Seng TECH ETF,2026-08-31T00:00:00.000Z,365.79,Equity : ETFs,45737
SBI FMP-61-1927D-Reg(G),2026-09-30T00:00:00.000Z,366.33,Debt : FTP/FMP,46511
ITI Value Fund-Reg(G),2026-08-31T00:00:00.000Z,363.96,Equity : Value / Contra,45382
360 ONE Overnight Fund-Reg(G),2026-09-30T00:00:00.000Z,357.69,Debt : Overnight,44412
LIC MF Nifty 50 Index Fund(G),2026-08-31T00:00:00.000Z,366.14,Equity : Index Funds,2129
Nippon India Japan Equity Fund(G),2026-08-31T00:00:00.000Z,352.54,Equity : International,24620
Nippon India ETF Nifty 100,2026-08-31T00:00:00.000Z,351.98,Equity : ETFs,17643
ITI Balanced Advantage Fund-Reg(G),2026-08-31T00:00:00.000Z,348.34,Hybrid : Dynamic Asset Allocation,44362
SBI BSE PSU Bank Index Fund-Reg(G),2026-08-31T00:00:00.000Z,354.83,Equity : Index Funds,49726
Nippon India Nifty G-Sec Sep 2027 Maturity Index Fund-Reg(G),2026-09-30T00:00:00.000Z,353.18,Debt : Gilt,47186
NJ ELSS Tax Saver Fund-Reg(G),2026-08-31T00:00:00.000Z,349.03,Equity : Tax Saving (ELSS),46058
Edelweiss NIFTY Large Mid Cap 250 Index Fund-Reg(G),2026-08-31T00:00:00.000Z,354.03,Equity : Index Funds,45864
ICICI Pru Diversified Equity All Cap Omni FOF(G),2026-08-31T00:00:00.000Z,347.67,FoFs : Domestic,44626
HDFC FMP-Sr 46-1359D-Sep 2022-Reg(G),2026-05-31T00:00:00.000Z,346.76,Debt : FTP/FMP,46945
Axis Nifty India Defence Index Fund-Reg(G),2026-08-31T00:00:00.000Z,345.69,Equity : Index Funds,50817
NJ Momentum Fund-Reg(G),2026-08-31T00:00:00.000Z,342.68,Equity : Thematic,50924
Nippon India Nifty AAA PSU Bond Plus SDL - Sep 2026 Maturity 50:50 Index Fund-Reg(G),2026-08-31T00:00:00.000Z,341.21,Debt : Banking & PSU,47034
Quant Commodities Fund-Reg(G),2026-08-31T00:00:00.000Z,342.5,Equity : Thematic,48343
Axis Gilt Fund-Reg(G),2026-08-31T00:00:00.000Z,340.55,Debt : Gilt,15652
Invesco India Technology Fund-Reg(G),2026-08-31T00:00:00.000Z,342.06,Equity : Sectoral - Technology,49047
Mirae Asset Nifty Bank ETF,2026-08-31T00:00:00.000Z,340.34,Equity : ETFs,47993
Aditya Birla SL FTP-TI-1837D-Reg(G),2026-06-30T00:00:00.000Z,336.5,Debt : FTP/FMP,45593
Axis CRISIL IBX 50:50 Gilt Plus SDL June 2028 Index Fund-Reg(G),2026-08-31T00:00:00.000Z,337.33,Debt : Medium to Long Duration,47409
HSBC Brazil Fund(G),2026-08-31T00:00:00.000Z,337.53,FoFs : Overseas,8587
SBI FMP-53-1839D-Reg(G),2026-09-30T00:00:00.000Z,336.91,Debt : FTP/FMP,45972
Baroda BNP Paribas Gold ETF,2026-08-31T00:00:00.000Z,337.17,Metal : ETFs,48145
Quant ESG Integration Strategy Fund-Reg(G),2026-08-31T00:00:00.000Z,336.86,Equity : Thematic,45130
Nippon India Nifty SDL Plus G-Sec-Jun 2028 Maturity 70:30 Index Fund-Reg(G),2026-09-30T00:00:00.000Z,333.07,Debt : Medium to Long Duration,46822
Tata Nifty Midcap 150 Index Fund-Reg(G),2026-08-31T00:00:00.000Z,332.44,Equity : Index Funds,49937
Union Consumption Fund-Reg(G),2026-08-31T00:00:00.000Z,336.42,Equity : Thematic - Consumption,50460
Axis NIFTY Bank ETF,2026-08-31T00:00:00.000Z,334.21,Equity : ETFs,14654
Baroda BNP Paribas Ultra Short to Short Term Fund(G),2026-09-30T00:00:00.000Z,330.22,Debt : Low Duration,205
Tata Childrens Fund-Reg(G),2026-08-31T00:00:00.000Z,331.18,Equity : Flexi Cap,3304
Bandhan Healthcare Fund-Reg(G),2026-08-31T00:00:00.000Z,331.57,Equity : Sectoral - Pharma,50217
Groww Silver ETF,2026-08-31T00:00:00.000Z,330.69,Metal : ETFs,49846
Kotak Nifty IT ETF,2026-08-31T00:00:00.000Z,326.8,Equity : ETFs,45377
Aditya Birla SL Intl. Equity Fund(G),2026-08-31T00:00:00.000Z,328.35,Equity : International,460
ICICI Pru Strategic Metal and Energy Equity FoF-Reg(G),2026-08-31T00:00:00.000Z,328.41,FoFs : Overseas,46205
SBI Nifty200 Quality 30 Index Fund-Reg(G),2026-08-31T00:00:00.000Z,327.03,Equity : Index Funds,49729
HDFC BSE 500 Index Fund-Reg(G),2026-08-31T00:00:00.000Z,326.84,Equity : Index Funds,47913
Nippon India Nifty SDL Plus G-Sec - Jun 2029 Maturity 70:30 Index Fund-Reg(G),2026-09-30T00:00:00.000Z,320.18,Debt : Medium to Long Duration,46821
SBI FMP-51-1846D-Reg(G),2026-09-30T00:00:00.000Z,325.44,Debt : FTP/FMP,45889
DSP Nifty Smallcap250 Quality 50 Index Fund-Reg(G),2026-08-31T00:00:00.000Z,316.41,Equity : Index Funds,48377
DSP BSE Top 10 Banks ETF,2026-08-31T00:00:00.000Z,323.61,Equity : ETFs,50745
DSP Floating Interest Rates Fund-Reg(G),2026-08-31T00:00:00.000Z,321.18,Debt : Floater,45396
Axis Nifty 500 Index Fund-Reg(G),2026-08-31T00:00:00.000Z,322.09,Equity : Index Funds,48963
Navi Large & Midcap Fund-Reg(G),2026-08-31T00:00:00.000Z,314.87,Equity : Large & Mid Cap,31897
Invesco India - Invesco Global Equity Income FoF-Reg(G),2026-08-31T00:00:00.000Z,311.72,FoFs : Overseas,24405
LIC MF Arbitrage Fund-Reg(G),2026-08-31T00:00:00.000Z,310.12,Hybrid : Arbitrage,39948
DSP Credit Risk Fund-Reg(G),2026-08-31T00:00:00.000Z,309.74,Debt : Credit Risk,685
Bajaj Finserv Banking and PSU Debt Fund-Reg(G),2026-09-30T00:00:00.000Z,315.09,Debt : Banking & PSU,48214
Nippon India Medium to Long Term Fund(G),2026-09-30T00:00:00.000Z,312.05,Debt : Medium to Long Duration,2580
Groww Nifty EV & New Age Automotive ETF,2026-08-31T00:00:00.000Z,305.4,Equity : ETFs,48978
PGIM India Multi Asset Allocation Fund-Reg(G),2026-08-31T00:00:00.000Z,306.51,Hybrid : Multi Asset Allocation,50266
ICICI Pru Nifty Oil & Gas ETF,2026-08-31T00:00:00.000Z,303.47,Equity : ETFs,33836
ICICI Pru Nifty LargeMidcap 250 Index Fund-Reg(G),2026-08-31T00:00:00.000Z,301.61,Equity : Index Funds,48643
SBI BSE Sensex Index Fund-Reg(G),2026-08-31T00:00:00.000Z,301.66,Equity : Index Funds,47966
UTI Medium to Long Term Fund-Reg(G),2026-08-31T00:00:00.000Z,305.02,Debt : Medium to Long Duration,3441
LIC MF Value Fund-Reg(G),2026-08-31T00:00:00.000Z,301.53,Equity : Value / Contra,39956
Edelweiss Nifty Next 50 Index Fund-Reg(G),2026-08-31T00:00:00.000Z,302.84,Equity : Index Funds,47171
Motilal Oswal Nifty 500 ETF,2026-08-31T00:00:00.000Z,298.36,Equity : ETFs,48267
Groww Liquid Fund-Reg(G),2026-09-30T00:00:00.000Z,301.22,Debt : Liquid,15502
Navi Flexi Cap Fund-Reg(G),2026-08-31T00:00:00.000Z,297.31,Equity : Flexi Cap,39516
WOC Balanced Hybrid Fund-Reg(G),2026-08-31T00:00:00.000Z,301.35,Hybrid : Dynamic Asset Allocation,48213
Motilal Oswal Nifty Capital Market ETF,2026-08-31T00:00:00.000Z,300.66,Equity : ETFs,49686
Prism Hybrid Long-Short Fund-Reg(G),2026-08-31T00:00:00.000Z,297.05,Hybrid : Long - Short,75134
Helios Overnight Fund-Reg(G),2026-09-30T00:00:00.000Z,297.49,Debt : Overnight,48295
Angel One Nifty 1D Rate Liquid ETF(G),2026-08-31T00:00:00.000Z,295.99,Debt : ETFs,49740
Mirae Asset Nifty MidSmallcap400 Momentum Quality 100 ETF FoF-Reg(G),2026-08-31T00:00:00.000Z,293.41,FoFs : Domestic,48822
JM Focused Fund-Reg(G),2026-08-31T00:00:00.000Z,292.8,Equity : Focused,4282
Union Gold ETF,2026-08-31T00:00:00.000Z,296.75,Metal : ETFs,49576
Kotak Nifty Commodities Index Fund-Reg(G),2026-08-31T00:00:00.000Z,296.34,Equity : Thematic,49317
Summit Equity Long-Short Fund-Reg(G),2026-08-31T00:00:00.000Z,290.94,Hybrid : Long - Short,75152
Mirae Asset Nifty Energy ETF,2026-08-31T00:00:00.000Z,290.57,Equity : ETFs,50238
Kotak Nifty 100 Low Volatility 30 ETF,2026-08-31T00:00:00.000Z,290.85,Equity : ETFs,45688
Diviniti Equity Long Short Fund-Reg(G),2026-08-31T00:00:00.000Z,291.47,Hybrid : Long - Short,75022
Helios Balanced Advantage Fund-Reg(G),2026-08-31T00:00:00.000Z,288.35,Hybrid : Dynamic Asset Allocation,48678
Aditya Birla SL Nifty Next 50 Index Fund-Reg(G),2026-08-31T00:00:00.000Z,287.2,Equity : Index Funds,46360
Edelweiss Financial Services Fund-Reg(G),2026-08-31T00:00:00.000Z,288.89,Equity : Sectoral - Financial Services,50500
Baroda BNP Paribas Equity Savings Fund-Reg(G),2026-08-31T00:00:00.000Z,288.71,Hybrid : Equity Savings,42783
Edelweiss Nifty 50 Index Fund-Reg(G),2026-08-31T00:00:00.000Z,286.59,Equity : Index Funds,45957
Bandhan 10 year Constant Maturity Gilt Fund-Reg(G),2026-09-30T00:00:00.000Z,285.02,Debt : Gilt (10 Yr Constant Duration),1079
Axis Retirement Fund-Dynamic Plan-Reg(G),2026-08-31T00:00:00.000Z,284.67,Hybrid : Dynamic Asset Allocation,43842
Union Corporate Bond Fund-Reg(G),2026-09-30T00:00:00.000Z,284.04,Debt : Corporate Bond,39478
ICICI Pru Nifty Infrastructure ETF,2026-08-31T00:00:00.000Z,283.56,Equity : ETFs,45998
Groww BSE Power ETF,2026-08-31T00:00:00.000Z,282.6,Equity : ETFs,50007
Edelweiss Nifty Smallcap 250 Index Fund-Reg(G),2026-08-31T00:00:00.000Z,284.59,Equity : Index Funds,47167
Edelweiss Europe Dynamic Equity Off-shore Fund-Reg(G),2026-08-31T00:00:00.000Z,282.8,FoFs : Overseas,24618
Franklin India Floating Interest Rates Fund(G),2026-08-31T00:00:00.000Z,281.35,Debt : Floater,3392
Franklin India Ultra Short Term Fund-Reg(G),2026-08-31T00:00:00.000Z,281.49,Debt : Ultra Short Duration,49073
DSP CRISIL-IBX 50:50 Gilt Plus SDL - April 2033 Index Fund-Reg(G),2026-08-31T00:00:00.000Z,276.96,Debt : Long Duration,47476
Invesco India Equity Savings Fund-Reg(G),2026-08-31T00:00:00.000Z,280.05,Hybrid : Equity Savings,41505
Aditya Birla SL Global Emerging Opp Fund(G),2026-08-31T00:00:00.000Z,282.0,FoFs : Overseas,6063
SBI FMP-57-1835D-Reg(G),2026-09-30T00:00:00.000Z,280.41,Debt : FTP/FMP,46158
ASK Liquid Fund-Reg(G),2026-09-30T00:00:00.000Z,276.39,Debt : Liquid,51122
SBI FMP-55-1849D-Reg(G),2026-09-30T00:00:00.000Z,276.94,Debt : FTP/FMP,46075
ITI Pharma & Healthcare Fund-Reg(G),2026-08-31T00:00:00.000Z,276.23,Equity : Sectoral - Pharma,45724
Edelweiss Emerging Markets Opp Eq. Offshore Fund-Reg(G),2026-08-31T00:00:00.000Z,275.46,FoFs : Overseas,20281
Canara Rob Short Term Fund-Reg(G),2026-09-30T00:00:00.000Z,276.14,Debt : Short Duration,12382
Kotak Energy Opportunities Fund-Reg(G),2026-08-31T00:00:00.000Z,274.55,Equity : Sectoral - Energy / Power,49185
LIC MF Banking & Financial Services Fund-Reg(G),2026-08-31T00:00:00.000Z,274.51,Equity : Sectoral - Financial Services,19955
SBI FMP-58-1842D-Reg(G),2026-09-30T00:00:00.000Z,273.9,Debt : FTP/FMP,46201
Motilal Oswal Nifty Realty ETF,2026-08-31T00:00:00.000Z,273.15,Equity : ETFs,48548
Zerodha Nifty Midcap 150 ETF,2026-08-31T00:00:00.000Z,275.24,Equity : ETFs,48886
Bank of India Banking & Financial Services Fund-Reg(G),2026-08-31T00:00:00.000Z,272.89,Equity : Sectoral - Financial Services,50494
WOC Equity Savings Fund-Reg(G),2026-08-31T00:00:00.000Z,273.07,Hybrid : Equity Savings,49513
UTI Nifty Midcap 150 Quality 50 Index Fund-Reg(G),2026-08-31T00:00:00.000Z,270.42,Equity : Index Funds,45718
Aditya Birla SL BSE Sensex ETF,2026-08-31T00:00:00.000Z,270.56,Equity : ETFs,35815
SBI FMP-60-1878D-Reg(G),2026-09-30T00:00:00.000Z,270.4,Debt : FTP/FMP,46397
Tata Income Plus Arbitrage Active FOF-Reg(G),2026-08-31T00:00:00.000Z,271.97,FoFs : Domestic,49848
Mirae Asset Nifty India Manufacturing ETF,2026-08-31T00:00:00.000Z,270.05,Equity : ETFs,45869
HDFC FMP-Sr 46-1406D-Aug 2022-Reg(G),2026-05-31T00:00:00.000Z,270.28,Debt : FTP/FMP,46755
Baroda BNP Paribas Corp Bond Fund(G),2026-09-30T00:00:00.000Z,269.15,Debt : Corporate Bond,6932
UTI CRISIL SDL Maturity April 2033 Index Fund-Reg(G),2026-08-31T00:00:00.000Z,269.17,Debt : Long Duration,47337
JioBlackRock Nifty 50 Index Fund-Reg(G),2026-08-31T00:00:00.000Z,268.06,Equity : Index Funds,51172
ICICI Pru Nifty50 Equal Weight Index Fund-Reg(G),2026-08-31T00:00:00.000Z,267.77,Equity : Index Funds,46902
ICICI Pru Multi Sector Passive FOF(G),2026-08-31T00:00:00.000Z,263.46,FoFs : Domestic,1698
Tata Nifty India Tourism Index Fund-Reg(G),2026-08-31T00:00:00.000Z,263.95,Equity : Index Funds,48992
Bandhan Nifty 100 Index Fund-Reg(G),2026-08-31T00:00:00.000Z,265.63,Equity : Index Funds,46119
Quant Teck Fund-Reg(G),2026-08-31T00:00:00.000Z,264.19,Equity : Sectoral - Technology,48195
SBI LT Advantage Fund-VI-Reg(G),2026-08-31T00:00:00.000Z,262.29,Equity : Tax Saving (ELSS),39495
Quantum Small Cap Fund-Reg(G),2026-08-31T00:00:00.000Z,265.27,Equity : Small Cap,48248
Franklin India Short Term Fund-Reg(G),2026-08-31T00:00:00.000Z,263.2,Debt : Short Duration,50945
Mahindra Manulife Innovation Opportunities Fund-Reg(G),2026-08-31T00:00:00.000Z,262.96,Equity : Thematic,50268
Nippon India Nifty IT Index Fund-Reg(G),2026-08-31T00:00:00.000Z,262.13,Equity : Index Funds,48568
Samco Flexi Cap Fund-Reg(G),2026-08-31T00:00:00.000Z,261.62,Equity : Flexi Cap,46217
Nippon India ETF Nifty 5 yr Benchmark G-Sec,2026-09-30T00:00:00.000Z,259.98,Debt : ETFs,45428
Sundaram Banking and PSU Debt Fund(G),2026-09-30T00:00:00.000Z,257.79,Debt : Banking & PSU,2960
SBI Nifty India Consumption Index Fund-Reg(G),2026-08-31T00:00:00.000Z,259.46,Equity : Index Funds,49106
Nippon India CRISIL-IBX Financial Services 3-6 Months Debt Index Fund-Reg(G),2026-09-30T00:00:00.000Z,259.87,Debt : Ultra Short Duration,50741
Bank of India Short Term Fund-Reg(G),2026-09-30T00:00:00.000Z,259.23,Debt : Short Duration,7456
Motilal Oswal Quant Fund-Reg(G),2026-08-31T00:00:00.000Z,255.85,Equity : Thematic,48806
Kotak Nifty AAA Bond Financial Services Mar 2028 Index Fund-Reg(G),2026-08-31T00:00:00.000Z,257.52,Debt : Short Duration,49469
Mirae Asset Nifty Smallcap 250 Momentum Quality 100 ETF FoF-Reg(G),2026-08-31T00:00:00.000Z,256.52,FoFs : Domestic,48497
The Wealth Company Flexi Cap Fund-Reg(G),2026-08-31T00:00:00.000Z,250.5,Equity : Flexi Cap,50284
DSP Medium Term Fund-Reg(G),2026-08-31T00:00:00.000Z,251.42,Debt : Medium Duration,637
UTI Credit Risk Fund-Reg(G),2026-08-31T00:00:00.000Z,249.38,Debt : Credit Risk,14960
Edelweiss US Value Equity Offshore Fund-Reg(G),2026-08-31T00:00:00.000Z,248.81,FoFs : Overseas,21920
Motilal Oswal Nifty Smallcap 250 ETF,2026-08-31T00:00:00.000Z,253.42,Equity : ETFs,48657
ICICI Pru Nifty Auto Index Fund-Reg(G),2026-08-31T00:00:00.000Z,253.24,Equity : Sectoral - Auto,45995
Kotak Nifty Smallcap 50 Index Fund-Reg(G),2026-08-31T00:00:00.000Z,250.27,Equity : Index Funds,46631
SBI Retirement Benefit Fund-Conservative Hybrid Plan-Reg(G),2026-09-30T00:00:00.000Z,247.94,Hybrid : Conservative Hybrid,30400
JM ELSS-Tax Saver Fund(G),2026-08-31T00:00:00.000Z,248.18,Equity : Tax Saving (ELSS),4198
Aditya Birla SL Dynamic Asset Allocation Omni FOF(G),2026-08-31T00:00:00.000Z,246.41,FoFs : Domestic,8303
Nippon India FMP-XLIII-1-1755D(IDCW),2026-05-31T00:00:00.000Z,242.0,Debt : FTP/FMP,45796
Axis FMP-130-92D-Reg(G),2026-05-31T00:00:00.000Z,246.21,Debt : FTP/FMP,50784
UTI Nifty Private Bank Index Fund-Reg(G),2026-08-31T00:00:00.000Z,238.52,Equity : Index Funds,49146
TRUSTMF Money Market Fund-Reg(G),2026-09-30T00:00:00.000Z,247.76,Debt : Money Market,46735
SBI FMP-45-1840D-Reg(G),2026-06-30T00:00:00.000Z,241.65,Debt : FTP/FMP,45580
Aditya Birla SL FTP-TQ-1879D-Reg(G),2026-09-30T00:00:00.000Z,238.37,Debt : FTP/FMP,46536
Kotak Dividend Yield Fund-Reg(G),2026-08-31T00:00:00.000Z,239.22,Equity : Thematic - Dividend Yield,50188
Kotak CRISIL-IBX Financial Services 3-6 Months Debt Index Fund-Reg(G),2026-09-30T00:00:00.000Z,236.47,Debt : Ultra Short Duration,49672
Nippon India Nifty Bank Index Fund-Reg(G),2026-08-31T00:00:00.000Z,232.22,Equity : Index Funds,48148
ICICI Pru Nifty Healthcare ETF,2026-08-31T00:00:00.000Z,236.93,Equity : ETFs,45383
Axis Nifty500 Value 50 Index Fund-Reg(G),2026-08-31T00:00:00.000Z,235.57,Equity : Index Funds,37710
JM Ultra Short to Short Term Fund(G),2026-09-30T00:00:00.000Z,236.04,Debt : Low Duration,1938
Samco Multi Cap Fund-Reg(G),2026-08-31T00:00:00.000Z,230.12,Equity : Multi Cap,49152
Bank of India Large Cap Fund-Reg(G),2026-08-31T00:00:00.000Z,231.06,Equity : Large Cap,45571
Unifi Flexi Cap Fund-Reg(G),2026-08-31T00:00:00.000Z,235.94,Equity : Flexi Cap,49807
Union Ultra Short to Short Term Fund-Reg(G),2026-09-30T00:00:00.000Z,228.42,Debt : Low Duration,49982
Invesco India - Invesco Pan European Equity FoF-Reg(G),2026-08-31T00:00:00.000Z,229.95,FoFs : Overseas,24619
Tata BSE Select Business Groups Index Fund-Reg(G),2026-08-31T00:00:00.000Z,225.25,Equity : Index Funds,49326
Bandhan Floating Interest Rates Fund-Reg(G),2026-09-30T00:00:00.000Z,223.51,Debt : Floater,41962
ICICI Pru Nifty Auto ETF,2026-08-31T00:00:00.000Z,227.3,Equity : ETFs,46229
Nippon India Diversified Equity Flexicap Passive FoF-Reg(G),2026-08-31T00:00:00.000Z,224.3,FoFs : Domestic,43928
Old Bridge Arbitrage Fund-Reg(G),2026-08-31T00:00:00.000Z,222.72,Hybrid : Arbitrage,50398
Axis CRISIL-IBX Financial Services 3-6 Months Debt Index Fund-Reg(G),2026-08-31T00:00:00.000Z,229.74,Debt : Ultra Short Duration,49971
JioBlackRock Nifty Next 50 Index Fund-Reg(G),2026-08-31T00:00:00.000Z,222.6,Equity : Index Funds,51175
Union Arbitrage Fund-Reg(G),2026-08-31T00:00:00.000Z,220.56,Hybrid : Arbitrage,42524
Bandhan Credit Risk Fund-Reg(G),2026-09-30T00:00:00.000Z,220.84,Debt : Credit Risk,36529
Aditya Birla SL Global Excellence Equity FoF(G),2026-08-31T00:00:00.000Z,222.68,FoFs : Overseas,3841
HDFC NIFTY100 Low Volatility 30 Index Fund-Reg(G),2026-08-31T00:00:00.000Z,219.67,Equity : Index Funds,48653
Axis NASDAQ 100 US Specific Equity Passive FOF-Reg(G),2026-08-31T00:00:00.000Z,219.96,FoFs : Overseas,47017
DSP Nifty 50 ETF,2026-08-31T00:00:00.000Z,217.65,Equity : ETFs,36811
Motilal Oswal Financial Services Fund-Reg(G),2026-08-31T00:00:00.000Z,216.75,Equity : Sectoral - Financial Services,50600
Tata Nifty MidSmall Healthcare Index Fund-Reg(G),2026-08-31T00:00:00.000Z,219.09,Equity : Index Funds,48764
Axis Conservative Hybrid Fund-Reg(G),2026-08-31T00:00:00.000Z,219.41,Hybrid : Conservative Hybrid,9765
Qsif Hybrid Long-Short Fund-Reg(G),2026-07-31T00:00:00.000Z,213.71,Hybrid : Long - Short,75005
Union Retirement Fund-Reg(G),2026-08-31T00:00:00.000Z,216.22,Equity : Flexi Cap,45735
ICICI Pru Nifty Financial Services Ex-Bank ETF,2026-08-31T00:00:00.000Z,215.07,Equity : ETFs,47166
Helios Financial Services Fund-Reg(G),2026-08-31T00:00:00.000Z,210.94,Equity : Sectoral - Financial Services,48897
PGIM India Ultra Short Term Fund(G),2026-08-31T00:00:00.000Z,211.36,Debt : Ultra Short Duration,5925
Tata Nifty200 Alpha 30 Index Fund-Reg(G),2026-08-31T00:00:00.000Z,213.28,Equity : Index Funds,49080
DynaSIF Active Asset Allocator Long-Short Fund-Reg(G),2026-07-31T00:00:00.000Z,214.44,Hybrid : Long - Short,75061
Kotak Nifty Midcap 50 ETF,2026-08-31T00:00:00.000Z,213.87,Equity : ETFs,45730
Mirae Asset Nifty50 Equal Weight ETF,2026-08-31T00:00:00.000Z,209.93,Equity : ETFs,49859
Nippon India Nifty 1D Rate Liquid ETF(G),2026-09-30T00:00:00.000Z,210.2,Debt : Liquid,50023
Quantum ELSS Tax Saver Fund-Reg(G),2026-08-31T00:00:00.000Z,209.81,Equity : Tax Saving (ELSS),19878
Franklin India Conservative Hybrid Fund(G),2026-08-31T00:00:00.000Z,209.93,Hybrid : Conservative Hybrid,1018
Mirae Asset CRISIL IBX Gilt Index - April 2033 Index Fund-Reg(G),2026-08-31T00:00:00.000Z,209.16,Debt : Gilt,47042
SBI Nifty Bank Index Fund-Reg(G),2026-08-31T00:00:00.000Z,209.88,Equity : Index Funds,49104
The Wealth Company Multi Asset Allocation Fund-Reg(G),2026-08-31T00:00:00.000Z,208.44,Hybrid : Multi Asset Allocation,50371
ICICI Pru Balanced Hybrid Fund-Reg(G),2026-08-31T00:00:00.000Z,208.5,Hybrid : Balanced Hybrid,50895
SBI Equity Minimum Variance Fund-Reg(G),2026-08-31T00:00:00.000Z,207.95,Equity : Thematic,33878
Mahindra Manulife Ultra Short Term Fund-Reg(G),2026-09-30T00:00:00.000Z,205.23,Debt : Ultra Short Duration,43845
Titanium Equity Long-Short Fund-Reg(G),2026-05-31T00:00:00.000Z,207.85,Hybrid : Long - Short,75080
NJ Value Fund-Reg(G),2026-08-31T00:00:00.000Z,201.55,Equity : Value / Contra,50923
Union Diversified Equity All Cap Active FOF-Reg(G),2026-08-31T00:00:00.000Z,204.77,FoFs : Domestic,50158
DSP Nifty500 Flexicap Quality 30 Index Fund-Reg(G),2026-08-31T00:00:00.000Z,203.04,Equity : Index Funds,50179
PGIM India Aggressive Hybrid Equity Fund(G),2026-08-31T00:00:00.000Z,204.05,Hybrid : Aggressive Hybrid,835
Apex Equity Ex-Top 100 Long-Short Fund-Reg(G),2026-08-31T00:00:00.000Z,201.14,Hybrid : Long - Short,75160
Mirae Asset Nifty200 Alpha 30 ETF FoF-Reg(G),2026-08-31T00:00:00.000Z,198.01,FoFs : Domestic,48937
Edelweiss MSCI India Domestic & World Healthcare 45 Index Fund-Reg(G),2026-08-31T00:00:00.000Z,199.62,Equity : Index Funds,45117
Bank of India Ultra Short Term Fund-Reg(G),2026-09-30T00:00:00.000Z,195.82,Debt : Ultra Short Duration,5842
Samco Small Cap Fund-Reg(G),2026-08-31T00:00:00.000Z,196.45,Equity : Small Cap,50097
WOC Dividend Yield Fund-Reg(G),2026-08-31T00:00:00.000Z,199.62,Equity : Thematic - Dividend Yield,51012
DSP World Mining Overseas Equity Omni FoF-Reg(G),2026-08-31T00:00:00.000Z,194.56,FoFs : Overseas,8359
SBI LT Advantage Fund-IV-Reg(G),2026-08-31T00:00:00.000Z,195.75,Equity : Tax Saving (ELSS),36734
UTI BSE Sensex Index Fund-Reg(G),2026-08-31T00:00:00.000Z,194.53,Equity : Index Funds,46317
ICICI Pru Nifty SDL Sep 2026 Index Fund-Reg(G),2026-09-30T00:00:00.000Z,194.44,Debt : Medium to Long Duration,47333
HDFC Charity Fund for Cancer Cure-Reg(50% IDCW Donation Option),2026-09-30T00:00:00.000Z,192.32,Debt : FTP/FMP,46200
Quant Consumption Fund-Reg(G),2026-08-31T00:00:00.000Z,190.21,Equity : Thematic - Consumption,48342
ICICI Pru Nifty200 Value 30 Index Fund-Reg(G),2026-08-31T00:00:00.000Z,190.16,Equity : Index Funds,49113
Bajaj Finserv Nifty 50 ETF,2026-08-31T00:00:00.000Z,193.7,Equity : ETFs,48461
Baroda BNP Paribas Gold ETF FoF-Reg(G),2026-08-31T00:00:00.000Z,192.29,FoFs : Domestic,50181
Nippon India ETF Nifty India Consumption,2026-08-31T00:00:00.000Z,191.66,Equity : ETFs,17478
Nippon India FMP-XLIII-5-2315D(G),2026-09-30T00:00:00.000Z,190.63,Debt : FTP/FMP,46433
Invesco India Income Plus Arbitrage Active FoF-Reg(G),2026-08-31T00:00:00.000Z,188.15,FoFs : Domestic,50006
Nippon India ETF Nifty Infrastructure BeES,2026-08-31T00:00:00.000Z,184.68,Equity : ETFs,12859
Bajaj Finserv BSE Top 10 Banks ETF,2026-08-31T00:00:00.000Z,186.66,Equity : ETFs,50993
HSBC Nifty Next 50 Index Fund-Reg(G),2026-08-31T00:00:00.000Z,182.49,Equity : Index Funds,33548
Groww Nifty EV & New Age Automotive ETF FOF-Reg(G),2026-08-31T00:00:00.000Z,183.47,FoFs : Domestic,48990
Bandhan Retirement Fund-Reg(G),2026-08-31T00:00:00.000Z,181.88,Hybrid : Aggressive Hybrid,48226
Axis Nifty Bank Index Fund-Reg(G),2026-08-31T00:00:00.000Z,184.23,Equity : Index Funds,48680
Mirae Asset Nifty EV and New Age Automotive ETF,2026-08-31T00:00:00.000Z,180.91,Equity : ETFs,48935
DSP Nifty IT ETF,2026-08-31T00:00:00.000Z,181.05,Equity : ETFs,47390
DSP Conservative Hybrid Fund-Reg(G),2026-08-31T00:00:00.000Z,178.35,Hybrid : Conservative Hybrid,719
HSBC CRISIL IBX Gilt June 2027 Index Fund-Reg(G),2026-09-30T00:00:00.000Z,180.6,Debt : Medium Duration,47676
Axis Nifty500 Momentum 50 Index Fund-Reg(G),2026-08-31T00:00:00.000Z,179.41,Equity : Index Funds,49216
Kotak Nifty SDL Jul 2033 Index Fund-Reg(G),2026-08-31T00:00:00.000Z,178.79,Debt : Long Duration,47612
Baroda BNP Paribas Credit Risk Fund-Reg(G),2026-07-31T00:00:00.000Z,177.69,Debt : Credit Risk,25569
Apex Hybrid Long-Short Fund-Reg(G),2026-08-31T00:00:00.000Z,176.29,Hybrid : Long - Short,75081
Tata Nifty India Digital ETF,2026-08-31T00:00:00.000Z,176.1,Equity : ETFs,45944
HDFC Nifty SDL Oct 2026 Index Fund-Reg(G),2026-09-30T00:00:00.000Z,176.71,Debt : Medium Duration,46867
Motilal Oswal NASDAQ Q 50 ETF,2026-08-31T00:00:00.000Z,176.17,Equity : ETFs,46181
Mirae Asset BSE India Defence ETF,2026-08-31T00:00:00.000Z,175.19,Equity : ETFs,50399
Bank of India Balanced Advantage Fund-Reg(G),2026-08-31T00:00:00.000Z,175.65,Hybrid : Dynamic Asset Allocation,21917
Sundaram Short Term Fund(G),2026-09-30T00:00:00.000Z,176.09,Debt : Short Duration,2381
Sundaram Global Brand Theme - Equity Active FoF(G),2026-08-31T00:00:00.000Z,174.45,FoFs : Overseas,3005
LIC MF Focused Fund-Reg(G),2026-08-31T00:00:00.000Z,175.27,Equity : Focused,32627
HDFC BSE India Sector Leaders Index Fund-Reg(G),2026-08-31T00:00:00.000Z,173.75,Equity : Index Funds,50228
ICICI Pru Nifty50 Value 20 ETF,2026-08-31T00:00:00.000Z,175.17,Equity : ETFs,33839
Groww Nifty India Railways PSU ETF,2026-08-31T00:00:00.000Z,169.8,Equity : ETFs,49496
LIC MF Medium to Long Term Fund-Reg(G),2026-09-30T00:00:00.000Z,173.04,Debt : Medium to Long Duration,2087
Union Gold ETF FoF-Reg(G),2026-08-31T00:00:00.000Z,171.96,FoFs : Domestic,49466
The Wealth Company Mid Cap Fund-Reg(G),2026-08-31T00:00:00.000Z,170.84,Equity : Mid Cap,50955
Samco Dynamic Asset Allocation Fund-Reg(G),2026-08-31T00:00:00.000Z,167.99,Hybrid : Dynamic Asset Allocation,48331
Axis Long Term Fund-Reg(G),2026-08-31T00:00:00.000Z,167.68,Debt : Long Duration,46626
ICICI Pru Quant Fund(G),2026-08-31T00:00:00.000Z,168.64,Equity : Thematic,42805
HDFC FMP-Sr 47-2638D-Feb 2023-Reg(G),2026-09-30T00:00:00.000Z,169.38,Debt : FTP/FMP,47642
HDFC NIFTY Next 50 ETF,2026-08-31T00:00:00.000Z,167.51,Equity : ETFs,39624
Edelweiss Overnight Fund-Reg(G),2026-09-30T00:00:00.000Z,167.53,Debt : Overnight,42955
Invesco India Credit Risk Fund-Reg(G),2026-09-30T00:00:00.000Z,167.37,Debt : Credit Risk,21522
ITI Ultra Short Term Fund-Reg(G),2026-09-30T00:00:00.000Z,166.59,Debt : Ultra Short Duration,45498
Qsif Active Asset Allocator Long-Short Fund-Reg(G),2026-07-31T00:00:00.000Z,167.45,Hybrid : Long - Short,75017
Tata Retirement Sav Fund - Cons Plan(G),2026-09-30T00:00:00.000Z,165.48,Hybrid : Conservative Hybrid,15378
JioBlackRock Sector Rotation Fund-Reg(G),2026-08-31T00:00:00.000Z,166.92,Equity : Thematic,51178
Nippon India Income Plus Arbitrage Omni FOF-Reg(G),2026-09-30T00:00:00.000Z,165.84,FoFs : Domestic,51061
Zerodha Nifty 100 ETF,2026-08-31T00:00:00.000Z,166.35,Equity : ETFs,48885
Canara Rob Banking and PSU Debt Fund-Reg(G),2026-09-30T00:00:00.000Z,164.38,Debt : Banking & PSU,46050
UTI Income Plus Arbitrage Active FoF-Reg(G),2026-08-31T00:00:00.000Z,166.08,FoFs : Domestic,49714
Bandhan Gold ETF FOF-Reg(G),2026-08-31T00:00:00.000Z,165.25,FoFs : Domestic,50586
Edelweiss ASEAN Equity Off-Shore Fund-Reg(G),2026-08-31T00:00:00.000Z,164.77,FoFs : Overseas,13404
HDFC Nifty 1D Rate Liquid ETF(G),2026-09-30T00:00:00.000Z,161.1,Debt : ETFs,46470
Edelweiss Nifty LargeMidcap 250 ETF,2026-08-31T00:00:00.000Z,163.19,Equity : ETFs,50250
Motilal Oswal Nifty 5 Year Benchmark G-Sec ETF,2026-08-31T00:00:00.000Z,163.3,Debt : ETFs,45196
HDFC NIFTY Midcap 150 ETF,2026-08-31T00:00:00.000Z,163.82,Equity : ETFs,46873
Shriram Multi Sector Rotation Fund-Reg(G),2026-08-31T00:00:00.000Z,162.68,Equity : Thematic,49112
HDFC Nifty Auto Index Fund-Reg(G),2026-08-31T00:00:00.000Z,162.79,Equity : Sectoral - Auto,50925
Bandhan Silver ETF FOF-Reg(G),2026-08-31T00:00:00.000Z,160.02,FoFs : Domestic,50585
JM Multi Asset Allocation Fund-Reg(G),2026-08-31T00:00:00.000Z,159.25,Hybrid : Multi Asset Allocation,50946
ICICI Pru Nifty 100 ETF,2026-08-31T00:00:00.000Z,158.7,Equity : ETFs,22404
Groww BSE Hospitals ETF,2026-08-31T00:00:00.000Z,158.55,Equity : ETFs,50486
Motilal Oswal Multi Asset Passive FoF-Reg(G),2026-08-31T00:00:00.000Z,160.24,FoFs : Domestic,45344
Motilal Oswal Nifty 50 Equal Weight ETF,2026-08-31T00:00:00.000Z,157.76,Equity : ETFs,49858
HDFC Nifty India Digital Index Fund-Reg(G),2026-08-31T00:00:00.000Z,157.81,Equity : Index Funds,49178
Motilal Oswal BSE Enhanced Value ETF,2026-08-31T00:00:00.000Z,159.86,Equity : ETFs,46740
ICICI Pru Nifty Pharma Index Fund-Reg(G),2026-08-31T00:00:00.000Z,156.88,Equity : Sectoral - Pharma,47224
Groww Nifty India Defence ETF FOF-Reg(G),2026-08-31T00:00:00.000Z,157.48,FoFs : Domestic,49023
UTI NIFTY50 Equal Weight Index Fund-Reg(G),2026-08-31T00:00:00.000Z,153.5,Equity : Index Funds,47962
Navi ELSS Tax Saver Nifty 50 Index Fund-Reg(G),2026-08-31T00:00:00.000Z,154.48,Equity : Tax Saving (ELSS),47657
HDFC NIFTY G-Sec Apr 2029 Index Fund-Reg(G),2026-09-30T00:00:00.000Z,152.68,Debt : Medium to Long Duration,47712
PGIM India Overnight Fund-Reg(G),2026-08-31T00:00:00.000Z,153.18,Debt : Overnight,24529
Choice Overnight Fund-Reg(G),2026-08-31T00:00:00.000Z,152.1,Debt : Overnight,50812
HSBC Gilt Fund-Reg(G),2026-09-30T00:00:00.000Z,152.28,Debt : Gilt,586
HDFC BSE 500 ETF,2026-08-31T00:00:00.000Z,153.12,Equity : ETFs,46875
HSBC Conservative Hybrid Fund(G),2026-09-30T00:00:00.000Z,151.68,Hybrid : Conservative Hybrid,1458
DynaSIF Equity Ex-Top 100 Long-Short Fund-Reg(G),2026-07-31T00:00:00.000Z,150.55,Hybrid : Long - Short,75132
SBI Childrens Fund-Savings Plan-Reg(G),2026-09-30T00:00:00.000Z,151.63,Hybrid : Conservative Hybrid,2748
Axis Floating Interest Rates Fund-Reg(G),2026-08-31T00:00:00.000Z,148.61,Debt : Floater,45632
The Wealth Company Arbitrage Fund-Reg(G),2026-08-31T00:00:00.000Z,150.27,Hybrid : Arbitrage,50304
SBI FMP-52-1848D-Reg(G),2026-09-30T00:00:00.000Z,149.32,Debt : FTP/FMP,45915
Nippon India ETF BSE Sensex Next 50,2026-08-31T00:00:00.000Z,147.41,Equity : ETFs,43930
Motilal Oswal Infrastructure Fund-Reg(G),2026-08-31T00:00:00.000Z,149.69,Equity : Sectoral - Infrastructure,49811
Sundaram Nifty 100 Equal Weight Fund(G),2026-08-31T00:00:00.000Z,147.07,Equity : Index Funds,2384
Franklin India Gilt Fund(G),2026-08-31T00:00:00.000Z,147.16,Debt : Gilt,3373
Bandhan CRISIL IBX 90:10 SDL Plus Gilt - Sep 2027 Index Fund-Reg(G),2026-09-30T00:00:00.000Z,143.8,Debt : Gilt,46212
Nippon India Medium Term Fund(G),2026-09-30T00:00:00.000Z,146.11,Debt : Medium Duration,21911
Shriram Multi Asset Allocation Fund-Reg(G),2026-08-31T00:00:00.000Z,145.88,Hybrid : Multi Asset Allocation,48029
HDFC Nifty100 Quality 30 Index Fund-Reg(G),2026-08-31T00:00:00.000Z,143.74,Equity : Index Funds,49573
Nippon India ETF Nifty 50 Value 20,2026-08-31T00:00:00.000Z,143.49,Equity : ETFs,31920
Aditya Birla SL CRISIL IBX SDL Jun 2032 Index Fund-Reg(G),2026-09-30T00:00:00.000Z,143.51,Debt : Long Duration,47592
Arudha Hybrid Long-Short Fund-Reg(G),2026-08-31T00:00:00.000Z,146.93,Hybrid : Long - Short,75033
Bandhan US Treasury Bond 0-1 year specific Debt Passive FOF-Reg(G),2026-08-31T00:00:00.000Z,143.07,FoFs : Overseas,47724
HDFC NIFTY Realty Index Fund-Reg(G),2026-08-31T00:00:00.000Z,144.24,Equity : Index Funds,48654
Edelweiss CRISIL IBX 50:50 Gilt Plus SDL Short Duration Index Fund-Reg(G),2026-09-30T00:00:00.000Z,142.81,Debt : Short Duration,47430
SBI FMP-46-1850D-Reg(G),2026-06-30T00:00:00.000Z,140.98,Debt : FTP/FMP,45620
Franklin India Income Plus Arbitrage Active FoF(G),2026-08-31T00:00:00.000Z,143.32,FoFs : Domestic,31040
HDFC Retirement Fund-Hybrid-Debt Plan-Reg(G),2026-09-30T00:00:00.000Z,142.62,Hybrid : Conservative Hybrid,24807
ICICI Pru Nifty 200 Quality 30 ETF,2026-08-31T00:00:00.000Z,141.89,Equity : ETFs,48118
360 ONE Gold ETF,2026-08-31T00:00:00.000Z,139.71,Metal : ETFs,49516
WOC Consumption Opportunities Fund-Reg(G),2026-08-31T00:00:00.000Z,140.01,Equity : Thematic - Consumption,50623
Edelweiss Nifty REITs & Realty Index Fund-Reg(G),2026-08-31T00:00:00.000Z,139.39,Equity : Index Funds,51058
Tata Nifty500 Multicap India Manufacturing 50:30:20 Index Fund-Reg(G),2026-08-31T00:00:00.000Z,140.79,Equity : Index Funds,48782
Taurus Mid Cap Fund-Reg(G),2026-08-31T00:00:00.000Z,139.85,Equity : Mid Cap,3306
Nippon India Retirement Fund-Income Generation(G),2026-09-30T00:00:00.000Z,138.31,Hybrid : Conservative Hybrid,17166
Quantum Diversified Equity All Cap Active FOF-Reg(G),2026-08-31T00:00:00.000Z,138.28,FoFs : Domestic,19904
SBI Retirement Benefit Fund-Conservative Plan-Reg(G),2026-09-30T00:00:00.000Z,137.53,Hybrid : Conservative Hybrid,30401
Groww Nifty Smallcap 250 Index Fund-Reg(G),2026-08-31T00:00:00.000Z,139.28,Equity : Index Funds,48617
Mirae Asset CRISIL-IBX Financial Services 9-12 Months Debt Index Fund-Reg(G),2026-08-31T00:00:00.000Z,138.43,Debt : Low Duration,49980
Groww Largecap Fund-Reg(G),2026-08-31T00:00:00.000Z,136.68,Equity : Large Cap,15997
Axis NIFTY IT Index Fund-Reg(G),2026-08-31T00:00:00.000Z,137.26,Equity : Index Funds,47983
Kotak Multi Factor Passive FOF-Reg(G),2026-08-31T00:00:00.000Z,135.77,FoFs : Domestic,50271
SBI Nifty IT Index Fund-Reg(G),2026-08-31T00:00:00.000Z,135.91,Equity : Index Funds,49105
TRUSTMF Arbitrage Fund-Reg(G),2026-08-31T00:00:00.000Z,134.19,Hybrid : Arbitrage,50178
Bank of India Arbitrage Fund-Reg(G),2026-08-31T00:00:00.000Z,134.0,Hybrid : Arbitrage,39384
Mahindra Manulife Arbitrage Fund-Reg(G),2026-08-31T00:00:00.000Z,134.02,Hybrid : Arbitrage,45042
Aditya Birla SL US Treasury 3-10 Year Bond ETFs Passive FOF-Reg(G),2026-08-31T00:00:00.000Z,135.09,Debt : ETFs,48284
Helios Arbitrage Fund-Reg(G),2026-08-31T00:00:00.000Z,134.44,Hybrid : Arbitrage,50609
SBI FMP-50-1843D-Reg(G),2026-08-31T00:00:00.000Z,131.93,Debt : FTP/FMP,45842
Arthaya Equity Long Short Fund-Reg(G),2026-07-31T00:00:00.000Z,132.53,Hybrid : Long - Short,75118
UTI Nifty Midsmallcap 400 Momentum Quality 100 Index Fund-Reg(G),2026-08-31T00:00:00.000Z,133.75,Equity : Index Funds,49586
Motilal Oswal Services Fund-Reg(G),2026-08-31T00:00:00.000Z,132.15,Equity : Thematic,49929
Invesco India Medium Term Fund-Reg(G),2026-09-30T00:00:00.000Z,131.21,Debt : Medium Duration,45607
Tata Nifty G-Sec Dec 2029 Index Fund-Reg(G),2026-09-30T00:00:00.000Z,130.68,Debt : Medium to Long Duration,47405
SBI Nifty Midcap 150 Momentum 50 ETF,2026-08-31T00:00:00.000Z,130.94,Equity : ETFs,50693
Shriram Flexi Cap Fund-Reg(G),2026-08-31T00:00:00.000Z,130.73,Equity : Flexi Cap,38781
Groww Gold ETF FOF-Reg(G),2026-08-31T00:00:00.000Z,131.13,FoFs : Domestic,49187
Mirae Asset Nifty India Manufacturing ETF FoF-Reg(G),2026-08-31T00:00:00.000Z,129.33,FoFs : Domestic,46053
Arudha Equity Long-Short Fund-Reg(G),2026-08-31T00:00:00.000Z,127.87,Hybrid : Long - Short,75062
Baroda BNP Paribas Childrens Fund-Reg(G),2026-08-31T00:00:00.000Z,129.68,Equity : Flexi Cap,49110
ICICI Pru Nifty PSU Bank ETF,2026-08-31T00:00:00.000Z,127.43,Equity : ETFs,36397
The Wealth Company Small Cap Fund-Reg(G),2026-08-31T00:00:00.000Z,129.23,Equity : Small Cap,50593
Samco Special Opportunities Fund-Reg(G),2026-08-31T00:00:00.000Z,127.06,Equity : Thematic,48744
Quantum Ethical Fund-Reg(G),2026-08-31T00:00:00.000Z,127.03,Equity : Thematic,49179
Axis BSE Sensex ETF,2026-08-31T00:00:00.000Z,127.73,Equity : ETFs,47768
Tata Nifty Next 50 Index Fund-Reg(G),2026-08-31T00:00:00.000Z,125.42,Equity : Index Funds,50239
Motilal Oswal Nifty MidSmall Financial Services Index Fund-Reg(G),2026-08-31T00:00:00.000Z,125.02,Equity : Index Funds,48807
PGIM India Money Market Fund-Reg(G),2026-08-31T00:00:00.000Z,125.19,Debt : Money Market,34742
Axis Nifty Capital Markets Index Fund-Reg(G),2026-08-31T00:00:00.000Z,125.01,Equity : Index Funds,50587
Nippon India Nifty G-Sec Oct 2028 Maturity Index Fund-Reg(G),2026-09-30T00:00:00.000Z,125.82,Debt : Medium to Long Duration,47629
Motilal Oswal Nifty 200 Momentum 30 ETF,2026-08-31T00:00:00.000Z,125.54,Equity : ETFs,46325
PGIM India Healthcare Fund-Reg(G),2026-08-31T00:00:00.000Z,125.15,Equity : Sectoral - Pharma,48975
Capitalmind Liquid Fund-Reg(G),2026-09-30T00:00:00.000Z,123.86,Debt : Liquid,50478
Bandhan Nifty200 Momentum 30 Index Fund-Reg(G),2026-08-31T00:00:00.000Z,123.48,Equity : Index Funds,46608
ICICI Pru Nifty Commodities ETF,2026-08-31T00:00:00.000Z,124.58,Equity : Thematic,47332
Edelweiss Income Plus Arbitrage Omni FoF-Reg(G),2026-08-31T00:00:00.000Z,124.45,FoFs : Domestic,50022
HDFC Nifty Metal ETF,2026-08-31T00:00:00.000Z,122.49,Equity : ETFs,50986
Zerodha Nifty 8-13 Yr G-Sec ETF,2026-08-31T00:00:00.000Z,121.11,Debt : Gilt,50176
Mirae Asset BSE India Defence ETF FOF-Reg(G),2026-08-31T00:00:00.000Z,123.72,FoFs : Domestic,50403
Kotak FMP-304-3119D(G),2026-09-30T00:00:00.000Z,121.75,Debt : FTP/FMP,47401
LIC MF Short Term Fund-Reg(G),2026-09-30T00:00:00.000Z,121.62,Debt : Short Duration,34304
HSBC Dynamic Term Fund-Reg(G),2026-09-30T00:00:00.000Z,119.09,Debt : Dynamic Bond,925
Edelweiss Nifty 100 Quality 30 Index Fund-Reg(G),2026-08-31T00:00:00.000Z,118.52,Equity : Index Funds,45961
Edelweiss Gilt Fund-Reg(G),2026-09-30T00:00:00.000Z,118.93,Debt : Gilt,21922
SBI Nifty200 Momentum 30 Index Fund-Reg(G),2026-08-31T00:00:00.000Z,118.62,Equity : Index Funds,49727
Nippon India CRISIL-IBX AAA Financial Services - Dec 2026 Index Fund-Reg(G),2026-09-30T00:00:00.000Z,117.53,Debt : Short Duration,49222
Navi Aggressive Hybrid Fund-Reg(G),2026-08-31T00:00:00.000Z,118.14,Hybrid : Aggressive Hybrid,39479
ICICI Pru BSE Midcap Select ETF,2026-08-31T00:00:00.000Z,117.4,Equity : ETFs,33837
Tata Nifty India Digital ETF FoF-Reg(G),2026-08-31T00:00:00.000Z,117.33,FoFs : Domestic,46355
SBI Nifty Midcap 150 Momentum 50 ETF FOF-Reg(G),2026-08-31T00:00:00.000Z,117.2,FoFs : Domestic,51001
Nippon India Quant Fund(G),2026-08-31T00:00:00.000Z,116.47,Equity : Thematic,5153
ITI Business Cycle Fund-Reg(G),2026-08-31T00:00:00.000Z,116.38,Equity : Thematic,50616
Mirae Asset Dynamic Term Fund-Reg(G),2026-08-31T00:00:00.000Z,115.34,Debt : Dynamic Bond,36556
Aditya Birla SL Retirement Fund-40-Reg(G),2026-08-31T00:00:00.000Z,116.04,Hybrid : Aggressive Hybrid,42770
HSBC Multi Asset Active FOF-Reg(G),2026-08-31T00:00:00.000Z,114.99,FoFs : Domestic,28309
HDFC Nifty Metal ETF FOF-Reg(G),2026-08-31T00:00:00.000Z,115.15,FoFs : Domestic,50985
Union Equity Savings Fund-Reg(G),2026-08-31T00:00:00.000Z,115.17,Hybrid : Equity Savings,40627
Tata Floating Interest Rates Fund-Reg(G),2026-09-30T00:00:00.000Z,114.49,Debt : Floater,45375
Baroda BNP Paribas Multi Asset Active FoF-Reg(G),2026-08-31T00:00:00.000Z,114.51,FoFs : Domestic,49872
Baroda BNP Paribas Dynamic Term Fund(G),2026-09-30T00:00:00.000Z,114.14,Debt : Dynamic Bond,116
HDFC Nifty India Consumption Index Fund-Reg(G),2026-08-31T00:00:00.000Z,114.7,Equity : Index Funds,50605
Motilal Oswal BSE Midcap 150 Momentum 30 Index Fund-Reg(G),2026-08-31T00:00:00.000Z,114.35,Equity : Index Funds,50843
Kotak Nifty Chemicals ETF,2026-08-31T00:00:00.000Z,114.09,Equity : ETFs,50375
DSP Nifty IT Index Fund-Reg(G),2026-08-31T00:00:00.000Z,112.17,Equity : Index Funds,49906
UTI 10 year Constant Maturity Gilt Fund-Reg(G),2026-08-31T00:00:00.000Z,111.93,Debt : Gilt (10 Yr Constant Duration),40967
LIC MF Nifty Next 50 Index Fund(G),2026-08-31T00:00:00.000Z,112.27,Equity : Index Funds,12836
Kotak NIFTY 100 Low Volatility 30 Index Fund-Reg(G),2026-08-31T00:00:00.000Z,113.51,Equity : Index Funds,45716
JioBlackRock Short Term Fund-Reg(G),2026-09-30T00:00:00.000Z,113.06,Debt : Short Duration,51179
Union Short Term Fund-Reg(G),2026-09-30T00:00:00.000Z,110.78,Debt : Short Duration,49467
The Wealth Company Large & Mid Cap Fund-Reg(G),2026-08-31T00:00:00.000Z,111.43,Equity : Large & Mid Cap,50822
Canara Rob Gilt Fund-Reg(G),2026-09-30T00:00:00.000Z,110.99,Debt : Gilt,538
Mirae Asset Nifty Metal ETF FOF-Reg(G),2026-08-31T00:00:00.000Z,111.76,FoFs : Domestic,50671
Canara Rob Medium to Long Term Fund-Reg(G),2026-09-30T00:00:00.000Z,110.94,Debt : Medium to Long Duration,542
DSP Global Clean Energy Overseas Equity Omni FoF-Reg(G),2026-08-31T00:00:00.000Z,110.02,FoFs : Overseas,7866
UTI Nifty 500 Index Fund-Reg(G),2026-08-31T00:00:00.000Z,110.25,Equity : Index Funds,50963
DSP Nifty Private Bank Index Fund-Reg(G),2026-08-31T00:00:00.000Z,110.35,Equity : Index Funds,49659
Samco ELSS Tax Saver Fund-Reg(G),2026-08-31T00:00:00.000Z,109.0,Equity : Tax Saving (ELSS),46606
Axis Income Plus Arbitrage Passive FOF-Reg(G),2026-08-31T00:00:00.000Z,109.33,FoFs : Domestic,50378
Tata Nifty Auto Index Fund-Reg(G),2026-08-31T00:00:00.000Z,109.14,Equity : Sectoral - Auto,48683
Edelweiss CRISIL IBX 50:50 Gilt Plus SDL Sep 2028 Index Fund-Reg(G),2026-09-30T00:00:00.000Z,104.41,Debt : Medium to Long Duration,47075
ICICI Pru Nifty 500 Index Fund-Reg(G),2026-08-31T00:00:00.000Z,104.52,Equity : Index Funds,49114
Edelweiss Silver ETF FoF-Reg(G),2026-08-31T00:00:00.000Z,107.41,FoFs : Domestic,50495
PGIM India Retirement Fund-Reg(G),2026-08-31T00:00:00.000Z,108.97,Equity : Multi Cap,44436
ICICI Pru Diversified Debt Strategy Active FOF(G),2026-08-31T00:00:00.000Z,105.52,FoFs : Domestic,1707
Invesco India Gilt Fund-Reg(G),2026-09-30T00:00:00.000Z,105.01,Debt : Gilt,4378
Canara Rob Corp Bond Fund-Reg(G),2026-09-30T00:00:00.000Z,103.56,Debt : Corporate Bond,23504
Kotak International REIT Overseas Equity Active FOF-Reg(G),2026-08-31T00:00:00.000Z,103.99,FoFs : Overseas,42804
LIC MF Healthcare Fund-Reg(G),2026-08-31T00:00:00.000Z,103.11,Equity : Sectoral - Pharma,41330
HDFC NIFTY200 Momentum 30 ETF,2026-08-31T00:00:00.000Z,101.7,Equity : ETFs,46042
DSP Nifty Midcap 150 Quality 50 ETF,2026-08-31T00:00:00.000Z,100.81,Equity : ETFs,46157
Axis FTP-113-1228D-Reg(G),2026-06-30T00:00:00.000Z,102.54,Debt : FTP/FMP,47799
Mirae Asset Nifty IT ETF,2026-08-31T00:00:00.000Z,101.2,Equity : ETFs,48250
Apex Equity Long-Short Fund-Reg(G),2026-08-31T00:00:00.000Z,103.51,Hybrid : Long - Short,75159
Edelweiss CRISIL IBX AAA Financial Services Bond - Jan 2028 Index Fund-Reg(G),2026-09-30T00:00:00.000Z,102.87,Debt : Medium to Long Duration,49393
Axis Nifty Energy Index Fund-Reg(G),2026-08-31T00:00:00.000Z,99.61,Equity : Index Funds,50987
Baroda BNP Paribas NIFTY SDL Dec 2028 Index Fund-Reg(G),2026-09-30T00:00:00.000Z,100.22,Debt : Medium to Long Duration,47771
Kotak Nifty Financial Services Ex-Bank Index Fund-Reg(G),2026-08-31T00:00:00.000Z,99.18,Equity : Index Funds,48107
Zerodha Nifty Smallcap 100 ETF,2026-08-31T00:00:00.000Z,100.8,Equity : ETFs,50175
PGIM India Arbitrage Fund-Reg(G),2026-08-31T00:00:00.000Z,99.08,Hybrid : Arbitrage,28514
Bandhan Nifty Smallcap 250 Index Fund-Reg(G),2026-08-31T00:00:00.000Z,99.25,Equity : Index Funds,48141
Mirae Asset Nifty 100 ESG Sector Leaders ETF,2026-08-31T00:00:00.000Z,97.63,Equity : ETFs,45134
ICICI Pru Nifty50 Value 20 Index Fund-Reg(G),2026-08-31T00:00:00.000Z,98.87,Equity : Index Funds,48523
Axis Nifty50 Equal Weight Index Fund-Reg(G),2026-08-31T00:00:00.000Z,98.21,Equity : Index Funds,50947
ICICI Pru Retirement Fund-Hybrid Cons Plan(G),2026-09-30T00:00:00.000Z,95.26,Hybrid : Conservative Hybrid,25668
Samco Large & Mid Cap Fund-Reg(G),2026-08-31T00:00:00.000Z,98.58,Equity : Large & Mid Cap,49779
Kotak Nifty SDL Jul 2026 Index Fund-Reg(G),2026-06-30T00:00:00.000Z,95.75,Debt : Medium to Long Duration,46729
Edelweiss CRISIL IBX 50:50 Gilt Plus SDL June 2027 Index Fund-Reg(G),2026-09-30T00:00:00.000Z,94.12,Debt : Medium to Long Duration,46999
Quantum ESG Best In Class Strategy Fund-Reg(G),2026-08-31T00:00:00.000Z,95.75,Equity : Thematic,43878
Union Childrens Fund-Reg(G),2026-08-31T00:00:00.000Z,95.19,Equity : Flexi Cap,48373
LIC MF Technology Fund-Reg(G),2026-08-31T00:00:00.000Z,95.03,Equity : Sectoral - Technology,50695
Samco Large Cap Fund-Reg(G),2026-08-31T00:00:00.000Z,93.42,Equity : Large Cap,49506
Groww Short Term Fund-Reg(G),2026-09-30T00:00:00.000Z,93.33,Debt : Short Duration,23158
ICICI Pru Global Stable Equity Fund(FOF)(G),2026-08-31T00:00:00.000Z,93.98,FoFs : Overseas,16718
Invesco India Nifty 50 ETF,2026-08-31T00:00:00.000Z,92.5,Equity : ETFs,12694
Bajaj Finserv ELSS-Tax Saver Fund-Reg(G),2026-08-31T00:00:00.000Z,91.92,Equity : Tax Saving (ELSS),49457
Bandhan Nifty Midcap 150 Index Fund-Reg(G),2026-08-31T00:00:00.000Z,92.88,Equity : Index Funds,48685
Edelweiss Nifty Alpha Low Volatility 30 Index Fund-Reg(G),2026-08-31T00:00:00.000Z,92.34,Equity : Index Funds,48808
HDFC Nifty Top 20 Equal Weight Index Fund-Reg(G),2026-08-31T00:00:00.000Z,91.2,Equity : Index Funds,49704
Groww Banking & Financial Services Fund-Reg(G),2026-08-31T00:00:00.000Z,90.55,Equity : Sectoral - Financial Services,48456
Motilal Oswal Special Opportunities Fund-Reg(G),2026-08-31T00:00:00.000Z,92.11,Equity : Thematic,49810
LIC MF BSE Sensex Index Fund-Reg(G),2026-08-31T00:00:00.000Z,91.37,Equity : Index Funds,2133
Groww Silver ETF FOF-Reg(G),2026-08-31T00:00:00.000Z,89.92,FoFs : Domestic,49845
Bandhan CRISIL IBX 90:10 SDL Plus Gilt - Nov 2026 Index Fund-Reg(G),2026-09-30T00:00:00.000Z,89.99,Debt : Medium to Long Duration,46213
UTI Long Term Fund-Reg(G),2026-08-31T00:00:00.000Z,89.42,Debt : Long Duration,47733
Aditya Birla SL Long Term Fund-Reg(G),2026-09-30T00:00:00.000Z,89.13,Debt : Long Duration,46711
Kotak CRISIL-IBX AAA Bond Financial Services Index - Dec 2026 Fund-Reg(G),2026-09-30T00:00:00.000Z,89.84,Debt : Short Duration,49471
UTI Nifty500 Shariah Index Fund-Reg(G),2026-08-31T00:00:00.000Z,88.46,Equity : Index Funds,50389
Baroda BNP Paribas NIFTY SDL Dec 2026 Index Fund-Reg(G),2026-07-31T00:00:00.000Z,88.97,Debt : Medium to Long Duration,47387
Groww Nifty 1D Rate Liquid ETF,2026-09-30T00:00:00.000Z,87.4,Debt : ETFs,49128
Nippon India BSE Sensex Next 30 Index Fund-Reg(G),2026-08-31T00:00:00.000Z,88.15,Equity : Index Funds,49930
Bank of India Overnight Fund-Reg(G),2026-09-30T00:00:00.000Z,88.25,Debt : Overnight,44437
Mirae Asset Nifty500 Multicap 50:25:25 ETF,2026-08-31T00:00:00.000Z,88.21,Equity : ETFs,49071
DSP Nifty SDL Plus G-Sec Sep 2027 50:50 Index Fund-Reg(G),2026-08-31T00:00:00.000Z,87.91,Debt : Medium to Long Duration,47548
PGIM India Gilt Fund(G),2026-08-31T00:00:00.000Z,87.24,Debt : Gilt,7012
Kotak NIFTY Midcap 50 Index Fund-Reg(G),2026-08-31T00:00:00.000Z,86.47,Equity : Index Funds,48955
Navi Nifty India Manufacturing Index Fund-Reg(G),2026-08-31T00:00:00.000Z,86.53,Equity : Index Funds,45954
Angel One Gold ETF,2026-08-31T00:00:00.000Z,87.58,Metal : ETFs,50223
HSBC Asia Pacific (Ex Japan) DYF-Reg(G),2026-08-31T00:00:00.000Z,85.73,FoFs : Overseas,17816
Nippon India CRISIL-IBX AAA Financial Services - Jan 2028 Index Fund-Reg(G),2026-09-30T00:00:00.000Z,86.16,Debt : Medium to Long Duration,49221
PGIM India Corp Bond Fund(G),2026-08-31T00:00:00.000Z,85.25,Debt : Corporate Bond,854
Bandhan Conservative Hybrid Fund-Reg(G),2026-09-30T00:00:00.000Z,85.56,Hybrid : Conservative Hybrid,8465
Kotak Nifty Smallcap 250 Index Fund-Reg(G),2026-08-31T00:00:00.000Z,84.92,Equity : Index Funds,49225
Quantum Dynamic Term Fund-Reg(G),2026-09-30T00:00:00.000Z,83.65,Debt : Dynamic Bond,37428
HDFC FMP-Sr 47-1269D-March 2023-Reg(G),2026-08-31T00:00:00.000Z,84.93,Debt : FTP/FMP,47782
HDFC NIFTY IT ETF,2026-08-31T00:00:00.000Z,83.46,Equity : ETFs,47070
Mirae Asset Nifty Smallcap 250 ETF,2026-08-31T00:00:00.000Z,83.59,Equity : ETFs,50401
Groww Arbitrage Fund-Reg(G),2026-08-31T00:00:00.000Z,83.97,Hybrid : Arbitrage,50825
Motilal Oswal BSE Low Volatility ETF,2026-08-31T00:00:00.000Z,83.74,Equity : ETFs,46437
SBI Nifty IT ETF,2026-08-31T00:00:00.000Z,83.34,Equity : ETFs,45110
Motilal Oswal Nifty 50 ETF,2026-08-31T00:00:00.000Z,82.63,Equity : ETFs,8634
JM Overnight Fund-Reg(G),2026-09-30T00:00:00.000Z,83.02,Debt : Overnight,44156
Aditya Birla SL Nifty Healthcare ETF,2026-08-31T00:00:00.000Z,83.4,Equity : ETFs,45695
SBI Nifty 200 Quality 30 ETF,2026-08-31T00:00:00.000Z,81.94,Equity : ETFs,41015
SBI NIFTY 1D Rate Liquid ETF(G),2026-09-30T00:00:00.000Z,82.61,Debt : Liquid,50024
Aditya Birla SL BSE 500 Momentum 50 Index Fund-Reg(G),2026-08-31T00:00:00.000Z,81.09,Equity : Index Funds,50025
Nippon India FMP-XLIV-1-1743D(G),2026-09-30T00:00:00.000Z,81.16,Debt : FTP/FMP,46914
Edelweiss CRISIL-IBX AAA Bond NBFC-HFC-Jun 2027 Index Fund-Reg(G),2026-09-30T00:00:00.000Z,81.89,Debt : Short Duration,49624
Invesco India Nifty G-sec Jul 2027 Index Fund-Reg(G),2026-09-30T00:00:00.000Z,81.19,Debt : Medium Duration,47794
Mirae Asset Nifty 100 ESG Sector Leaders FoF-Reg(G),2026-08-31T00:00:00.000Z,80.82,FoFs : Domestic,45135
Baroda BNP Paribas Income Plus Arbitrage Active FoF-Reg(G),2026-08-31T00:00:00.000Z,80.95,FoFs : Domestic,49897
Samco Mid Cap Fund-Reg(G),2026-08-31T00:00:00.000Z,81.08,Equity : Mid Cap,50634
Mirae Asset Nifty SDL June 2028 Index Fund-Reg(G),2026-08-31T00:00:00.000Z,80.44,Debt : Medium to Long Duration,47763
Axis Nifty500 Quality 50 Index Fund-Reg(G),2026-08-31T00:00:00.000Z,80.43,Equity : Index Funds,49731
Invesco India Banking and PSU Debt Fund-Reg(G),2026-09-30T00:00:00.000Z,80.29,Debt : Banking & PSU,17249
Canara Rob Dynamic Term Fund-Reg(G),2026-09-30T00:00:00.000Z,80.24,Debt : Dynamic Bond,7792
Kotak BSE PSU Index Fund-Reg(G),2026-08-31T00:00:00.000Z,80.52,Equity : Index Funds,48890
Kotak Multi Asset Active FOF-Reg(G),2026-08-31T00:00:00.000Z,79.55,FoFs : Domestic,50818
ICICI Pru Retirement Fund-Pure Debt Plan(G),2026-09-30T00:00:00.000Z,79.47,Debt : Dynamic Bond,25670
PGIM India Dynamic Term Fund(G),2026-08-31T00:00:00.000Z,79.56,Debt : Dynamic Bond,15247
Quantum Multi Asset Active FoF-Reg(G),2026-08-31T00:00:00.000Z,79.3,FoFs : Domestic,20096
ICICI Pru Nifty EV & New Age Automotive ETF,2026-08-31T00:00:00.000Z,79.84,Equity : ETFs,49189
JM Short Term Fund-Reg(G),2026-09-30T00:00:00.000Z,79.24,Debt : Short Duration,46751
JioBlackRock Nifty 50 ETF,2026-08-31T00:00:00.000Z,79.43,Equity : ETFs,51060
Mirae Asset Nifty 8-13 yr G-Sec ETF,2026-08-31T00:00:00.000Z,79.43,Debt : ETFs,47899
UTI Nifty Midcap 150 Index Fund-Reg(G),2026-08-31T00:00:00.000Z,79.27,Equity : Index Funds,49368
Mahindra Manulife Short Term Fund-Reg(G),2026-09-30T00:00:00.000Z,78.65,Debt : Short Duration,45310
Kotak Nifty 50 Value 20 ETF,2026-08-31T00:00:00.000Z,78.84,Equity : ETFs,31116
Groww Multi Asset Omni FOF-Reg(G),2026-08-31T00:00:00.000Z,78.58,FoFs : Domestic,50379
Tata Multi Sector Passive FOF-Reg(G),2026-08-31T00:00:00.000Z,78.12,FoFs : Domestic,50755
Groww Money Market Fund-Reg(G),2026-09-30T00:00:00.000Z,78.52,Debt : Money Market,50361
Sundaram LT Micro Cap Tax Adv Fund-Sr III-Reg(G),2026-08-31T00:00:00.000Z,78.08,Equity : Tax Saving (ELSS),36026
Shriram Money Market Fund-Reg(G),2026-09-30T00:00:00.000Z,78.22,Debt : Money Market,50602
TRUSTMF Corporate Bond Fund-Reg(G),2026-09-30T00:00:00.000Z,77.51,Debt : Corporate Bond,47440
Mirae Asset BSE Midcap 150 Momentum 30 ETF,2026-08-31T00:00:00.000Z,77.82,Equity : ETFs,50929
Motilal Oswal Asset Allocation Passive FoF-Conservative-Reg(G),2026-08-31T00:00:00.000Z,76.3,FoFs : Domestic,45346
Mirae Asset Hang Seng TECH ETF FoF-Reg(G),2026-08-31T00:00:00.000Z,75.94,FoFs : Overseas,46071
Tata Nifty500 Multicap Infrastructure 50:30:20 Index Fund-Reg(G),2026-08-31T00:00:00.000Z,76.96,Equity : Index Funds,48786
Union Gilt Fund-Reg(G),2026-09-30T00:00:00.000Z,74.68,Debt : Gilt,46221
Bank of India Credit Risk Fund-Reg(G),2026-09-30T00:00:00.000Z,74.33,Debt : Credit Risk,30390
Navi Liquid Fund-Reg(G),2026-08-31T00:00:00.000Z,73.81,Debt : Liquid,8544
AlphaGrep Multi Asset Allocation Fund-Reg(G),2026-08-31T00:00:00.000Z,75.51,Hybrid : Multi Asset Allocation,50972
Quant Gilt Fund-Reg(G),2026-09-30T00:00:00.000Z,73.11,Debt : Gilt,47345
Groww Value Fund-Reg(G),2026-08-31T00:00:00.000Z,74.47,Equity : Value / Contra,33606
Mahindra Manulife Overnight Fund-Reg(G),2026-09-30T00:00:00.000Z,72.95,Debt : Overnight,42560
TRUSTMF Overnight Fund-Reg(G),2026-09-30T00:00:00.000Z,73.86,Debt : Overnight,45719
Aditya Birla SL US Treasury 1-3 Year Bonds ETFs Passive FOF-Reg(G),2026-08-31T00:00:00.000Z,71.98,Debt : ETFs,48274
Taurus ELSS Tax Saver Fund-Reg(G),2026-08-31T00:00:00.000Z,72.4,Equity : Tax Saving (ELSS),3314
Nippon India ETF Nifty Dividend Opportunities 50,2026-08-31T00:00:00.000Z,71.39,Equity : ETFs,17481
Mirae Asset Nifty 50 Index Fund-Reg(G),2026-08-31T00:00:00.000Z,71.15,Equity : Index Funds,48894
Tata Nifty Financial Services Index Fund-Reg(G),2026-08-31T00:00:00.000Z,70.96,Equity : Index Funds,48760
Tata Nifty G-Sec Dec 2026 Index Fund-Reg(G),2026-09-30T00:00:00.000Z,71.39,Debt : Medium Duration,47436
Sundaram Income Plus Arbitrage Active FoF-Reg(G),2026-08-31T00:00:00.000Z,70.99,FoFs : Domestic,50612
UTI Nifty Alpha Low-Volatility 30 Index Fund-Reg(G),2026-08-31T00:00:00.000Z,69.89,Equity : Index Funds,49366
DSP US Specific Debt Passive FoF-Reg(G),2026-08-31T00:00:00.000Z,68.65,FoFs : Overseas,48492
Nippon India FMP-XLI-8-3654D(G),2026-09-30T00:00:00.000Z,70.17,Debt : FTP/FMP,43259
360 ONE ELSS Tax Saver Nifty 50 Index Fund-Reg(G),2026-08-31T00:00:00.000Z,68.88,Equity : Tax Saving (ELSS),47302
Monarch Overnight Fund-Reg(G),2026-09-30T00:00:00.000Z,70.97,Debt : Overnight,51204
Bank of India Midcap Tax Fund-Sr 1-Reg(G),2026-08-31T00:00:00.000Z,68.18,Equity : Tax Saving (ELSS),38076
ICICI Pru FMP-88-1303D-S(G),2026-09-30T00:00:00.000Z,69.66,Debt : FTP/FMP,47688
TRUSTMF Short Term Fund-Reg(G),2026-09-30T00:00:00.000Z,65.66,Debt : Short Duration,45652
Mirae Asset Global Electric & Autonomous Vehicles Equity Passive FOF-Reg(G),2026-08-31T00:00:00.000Z,66.44,FoFs : Overseas,46002
Motilal Oswal BSE Low Volatility Index Fund-Reg(G),2026-08-31T00:00:00.000Z,66.87,Equity : Index Funds,46438
Kotak Nifty 50 Equal Weight Index Fund-Reg(G),2026-08-31T00:00:00.000Z,67.48,Equity : Index Funds,49426
DSP Nifty Bank Index Fund-Reg(G),2026-08-31T00:00:00.000Z,65.31,Equity : Index Funds,48801
Bank of India Conservative Hybrid Fund-Reg(G),2026-09-30T00:00:00.000Z,65.93,Hybrid : Conservative Hybrid,7569
TRUSTMF FMP-SR-II-Reg(G),2026-06-30T00:00:00.000Z,65.56,Debt : FTP/FMP,45723
Axis Nifty SDL Sep 2026 Debt Index Fund-Reg(G),2026-08-31T00:00:00.000Z,65.64,Debt : Medium Duration,47113
Aditya Birla SL BSE 500 Quality 50 Index Fund-Reg(G),2026-08-31T00:00:00.000Z,64.8,Equity : Index Funds,50026
UTI CRISIL SDL Maturity June 2027 Index Fund-Reg(G),2026-08-31T00:00:00.000Z,65.48,Debt : Medium to Long Duration,47369
Zerodha Nifty 50 ETF,2026-08-31T00:00:00.000Z,64.03,Equity : ETFs,50265
UTI FTIF-XXXVI-I(1574D)(G),2026-08-31T00:00:00.000Z,64.95,Debt : FTP/FMP,47684
Baroda BNP Paribas Aqua FoF-Reg(G),2026-08-31T00:00:00.000Z,65.23,FoFs : Overseas,45484
ITI Arbitrage Fund-Reg(G),2026-08-31T00:00:00.000Z,62.99,Hybrid : Arbitrage,44126
Groww Overnight Fund-Reg(G),2026-09-30T00:00:00.000Z,62.93,Debt : Overnight,42042
Quantum Nifty 50 ETF,2026-08-31T00:00:00.000Z,63.7,Equity : ETFs,5382
Tata Nifty Realty Index Fund-Reg(G),2026-08-31T00:00:00.000Z,63.8,Equity : Index Funds,48684
Union Dynamic Term Fund(G),2026-09-30T00:00:00.000Z,62.0,Debt : Dynamic Bond,16032
Angel One Nifty Total Market Index Fund-Reg(G),2026-08-31T00:00:00.000Z,62.43,Equity : Index Funds,49647
Motilal Oswal 5 Year G-Sec FoF-Reg(G),2026-08-31T00:00:00.000Z,61.47,FoFs : Domestic,45925
Motilal Oswal BSE 1000 Index Fund-Reg(G),2026-08-31T00:00:00.000Z,62.73,Equity : Index Funds,49898
Motilal Oswal Nifty Energy ETF,2026-08-31T00:00:00.000Z,61.27,Equity : ETFs,50367
HDFC Nifty PSU Bank ETF,2026-08-31T00:00:00.000Z,60.14,Equity : ETFs,48522
Groww Nifty India Railways PSU Index Fund-Reg(G),2026-08-31T00:00:00.000Z,59.89,Equity : Index Funds,49495
ICICI Pru BSE Insurance ETF,2026-08-31T00:00:00.000Z,60.69,Equity : ETFs,50991
PGIM India Global Select Real Estate Securities FoF-Reg(G),2026-08-31T00:00:00.000Z,60.83,FoFs : Overseas,46019
Nippon India FMP-XLV-5-1158D(G),2026-09-30T00:00:00.000Z,60.31,Debt : FTP/FMP,47900
Taurus Large Cap Fund-Reg(G),2026-08-31T00:00:00.000Z,60.18,Equity : Large Cap,3305
Nippon India ETF Nifty 50 Shariah BeES,2026-08-31T00:00:00.000Z,59.65,Equity : ETFs,7599
Quantum Multi Asset Allocation Fund-Reg(G),2026-08-31T00:00:00.000Z,59.27,Hybrid : Multi Asset Allocation,48217
Quant Equity Savings Fund-Reg(G),2026-08-31T00:00:00.000Z,59.44,Hybrid : Equity Savings,50041
Motilal Oswal BSE Quality Index Fund-Reg(G),2026-08-31T00:00:00.000Z,58.5,Equity : Index Funds,46744
Mirae Asset Nifty India New Age Consumption ETF,2026-08-31T00:00:00.000Z,59.55,Equity : ETFs,49489
Union Income Plus Arbitrage Active FOF-Reg(G),2026-08-31T00:00:00.000Z,58.76,FoFs : Domestic,49932
Nippon India Nifty Realty Index Fund-Reg(G),2026-08-31T00:00:00.000Z,57.62,Equity : Index Funds,48948
Axis NIFTY IT ETF,2026-08-31T00:00:00.000Z,57.8,Equity : ETFs,45427
SBI Nifty100 Low Volatility 30 Index Fund-Reg(G),2026-08-31T00:00:00.000Z,56.92,Equity : Index Funds,49728
Aditya Birla SL CRISIL-IBX AAA NBFC-HFC Index-Sep 2026 Fund-Reg(G),2026-09-30T00:00:00.000Z,56.97,Debt : Short Duration,49201
PGIM India Equity Savings Fund(G),2026-08-31T00:00:00.000Z,59.07,Hybrid : Equity Savings,845
Edelweiss Nifty 1D Rate Liquid ETF(G),2026-09-30T00:00:00.000Z,56.14,Debt : ETFs,50360
Tata BSE Quality Index Fund-Reg(G),2026-08-31T00:00:00.000Z,57.28,Equity : Index Funds,49736
Aditya Birla SL Nifty Next 50 ETF,2026-08-31T00:00:00.000Z,55.6,Equity : ETFs,38262
Edelweiss Nifty LargeMidcap250 Plus 8-13 yr G-Sec 70:30 Index Fund-Reg(G),2026-08-31T00:00:00.000Z,56.71,Equity : Index Funds,50788
ICICI Pru BSE 500 ETF FOF-Reg(G),2026-08-31T00:00:00.000Z,55.99,FoFs : Domestic,45726
DSP FMP 264-60M & 17D-Reg(G),2026-08-31T00:00:00.000Z,55.13,Debt : FTP/FMP,43787
Axis BSE Sensex Index Fund-Reg(G),2026-08-31T00:00:00.000Z,54.02,Equity : Index Funds,48476
Baroda BNP Paribas Nifty 50 Index Fund-Reg(G),2026-08-31T00:00:00.000Z,54.1,Equity : Index Funds,41180
Quant Overnight Fund-Reg(G),2026-09-30T00:00:00.000Z,53.7,Debt : Overnight,47327
Groww Aggressive Hybrid Fund-Reg(G),2026-08-31T00:00:00.000Z,53.34,Hybrid : Aggressive Hybrid,41853
ICICI Pru Nifty Private Bank Index Fund-Reg(G),2026-08-31T00:00:00.000Z,54.0,Equity : Index Funds,49835
ICICI Pru Nifty EV & New Age Automotive ETF FOF-Reg(G),2026-08-31T00:00:00.000Z,53.14,FoFs : Domestic,49690
JM Dynamic Term Fund-Reg(G),2026-09-30T00:00:00.000Z,52.09,Debt : Dynamic Bond,1925
Motilal Oswal Nifty MidSmall IT and Telecom Index Fund-Reg(G),2026-08-31T00:00:00.000Z,53.64,Equity : Index Funds,46865
SBI FMP-1-3668D-Reg(G),2026-09-30T00:00:00.000Z,52.3,Debt : FTP/FMP,43205
Groww ELSS Tax Saver Fund-Reg(G),2026-08-31T00:00:00.000Z,51.57,Equity : Tax Saving (ELSS),38133
Edelweiss Gold ETF FoF-Reg(G),2026-08-31T00:00:00.000Z,52.66,FoFs : Domestic,50498
WOC ESG Best-In-Class Strategy Fund-Reg(G),2026-08-31T00:00:00.000Z,51.61,Equity : Thematic,49117
ITI Liquid Fund-Reg(G),2026-09-30T00:00:00.000Z,52.08,Debt : Liquid,43396
Mirae Asset Nifty Total Market Index Fund-Reg(G),2026-08-31T00:00:00.000Z,51.56,Equity : Index Funds,49226
Choice Gold ETF,2026-08-31T00:00:00.000Z,51.3,Metal : ETFs,50405
ICICI Pru Nifty India Consumption ETF,2026-08-31T00:00:00.000Z,51.42,Equity : ETFs,45678
Shriram Aggressive Hybrid Fund-Reg(G),2026-08-31T00:00:00.000Z,51.39,Hybrid : Aggressive Hybrid,24794
Invesco India Nifty G-sec Sep 2032 Index Fund-Reg(G),2026-09-30T00:00:00.000Z,50.82,Debt : Long Duration,47756
Motilal Oswal Nifty Midcap150 Momentum 50 ETF,2026-08-31T00:00:00.000Z,51.43,Equity : ETFs,49970
Kotak Nifty Alpha 50 Index Fund-Reg(G),2026-08-31T00:00:00.000Z,49.06,Equity : Index Funds,49687
Nippon India Nifty Auto Index Fund-Reg(G),2026-08-31T00:00:00.000Z,50.51,Equity : Sectoral - Auto,48949
Motilal Oswal Nifty MidSmall Healthcare Index Fund-Reg(G),2026-08-31T00:00:00.000Z,50.8,Equity : Index Funds,46866
HDFC NIFTY SDL Plus G-Sec Jun 2027 40:60 Index Fund-Reg(G),2026-09-30T00:00:00.000Z,48.81,Debt : Medium Duration,47769
AlphaGrep Flexi Cap Fund-Reg(G),2026-08-31T00:00:00.000Z,50.65,Equity : Flexi Cap,51031
Qsif Sector Rotation Long-Short Fund-Reg(G),2026-07-31T00:00:00.000Z,48.58,Hybrid : Long - Short,75026
WSIF Equity Ex-Top 100 Long-Short Fund-Reg(G),2026-07-31T00:00:00.000Z,48.45,Hybrid : Long - Short,75105
Kotak Long Term Fund-Reg(G),2026-09-30T00:00:00.000Z,48.86,Debt : Long Duration,48538
HSBC Aggressive Hybrid Active FOF-Reg(G),2026-08-31T00:00:00.000Z,48.26,FoFs : Domestic,28307
ICICI Pru Nifty200 Value 30 ETF,2026-08-31T00:00:00.000Z,48.04,Equity : ETFs,48946
Kotak Nifty 100 Equal Weight Index Fund-Reg(G),2026-08-31T00:00:00.000Z,48.38,Equity : Index Funds,49213
HSBC Medium to Long Term Fund(G),2026-09-30T00:00:00.000Z,48.16,Debt : Medium to Long Duration,1432
Mirae Asset Nifty PSU Bank ETF,2026-08-31T00:00:00.000Z,48.35,Equity : ETFs,49099
The Wealth Company Balanced Advantage Fund-Reg(G),2026-08-31T00:00:00.000Z,47.77,Hybrid : Dynamic Asset Allocation,50591
Shriram ELSS Tax Saver Fund-Reg(G),2026-08-31T00:00:00.000Z,47.54,Equity : Tax Saving (ELSS),41744
DSP FMP 267-1172D-Reg(G),2026-08-31T00:00:00.000Z,47.5,Debt : FTP/FMP,47071
Groww Nifty Capital Markets ETF,2026-08-31T00:00:00.000Z,48.12,Equity : ETFs,50141
DSP BSE Sensex Next 30 ETF,2026-08-31T00:00:00.000Z,47.17,Equity : ETFs,49536
Franklin India Long Term Fund-Reg(G),2026-08-31T00:00:00.000Z,47.65,Debt : Long Duration,48950
Mahindra Manulife Dynamic Term Fund-Reg(G),2026-09-30T00:00:00.000Z,47.27,Debt : Credit Risk,40695
Kotak NIFTY MNC ETF,2026-08-31T00:00:00.000Z,47.05,Equity : ETFs,45729
Axis Retirement Fund-Conservative Plan-Reg(G),2026-08-31T00:00:00.000Z,46.63,Hybrid : Conservative Hybrid,43843
Kotak Nifty Midcap 150 Index Fund-Reg(G),2026-08-31T00:00:00.000Z,47.05,Equity : Index Funds,49719
Bandhan Long Term Fund-Reg(G),2026-09-30T00:00:00.000Z,46.24,Debt : Long Duration,48582
360 ONE Silver ETF,2026-08-31T00:00:00.000Z,46.31,Metal : ETFs,49515
Motilal Oswal BSE Clean Environment Index Fund-Reg(G),2026-08-31T00:00:00.000Z,47.05,Equity : Index Funds,50841
JioBlackRock Large Cap Fund-Reg(G),2026-08-31T00:00:00.000Z,46.69,Equity : Large Cap,51168
Aditya Birla SL Aggressive Hybrid Omni FOF(G),2026-08-31T00:00:00.000Z,44.84,FoFs : Domestic,8299
LIC MF Conservative Hybrid Fund(G),2026-09-30T00:00:00.000Z,45.84,Hybrid : Conservative Hybrid,2142
SBI Nifty 1D Rate Liquid ETF(IDCW),2026-09-30T00:00:00.000Z,46.27,Debt : ETFs,48244
LIC MF Gilt Fund-Reg(G),2026-09-30T00:00:00.000Z,44.0,Debt : Gilt,2124
Bandhan Nifty Total Market Index Fund-Reg(G),2026-08-31T00:00:00.000Z,45.29,Equity : Index Funds,48651
Angel One Nifty Total Market ETF,2026-08-31T00:00:00.000Z,43.85,Equity : ETFs,49646
Motilal Oswal BSE Healthcare ETF,2026-08-31T00:00:00.000Z,44.84,Equity : ETFs,46222
Mirae Asset Corp Bond Fund-Reg(G),2026-08-31T00:00:00.000Z,44.38,Debt : Corporate Bond,45356
Mirae Asset Nifty 100 Low Volatility 30 ETF,2026-08-31T00:00:00.000Z,43.77,Equity : ETFs,46810
LIC MF Gilt Fund-PF(G),2026-09-30T00:00:00.000Z,44.0,Debt : Gilt,2126
HDFC Nifty 100 ETF,2026-08-31T00:00:00.000Z,43.81,Equity : ETFs,46003
Aditya Birla SL Nifty SDL Sep 2027 Index Fund-Reg(G),2026-09-30T00:00:00.000Z,43.22,Debt : Medium Duration,46893
Shriram Balanced Advantage Fund-Reg(G),2026-08-31T00:00:00.000Z,42.93,Hybrid : Dynamic Asset Allocation,43158
DSP 10 year Constant Maturity Gilt Fund-Reg(G),2026-08-31T00:00:00.000Z,43.36,Debt : Gilt (10 Yr Constant Duration),17573
Nippon India Nifty 500 Quality 50 Index Fund-Reg(G),2026-08-31T00:00:00.000Z,43.45,Equity : Index Funds,49834
Nippon India Nifty India Manufacturing Index Fund-Reg(G),2026-08-31T00:00:00.000Z,42.71,Equity : Index Funds,50150
Groww Nifty India Internet ETF,2026-08-31T00:00:00.000Z,42.95,Equity : ETFs,49979
Tata BSE Multicap Consumption 50:30:20 Index Fund-Reg(G),2026-08-31T00:00:00.000Z,42.49,Equity : Index Funds,50491
Mirae Asset BSE Sensex ETF,2026-08-31T00:00:00.000Z,41.69,Equity : ETFs,48259
Franklin India Medium to Long Term Fund-Reg(G),2026-08-31T00:00:00.000Z,42.36,Debt : Medium to Long Duration,48952
Navi Nifty Smallcap250 Momentum Quality 100 Index Fund-Reg(G),2026-08-31T00:00:00.000Z,41.56,Equity : Index Funds,49310
SBI FMP-54-1842D-Reg(G),2026-09-30T00:00:00.000Z,41.04,Debt : FTP/FMP,46004
Groww Nifty Metal ETF,2026-08-31T00:00:00.000Z,42.14,Equity : ETFs,50216
The Wealth Company Ethical Fund-Reg(G),2026-08-31T00:00:00.000Z,41.14,Equity : Thematic,50308
Motilal Oswal Diversified Equity Flexicap Passive FoF-Reg(G),2026-08-31T00:00:00.000Z,42.14,FoFs : Domestic,50376
Edelweiss BSE Internet Economy Index Fund-Reg(G),2026-08-31T00:00:00.000Z,40.66,Equity : Thematic,49778
Mahindra Manulife Asia Pacific REITs FOF-Reg(G),2026-08-31T00:00:00.000Z,41.5,FoFs : Overseas,45381
Shriram Overnight Fund-Reg(G),2026-09-30T00:00:00.000Z,40.5,Debt : Overnight,46777
Motilal Oswal BSE Quality ETF,2026-08-31T00:00:00.000Z,40.85,Equity : ETFs,46743
Bajaj Finserv Equity Savings Fund-Reg(G),2026-08-31T00:00:00.000Z,40.36,Hybrid : Equity Savings,50003
Kotak Nifty Top 10 Equal Weight Index Fund-Reg(G),2026-08-31T00:00:00.000Z,39.55,Equity : Index Funds,49776
Groww Nifty Non-Cyclical Consumer Index Fund-Reg(G),2026-08-31T00:00:00.000Z,40.62,Equity : Index Funds,48799
ICICI Pru LT Wealth Enhancement Fund(G),2026-08-31T00:00:00.000Z,39.68,Equity : Tax Saving (ELSS),38299
Mirae Asset Banking and PSU Debt Fund-Reg(G),2026-08-31T00:00:00.000Z,39.76,Debt : Banking & PSU,45003
SBI CRISIL-IBX 10:90 Gilt+SDL Index-Dec 2029 Index Fund-Reg(G),2026-09-30T00:00:00.000Z,39.2,Debt : Medium Duration,50824
SBI Nifty50 Equal Weight ETF,2026-08-31T00:00:00.000Z,39.67,Equity : ETFs,48514
Aditya Birla SL Nifty 200 Momentum 30 ETF,2026-08-31T00:00:00.000Z,39.3,Equity : ETFs,46120
Capitalmind Multi Asset Allocation Fund-Reg(G),2026-08-31T00:00:00.000Z,39.33,Hybrid : Multi Asset Allocation,50668
Motilal Oswal Developed Market Ex US ETFs Overseas Equity Passive FOF-Reg(G),2026-08-31T00:00:00.000Z,39.09,FoFs : Overseas,48142
Kotak Nifty 100 Equal Weight ETF,2026-08-31T00:00:00.000Z,38.37,Equity : ETFs,49470
Groww BSE Hospitals ETF FOF-Reg(G),2026-08-31T00:00:00.000Z,38.38,FoFs : Domestic,50487
LIC MF Equity Savings Fund(G),2026-08-31T00:00:00.000Z,38.78,Hybrid : Equity Savings,12894
SBI FMP-6-3668D-Reg(G),2026-09-30T00:00:00.000Z,37.77,Debt : FTP/FMP,43566
Bajaj Finserv Nifty 50 Index Fund-Reg(G),2026-08-31T00:00:00.000Z,38.52,Equity : Index Funds,49847
Aditya Birla SL CRISIL Liquid Overnight ETF,2026-09-30T00:00:00.000Z,38.2,Debt : Overnight,47722
Angel One Nifty Total Market Momentum Quality 50 Index Fund-Reg(G),2026-08-31T00:00:00.000Z,37.77,Equity : Index Funds,50395
Mirae Asset Nifty LargeMidcap 250 Index Fund-Reg(G),2026-08-31T00:00:00.000Z,37.49,Equity : Index Funds,48945
Groww Nifty 50 ETF,2026-08-31T00:00:00.000Z,38.03,Equity : ETFs,50009
Mirae Asset Nifty India Internet ETF,2026-08-31T00:00:00.000Z,38.01,Equity : ETFs,49981
Sundaram LT Micro Cap Tax Adv Fund-Sr VI-Reg(G),2026-08-31T00:00:00.000Z,36.95,Equity : Tax Saving (ELSS),37867
Bandhan Nifty 500 Momentum 50 Index Fund-Reg(G),2026-08-31T00:00:00.000Z,37.49,Equity : Index Funds,49118
Kotak Nifty India Tourism Index Fund-Reg(G),2026-08-31T00:00:00.000Z,37.49,Equity : Index Funds,49021
Groww Nifty Chemicals ETF,2026-08-31T00:00:00.000Z,36.56,Equity : ETFs,50140
UTI Medium Term Fund-Reg(G),2026-08-31T00:00:00.000Z,36.35,Debt : Medium Duration,31387
Axis Multi Factor Passive FoF-Reg(G),2026-08-31T00:00:00.000Z,36.14,Equity : ETFs,46371
Aditya Birla SL Multi-Asset Passive FoF-Reg(G),2026-08-31T00:00:00.000Z,35.95,FoFs : Domestic,46956
Sundaram LT Micro Cap Tax Adv Fund-Sr IV-Reg(G),2026-08-31T00:00:00.000Z,37.17,Equity : Tax Saving (ELSS),36380
Groww BSE Power ETF FoF-Reg(G),2026-08-31T00:00:00.000Z,36.81,FoFs : Domestic,50008
Bandhan Nifty Next 50 Index Fund-Reg(G),2026-08-31T00:00:00.000Z,35.92,Equity : Index Funds,49614
Axis CRISIL IBX 50:50 Gilt Plus SDL Sep 2027 Index Fund-Reg(G),2026-08-31T00:00:00.000Z,36.22,Debt : Medium Duration,47621
HDFC NIFTY50 Value 20 ETF,2026-08-31T00:00:00.000Z,35.82,Equity : ETFs,46890
Kotak Nifty 200 Momentum 30 ETF,2026-08-31T00:00:00.000Z,35.93,Equity : ETFs,50098
HDFC FMP-Sr 46-1876D-Mar 2022-Reg(G),2026-09-30T00:00:00.000Z,35.7,Debt : FTP/FMP,46540
Angel One Gold ETF FOF-Reg(G),2026-08-31T00:00:00.000Z,35.79,FoFs : Domestic,50225
Quantum Nifty 50 ETF FOF-Reg(G),2026-08-31T00:00:00.000Z,35.5,FoFs : Domestic,46655
SBI CRISIL - IBX SDL Index - June 2034 Index Fund-Reg(G),2026-09-30T00:00:00.000Z,35.08,Debt : Long Duration,50799
Mirae Asset BSE Midcap 150 Momentum 30 ETF FOF-Reg(G),2026-08-31T00:00:00.000Z,34.96,FoFs : Domestic,50928
Bandhan Nifty 500 Value 50 Index Fund-Reg(G),2026-08-31T00:00:00.000Z,35.55,Equity : Index Funds,48800
Sundaram LT Tax Adv Fund-Sr III-Reg(G),2026-08-31T00:00:00.000Z,34.95,Equity : Tax Saving (ELSS),38374
Angel One Silver ETF,2026-08-31T00:00:00.000Z,34.65,Metal : ETFs,50669
Kotak NIFTY India Consumption ETF,2026-08-31T00:00:00.000Z,34.86,Equity : ETFs,45731
Bandhan Nifty IT Index Fund-Reg(G),2026-08-31T00:00:00.000Z,34.18,Equity : Index Funds,48140
WSIF Equity Long-Short Fund-Reg(G),2026-07-31T00:00:00.000Z,33.73,Hybrid : Long - Short,75101
UTI BSE Sensex Next 50 ETF,2026-08-31T00:00:00.000Z,34.07,Equity : ETFs,41461
Bank of India Midcap Tax Fund-Sr 2-Reg(G),2026-08-31T00:00:00.000Z,33.76,Equity : Tax Saving (ELSS),39958
ITI Banking & PSU Debt Fund-Reg(G),2026-09-30T00:00:00.000Z,33.92,Debt : Banking & PSU,44398
Bajaj Finserv Nifty Next 50 Index Fund-Reg(G),2026-08-31T00:00:00.000Z,32.76,Equity : Index Funds,49837
Invesco India Nifty Bank Index Fund-Reg(G),2026-08-31T00:00:00.000Z,33.57,Equity : Index Funds,50836
Angel One Nifty 50 Index Fund-Reg(G),2026-08-31T00:00:00.000Z,33.05,Equity : Index Funds,49842
Groww Gilt Fund-Reg(G),2026-09-30T00:00:00.000Z,33.34,Debt : Gilt,49836
Mirae Asset Silver ETF FOF-Reg(G),2026-08-31T00:00:00.000Z,33.41,FoFs : Domestic,46380
Axis Nifty500 Value 50 ETF,2026-08-31T00:00:00.000Z,32.38,Equity : ETFs,49181
Motilal Oswal BSE Financials ex Bank 30 Index Fund-Reg(G),2026-08-31T00:00:00.000Z,32.74,Equity : Index Funds,46118
UTI Nifty SDL Plus AAA PSU Bond Apr 2028 75:25 Index Fund-Reg(G),2026-08-31T00:00:00.000Z,32.45,Debt : Medium to Long Duration,47706
Aditya Birla SL CRISIL 10 Year Gilt ETF,2026-09-30T00:00:00.000Z,31.97,Debt : ETFs,49045
Sundaram Medium Term Fund(G),2026-09-30T00:00:00.000Z,32.4,Debt : Medium Duration,2936
Samco Overnight Fund-Reg(G),2026-09-30T00:00:00.000Z,31.79,Debt : Overnight,46969
Sundaram LT Micro Cap Tax Adv Fund-Sr V-Reg(G),2026-08-31T00:00:00.000Z,31.97,Equity : Tax Saving (ELSS),36903
UTI Nifty India Manufacturing Index Fund-Reg(G),2026-08-31T00:00:00.000Z,31.58,Equity : Thematic,49584
Shriram Nifty 1D Rate Liquid ETF,2026-09-30T00:00:00.000Z,31.02,Debt : ETFs,48953
ICICI Pru Nifty Top 15 Equal Weight Index Fund-Reg(G),2026-08-31T00:00:00.000Z,31.15,Equity : Index Funds,49748
Edelweiss Nifty500 Multicap Momentum Quality 50 ETF,2026-08-31T00:00:00.000Z,31.18,Equity : ETFs,49220
Motilal Oswal Multi Factor Passive FoF-Reg(G),2026-08-31T00:00:00.000Z,30.47,FoFs : Domestic,49312
HDFC Income Plus Arbitrage Omni FOF-Reg(G),2026-09-30T00:00:00.000Z,31.31,FoFs : Domestic,50397
JioBlackRock Nifty 8-13 yr G-Sec Index Fund-Reg(G),2026-09-30T00:00:00.000Z,30.82,Debt : Long Duration,51173
The Wealth Company Gold ETF,2026-08-31T00:00:00.000Z,30.46,Metal : ETFs,50521
Groww Nifty 500 Momentum 50 ETF,2026-08-31T00:00:00.000Z,29.96,Equity : ETFs,49328
Axis BSE India Sector Leaders Index Fund-Reg(G),2026-08-31T00:00:00.000Z,30.29,Equity : Index Funds,50588
Mirae Asset Multi Factor Passive FOF-Reg(G),2026-08-31T00:00:00.000Z,30.32,FoFs : Domestic,50137
SBI FMP-34-3682D-Reg(G),2026-09-30T00:00:00.000Z,29.85,Debt : FTP/FMP,44969
Aditya Birla SL BSE India Infrastructure Index Fund-Reg(G),2026-08-31T00:00:00.000Z,30.07,Equity : Sectoral - Infrastructure,49355
Aditya Birla SL FTP-TJ-1838D-Reg(G),2026-06-30T00:00:00.000Z,27.74,Debt : FTP/FMP,45628
JM Medium to Long Term Fund-Reg(G),2026-09-30T00:00:00.000Z,28.97,Debt : Medium to Long Duration,1921
SBI FMP-59-1618D-Reg(G),2026-06-30T00:00:00.000Z,29.86,Debt : FTP/FMP,46334
Aditya Birla SL Nifty IT ETF,2026-08-31T00:00:00.000Z,27.66,Equity : ETFs,45697
Samco Arbitrage Fund-Reg(G),2026-08-31T00:00:00.000Z,27.59,Hybrid : Arbitrage,49350
Nippon India Nifty 500 Low Volatility 50 Index Fund-Reg(G),2026-08-31T00:00:00.000Z,27.32,Equity : Index Funds,49833
Aditya Birla SL Retirement Fund-50-Reg(G),2026-09-30T00:00:00.000Z,26.62,Hybrid : Conservative Hybrid,42774
Navi Nifty 500 Multicap 50:25:25 Index Fund-Reg(G),2026-08-31T00:00:00.000Z,27.66,Equity : Index Funds,48958
Kotak Nifty500 Momentum 50 Index Fund-Reg(G),2026-08-31T00:00:00.000Z,26.23,Equity : Index Funds,50233
DSP BSE Sensex Next 30 Index Fund-Reg(G),2026-08-31T00:00:00.000Z,26.06,Equity : Index Funds,49537
Groww Nifty 50 Index Fund-Reg(G),2026-08-31T00:00:00.000Z,26.81,Equity : Index Funds,50018
ICICI Pru Nifty200 Quality 30 Index Fund-Reg(G),2026-08-31T00:00:00.000Z,25.91,Equity : Index Funds,49749
SBI BSE Sensex Next 50 ETF,2026-08-31T00:00:00.000Z,25.93,Equity : ETFs,38734
DSP FMP 270-1172D-Reg(G),2026-08-31T00:00:00.000Z,25.93,Debt : FTP/FMP,47634
UTI Nifty 5 yr Benchmark G-Sec ETF,2026-08-31T00:00:00.000Z,26.12,Debt : ETFs,48533
UTI Nifty 1D Rate Liquid ETF(G),2026-08-31T00:00:00.000Z,25.64,Debt : ETFs,50816
Bajaj Finserv Gilt Fund-Reg(G),2026-09-30T00:00:00.000Z,25.54,Debt : Gilt,48966
Aditya Birla SL CRISIL IBX Gilt April 2033 Index Fund-Reg(G),2026-09-30T00:00:00.000Z,25.6,Debt : Long Duration,48411
Motilal Oswal Nifty MidSmall India Consumption Index Fund-Reg(G),2026-08-31T00:00:00.000Z,24.33,Equity : Index Funds,47385
DSP Nifty Healthcare Index Fund-Reg(G),2026-08-31T00:00:00.000Z,25.41,Equity : Sectoral - Pharma,49905
Groww Dynamic Term Fund-Reg(G),2026-09-30T00:00:00.000Z,25.46,Debt : Dynamic Bond,38110
Axis NIFTY Healthcare ETF,2026-08-31T00:00:00.000Z,24.23,Equity : ETFs,45520
Kotak BSE Sensex ETF,2026-08-31T00:00:00.000Z,24.26,Equity : ETFs,5285
ITI Dynamic Term Fund-Reg(G),2026-09-30T00:00:00.000Z,24.19,Debt : Dynamic Bond,45597
Bandhan BSE India Sector Leaders Index Fund-Reg(G),2026-08-31T00:00:00.000Z,25.02,Equity : Index Funds,50132
Aditya Birla SL Nifty 200 Quality 30 ETF,2026-08-31T00:00:00.000Z,23.99,Equity : ETFs,46122
Aditya Birla SL Nifty PSE ETF,2026-08-31T00:00:00.000Z,23.03,Equity : ETFs,48469
UTI Nifty 10 yr Benchmark G-Sec ETF,2026-08-31T00:00:00.000Z,23.83,Debt : ETFs,48534
Mirae Asset BSE LargeMid (60:40) Stable Dividend 50 ETF,2026-08-31T00:00:00.000Z,23.82,Equity : ETFs,51073
Kotak BSE Sensex Index Fund-Reg(G),2026-08-31T00:00:00.000Z,23.65,Equity : Index Funds,49580
UTI BSE Housing Index Fund-Reg(G),2026-08-31T00:00:00.000Z,23.97,Equity : Index Funds,47964
Mirae Asset BSE Select IPO ETF,2026-08-31T00:00:00.000Z,23.45,Equity : ETFs,49500
Sundaram LT Tax Adv Fund-Sr IV-Reg(G),2026-08-31T00:00:00.000Z,22.64,Equity : Tax Saving (ELSS),39388
Motilal Oswal Nifty Next 50 ETF,2026-08-31T00:00:00.000Z,22.45,Equity : ETFs,49855
Bandhan Aggressive Hybrid Passive FOF-Reg(G),2026-08-31T00:00:00.000Z,22.84,FoFs : Domestic,8457
Capitalmind Arbitrage Fund-Reg(G),2026-08-31T00:00:00.000Z,22.88,Hybrid : Arbitrage,50667
SBI Nifty Consumption ETF,2026-08-31T00:00:00.000Z,22.92,Equity : ETFs,45613
Baroda BNP Paribas Nifty200 Momentum 30 Index Fund-Reg(G),2026-08-31T00:00:00.000Z,22.1,Equity : Index Funds,49199
Bandhan Nifty 50 ETF,2026-08-31T00:00:00.000Z,22.45,Equity : ETFs,34198
HDFC NIFTY Growth Sectors 15 ETF,2026-08-31T00:00:00.000Z,22.0,Equity : ETFs,46047
UTI Annual Interval Fund-I-(G),2026-08-31T00:00:00.000Z,22.24,Debt : FTP/FMP,3541
PGIM India CRISIL IBX Gilt Index - Apr 2028 Fund-Reg(G),2026-08-31T00:00:00.000Z,21.68,Debt : Medium to Long Duration,47617
Mirae Asset Income plus Arbitrage Active FOF-Reg(G),2026-08-31T00:00:00.000Z,22.02,FoFs : Domestic,49935
Kotak Nifty G-Sec July 2033 Index Fund-Reg(G),2026-08-31T00:00:00.000Z,21.56,Debt : Long Duration,48255
HDFC NIFTY100 Quality 30 ETF,2026-08-31T00:00:00.000Z,21.51,Equity : ETFs,46043
Mirae Asset Nifty India New Age Consumption ETF FoF-Reg(G),2026-08-31T00:00:00.000Z,21.96,FoFs : Domestic,49481
Angel One Nifty 50 ETF,2026-08-31T00:00:00.000Z,21.1,Equity : ETFs,49843
Aditya Birla SL CRISIL IBX Gilt Apr 2028 Index Fund-Reg(G),2026-09-30T00:00:00.000Z,21.01,Debt : Medium to Long Duration,47757
Invesco India BSE Sensex Index Fund-Reg(G),2026-08-31T00:00:00.000Z,21.07,Equity : Index Funds,50838
Unifi Liquid Fund-Reg(G),2026-09-30T00:00:00.000Z,20.91,Debt : Liquid,49844
ICICI Pru Nifty 5 yr Benchmark G-SEC ETF,2026-09-30T00:00:00.000Z,20.61,Debt : Medium to Long Duration,46440
Bandhan BSE Healthcare Index Fund-Reg(G),2026-08-31T00:00:00.000Z,21.01,Equity : Index Funds,48745
Choice Nifty Next 50 Index Fund-Reg(G),2026-08-31T00:00:00.000Z,20.38,Equity : Index Funds,50792
Groww Nifty Capital Markets ETF FOF-Reg(G),2026-08-31T00:00:00.000Z,20.94,FoFs : Domestic,50196
Edelweiss BSE LargeMid (60:40) Stable Dividend 50 ETF,2026-08-31T00:00:00.000Z,19.89,Equity : ETFs,51054
Bandhan Nifty Bank Index Fund-Reg(G),2026-08-31T00:00:00.000Z,20.33,Equity : Index Funds,48898
SBI Nifty G-sec Jul 2031 Index Fund-Reg(G),2026-09-30T00:00:00.000Z,19.62,Debt : Medium to Long Duration,50823
Kotak Nifty Next 50 ETF,2026-08-31T00:00:00.000Z,20.16,Equity : ETFs,50270
Bandhan Multi-Asset Passive FOF-Reg(G),2026-08-31T00:00:00.000Z,20.22,FoFs : Domestic,8458
Mirae Asset BSE 200 Equal Weight ETF,2026-08-31T00:00:00.000Z,19.92,Equity : ETFs,49454
Mirae Asset Long Term Fund-Reg(G),2026-08-31T00:00:00.000Z,19.51,Debt : Long Duration,49233
Tata Nifty Pvt Bank ETF,2026-08-31T00:00:00.000Z,19.87,Equity : ETFs,43854
Motilal Oswal Nifty 100 ETF,2026-08-31T00:00:00.000Z,17.89,Equity : ETFs,50366
Aditya Birla SL Conservative Hybrid Active FOF(G),2026-08-31T00:00:00.000Z,18.08,FoFs : Domestic,8297
Navi BSE Sensex Index Fund-Reg(G),2026-08-31T00:00:00.000Z,19.12,Equity : Index Funds,48193
Sundaram Conservative Hybrid Fund(G),2026-09-30T00:00:00.000Z,18.32,Hybrid : Conservative Hybrid,8512
DSP Nifty Healthcare ETF,2026-08-31T00:00:00.000Z,18.12,Equity : Sectoral - Pharma,48427
DSP Nifty Midcap 150 Index Fund-Reg(G),2026-08-31T00:00:00.000Z,17.8,Equity : Index Funds,50481
DSP Nifty Smallcap 250 Index Fund-Reg(G),2026-08-31T00:00:00.000Z,17.58,Equity : Index Funds,50482
Groww Nifty Smallcap 250 ETF,2026-08-31T00:00:00.000Z,17.49,Equity : ETFs,50236
Kotak Nifty 200 Quality 30 Index Fund-Reg(G),2026-08-31T00:00:00.000Z,17.54,Equity : Index Funds,49688
Groww Nifty PSE ETF,2026-08-31T00:00:00.000Z,17.74,Equity : ETFs,50180
Motilal Oswal Nifty India Tourism ETF,2026-08-31T00:00:00.000Z,17.51,Equity : ETFs,49968
LIC MF Childrens Fund-Reg(G),2026-08-31T00:00:00.000Z,16.47,Equity : Flexi Cap,2088
Angel One Nifty Total Market Momentum Quality 50 ETF,2026-08-31T00:00:00.000Z,16.64,Equity : ETFs,50396
DSP Nifty 500 Index Fund-Reg(G),2026-08-31T00:00:00.000Z,16.23,Equity : Index Funds,50490
Groww Nifty 200 ETF,2026-08-31T00:00:00.000Z,16.47,Equity : ETFs,49236
Kotak Nifty Private Bank ETF,2026-08-31T00:00:00.000Z,16.46,Equity : ETFs,50969
The Wealth Company Gold ETF FOF-Reg(G),2026-08-31T00:00:00.000Z,17.06,FoFs : Domestic,50522
Groww Nifty India Internet ETF FOF-Reg(G),2026-08-31T00:00:00.000Z,16.41,FoFs : Domestic,49978
Groww Nifty Realty ETF,2026-08-31T00:00:00.000Z,16.14,Equity : ETFs,50295
Edelweiss BSE Capital Markets & Insurance ETF,2026-08-31T00:00:00.000Z,15.8,Equity : ETFs,49456
Edelweiss Nifty 50 ETF,2026-08-31T00:00:00.000Z,15.95,Equity : ETFs,50363
Edelweiss BSE Top 10 Bank ETF,2026-08-31T00:00:00.000Z,15.84,Equity : ETFs,51044
Groww Nifty Midcap 150 Index Fund-Reg(G),2026-08-31T00:00:00.000Z,15.6,Equity : Index Funds,50135
Mirae Asset Nifty 500 Healthcare ETF,2026-08-31T00:00:00.000Z,15.08,Equity : ETFs,50604
Choice Nifty 50 Index Fund-Reg(G),2026-08-31T00:00:00.000Z,15.34,Equity : Index Funds,50790
Mirae Asset BSE 500 Dividend Leaders 50 ETF,2026-08-31T00:00:00.000Z,15.22,Equity : ETFs,50138
Mirae Asset Nifty200 Momentum 30 Plus 8-13 yr G-Sec 50:50 ETF,2026-08-31T00:00:00.000Z,15.55,Debt : ETFs,50988
Kotak Nifty Midcap 150 ETF,2026-08-31T00:00:00.000Z,14.43,Equity : ETFs,49318
DSP Nifty500 Flexicap Quality 30 ETF,2026-08-31T00:00:00.000Z,14.82,Equity : ETFs,50267
Bandhan Nifty 200 Quality 30 Index Fund-Reg(G),2026-08-31T00:00:00.000Z,14.37,Equity : Index Funds,49390
SBI Nifty Midcap 150 ETF,2026-08-31T00:00:00.000Z,14.15,Equity : ETFs,50743
Edelweiss BSE Sensex ETF,2026-08-31T00:00:00.000Z,14.72,Equity : ETFs,50362
Aditya Birla SL Retirement Fund-50 Plus-Debt Plan-Reg(G),2026-09-30T00:00:00.000Z,13.55,Debt : Short Duration,42778
DSP Nifty 10 yr Benchmark G-Sec ETF,2026-08-31T00:00:00.000Z,14.61,Debt : ETFs,51072
UTI Nifty Midcap 150 ETF,2026-08-31T00:00:00.000Z,13.49,Equity : ETFs,48183
Axis NIFTY India Consumption ETF,2026-08-31T00:00:00.000Z,13.44,Equity : ETFs,45820
Navi Nifty MidSmallcap 400 Index Fund-Reg(G),2026-08-31T00:00:00.000Z,13.48,Equity : Index Funds,50519
Mirae Asset Nifty Top 20 Equal Weight ETF,2026-08-31T00:00:00.000Z,13.88,Equity : ETFs,50019
HDFC NIFTY100 Low Volatility 30 ETF,2026-08-31T00:00:00.000Z,13.21,Equity : ETFs,46044
Kotak Nifty200 Value 30 Index Fund-Reg(G),2026-08-31T00:00:00.000Z,13.18,Equity : Index Funds,50234
DSP Nifty Midcap 150 ETF,2026-08-31T00:00:00.000Z,13.22,Equity : ETFs,50484
Mirae Asset Nifty200 Momentum 30 Plus 8-13yr G-Sec 75:25 Index Fund-Reg(G),2026-08-31T00:00:00.000Z,13.44,Equity : Index Funds,50989
ICICI Pru Nifty Top 15 Equal Weight ETF,2026-08-31T00:00:00.000Z,13.04,Equity : ETFs,49744
Kotak BSE Housing Index Fund-Reg(G),2026-08-31T00:00:00.000Z,12.73,Equity : Index Funds,48163
Groww Nifty PSE ETF FOF-Reg(G),2026-08-31T00:00:00.000Z,12.13,FoFs : Domestic,50654
AlphaGrep Liquid Omni FOF-Reg(G),2026-08-31T00:00:00.000Z,12.2,FoFs : Domestic,51071
Mahindra Manulife Income Plus Arbitrage Active FOF-Reg(G),2026-08-31T00:00:00.000Z,12.78,FoFs : Domestic,50005
Aditya Birla SL CRISIL IBX Gilt June 2027 Index Fund-Reg(G),2026-09-30T00:00:00.000Z,12.75,Debt : Gilt,48450
Mirae Asset Nifty 500 Value 50 ETF,2026-08-31T00:00:00.000Z,12.7,Equity : ETFs,50402
Aditya Birla SL CRISIL Broad Based Gilt ETF,2026-09-30T00:00:00.000Z,11.94,Debt : ETFs,48976
Groww Nifty Next 50 Index Fund-Reg(G),2026-08-31T00:00:00.000Z,11.14,Equity : Index Funds,50134
Angel One Silver ETF FOF-Reg(G),2026-08-31T00:00:00.000Z,11.86,FoFs : Domestic,50670
ITI Overnight Fund-Reg(G),2026-09-30T00:00:00.000Z,12.06,Debt : Overnight,44267
Nippon India Nifty India Manufacturing ETF,2026-08-31T00:00:00.000Z,11.72,Equity : ETFs,50131
Aditya Birla SL CRISIL-IBX AAA Financial Services Index-Sep 2027 Fund-Reg(G),2026-09-30T00:00:00.000Z,10.94,Debt : Medium to Long Duration,49205
Aditya Birla SL MSCI India ETF,2026-08-31T00:00:00.000Z,11.21,Equity : ETFs,50673
Mirae Asset Nifty India Infrastructure & Logistics ETF,2026-08-31T00:00:00.000Z,10.93,Equity : ETFs,50237
Baroda BNP Paribas NIFTY Midcap 150 Index Fund-Reg(G),2026-08-31T00:00:00.000Z,10.51,Equity : Index Funds,49282
Taurus Banking & Fin Serv Fund-Reg(G),2026-08-31T00:00:00.000Z,11.04,Equity : Sectoral - Financial Services,15063
ICICI Pru Nifty Smallcap 250 ETF,2026-08-31T00:00:00.000Z,9.15,Equity : ETFs,50893
Mirae Asset BSE Select IPO ETF FoF-Reg(G),2026-08-31T00:00:00.000Z,9.36,FoFs : Domestic,49499
UTI Nifty 500 ETF,2026-08-31T00:00:00.000Z,9.14,Equity : ETFs,50962
SBI BSE 100 ETF,2026-08-31T00:00:00.000Z,9.62,Equity : ETFs,30042
Groww Nifty 500 Momentum 50 ETF FOF-Reg(G),2026-08-31T00:00:00.000Z,10.65,FoFs : Domestic,49327
DSP Nifty Next 50 ETF,2026-08-31T00:00:00.000Z,9.44,Equity : ETFs,50489
Groww Nifty Next 50 ETF,2026-08-31T00:00:00.000Z,9.02,Equity : ETFs,50133
Taurus Infrastructure Fund-Reg(G),2026-08-31T00:00:00.000Z,8.62,Equity : Sectoral - Infrastructure,3308
Bandhan Nifty Alpha Low Volatility 30 Index Fund-Reg(G),2026-08-31T00:00:00.000Z,9.02,Equity : Index Funds,49119
DSP Nifty Smallcap 250 ETF,2026-08-31T00:00:00.000Z,8.39,Equity : ETFs,50483
Groww Nifty Smallcap 250 Momentum Quality 100 Index Fund-Reg(G),2026-08-31T00:00:00.000Z,8.67,Equity : Index Funds,50889
SBI Nifty Smallcap 250 ETF,2026-08-31T00:00:00.000Z,8.42,Equity : ETFs,50742
Edelweiss Nifty Next 50 ETF,2026-08-31T00:00:00.000Z,8.31,Equity : ETFs,50535
Invesco India Nifty Bank ETF,2026-08-31T00:00:00.000Z,7.6,Equity : ETFs,50999
Groww Nifty Cements ETF,2026-08-31T00:00:00.000Z,8.1,Equity : ETFs,50970
Groww Nifty Smallcap 250 Momentum Quality 100 ETF,2026-08-31T00:00:00.000Z,7.38,Equity : ETFs,50890
Axis CRISIL-IBX AAA Bond NBFC-HFC - Jun 2027 Index Fund-Reg(G),2026-08-31T00:00:00.000Z,7.63,Debt : Short Duration,49126
Mirae Asset BSE 200 Equal Weight ETF FoF-Reg(G),2026-08-31T00:00:00.000Z,7.54,FoFs : Domestic,49699
Nippon India Inv-Qrtly-II(G),2026-09-30T00:00:00.000Z,7.22,Debt : FTP/FMP,2611
Edelweiss Nifty Metal ETF,2026-08-31T00:00:00.000Z,7.48,Equity : ETFs,50933
Groww Nifty 200 ETF FOF-Reg(G),2026-08-31T00:00:00.000Z,7.33,Equity : ETFs,49642
Kotak Nifty Alpha Low-Volatility 30 Index Fund-Reg(G),2026-08-31T00:00:00.000Z,7.33,Equity : Index Funds,50599
UTI Nifty IT ETF,2026-08-31T00:00:00.000Z,6.81,Equity : ETFs,48249
Groww Nifty Private Bank ETF,2026-08-31T00:00:00.000Z,6.8,Equity : ETFs,50750
360 ONE MSCI India ETF,2026-08-31T00:00:00.000Z,6.71,Equity : ETFs,50860
Nippon India BSE Sensex Next 30 ETF,2026-08-31T00:00:00.000Z,6.85,Equity : ETFs,49931
Kotak Nifty Bank Index Fund-Reg(G),2026-08-31T00:00:00.000Z,6.79,Equity : Index Funds,50932
Axis Nifty Energy ETF,2026-08-31T00:00:00.000Z,6.8,Equity : ETFs,14653
Taurus Nifty 50 Index Fund-Reg(G),2026-08-31T00:00:00.000Z,6.65,Equity : Index Funds,8151
Groww Nifty Midcap 150 ETF,2026-08-31T00:00:00.000Z,6.51,Equity : ETFs,50136
Motilal Oswal Nifty Services Sector ETF,2026-08-31T00:00:00.000Z,6.28,Equity : ETFs,50368
Motilal Oswal BSE Select IPO ETF,2026-08-31T00:00:00.000Z,6.38,Equity : ETFs,50477
DSP Nifty FMCG ETF,2026-08-31T00:00:00.000Z,6.29,Equity : ETFs,50871
SBI Nifty200 Value 30 ETF,2026-08-31T00:00:00.000Z,5.9,Equity : ETFs,50694
DSP BSE MidSmall Private Banks ETF,2026-08-31T00:00:00.000Z,5.97,Equity : ETFs,51051
Groww Nifty PSU Bank ETF,2026-08-31T00:00:00.000Z,6.2,Equity : ETFs,50752
Axis CRISIL-IBX AAA Bond Financial Services - Sep 2027 Index Fund-Reg(G),2026-08-31T00:00:00.000Z,5.34,Debt : Medium to Long Duration,49254
Invesco India BSE Sensex ETF,2026-08-31T00:00:00.000Z,5.66,Equity : ETFs,50998
Groww Nifty Private Bank Index Fund-Reg(G),2026-08-31T00:00:00.000Z,5.65,Equity : Index Funds,50749
Baroda BNP Paribas NIFTY Bank ETF,2026-08-31T00:00:00.000Z,4.32,Equity : ETFs,48464
Bandhan Conservative Hybrid Passive FOF-Reg(G),2026-08-31T00:00:00.000Z,5.48,FoFs : Domestic,8459
Motilal Oswal BSE Top 10 Banks ETF,2026-08-31T00:00:00.000Z,5.35,Equity : ETFs,50813
Groww Nifty PSU Bank Index Fund-Reg(G),2026-08-31T00:00:00.000Z,4.47,Equity : Index Funds,50751
Groww Nifty 500 Low Volatility 50 ETF,2026-08-31T00:00:00.000Z,3.96,Equity : ETFs,49742
Motilal Oswal BSE India Infrastructure ETF,2026-08-31T00:00:00.000Z,3.2,Equity : ETFs,49857
Edelweiss Nifty Bank ETF,2026-08-31T00:00:00.000Z,3.35,Equity : ETFs,49134
DSP BSE Sensex ETF,2026-08-31T00:00:00.000Z,3.83,Equity : ETFs,48088
DSP MSCI India ETF,2026-08-31T00:00:00.000Z,2.76,Equity : ETFs,50466
Motilal Oswal Nifty Alpha 50 ETF,2026-08-31T00:00:00.000Z,3.6,Equity : ETFs,49969
Kotak Nifty200 Quality 30 ETF,2026-08-31T00:00:00.000Z,2.86,Equity : ETFs,49777
Motilal Oswal Nifty MNC ETF,2026-08-31T00:00:00.000Z,2.48,Equity : ETFs,50369
Bandhan BSE Sensex ETF,2026-08-31T00:00:00.000Z,1.18,Equity : ETFs,34197
Motilal Oswal Nifty Oil & Gas ETF,2026-08-31T00:00:00.000Z,1.39,Equity : ETFs,51062
Motilal Oswal Nifty India Manufacturing ETF,2026-08-31T00:00:00.000Z,1.66,Equity : ETFs,49856
Motilal Oswal Nifty Metal ETF,2026-08-31T00:00:00.000Z,1.65,Equity : ETFs,51063
Motilal Oswal Nifty PSE ETF,2026-08-31T00:00:00.000Z,2.07,Equity : ETFs,49966
Bandhan CRISIL-IBX 10:90 Gilt+SDL Index - Dec 2029 Fund-Reg(G),2026-08-31T00:00:00.000Z,0.36,Debt : Medium to Long Duration,49630
