fincode,invdate,noshares,percent_aum,schemecode
100180,2026-08-31,297027438,9.85,33369
132174,2026-08-31,138952494,9.45,33369
100325,2026-08-31,131037667,7.83,33369
132454,2026-08-31,58982965,5.00,33369
100510,2026-08-31,22702749,4.30,33369
100112,2026-08-31,80175614,3.98,33369
100209,2026-08-31,68034280,3.61,33369
132215,2026-08-31,55705864,3.39,33369
100247,2026-08-31,142809221,2.80,33369
100520,2026-08-31,17317050,2.66,33369
100034,2026-08-31,51987763,2.57,33369
100875,2026-08-31,186978687,2.23,33369
132540,2026-08-31,19803694,2.22,33369
252306,2026-08-31,140229585,2.15,33369
100114,2026-08-31,8008278,1.91,33369
124715,2026-08-31,20538836,1.91,33369
132500,2026-08-31,2530403,1.60,33369
100696,2026-08-31,17208529,1.58,33369
111218,2026-08-31,27164868,1.41,33369
132555,2026-08-31,91957066,1.41,33369
100470,2026-08-31,160335403,1.38,33369
100049,2026-08-31,69473502,1.35,33369
100440,2026-08-31,28084598,1.33,33369
132281,2026-08-31,20449745,1.26,33369
132538,2026-08-31,2295355,1.23,33369
200132,2026-08-31,2148253,1.22,33369
100300,2026-08-31,7318576,1.15,33369
100228,2026-08-31,18193084,1.11,33369
100820,2026-08-31,8771744,1.09,33369
132898,2026-08-31,87839473,1.08,33369
222055,2026-08-31,4390567,1.07,33369
132921,2026-08-31,14309757,1.07,33369
205198,2026-08-31,11229212,1.06,33369
105200,2026-08-31,2673169,0.99,33369
100790,2026-08-31,13907696,0.97,33369
132755,2026-08-31,12318668,0.94,33369
219300,2026-08-31,46461247,0.87,33369
100251,2026-08-31,6454393,0.87,33369
108869,2026-08-31,1996123,0.83,33369
100312,2026-08-31,75346735,0.82,33369
112599,2026-08-31,5597304,0.75,33369
100087,2026-08-31,10914247,0.72,33369
229365,2026-08-31,63642628,0.72,33369
211385,2026-08-31,8715392,0.71,33369
218071,2026-08-31,14435799,0.70,33369
100124,2026-08-31,11823928,0.64,33369
100800,2026-08-31,12631645,0.61,33369
100570,2026-08-31,40538024,0.59,33369
217389,2026-08-31,20866144,0.53,33369
107685,2026-08-31,52530688,0.45,33369
100180,2026-08-31,203781167,11.85,20447
132174,2026-08-31,95856554,11.40,20447
100325,2026-08-31,90465586,9.53,20447
132454,2026-08-31,40733815,6.11,20447
100510,2026-08-31,15633869,5.17,20447
100112,2026-08-31,55536302,4.83,20447
100209,2026-08-31,46632608,4.31,20447
132215,2026-08-31,38246474,4.02,20447
100247,2026-08-31,98408899,3.37,20447
100520,2026-08-31,11970809,3.26,20447
100034,2026-08-31,35793879,3.12,20447
100875,2026-08-31,128990389,2.71,20447
132540,2026-08-31,13544743,2.63,20447
252306,2026-08-31,96769537,2.60,20447
124715,2026-08-31,14435380,2.32,20447
100114,2026-08-31,5460058,2.29,20447
100696,2026-08-31,11937441,1.95,20447
132500,2026-08-31,1723488,1.90,20447
132555,2026-08-31,63526161,1.71,20447
100470,2026-08-31,110157006,1.66,20447
100049,2026-08-31,47888863,1.63,20447
132281,2026-08-31,14149962,1.52,20447
132538,2026-08-31,1575910,1.49,20447
132921,2026-08-31,9857341,1.32,20447
132898,2026-08-31,60931443,1.32,20447
222055,2026-08-31,2998337,1.27,20447
100820,2026-08-31,6027541,1.27,20447
205198,2026-08-31,7489807,1.24,20447
132755,2026-08-31,8516346,1.13,20447
100251,2026-08-31,4420142,1.04,20447
132174,2026-08-31,71835082,9.19,1131
132215,2026-08-31,54105435,6.19,1131
100180,2026-08-31,91545446,5.71,1131
100112,2026-08-31,44579608,4.16,1131
252306,2026-08-31,117248952,3.39,1131
100247,2026-08-31,88448215,3.27,1131
211385,2026-08-31,20812184,3.19,1131
100510,2026-08-31,8878007,3.16,1131
222055,2026-08-31,6463717,2.98,1131
132500,2026-08-31,2293697,2.74,1131
132454,2026-08-31,16195885,2.58,1131
132281,2026-08-31,21511392,2.48,1131
100087,2026-08-31,19902429,2.47,1131
105200,2026-08-31,3487584,2.44,1131
132898,2026-08-31,87862679,2.04,1131
208361,2026-08-31,9000000,1.75,1131
132488,2026-08-31,1893863,1.58,1131
254493,2026-08-31,9184525,1.52,1131
218071,2026-08-31,16259284,1.49,1131
100228,2026-08-31,12567750,1.45,1131
307332,2026-08-31,76437245,1.44,1131
100325,2026-08-31,12786219,1.44,1131
100530,2026-08-31,305000,1.34,1131
210590,2026-08-31,2721626,1.34,1131
100257,2026-08-31,4888886,0.94,1131
100470,2026-08-31,54088472,0.88,1131
214437,2026-08-31,11621497,0.88,1131
132538,2026-08-31,863185,0.87,1131
132343,2026-08-31,2233516,0.85,1131
221033,2026-08-31,12221356,0.81,1131
302988,2026-08-31,24300000,0.75,1131
132432,2026-08-31,5735000,0.75,1131
218763,2026-08-31,4178451,0.71,1131
100825,2026-08-31,1508522,0.70,1131
233063,2026-08-31,12071638,0.70,1131
108869,2026-08-31,863297,0.68,1131
100049,2026-08-31,17066662,0.62,1131
228049,2026-08-31,7765558,0.61,1131
287433,2026-08-31,16108228,0.57,1131
317635,2026-08-31,58425988,0.57,1131
215216,2026-08-31,563094,0.56,1131
122287,2026-08-31,4571171,0.56,1131
237831,2026-08-31,18427600,0.55,1131
117354,2026-08-31,4906487,0.54,1131
100209,2026-08-31,5376354,0.54,1131
124558,2026-08-31,254894,0.52,1131
112599,2026-08-31,2029136,0.51,1131
216147,2026-08-31,17588172,0.49,1131
132129,2026-08-31,9807167,0.48,1131
213838,2026-08-31,3360975,0.48,1131
100477,2026-08-31,29741264,0.46,1131
200132,2026-08-31,431691,0.46,1131
208364,2026-08-31,1700337,0.46,1131
207901,2026-08-31,1569111,0.45,1131
320396,2026-08-31,2333333,0.42,1131
303107,2026-08-31,20000000,0.41,1131
209078,2026-08-31,3728642,0.38,1131
223586,2026-08-31,7521897,0.38,1131
132756,2026-08-31,10000000,0.34,1131
235506,2026-08-31,6500000,0.33,1131
210072,2026-08-31,241238,0.32,1131
100495,2026-08-31,1200000,0.32,1131
100260,2026-08-31,3964281,0.31,1131
280713,2026-08-31,14500000,0.30,1131
217376,2026-08-31,7750000,0.29,1131
296214,2026-08-31,33500000,0.29,1131
293862,2026-08-31,10853030,0.27,1131
132259,2026-08-31,168864,0.26,1131
132523,2026-08-31,7301958,0.26,1131
100312,2026-08-31,12808217,0.26,1131
294388,2026-08-31,1539837,0.23,1131
100104,2026-08-31,7015842,0.23,1131
100380,2026-08-31,5000000,0.23,1131
122163,2026-08-31,6955715,0.21,1131
254962,2026-08-31,1332789,0.21,1131
100002,2026-08-31,178230,0.12,1131
321331,2026-08-31,2163522,0.10,1131
132134,2026-08-31,3850325,0.08,1131
100469,2026-08-31,127825000,4.21,1305
286335,2026-08-31,39737347,3.98,1305
100271,2026-08-31,26114231,3.79,1305
124494,2026-08-31,18105658,3.30,1305
132296,2026-08-31,13408183,3.07,1305
132814,2026-08-31,36854482,3.06,1305
102355,2026-08-31,14341251,3.02,1305
132541,2026-08-31,15620600,2.86,1305
132843,2026-08-31,32101862,2.69,1305
317635,2026-08-31,226155581,2.31,1305
131642,2026-08-31,30266907,2.29,1305
132720,2026-08-31,66118170,2.28,1305
124804,2026-08-31,13344745,2.12,1305
100104,2026-08-31,60836638,2.05,1305
132432,2026-08-31,14047699,1.93,1305
100480,2026-08-31,4074124,1.92,1305
210590,2026-08-31,3437300,1.78,1305
100483,2026-08-31,11148059,1.77,1305
100877,2026-08-31,41892187,1.70,1305
254493,2026-08-31,9784335,1.69,1305
235355,2026-08-31,6067814,1.62,1305
132286,2026-08-31,14700000,1.62,1305
212427,2026-08-31,3276928,1.61,1305
126299,2026-08-31,7187032,1.61,1305
132477,2026-08-31,89986066,1.57,1305
100096,2026-08-31,41911982,1.47,1305
100530,2026-08-31,312244,1.44,1305
132683,2026-08-31,3393239,1.33,1305
289108,2026-08-31,31539800,1.33,1305
252306,2026-08-31,42950392,1.30,1305
190003,2026-08-31,39202000,1.26,1305
100493,2026-08-31,6436155,1.25,1305
132187,2026-08-31,11803238,1.11,1305
106395,2026-08-31,6148131,1.08,1305
209078,2026-08-31,9935242,1.08,1305
217400,2026-08-31,20603336,1.08,1305
100850,2026-08-31,14108139,0.96,1305
132805,2026-08-31,27597099,0.91,1305
117354,2026-08-31,7855564,0.90,1305
217379,2026-08-31,5996123,0.87,1305
221033,2026-08-31,12002549,0.84,1305
100495,2026-08-31,2971580,0.82,1305
132424,2026-08-31,9870558,0.82,1305
100403,2026-08-31,7211207,0.80,1305
132129,2026-08-31,14918049,0.76,1305
214179,2026-08-31,10066153,0.76,1305
132210,2026-08-31,33333333,0.71,1305
210072,2026-08-31,514290,0.71,1305
132514,2026-08-31,51141859,0.71,1305
322950,2026-08-31,2353023,0.65,1305
280713,2026-08-31,28767054,0.63,1305
295872,2026-08-31,1386604,0.60,1305
122113,2026-08-31,1954416,0.57,1305
100410,2026-08-31,4745926,0.56,1305
109930,2026-08-31,1657525,0.54,1305
100101,2026-08-31,8151786,0.42,1305
132466,2026-08-31,340648,0.39,1305
124208,2026-08-31,7731125,0.37,1305
132522,2026-08-31,12991908,0.36,1305
100472,2026-08-31,2353023,0.34,1305
102986,2026-08-31,6244601,0.33,1305
104973,2026-08-31,2264620,0.31,1305
132714,2026-08-31,8032350,0.31,1305
132174,2026-08-31,39244463,5.32,1273
100180,2026-08-31,62464555,4.13,1273
100325,2026-08-31,31400311,3.74,1273
100112,2026-08-31,35000000,3.46,1273
132454,2026-08-31,17323283,2.93,1273
132215,2026-08-31,22125438,2.68,1273
100510,2026-08-31,6879083,2.59,1273
132555,2026-08-31,63500000,1.94,1273
252306,2026-08-31,53965593,1.65,1273
219300,2026-08-31,42800000,1.60,1273
100209,2026-08-31,15000000,1.59,1273
124715,2026-08-31,8346339,1.54,1273
100247,2026-08-31,38967751,1.52,1273
132500,2026-08-31,1155126,1.46,1273
132281,2026-08-31,10104420,1.24,1273
132540,2026-08-31,5377541,1.20,1273
222055,2026-08-31,2422827,1.18,1273
217376,2026-08-31,30392970,1.18,1273
100257,2026-08-31,5686457,1.16,1273
100875,2026-08-31,42854974,1.02,1273
100520,2026-08-31,2858563,0.87,1273
211385,2026-08-31,5333809,0.87,1273
208361,2026-08-31,3973073,0.82,1273
132155,2026-08-31,49063637,0.81,1273
132488,2026-08-31,888857,0.78,1273
132134,2026-08-31,30000000,0.67,1273
100470,2026-08-31,37885014,0.65,1273
132259,2026-08-31,380000,0.63,1273
100547,2026-08-31,20733638,0.63,1273
132187,2026-08-31,6500000,0.62,1273
100104,2026-08-31,17635176,0.60,1273
132810,2026-08-31,18500000,0.58,1273
237831,2026-08-31,17275875,0.55,1273
200055,2026-08-31,17000000,0.51,1273
286335,2026-08-31,4904394,0.50,1273
111243,2026-08-31,2692272,0.47,1273
132286,2026-08-31,4228806,0.47,1273
124494,2026-08-31,2497123,0.46,1273
132538,2026-08-31,431592,0.46,1273
219494,2026-08-31,983882,0.44,1273
124804,2026-08-31,2700437,0.43,1273
200132,2026-08-31,377629,0.43,1273
217396,2026-08-31,29777670,0.43,1273
100048,2026-08-31,2143066,0.39,1273
100825,2026-08-31,800928,0.39,1273
105242,2026-08-31,347714,0.39,1273
223187,2026-08-31,1148036,0.39,1273
220869,2026-08-31,4254456,0.39,1273
317635,2026-08-31,37905983,0.39,1273
297249,2026-08-31,6053340,0.39,1273
205198,2026-08-31,2000000,0.38,1273
100877,2026-08-31,9000000,0.37,1273
100493,2026-08-31,1869073,0.37,1273
208264,2026-08-31,23000000,0.36,1273
278701,2026-08-31,6682615,0.33,1273
200115,2026-08-31,4200000,0.32,1273
100425,2026-08-31,8174656,0.31,1273
100530,2026-08-31,65972,0.31,1273
100696,2026-08-31,1717714,0.31,1273
254962,2026-08-31,1777052,0.30,1273
124667,2026-08-31,4486192,0.29,1273
132432,2026-08-31,2115857,0.29,1273
132129,2026-08-31,5433175,0.28,1273
126299,2026-08-31,1257231,0.28,1273
100312,2026-08-31,13070826,0.28,1273
212705,2026-08-31,2100000,0.25,1273
122287,2026-08-31,1946606,0.25,1273
208745,2026-08-31,6450000,0.25,1273
267615,2026-08-31,2005198,0.24,1273
100252,2026-08-31,137268,0.24,1273
212427,2026-08-31,458965,0.23,1273
208238,2026-08-31,1250000,0.23,1273
200043,2026-08-31,4957308,0.23,1273
216369,2026-08-31,29879361,0.21,1273
132856,2026-08-31,12000000,0.21,1273
100251,2026-08-31,789690,0.21,1273
322541,2026-08-31,11028289,0.20,1273
132296,2026-08-31,885046,0.20,1273
106590,2026-08-31,6278237,0.19,1273
132755,2026-08-31,1238484,0.19,1273
207778,2026-08-31,15834080,0.18,1273
297629,2026-08-31,4143548,0.18,1273
255331,2026-08-31,1230913,0.18,1273
100477,2026-08-31,10629062,0.17,1273
100084,2026-08-31,12780789,0.17,1273
322918,2026-08-31,3904156,0.17,1273
100820,2026-08-31,643542,0.16,1273
280713,2026-08-31,7400000,0.16,1273
208196,2026-08-31,636090,0.15,1273
100093,2026-08-31,1691759,0.14,1273
100087,2026-08-31,1060783,0.14,1273
111218,2026-08-31,1375000,0.14,1273
132868,2026-08-31,2000000,0.13,1273
217389,2026-08-31,2610766,0.13,1273
209979,2026-08-31,1197585,0.12,1273
117300,2026-08-31,6327000,0.12,1273
279527,2026-08-31,7407260,0.11,1273
100124,2026-08-31,1000000,0.11,1273
132777,2026-08-31,936220,0.11,1273
229365,2026-08-31,4980933,0.11,1273
208607,2026-08-31,667057,0.11,1273
225051,2026-08-31,1877975,0.11,1273
293862,2026-08-31,4000000,0.11,1273
100570,2026-08-31,3904156,0.11,1273
100238,2026-08-31,1430972,0.11,1273
223595,2026-08-31,287665,0.10,1273
126612,2026-08-31,227052,0.10,1273
208461,2026-08-31,1978533,0.10,1273
132514,2026-08-31,6502880,0.09,1273
215367,2026-08-31,2009652,0.09,1273
321331,2026-08-31,1590399,0.08,1273
209492,2026-08-31,999852,0.08,1273
316052,2026-08-31,2933343,0.07,1273
235955,2026-08-31,618556,0.07,1273
222822,2026-08-31,7313200,0.07,1273
105537,2026-08-31,8160030,0.07,1273
228974,2026-08-31,509588,0.06,1273
213327,2026-08-31,3300000,0.06,1273
318678,2026-08-31,4147692,0.06,1273
321652,2026-08-31,3023499,0.06,1273
216147,2026-08-31,2112854,0.06,1273
254493,2026-08-31,359723,0.06,1273
132822,2026-08-31,44528169,0.06,1273
207872,2026-08-31,345102,0.05,1273
210590,2026-08-31,100000,0.05,1273
132779,2026-08-31,484632,0.05,1273
105533,2026-08-31,937597,0.05,1273
314345,2026-08-31,1313506,0.04,1273
100830,2026-08-31,200000,0.04,1273
208045,2026-08-31,2967752,0.04,1273
132843,2026-08-31,500000,0.04,1273
208364,2026-08-31,134574,0.04,1273
132921,2026-08-31,215231,0.03,1273
229218,2026-08-31,952417,0.03,1273
132370,2026-08-31,569833,0.03,1273
232353,2026-08-31,969882,0.03,1273
223586,2026-08-31,607230,0.03,1273
210949,2026-08-31,60161,0.02,1273
228460,2026-08-31,1950124,0.02,1273
307744,2026-08-31,1113681,0.02,1273
100085,2026-08-31,620921,0.02,1273
106395,2026-08-31,133734,0.02,1273
273557,2026-08-31,912850,0.02,1273
220350,2026-08-31,611641,0.02,1273
316572,2026-08-31,504030,0.02,1273
221033,2026-08-31,92791,0.01,1273
304701,2026-08-31,458949,0.01,1273
208099,2026-08-31,81119,0.01,1273
311741,2026-08-31,220323,0.01,1273
241214,2026-08-31,900000,0.01,1273
209097,2026-08-31,600000,0.01,1273
323819,2026-08-31,1033648,0.01,1273
217400,2026-08-31,225476,0.01,1273
131426,2026-08-31,564812,0.01,1273
100770,2026-08-31,220000,0.01,1273
132477,2026-08-31,704503,0.01,1273
112070,2026-08-31,170402,0.01,1273
209550,2026-08-31,389122,0.01,1273
222276,2026-08-31,4587241,0.00,1273
303704,2026-08-31,32201,0.00,1273
209967,2026-08-31,5342,0.00,1273
323597,2026-08-31,1120219,0.00,1273
271118,2026-08-31,8083148,0.00,1273
231273,2026-08-31,102953,0.00,1273
100800,2026-08-31,4556,0.00,1273
132174,2026-08-31,27000000,4.43,2747
132725,2026-08-31,1790000,4.06,2747
100112,2026-08-31,33000000,3.95,2747
100247,2026-08-31,70000000,3.31,2747
271875,2026-08-31,19000000,3.04,2747
209867,2026-08-31,130000000,2.90,2747
100034,2026-08-31,23000000,2.74,2747
100290,2026-08-31,170000,2.56,2747
112599,2026-08-31,7460874,2.41,2747
222055,2026-08-31,4000000,2.36,2747
217376,2026-08-31,50000000,2.36,2747
221790,2026-08-31,7000000,2.35,2747
100510,2026-08-31,5153000,2.35,2747
223595,2026-08-31,5250000,2.31,2747
132454,2026-08-31,11000000,2.25,2747
100325,2026-08-31,15000000,2.16,2747
100180,2026-08-31,27000000,2.16,2747
132488,2026-08-31,1900000,2.03,2747
132541,2026-08-31,9000000,2.02,2747
132540,2026-08-31,7000000,1.89,2747
233063,2026-08-31,23000000,1.72,2747
100209,2026-08-31,13000000,1.66,2747
100820,2026-08-31,5500000,1.65,2747
208461,2026-08-31,25000000,1.47,2747
132683,2026-08-31,2900000,1.39,2747
132827,2026-08-31,317411,1.28,2747
132868,2026-08-31,13000000,1.01,2747
132286,2026-08-31,7000000,0.94,2747
100387,2026-08-31,350550,0.92,2747
132830,2026-08-31,5300000,0.91,2747
317635,2026-08-31,70000000,0.87,2747
219300,2026-08-31,19000000,0.86,2747
218071,2026-08-31,7000000,0.82,2747
323093,2026-08-31,35403347,0.82,2747
132478,2026-08-31,5000000,0.74,2747
124715,2026-08-31,2998232,0.67,2747
100875,2026-08-31,23000000,0.66,2747
220018,2026-08-31,2905169,0.61,2747
105533,2026-08-31,7107314,0.46,2747
100459,2026-08-31,430000,0.39,2747
117354,2026-08-31,2222375,0.31,2747
209550,2026-08-31,3331748,0.15,2747
293862,2026-08-31,4203982,0.13,2747
218036,2026-08-31,80000,0.00,2747
100530,2026-08-31,4700,0.00,2747
100103,2026-08-31,34508595,1.85,12758
223658,2026-08-31,19307704,1.82,12758
132259,2026-08-31,808204,1.73,12758
100180,2026-08-31,19954929,1.71,12758
190003,2026-08-31,31907252,1.34,12758
100112,2026-08-31,10000000,1.28,12758
100403,2026-08-31,8522020,1.24,12758
287433,2026-08-31,24487415,1.19,12758
209147,2026-08-31,6563832,1.16,12758
208766,2026-08-31,2800000,1.15,12758
307061,2026-08-31,3879742,1.12,12758
131335,2026-08-31,17132587,1.10,12758
100241,2026-08-31,4525148,1.04,12758
132477,2026-08-31,41391115,0.95,12758
100123,2026-08-31,677636,0.95,12758
132215,2026-08-31,5977976,0.94,12758
100038,2026-08-31,11131698,0.93,12758
113683,2026-08-31,27587015,0.89,12758
222961,2026-08-31,3400001,0.86,12758
132757,2026-08-31,642476,0.85,12758
269404,2026-08-31,2499222,0.84,12758
200017,2026-08-31,3450588,0.83,12758
215216,2026-08-31,597209,0.81,12758
208763,2026-08-31,954732,0.81,12758
221033,2026-08-31,8772707,0.80,12758
132497,2026-08-31,1427333,0.78,12758
100238,2026-08-31,8009151,0.78,12758
241214,2026-08-31,39089109,0.76,12758
131162,2026-08-31,16844801,0.74,12758
132331,2026-08-31,1674471,0.73,12758
304682,2026-08-31,3427297,0.72,12758
105283,2026-08-31,8218880,0.71,12758
207952,2026-08-31,24749675,0.69,12758
100696,2026-08-31,2895540,0.69,12758
100680,2026-08-31,1206103,0.68,12758
210072,2026-08-31,370644,0.67,12758
217757,2026-08-31,4748659,0.66,12758
209373,2026-08-31,13322540,0.65,12758
235355,2026-08-31,1832424,0.64,12758
219300,2026-08-31,13000000,0.63,12758
100133,2026-08-31,853782,0.63,12758
132796,2026-08-31,2480000,0.62,12758
207673,2026-08-31,26233343,0.61,12758
122287,2026-08-31,3622814,0.61,12758
132504,2026-08-31,567368,0.60,12758
303157,2026-08-31,5314611,0.60,12758
115030,2026-08-31,5102823,0.59,12758
102986,2026-08-31,8465828,0.59,12758
277169,2026-08-31,5830504,0.58,12758
208764,2026-08-31,8091739,0.58,12758
289108,2026-08-31,10517117,0.58,12758
226625,2026-08-31,15087423,0.56,12758
221645,2026-08-31,6118377,0.56,12758
321202,2026-08-31,8573332,0.56,12758
217389,2026-08-31,8549571,0.56,12758
106820,2026-08-31,661875,0.56,12758
113375,2026-08-31,4073740,0.55,12758
209979,2026-08-31,4249792,0.54,12758
100260,2026-08-31,5076860,0.54,12758
122113,2026-08-31,1382500,0.53,12758
132630,2026-08-31,5394102,0.51,12758
219494,2026-08-31,862972,0.50,12758
288451,2026-08-31,785023,0.50,12758
229238,2026-08-31,2587622,0.50,12758
132689,2026-08-31,3333342,0.49,12758
100126,2026-08-31,694659,0.49,12758
132889,2026-08-31,3448243,0.49,12758
132835,2026-08-31,809283,0.48,12758
214179,2026-08-31,4785079,0.47,12758
132432,2026-08-31,2617659,0.47,12758
132548,2026-08-31,5074464,0.47,12758
215367,2026-08-31,7755917,0.47,12758
322366,2026-08-31,33086819,0.47,12758
305799,2026-08-31,3937532,0.46,12758
100144,2026-08-31,3040235,0.46,12758
100800,2026-08-31,3608686,0.45,12758
124000,2026-08-31,8091706,0.45,12758
200055,2026-08-31,11511370,0.45,12758
106076,2026-08-31,1817531,0.45,12758
132493,2026-08-31,2200000,0.44,12758
280713,2026-08-31,15310436,0.44,12758
100247,2026-08-31,8500000,0.43,12758
207950,2026-08-31,2539226,0.43,12758
208190,2026-08-31,1558820,0.43,12758
200025,2026-08-31,4498108,0.43,12758
229365,2026-08-31,14450010,0.42,12758
220519,2026-08-31,7292317,0.42,12758
323260,2026-08-31,13437356,0.42,12758
214084,2026-08-31,840207,0.41,12758
209068,2026-08-31,8932844,0.41,12758
288401,2026-08-31,19057091,0.41,12758
210217,2026-08-31,4658823,0.41,12758
224898,2026-08-31,8201672,0.40,12758
132175,2026-08-31,2791867,0.40,12758
106655,2026-08-31,2565754,0.39,12758
106401,2026-08-31,1857622,0.39,12758
132210,2026-08-31,13667560,0.38,12758
322541,2026-08-31,16523048,0.38,12758
218764,2026-08-31,5167803,0.38,12758
210590,2026-08-31,550028,0.37,12758
324996,2026-08-31,7019640,0.37,12758
124208,2026-08-31,5663408,0.36,12758
100575,2026-08-31,2493009,0.36,12758
100850,2026-08-31,3975828,0.36,12758
117334,2026-08-31,17000000,0.35,12758
100067,2026-08-31,2002468,0.35,12758
235668,2026-08-31,5114115,0.34,12758
224880,2026-08-31,12207638,0.34,12758
317139,2026-08-31,31207243,0.34,12758
210859,2026-08-31,5007516,0.34,12758
120057,2026-08-31,21133584,0.32,12758
100425,2026-08-31,6615810,0.32,12758
229852,2026-08-31,16237157,0.32,12758
235506,2026-08-31,4581344,0.32,12758
100214,2026-08-31,7161360,0.32,12758
100400,2026-08-31,7707138,0.32,12758
100049,2026-08-31,6211691,0.31,12758
231440,2026-08-31,4178025,0.31,12758
227347,2026-08-31,1476822,0.31,12758
226611,2026-08-31,20260819,0.31,12758
123457,2026-08-31,400000,0.31,12758
301912,2026-08-31,3091186,0.31,12758
117506,2026-08-31,4413794,0.31,12758
303107,2026-08-31,10793786,0.31,12758
100420,2026-08-31,505464,0.31,12758
321317,2026-08-31,9797902,0.31,12758
132921,2026-08-31,1593769,0.31,12758
100086,2026-08-31,5659350,0.30,12758
117015,2026-08-31,974673,0.30,12758
132810,2026-08-31,7393176,0.30,12758
217842,2026-08-31,4021039,0.30,12758
218763,2026-08-31,1290970,0.30,12758
222554,2026-08-31,524363,0.29,12758
100335,2026-08-31,2697453,0.29,12758
100233,2026-08-31,1895015,0.29,12758
130343,2026-08-31,7000000,0.28,12758
100378,2026-08-31,7567590,0.28,12758
100040,2026-08-31,1721623,0.28,12758
211595,2026-08-31,9728130,0.27,12758
106222,2026-08-31,1109890,0.27,12758
106285,2026-08-31,566144,0.27,12758
131266,2026-08-31,501622,0.26,12758
314935,2026-08-31,2053186,0.26,12758
100253,2026-08-31,4017748,0.26,12758
200007,2026-08-31,10691520,0.26,12758
100444,2026-08-31,3459187,0.26,12758
317201,2026-08-31,3688067,0.25,12758
213429,2026-08-31,19133536,0.25,12758
105790,2026-08-31,484271,0.24,12758
132756,2026-08-31,4966784,0.24,12758
209097,2026-08-31,9200000,0.24,12758
222264,2026-08-31,3451480,0.24,12758
124715,2026-08-31,1000000,0.24,12758
200057,2026-08-31,6695997,0.23,12758
100295,2026-08-31,6944141,0.23,12758
305179,2026-08-31,4136864,0.23,12758
100870,2026-08-31,10072811,0.23,12758
320627,2026-08-31,22375020,0.23,12758
209344,2026-08-31,3554584,0.22,12758
111072,2026-08-31,806058,0.22,12758
218533,2026-08-31,944173,0.22,12758
122064,2026-08-31,898730,0.22,12758
200515,2026-08-31,669600,0.21,12758
223187,2026-08-31,479269,0.21,12758
122205,2026-08-31,5051724,0.21,12758
209165,2026-08-31,2482877,0.20,12758
100085,2026-08-31,4057980,0.20,12758
100084,2026-08-31,11188202,0.20,12758
274083,2026-08-31,3111032,0.19,12758
318618,2026-08-31,3321083,0.19,12758
267615,2026-08-31,1268993,0.19,12758
100252,2026-08-31,84041,0.19,12758
200020,2026-08-31,2443732,0.19,12758
132868,2026-08-31,2211533,0.19,12758
212705,2026-08-31,1197856,0.18,12758
100250,2026-08-31,890918,0.18,12758
210036,2026-08-31,1888055,0.18,12758
296050,2026-08-31,1323874,0.18,12758
311742,2026-08-31,650911,0.18,12758
100674,2026-08-31,479885,0.18,12758
126807,2026-08-31,911479,0.18,12758
256461,2026-08-31,1152910,0.17,12758
221842,2026-08-31,1038984,0.17,12758
294320,2026-08-31,2401213,0.17,12758
122074,2026-08-31,2193888,0.17,12758
131599,2026-08-31,4275331,0.17,12758
105010,2026-08-31,759930,0.16,12758
223571,2026-08-31,5123624,0.16,12758
209492,2026-08-31,1509207,0.16,12758
111196,2026-08-31,1644260,0.16,12758
311571,2026-08-31,2510461,0.16,12758
209220,2026-08-31,1433082,0.15,12758
222822,2026-08-31,11408783,0.15,12758
293862,2026-08-31,4472620,0.15,12758
211531,2026-08-31,1690305,0.15,12758
100495,2026-08-31,394076,0.14,12758
100820,2026-08-31,442652,0.14,12758
311991,2026-08-31,6150393,0.14,12758
104067,2026-08-31,2496604,0.14,12758
120113,2026-08-31,2880000,0.14,12758
100304,2026-08-31,11111066,0.14,12758
315602,2026-08-31,272552,0.14,12758
208745,2026-08-31,2589175,0.13,12758
209063,2026-08-31,1256139,0.13,12758
282626,2026-08-31,2214923,0.13,12758
251940,2026-08-31,1191114,0.13,12758
272156,2026-08-31,4422876,0.13,12758
226076,2026-08-31,1842606,0.13,12758
274045,2026-08-31,785051,0.13,12758
307332,2026-08-31,4990259,0.13,12758
273033,2026-08-31,13733036,0.12,12758
100031,2026-08-31,3092715,0.12,12758
223679,2026-08-31,1346725,0.12,12758
321652,2026-08-31,4817119,0.12,12758
304683,2026-08-31,600000,0.12,12758
210258,2026-08-31,1896344,0.12,12758
304701,2026-08-31,4066385,0.11,12758
221809,2026-08-31,12720455,0.11,12758
318045,2026-08-31,2112376,0.11,12758
132221,2026-08-31,3158666,0.11,12758
274038,2026-08-31,1330048,0.10,12758
132400,2026-08-31,2901558,0.10,12758
100101,2026-08-31,1485148,0.10,12758
323819,2026-08-31,5885152,0.10,12758
213133,2026-08-31,14829218,0.09,12758
100330,2026-08-31,1238343,0.09,12758
124051,2026-08-31,657517,0.09,12758
232353,2026-08-31,1984176,0.09,12758
320350,2026-08-31,4600506,0.09,12758
124200,2026-08-31,519708,0.08,12758
293601,2026-08-31,1373373,0.08,12758
100245,2026-08-31,1532554,0.08,12758
131531,2026-08-31,564524,0.08,12758
117168,2026-08-31,968256,0.08,12758
132612,2026-08-31,2594559,0.08,12758
223430,2026-08-31,1234652,0.08,12758
100380,2026-08-31,1063054,0.07,12758
200094,2026-08-31,3282291,0.07,12758
132714,2026-08-31,1480930,0.07,12758
132486,2026-08-31,660727,0.07,12758
238594,2026-08-31,1784029,0.07,12758
303146,2026-08-31,1675335,0.07,12758
216719,2026-08-31,1243351,0.07,12758
208808,2026-08-31,902883,0.06,12758
322113,2026-08-31,894955,0.06,12758
292420,2026-08-31,458093,0.05,12758
315970,2026-08-31,607753,0.05,12758
311915,2026-08-31,2526912,0.04,12758
212609,2026-08-31,526867,0.04,12758
240920,2026-08-31,601433,0.04,12758
275477,2026-08-31,556582,0.03,12758
303704,2026-08-31,1154393,0.03,12758
322716,2026-08-31,246052,0.02,12758
132425,2026-08-31,1458388,0.01,12758
100180,2026-08-31,101837184,9.85,33150
132174,2026-08-31,47640487,9.45,33150
100325,2026-08-31,44926850,7.83,33150
132454,2026-08-31,20222574,5.00,33150
100510,2026-08-31,7783737,4.30,33150
100112,2026-08-31,27488566,3.98,33150
100209,2026-08-31,23325856,3.61,33150
132215,2026-08-31,19099004,3.39,33150
100247,2026-08-31,48962784,2.80,33150
100520,2026-08-31,5937228,2.66,33150
100034,2026-08-31,17824230,2.57,33150
100875,2026-08-31,64106470,2.23,33150
132540,2026-08-31,6789787,2.22,33150
252306,2026-08-31,48078338,2.15,33150
100114,2026-08-31,2745670,1.91,33150
124715,2026-08-31,7041830,1.91,33150
132500,2026-08-31,867563,1.60,33150
100696,2026-08-31,5900024,1.58,33150
111218,2026-08-31,9313593,1.41,33150
132555,2026-08-31,31527899,1.41,33150
100470,2026-08-31,54971718,1.38,33150
100049,2026-08-31,23819295,1.35,33150
100440,2026-08-31,9628932,1.33,33150
132281,2026-08-31,7011287,1.26,33150
132538,2026-08-31,786972,1.23,33150
200132,2026-08-31,736538,1.22,33150
100300,2026-08-31,2509211,1.15,33150
100228,2026-08-31,6237584,1.11,33150
100820,2026-08-31,3007434,1.09,33150
132898,2026-08-31,30116147,1.08,33150
222055,2026-08-31,1505322,1.07,33150
132921,2026-08-31,4906164,1.07,33150
205198,2026-08-31,3849989,1.06,33150
105200,2026-08-31,916510,0.99,33150
100790,2026-08-31,4768321,0.97,33150
132755,2026-08-31,4223509,0.94,33150
219300,2026-08-31,15929442,0.87,33150
100251,2026-08-31,2212918,0.87,33150
108869,2026-08-31,684381,0.83,33150
100312,2026-08-31,25832974,0.82,33150
112599,2026-08-31,1919061,0.75,33150
100087,2026-08-31,3742003,0.72,33150
229365,2026-08-31,21820176,0.72,33150
211385,2026-08-31,2988111,0.71,33150
218071,2026-08-31,4949378,0.70,33150
100124,2026-08-31,4053883,0.64,33150
100800,2026-08-31,4330811,0.61,33150
100570,2026-08-31,13898637,0.59,33150
217389,2026-08-31,7154049,0.53,33150
107685,2026-08-31,18010381,0.45,33150
100180,2026-08-31,93212312,9.85,2272
132174,2026-08-31,43605619,9.45,2272
100325,2026-08-31,41121900,7.83,2272
132454,2026-08-31,18509772,5.00,2272
100510,2026-08-31,7124529,4.30,2272
100112,2026-08-31,25160373,3.97,2272
100209,2026-08-31,21350213,3.61,2272
132215,2026-08-31,17481475,3.39,2272
100247,2026-08-31,44816000,2.80,2272
100520,2026-08-31,5434470,2.66,2272
100034,2026-08-31,16314652,2.57,2272
100875,2026-08-31,58676998,2.23,2272
132540,2026-08-31,6214827,2.22,2272
252306,2026-08-31,44006366,2.15,2272
100114,2026-08-31,2513192,1.91,2272
124715,2026-08-31,6445445,1.91,2272
132500,2026-08-31,794059,1.60,2272
100696,2026-08-31,5400276,1.58,2272
111218,2026-08-31,8524745,1.41,2272
132555,2026-08-31,28857638,1.41,2272
100470,2026-08-31,50316018,1.38,2272
100049,2026-08-31,21801944,1.35,2272
100440,2026-08-31,8813387,1.33,2272
132281,2026-08-31,6417551,1.26,2272
132538,2026-08-31,720240,1.23,2272
200132,2026-08-31,674181,1.22,2272
100300,2026-08-31,2296589,1.15,2272
100228,2026-08-31,5709211,1.11,2272
100820,2026-08-31,2752688,1.09,2272
132898,2026-08-31,27565501,1.08,2272
132921,2026-08-31,4490656,1.07,2272
222055,2026-08-31,1377810,1.07,2272
205198,2026-08-31,3523908,1.06,2272
105200,2026-08-31,838979,0.99,2272
100790,2026-08-31,4364550,0.97,2272
132755,2026-08-31,3865903,0.94,2272
219300,2026-08-31,14580285,0.87,2272
100251,2026-08-31,2025714,0.87,2272
108869,2026-08-31,626329,0.83,2272
100312,2026-08-31,23645108,0.82,2272
112599,2026-08-31,1756596,0.75,2272
229365,2026-08-31,19972077,0.72,2272
100087,2026-08-31,3425070,0.72,2272
211385,2026-08-31,2735041,0.71,2272
218071,2026-08-31,4530122,0.70,2272
100124,2026-08-31,3710553,0.64,2272
100800,2026-08-31,3964116,0.61,2272
100570,2026-08-31,12721479,0.59,2272
217389,2026-08-31,6548149,0.53,2272
107685,2026-08-31,16485093,0.45,2272
100180,2026-08-31,95402914,11.85,33151
132174,2026-08-31,44876543,11.40,33151
100325,2026-08-31,42352683,9.53,33151
132454,2026-08-31,19070075,6.11,33151
100510,2026-08-31,7319210,5.17,33151
100112,2026-08-31,26000096,4.83,33151
100209,2026-08-31,21831706,4.31,33151
132215,2026-08-31,17905591,4.02,33151
100247,2026-08-31,46071476,3.37,33151
100520,2026-08-31,5604283,3.26,33151
100034,2026-08-31,16757385,3.12,33151
100875,2026-08-31,60388605,2.71,33151
132540,2026-08-31,6341161,2.63,33151
252306,2026-08-31,45303943,2.60,33151
124715,2026-08-31,6758101,2.32,33151
100114,2026-08-31,2556218,2.29,33151
100696,2026-08-31,5588658,1.95,33151
132500,2026-08-31,806867,1.90,33151
132555,2026-08-31,29740631,1.71,33151
100470,2026-08-31,51571523,1.66,33151
100049,2026-08-31,22419813,1.63,33151
132281,2026-08-31,6624491,1.52,33151
132538,2026-08-31,737803,1.49,33151
132921,2026-08-31,4614837,1.32,33151
132898,2026-08-31,28525869,1.32,33151
222055,2026-08-31,1403732,1.27,33151
100820,2026-08-31,2821874,1.27,33151
205198,2026-08-31,3506459,1.24,33151
132755,2026-08-31,3987041,1.13,33151
100251,2026-08-31,2069370,1.04,33151
100180,2026-08-31,52749376,6.64,2466
132215,2026-08-31,22240351,5.14,2466
100209,2026-08-31,17039713,3.43,2466
132174,2026-08-31,12093364,3.12,2466
100510,2026-08-31,2494471,1.79,2466
117334,2026-08-31,58282195,1.77,2466
293862,2026-08-31,35095161,1.76,2466
123457,2026-08-31,1524539,1.73,2466
132555,2026-08-31,29762573,1.73,2466
122275,2026-08-31,2179561,1.72,2466
100271,2026-08-31,6153107,1.72,2466
100325,2026-08-31,7568975,1.72,2466
100034,2026-08-31,9131338,1.71,2466
215367,2026-08-31,18527892,1.63,2466
100520,2026-08-31,2681287,1.56,2466
105890,2026-08-31,1837659,1.43,2466
132540,2026-08-31,3300000,1.41,2466
100112,2026-08-31,6892267,1.30,2466
100875,2026-08-31,28013819,1.27,2466
302988,2026-08-31,20012869,1.24,2466
223595,2026-08-31,1752126,1.21,2466
286335,2026-08-31,6012457,1.16,2466
132488,2026-08-31,667617,1.12,2466
120113,2026-08-31,15093722,1.09,2466
252306,2026-08-31,18061156,1.05,2466
209147,2026-08-31,3968891,1.03,2466
100575,2026-08-31,4815889,1.02,2466
100840,2026-08-31,20241762,1.02,2466
210072,2026-08-31,380000,1.00,2466
100400,2026-08-31,16180432,1.00,2466
320028,2026-08-31,1700677,0.98,2466
209979,2026-08-31,5191334,0.97,2466
208766,2026-08-31,1585158,0.96,2466
102355,2026-08-31,2341210,0.95,2466
124715,2026-08-31,2680171,0.94,2466
132281,2026-08-31,3970165,0.93,2466
254493,2026-08-31,2659445,0.89,2466
208045,2026-08-31,36257037,0.89,2466
100251,2026-08-31,1682559,0.86,2466
317635,2026-08-31,42649725,0.84,2466
132827,2026-08-31,128056,0.81,2466
280713,2026-08-31,19148548,0.80,2466
302427,2026-08-31,2913646,0.79,2466
100850,2026-08-31,5855604,0.77,2466
225051,2026-08-31,6552665,0.75,2466
225850,2026-08-31,51051619,0.74,2466
131162,2026-08-31,11500307,0.74,2466
100257,2026-08-31,1900932,0.74,2466
100093,2026-08-31,4509667,0.73,2466
132689,2026-08-31,3330739,0.71,2466
100830,2026-08-31,2053711,0.69,2466
100488,2026-08-31,146692,0.67,2466
105533,2026-08-31,6531658,0.66,2466
320627,2026-08-31,42345184,0.65,2466
318678,2026-08-31,22534778,0.64,2466
317139,2026-08-31,40442921,0.64,2466
132478,2026-08-31,2722425,0.63,2466
132714,2026-08-31,8355379,0.62,2466
109480,2026-08-31,7033135,0.62,2466
210258,2026-08-31,6589563,0.61,2466
235355,2026-08-31,1193854,0.61,2466
100165,2026-08-31,17455577,0.60,2466
100087,2026-08-31,2374719,0.59,2466
200515,2026-08-31,1298826,0.58,2466
107815,2026-08-31,444905,0.58,2466
132777,2026-08-31,2485179,0.58,2466
324996,2026-08-31,7251392,0.56,2466
217379,2026-08-31,1968026,0.55,2466
131344,2026-08-31,6000813,0.55,2466
208607,2026-08-31,1805930,0.54,2466
208099,2026-08-31,1629733,0.54,2466
100067,2026-08-31,1981053,0.52,2466
296765,2026-08-31,87492,0.52,2466
100710,2026-08-31,913852,0.51,2466
229820,2026-08-31,2266465,0.49,2466
223430,2026-08-31,5016445,0.49,2466
100002,2026-08-31,355280,0.48,2466
132331,2026-08-31,742553,0.48,2466
209373,2026-08-31,6581205,0.47,2466
289108,2026-08-31,5801116,0.47,2466
222055,2026-08-31,496473,0.46,2466
323093,2026-08-31,12339164,0.45,2466
122113,2026-08-31,765286,0.43,2466
124494,2026-08-31,1236769,0.43,2466
211385,2026-08-31,1372821,0.42,2466
132644,2026-08-31,447633,0.41,2466
226076,2026-08-31,3802634,0.39,2466
218763,2026-08-31,1146484,0.39,2466
322541,2026-08-31,11093583,0.38,2466
100084,2026-08-31,14559887,0.38,2466
211969,2026-08-31,3239605,0.37,2466
113683,2026-08-31,7299306,0.35,2466
218067,2026-08-31,4994232,0.35,2466
123395,2026-08-31,56067,0.33,2466
209587,2026-08-31,6040092,0.33,2466
100680,2026-08-31,356479,0.30,2466
232604,2026-08-31,2527912,0.30,2466
303107,2026-08-31,6789113,0.28,2466
132638,2026-08-31,4109700,0.28,2466
100238,2026-08-31,1875133,0.27,2466
223187,2026-08-31,409050,0.27,2466
209492,2026-08-31,1694166,0.26,2466
100233,2026-08-31,1177077,0.26,2466
221194,2026-08-31,960559,0.22,2466
301912,2026-08-31,1409193,0.21,2466
122287,2026-08-31,838683,0.21,2466
208461,2026-08-31,2245729,0.21,2466
209063,2026-08-31,1320000,0.20,2466
315602,2026-08-31,271887,0.20,2466
296050,2026-08-31,910251,0.19,2466
225998,2026-08-31,1984921,0.19,2466
227347,2026-08-31,541070,0.17,2466
100480,2026-08-31,189978,0.17,2466
277169,2026-08-31,988130,0.14,2466
313296,2026-08-31,2802880,0.13,2466
200057,2026-08-31,2465744,0.13,2466
303146,2026-08-31,2121757,0.12,2466
111072,2026-08-31,257573,0.11,2466
100660,2026-08-31,100000,0.05,2466
210591,2026-08-31,4461603,0.04,2466
132174,2026-08-31,32850000,8.66,2711
100180,2026-08-31,60500000,7.78,2711
100510,2026-08-31,7400000,5.43,2711
117334,2026-08-31,121700000,3.77,2711
100112,2026-08-31,19106000,3.67,2711
100209,2026-08-31,17817914,3.66,2711
100247,2026-08-31,48000000,3.65,2711
100325,2026-08-31,15500000,3.59,2711
100820,2026-08-31,7400000,3.56,2711
132488,2026-08-31,2032024,3.49,2711
322918,2026-08-31,38000000,3.25,2711
132215,2026-08-31,13750000,3.24,2711
217389,2026-08-31,29000000,2.86,2711
111243,2026-08-31,6600000,2.22,2711
223595,2026-08-31,3080000,2.18,2711
132454,2026-08-31,6400000,2.10,2711
132827,2026-08-31,317000,2.06,2711
100387,2026-08-31,474600,2.00,2711
124715,2026-08-31,5488994,1.98,2711
132755,2026-08-31,6500000,1.92,2711
211840,2026-08-31,4072930,1.79,2711
209550,2026-08-31,24500000,1.78,2711
252306,2026-08-31,29000000,1.73,2711
100411,2026-08-31,2343447,1.66,2711
112599,2026-08-31,2909998,1.51,2711
214179,2026-08-31,10000000,1.47,2711
100696,2026-08-31,4100000,1.46,2711
324996,2026-08-31,17300000,1.37,2711
208364,2026-08-31,2025472,1.13,2711
222055,2026-08-31,1100000,1.04,2711
123642,2026-08-31,2270000,0.98,2711
217376,2026-08-31,12800000,0.97,2711
105790,2026-08-31,1314870,0.96,2711
210258,2026-08-31,10121950,0.95,2711
100825,2026-08-31,869125,0.83,2711
100228,2026-08-31,3100000,0.74,2711
217379,2026-08-31,2554097,0.73,2711
132538,2026-08-31,345000,0.72,2711
294253,2026-08-31,20300000,0.67,2711
271875,2026-08-31,2494551,0.64,2711
100470,2026-08-31,18635614,0.62,2711
132921,2026-08-31,2000000,0.58,2711
100295,2026-08-31,9200000,0.46,2711
209967,2026-08-31,6441100,0.45,2711
305013,2026-08-31,66096342,0.44,2711
322950,2026-08-31,791489,0.43,2711
132779,2026-08-31,1119425,0.25,2711
100472,2026-08-31,791489,0.22,2711
100087,2026-08-31,729000,0.19,2711
226019,2026-08-31,10511424,0.07,2711
217126,2026-08-31,3190769,0.02,2711
324997,2026-08-31,3193292,0.02,2711
100180,2026-08-31,66080734,8.65,2455
132174,2026-08-31,25000000,6.71,2455
132215,2026-08-31,22015542,5.29,2455
100325,2026-08-31,17441139,4.11,2455
100510,2026-08-31,4947774,3.70,2455
100209,2026-08-31,17349771,3.63,2455
132540,2026-08-31,8000000,3.55,2455
100034,2026-08-31,16534184,3.23,2455
100112,2026-08-31,15082107,2.95,2455
100520,2026-08-31,4821580,2.92,2455
100696,2026-08-31,6889046,2.50,2455
124715,2026-08-31,6154333,2.26,2455
223595,2026-08-31,2963895,2.14,2455
100875,2026-08-31,45029812,2.13,2455
117334,2026-08-31,63549826,2.00,2455
100247,2026-08-31,25005900,1.94,2455
122275,2026-08-31,2251405,1.85,2455
132555,2026-08-31,30017977,1.82,2455
252306,2026-08-31,30064524,1.82,2455
132488,2026-08-31,861190,1.51,2455
217389,2026-08-31,13000000,1.30,2455
100251,2026-08-31,2440603,1.30,2455
100400,2026-08-31,20185719,1.29,2455
132500,2026-08-31,502749,1.26,2455
293862,2026-08-31,22744706,1.18,2455
210072,2026-08-31,413953,1.14,2455
211385,2026-08-31,3361333,1.08,2455
200132,2026-08-31,475526,1.07,2455
100087,2026-08-31,4086211,1.06,2455
100002,2026-08-31,729315,1.03,2455
100850,2026-08-31,7460653,1.02,2455
207959,2026-08-31,5679690,0.95,2455
132281,2026-08-31,3889064,0.94,2455
254493,2026-08-31,2656013,0.92,2455
132424,2026-08-31,5300000,0.88,2455
100257,2026-08-31,2178374,0.88,2455
100800,2026-08-31,4529578,0.87,2455
132755,2026-08-31,2897680,0.87,2455
211840,2026-08-31,1934592,0.86,2455
100124,2026-08-31,4001922,0.85,2455
323093,2026-08-31,21660932,0.82,2455
111243,2026-08-31,2291499,0.79,2455
100387,2026-08-31,181243,0.78,2455
215367,2026-08-31,8548076,0.78,2455
219300,2026-08-31,10000000,0.74,2455
100550,2026-08-31,983917,0.73,2455
317635,2026-08-31,35035033,0.72,2455
100470,2026-08-31,20503160,0.70,2455
219494,2026-08-31,759818,0.67,2455
324996,2026-08-31,7910833,0.64,2455
317139,2026-08-31,37981560,0.63,2455
320028,2026-08-31,1044959,0.62,2455
132432,2026-08-31,2155258,0.59,2455
100840,2026-08-31,10731627,0.56,2455
100830,2026-08-31,1590441,0.56,2455
225051,2026-08-31,4639814,0.55,2455
107815,2026-08-31,384084,0.52,2455
132478,2026-08-31,1934970,0.47,2455
209550,2026-08-31,5943052,0.44,2455
208045,2026-08-31,15596125,0.40,2455
217376,2026-08-31,4306407,0.33,2455
132477,2026-08-31,8924402,0.31,2455
100271,2026-08-31,955716,0.28,2455
123457,2026-08-31,216434,0.26,2455
132689,2026-08-31,1018203,0.23,2455
223586,2026-08-31,940758,0.10,2455
286335,2026-08-31,14100000,2.93,2573
100469,2026-08-31,41000000,2.80,2573
208766,2026-08-31,4300000,2.80,2573
132777,2026-08-31,10500000,2.64,2573
132843,2026-08-31,15042469,2.61,2573
207901,2026-08-31,3900000,2.45,2573
252306,2026-08-31,38000000,2.39,2573
200055,2026-08-31,35572282,2.20,2573
100493,2026-08-31,5100000,2.05,2573
208883,2026-08-31,6100000,2.00,2573
122275,2026-08-31,2343158,1.99,2573
211840,2026-08-31,3900000,1.81,2573
217379,2026-08-31,5968025,1.79,2573
210590,2026-08-31,1644232,1.76,2573
209550,2026-08-31,22500000,1.72,2573
117334,2026-08-31,52000000,1.70,2573
100575,2026-08-31,6909978,1.58,2573
235355,2026-08-31,2800000,1.55,2573
104973,2026-08-31,5381656,1.53,2573
100271,2026-08-31,4902907,1.48,2573
218071,2026-08-31,7300000,1.46,2573
100103,2026-08-31,17000000,1.44,2573
269404,2026-08-31,2670000,1.42,2573
132174,2026-08-31,5000000,1.39,2573
317139,2026-08-31,78000000,1.34,2573
209967,2026-08-31,18000000,1.34,2573
212427,2026-08-31,1230397,1.25,2573
100477,2026-08-31,37000000,1.24,2573
190059,2026-08-31,2900000,1.23,2573
100387,2026-08-31,270324,1.20,2573
210072,2026-08-31,420000,1.19,2573
100480,2026-08-31,1200000,1.17,2573
124494,2026-08-31,3100000,1.17,2573
213838,2026-08-31,3727054,1.16,2573
132814,2026-08-31,6507956,1.12,2573
302988,2026-08-31,16800000,1.12,2573
100850,2026-08-31,7787900,1.10,2573
215367,2026-08-31,11200000,1.06,2573
200515,2026-08-31,2040000,0.99,2573
132497,2026-08-31,1089195,0.93,2573
218756,2026-08-31,7050000,0.92,2573
100257,2026-08-31,2200000,0.92,2573
113683,2026-08-31,17800000,0.91,2573
100093,2026-08-31,5101605,0.89,2573
132555,2026-08-31,14000000,0.88,2573
100251,2026-08-31,1605000,0.88,2573
102355,2026-08-31,1950000,0.85,2573
190071,2026-08-31,970778,0.84,2573
109930,2026-08-31,1221885,0.83,2573
132779,2026-08-31,3508679,0.82,2573
293862,2026-08-31,15000000,0.81,2573
209902,2026-08-31,14500000,0.80,2573
100049,2026-08-31,10000000,0.79,2573
132720,2026-08-31,10499100,0.75,2573
317635,2026-08-31,34896768,0.74,2573
132810,2026-08-31,11150953,0.72,2573
215477,2026-08-31,1300000,0.71,2573
105790,2026-08-31,901000,0.69,2573
113375,2026-08-31,3100000,0.66,2573
132827,2026-08-31,96000,0.66,2573
209068,2026-08-31,9000000,0.65,2573
100104,2026-08-31,9348945,0.65,2573
132478,2026-08-31,2472000,0.62,2573
293380,2026-08-31,1730000,0.61,2573
303180,2026-08-31,848053,0.60,2573
132477,2026-08-31,16000000,0.58,2573
132830,2026-08-31,2000000,0.58,2573
208607,2026-08-31,1732508,0.56,2573
126299,2026-08-31,1175647,0.55,2573
295872,2026-08-31,605000,0.54,2573
111072,2026-08-31,1216058,0.54,2573
219494,2026-08-31,550000,0.51,2573
100067,2026-08-31,1810000,0.51,2573
318678,2026-08-31,16565839,0.51,2573
131344,2026-08-31,5235275,0.51,2573
100403,2026-08-31,2100010,0.48,2573
208763,2026-08-31,350000,0.47,2573
208045,2026-08-31,17700000,0.47,2573
100830,2026-08-31,1300000,0.47,2573
106395,2026-08-31,1210830,0.44,2573
208280,2026-08-31,800000,0.40,2573
132149,2026-08-31,14500000,0.39,2573
122113,2026-08-31,646271,0.39,2573
123395,2026-08-31,60000,0.38,2573
126371,2026-08-31,22526073,0.38,2573
249927,2026-08-31,7709482,0.37,2573
315602,2026-08-31,441382,0.35,2573
100180,2026-08-31,2500000,0.34,2573
100660,2026-08-31,559000,0.33,2573
132644,2026-08-31,302470,0.30,2573
132259,2026-08-31,87052,0.29,2573
296214,2026-08-31,15081195,0.28,2573
222055,2026-08-31,276586,0.28,2573
280713,2026-08-31,6000000,0.27,2573
100043,2026-08-31,1900000,0.25,2573
106401,2026-08-31,649494,0.22,2573
100483,2026-08-31,590000,0.19,2573
228460,2026-08-31,9974520,0.16,2573
100674,2026-08-31,180967,0.11,2573
211129,2026-08-31,20000,0.00,2573
325089,2026-08-31,2569827,0.07,2573
100034,2026-08-31,41000000,8.46,2817
132174,2026-08-31,27000000,7.66,2817
100247,2026-08-31,70000000,5.73,2817
100112,2026-08-31,27000000,5.58,2817
132454,2026-08-31,14000000,4.95,2817
221790,2026-08-31,8189269,4.76,2817
132725,2026-08-31,1100000,4.32,2817
209867,2026-08-31,110000000,4.25,2817
271875,2026-08-31,15000000,4.15,2817
217376,2026-08-31,42000000,3.43,2817
214179,2026-08-31,19000000,3.01,2817
132488,2026-08-31,1570000,2.90,2817
112599,2026-08-31,4900000,2.73,2817
215367,2026-08-31,25000000,2.42,2817
132868,2026-08-31,17312675,2.33,2817
323093,2026-08-31,58049785,2.33,2817
233063,2026-08-31,17734337,2.29,2817
105200,2026-08-31,1400000,2.17,2817
131531,2026-08-31,9200000,2.14,2817
100411,2026-08-31,2300000,1.75,2817
132779,2026-08-31,7000000,1.66,2817
317635,2026-08-31,70000000,1.51,2817
100459,2026-08-31,900000,1.40,2817
205198,2026-08-31,1232033,0.49,2817
279017,2026-08-31,1100000,6.95,2817
304945,2026-08-31,1590000,3.49,2817
100325,2026-08-31,17717567,4.75,2809
132174,2026-08-31,14881550,4.55,2809
100180,2026-08-31,30449258,4.54,2809
132523,2026-08-31,40073925,3.47,2809
100247,2026-08-31,32585889,2.87,2809
132461,2026-08-31,115846832,2.78,2809
209967,2026-08-31,32126692,2.62,2809
132155,2026-08-31,61513788,2.29,2809
132779,2026-08-31,8982410,2.29,2809
132720,2026-08-31,27007230,2.12,2809
100470,2026-08-31,52067300,2.02,2809
132755,2026-08-31,5295681,1.81,2809
100112,2026-08-31,7500519,1.67,2809
100875,2026-08-31,31014741,1.67,2809
302988,2026-08-31,22188917,1.63,2809
100096,2026-08-31,18846663,1.51,2809
221033,2026-08-31,9199605,1.46,2809
237831,2026-08-31,20000000,1.43,2809
200132,2026-08-31,557588,1.42,2809
132215,2026-08-31,4904255,1.34,2809
289108,2026-08-31,13884606,1.33,2809
279527,2026-08-31,38278980,1.32,2809
322918,2026-08-31,12394339,1.23,2809
100440,2026-08-31,5640000,1.20,2809
132454,2026-08-31,3152051,1.20,2809
117334,2026-08-31,33270766,1.19,2809
210258,2026-08-31,10936099,1.19,2809
100312,2026-08-31,23896662,1.16,2809
100087,2026-08-31,3836985,1.14,2809
132500,2026-08-31,393463,1.12,2809
216369,2026-08-31,67000000,1.08,2809
100570,2026-08-31,16394339,1.06,2809
130965,2026-08-31,36049578,1.05,2809
112070,2026-08-31,8755000,1.03,2809
208883,2026-08-31,2749563,0.99,2809
132432,2026-08-31,2937085,0.92,2809
100510,2026-08-31,1005000,0.85,2809
208461,2026-08-31,7523810,0.82,2809
100228,2026-08-31,2900000,0.80,2809
100300,2026-08-31,1115585,0.79,2809
132522,2026-08-31,10827622,0.68,2809
100238,2026-08-31,4040000,0.68,2809
211840,2026-08-31,1328039,0.68,2809
235355,2026-08-31,1113026,0.67,2809
100084,2026-08-31,21853430,0.67,2809
100209,2026-08-31,2767311,0.66,2809
100338,2026-08-31,28111012,0.66,2809
106076,2026-08-31,1496647,0.64,2809
132259,2026-08-31,168864,0.63,2809
241159,2026-08-31,1248272,0.58,2809
124804,2026-08-31,1564966,0.56,2809
216147,2026-08-31,8370435,0.56,2809
123716,2026-08-31,7189147,0.55,2809
217376,2026-08-31,6202440,0.54,2809
126371,2026-08-31,28539000,0.53,2809
273033,2026-08-31,33102195,0.51,2809
100182,2026-08-31,448770,0.51,2809
132540,2026-08-31,932400,0.47,2809
132889,2026-08-31,1886132,0.47,2809
100257,2026-08-31,995000,0.46,2809
113375,2026-08-31,1813724,0.42,2809
100355,2026-08-31,9179514,0.40,2809
100260,2026-08-31,2106875,0.39,2809
100410,2026-08-31,1443171,0.39,2809
208280,2026-08-31,648536,0.36,2809
100125,2026-08-31,2018414,0.34,2809
251940,2026-08-31,1805754,0.33,2809
100068,2026-08-31,114711,0.29,2809
105412,2026-08-31,166363,0.29,2809
224623,2026-08-31,11172975,0.28,2809
209373,2026-08-31,2852228,0.24,2809
122113,2026-08-31,362333,0.24,2809
100210,2026-08-31,229555,0.23,2809
132281,2026-08-31,766100,0.21,2809
200054,2026-08-31,2706470,0.20,2809
100674,2026-08-31,251576,0.17,2809
221083,2026-08-31,9934596,0.11,2809
132149,2026-08-31,3286400,0.10,2809
126797,2026-08-31,1350179,0.08,2809
305013,2026-08-31,10586727,0.08,2809
105010,2026-08-31,200000,0.07,2809
221959,2026-08-31,2036417,0.06,2809
308021,2026-08-31,2606407,0.03,2809
219464,2026-08-31,1079430,1.40,2809
304945,2026-08-31,454663,1.07,2809
100180,2026-08-31,34266050,5.14,2709
100325,2026-08-31,15937500,4.30,2709
100112,2026-08-31,16722000,3.75,2709
132174,2026-08-31,8011500,2.46,2709
132215,2026-08-31,8751250,2.41,2709
132454,2026-08-31,6177850,2.37,2709
100049,2026-08-31,19109250,1.67,2709
100228,2026-08-31,5746275,1.59,2709
112599,2026-08-31,2271150,1.37,2709
219494,2026-08-31,1299450,1.32,2709
100034,2026-08-31,5859000,1.31,2709
132822,2026-08-31,415198275,1.26,2709
100510,2026-08-31,1273475,1.09,2709
100470,2026-08-31,26870250,1.05,2709
100875,2026-08-31,18126300,0.98,2709
100247,2026-08-31,10994000,0.98,2709
289554,2026-08-31,3741000,0.96,2709
132483,2026-08-31,33453000,0.90,2709
132810,2026-08-31,12307100,0.88,2709
219300,2026-08-31,9558000,0.81,2709
132488,2026-08-31,400700,0.80,2709
132461,2026-08-31,33120000,0.80,2709
100103,2026-08-31,8463000,0.79,2709
229365,2026-08-31,15263250,0.78,2709
209867,2026-08-31,18545200,0.78,2709
100800,2026-08-31,3223550,0.71,2709
132555,2026-08-31,9850500,0.68,2709
271875,2026-08-31,2266650,0.68,2709
209967,2026-08-31,8212700,0.68,2709
100469,2026-08-31,8815000,0.67,2709
278580,2026-08-31,35996275,0.65,2709
100850,2026-08-31,4165000,0.65,2709
130965,2026-08-31,21459750,0.63,2709
100400,2026-08-31,8494100,0.62,2709
132296,2026-08-31,1176000,0.62,2709
111243,2026-08-31,1544375,0.61,2709
132134,2026-08-31,12012975,0.61,2709
100425,2026-08-31,7116000,0.60,2709
100696,2026-08-31,1395000,0.58,2709
132500,2026-08-31,202250,0.58,2709
209550,2026-08-31,6771525,0.57,2709
226720,2026-08-31,4085100,0.52,2709
100440,2026-08-31,2352000,0.51,2709
132921,2026-08-31,1498625,0.50,2709
100113,2026-08-31,12210600,0.50,2709
132754,2026-08-31,25103025,0.50,2709
100209,2026-08-31,2046800,0.49,2709
105200,2026-08-31,288300,0.48,2709
100570,2026-08-31,7393600,0.48,2709
131213,2026-08-31,6666000,0.48,2709
126371,2026-08-31,25555500,0.48,2709
132538,2026-08-31,174750,0.42,2709
208280,2026-08-31,760500,0.42,2709
111218,2026-08-31,1794375,0.42,2709
100114,2026-08-31,374150,0.40,2709
132343,2026-08-31,438375,0.40,2709
132777,2026-08-31,1417900,0.39,2709
132523,2026-08-31,4510000,0.39,2709
132477,2026-08-31,9805800,0.39,2709
108869,2026-08-31,206125,0.39,2709
132755,2026-08-31,1123200,0.39,2709
132725,2026-08-31,89650,0.38,2709
100520,2026-08-31,546400,0.38,2709
217376,2026-08-31,4186000,0.37,2709
132868,2026-08-31,2500400,0.37,2709
280713,2026-08-31,7161650,0.36,2709
100271,2026-08-31,1025600,0.34,2709
117334,2026-08-31,9218850,0.33,2709
242461,2026-08-31,3819200,0.33,2709
132424,2026-08-31,1708500,0.33,2709
100480,2026-08-31,297400,0.32,2709
124804,2026-08-31,865700,0.31,2709
271867,2026-08-31,749700,0.30,2709
217389,2026-08-31,2636700,0.30,2709
222055,2026-08-31,267600,0.30,2709
132898,2026-08-31,5304800,0.30,2709
207901,2026-08-31,423200,0.29,2709
296765,2026-08-31,40850,0.29,2709
279527,2026-08-31,8013600,0.28,2709
100312,2026-08-31,5559750,0.27,2709
132149,2026-08-31,9084400,0.27,2709
100096,2026-08-31,3303750,0.27,2709
223595,2026-08-31,300000,0.25,2709
208766,2026-08-31,339525,0.24,2709
132540,2026-08-31,480150,0.24,2709
209068,2026-08-31,2987675,0.24,2709
122275,2026-08-31,250375,0.24,2709
100300,2026-08-31,324750,0.23,2709
208883,2026-08-31,634375,0.23,2709
100477,2026-08-31,6175000,0.23,2709
286335,2026-08-31,955000,0.22,2709
131344,2026-08-31,2008750,0.22,2709
100420,2026-08-31,195125,0.21,2709
100188,2026-08-31,1637825,0.21,2709
218071,2026-08-31,909825,0.20,2709
221790,2026-08-31,314325,0.20,2709
100182,2026-08-31,169950,0.20,2709
208801,2026-08-31,10679500,0.19,2709
200055,2026-08-31,2745225,0.19,2709
132843,2026-08-31,928450,0.18,2709
211385,2026-08-31,480375,0.18,2709
132539,2026-08-31,650650,0.18,2709
208238,2026-08-31,401700,0.17,2709
132286,2026-08-31,678125,0.17,2709
124715,2026-08-31,406700,0.17,2709
200132,2026-08-31,65550,0.17,2709
103806,2026-08-31,305800,0.17,2709
132234,2026-08-31,2043750,0.16,2709
190059,2026-08-31,347900,0.16,2709
100820,2026-08-31,278500,0.16,2709
100295,2026-08-31,2640400,0.16,2709
100257,2026-08-31,325975,0.15,2709
132667,2026-08-31,14732000,0.15,2709
211337,2026-08-31,72500,0.14,2709
100368,2026-08-31,1950050,0.14,2709
103100,2026-08-31,353150,0.14,2709
100251,2026-08-31,232425,0.14,2709
100575,2026-08-31,547500,0.14,2709
100530,2026-08-31,13000,0.14,2709
100104,2026-08-31,1763775,0.14,2709
208461,2026-08-31,1236250,0.14,2709
254493,2026-08-31,335650,0.13,2709
217379,2026-08-31,384475,0.13,2709
252306,2026-08-31,1799350,0.12,2709
100087,2026-08-31,417350,0.12,2709
100253,2026-08-31,1025000,0.12,2709
100493,2026-08-31,244500,0.11,2709
221809,2026-08-31,7238400,0.11,2709
132281,2026-08-31,383600,0.11,2709
112070,2026-08-31,888880,0.11,2709
289108,2026-08-31,1049950,0.10,2709
100547,2026-08-31,1477300,0.10,2709
225154,2026-08-31,58800,0.09,2709
219700,2026-08-31,172350,0.09,2709
302988,2026-08-31,1200000,0.09,2709
100093,2026-08-31,449650,0.09,2709
132541,2026-08-31,202825,0.09,2709
131642,2026-08-31,484800,0.08,2709
219691,2026-08-31,259600,0.08,2709
217757,2026-08-31,336050,0.08,2709
132814,2026-08-31,422000,0.08,2709
212427,2026-08-31,62625,0.07,2709
210590,2026-08-31,59625,0.07,2709
132155,2026-08-31,1860200,0.07,2709
109930,2026-08-31,91700,0.07,2709
210258,2026-08-31,629000,0.07,2709
100490,2026-08-31,27375,0.07,2709
205198,2026-08-31,152100,0.07,2709
207950,2026-08-31,209475,0.06,2709
220018,2026-08-31,156800,0.06,2709
132187,2026-08-31,287700,0.06,2709
224623,2026-08-31,2414250,0.06,2709
100830,2026-08-31,152900,0.06,2709
209037,2026-08-31,1372525,0.06,2709
132432,2026-08-31,192800,0.06,2709
314935,2026-08-31,241150,0.05,2709
211840,2026-08-31,96750,0.05,2709
294320,2026-08-31,366575,0.05,2709
222264,2026-08-31,280250,0.03,2709
126299,2026-08-31,66275,0.03,2709
100033,2026-08-31,8925,0.03,2709
100002,2026-08-31,20125,0.03,2709
209902,2026-08-31,500000,0.03,2709
132497,2026-08-31,28500,0.03,2709
212705,2026-08-31,98175,0.03,2709
210036,2026-08-31,160050,0.03,2709
100790,2026-08-31,82500,0.03,2709
132321,2026-08-31,103500,0.03,2709
269404,2026-08-31,39800,0.02,2709
213838,2026-08-31,67050,0.02,2709
209078,2026-08-31,92500,0.02,2709
132892,2026-08-31,102300,0.02,2709
100331,2026-08-31,59000,0.02,2709
100408,2026-08-31,26500,0.02,2709
100387,2026-08-31,3750,0.02,2709
305799,2026-08-31,79350,0.02,2709
214179,2026-08-31,75950,0.01,2709
200091,2026-08-31,120400,0.01,2709
132830,2026-08-31,37825,0.01,2709
220350,2026-08-31,173250,0.01,2709
317635,2026-08-31,426800,0.01,2709
117354,2026-08-31,32000,0.01,2709
225051,2026-08-31,59200,0.01,2709
228974,2026-08-31,29500,0.01,2709
132522,2026-08-31,106400,0.01,2709
315904,2026-08-31,672000,0.01,2709
100550,2026-08-31,7525,0.01,2709
100825,2026-08-31,5250,0.01,2709
100163,2026-08-31,6600,0.00,2709
132525,2026-08-31,26000,0.00,2709
294388,2026-08-31,750,0.00,2709
294388,2026-08-31,11700000,4.71,7885
132504,2026-08-31,1631795,3.32,7885
100403,2026-08-31,10000000,2.82,7885
132210,2026-08-31,52419485,2.82,7885
122287,2026-08-31,7900000,2.60,7885
200515,2026-08-31,4200000,2.50,7885
117174,2026-08-31,298145,2.48,7885
229852,2026-08-31,62607250,2.41,7885
211595,2026-08-31,43542092,2.37,7885
226156,2026-08-31,4200000,2.17,7885
132889,2026-08-31,7700000,2.13,7885
320350,2026-08-31,53674648,2.10,7885
211740,2026-08-31,3700000,2.09,7885
287490,2026-08-31,89318180,2.07,7885
100233,2026-08-31,6841594,2.00,7885
216369,2026-08-31,110000000,1.98,7885
221645,2026-08-31,11000000,1.95,7885
207959,2026-08-31,9000000,1.91,7885
100125,2026-08-31,9913142,1.86,7885
100038,2026-08-31,11000000,1.79,7885
100645,2026-08-31,5261203,1.74,7885
311742,2026-08-31,3300000,1.73,7885
214084,2026-08-31,1769628,1.67,7885
219236,2026-08-31,1292000,1.64,7885
130117,2026-08-31,1900000,1.55,7885
122074,2026-08-31,10000000,1.47,7885
200054,2026-08-31,17000000,1.38,7885
104973,2026-08-31,3928227,1.37,7885
321331,2026-08-31,11000000,1.37,7885
120111,2026-08-31,2132686,1.33,7885
100133,2026-08-31,900000,1.29,7885
217400,2026-08-31,9700000,1.29,7885
113375,2026-08-31,4939842,1.28,7885
100940,2026-08-31,34595699,1.28,7885
251791,2026-08-31,19532794,1.14,7885
130517,2026-08-31,13400000,1.12,7885
200057,2026-08-31,15945314,1.07,7885
105533,2026-08-31,7000000,0.94,7885
222414,2026-08-31,3672376,0.93,7885
215584,2026-08-31,4609455,0.92,7885
200020,2026-08-31,5913217,0.91,7885
221790,2026-08-31,1300000,0.91,7885
295768,2026-08-31,11000000,0.89,7885
303575,2026-08-31,20100000,0.85,7885
234556,2026-08-31,14583534,0.83,7885
131531,2026-08-31,2941554,0.82,7885
117506,2026-08-31,5838491,0.80,7885
108486,2026-08-31,370000,0.70,7885
274066,2026-08-31,5159815,0.69,7885
323093,2026-08-31,14118614,0.68,7885
132811,2026-08-31,4500000,0.65,7885
293601,2026-08-31,4400000,0.50,7885
211969,2026-08-31,3140000,0.47,7885
106355,2026-08-31,11000000,0.46,7885
223430,2026-08-31,3500000,0.45,7885
117522,2026-08-31,3753760,0.44,7885
132689,2026-08-31,1417238,0.40,7885
213429,2026-08-31,13083269,0.33,7885
223409,2026-08-31,919275,0.32,7885
232793,2026-08-31,371566,0.28,7885
131213,2026-08-31,3201690,0.26,7885
303146,2026-08-31,3280880,0.25,7885
313354,2026-08-31,1203548,0.16,7885
322366,2026-08-31,5056894,0.14,7885
106401,2026-08-31,322070,0.13,7885
208766,2026-08-31,150000,0.12,7885
288451,2026-08-31,87830,0.11,7885
321317,2026-08-31,1671215,0.10,7885
237742,2026-08-31,27733,0.01,7885
100180,2026-08-31,38000000,6.36,2801
132174,2026-08-31,11600000,3.98,2801
132215,2026-08-31,11000000,3.38,2801
100112,2026-08-31,11500000,2.88,2801
102355,2026-08-31,4700000,2.53,2801
100820,2026-08-31,3844000,2.41,2801
322918,2026-08-31,21332552,2.37,2801
109480,2026-08-31,20000000,2.35,2801
100493,2026-08-31,4700000,2.34,2801
100477,2026-08-31,56000000,2.32,2801
112599,2026-08-31,3426861,2.31,2801
132523,2026-08-31,23500000,2.29,2801
235355,2026-08-31,3186587,2.17,2801
293862,2026-08-31,30800000,2.05,2801
124804,2026-08-31,4700000,1.91,2801
216156,2026-08-31,1760000,1.89,2801
100488,2026-08-31,308000,1.88,2801
132779,2026-08-31,6500000,1.87,2801
100830,2026-08-31,4160742,1.86,2801
212427,2026-08-31,1476712,1.86,2801
132488,2026-08-31,830000,1.86,2801
100387,2026-08-31,335000,1.84,2801
132286,2026-08-31,6500000,1.83,2801
132478,2026-08-31,5720000,1.77,2801
217389,2026-08-31,13673204,1.75,2801
132129,2026-08-31,12005153,1.57,2801
302988,2026-08-31,18000000,1.49,2801
208364,2026-08-31,2000000,1.45,2801
100696,2026-08-31,2900000,1.35,2801
100403,2026-08-31,4700000,1.34,2801
209967,2026-08-31,14114908,1.30,2801
215367,2026-08-31,11000000,1.29,2801
132683,2026-08-31,1054511,1.06,2801
200515,2026-08-31,1734360,1.04,2801
132827,2026-08-31,121443,1.03,2801
132424,2026-08-31,4700000,1.00,2801
289108,2026-08-31,9200000,0.99,2801
205198,2026-08-31,2060000,0.98,2801
100260,2026-08-31,4700000,0.98,2801
100209,2026-08-31,3492334,0.94,2801
208461,2026-08-31,7523810,0.92,2801
271875,2026-08-31,2720000,0.91,2801
117334,2026-08-31,20000000,0.81,2801
100257,2026-08-31,1528679,0.79,2801
132830,2026-08-31,2000000,0.72,2801
287433,2026-08-31,7477639,0.71,2801
100210,2026-08-31,616702,0.71,2801
132281,2026-08-31,2185000,0.68,2801
130517,2026-08-31,7697000,0.65,2801
215477,2026-08-31,920000,0.62,2801
321331,2026-08-31,4900000,0.61,2801
100470,2026-08-31,13867373,0.60,2801
218763,2026-08-31,1300000,0.59,2801
100233,2026-08-31,1954741,0.57,2801
131162,2026-08-31,6500000,0.56,2801
107685,2026-08-31,12699654,0.55,2801
131531,2026-08-31,1912000,0.54,2801
100575,2026-08-31,1875000,0.53,2801
117174,2026-08-31,61631,0.52,2801
104973,2026-08-31,1432535,0.50,2801
223430,2026-08-31,3800000,0.49,2801
225051,2026-08-31,3080000,0.47,2801
251940,2026-08-31,2264279,0.47,2801
132644,2026-08-31,380000,0.46,2801
208607,2026-08-31,1100000,0.44,2801
216147,2026-08-31,5604494,0.42,2801
122113,2026-08-31,560000,0.42,2801
324996,2026-08-31,4025841,0.41,2801
100410,2026-08-31,1358440,0.41,2801
219300,2026-08-31,4070000,0.39,2801
100182,2026-08-31,290000,0.37,2801
100570,2026-08-31,3520000,0.26,2801
305013,2026-08-31,28667307,0.25,2801
294914,2026-08-31,3800000,0.23,2801
211969,2026-08-31,1440401,0.22,2801
114167,2026-08-31,857462,0.21,2801
232793,2026-08-31,250486,0.19,2801
106401,2026-08-31,421880,0.17,2801
208280,2026-08-31,280789,0.17,2801
249927,2026-08-31,2923076,0.17,2801
124715,2026-08-31,290000,0.14,2801
213429,2026-08-31,4210285,0.11,2801
241159,2026-08-31,91336,0.05,2801
325089,2026-08-31,974358,0.03,2801
304945,2026-08-31,299000,0.79,2801
272059,2026-08-31,1682520,0.00,2801
217808,2026-08-31,81000,0.00,2801
218036,2026-08-31,500000,0.00,2801
100321,2026-08-31,250,0.00,2801
100325,2026-08-31,14477542,4.42,32097
132174,2026-08-31,10970221,3.82,32097
100180,2026-08-31,21046804,3.57,32097
132155,2026-08-31,60405618,2.56,32097
100510,2026-08-31,2630925,2.55,32097
132755,2026-08-31,5482687,2.14,32097
209967,2026-08-31,21000000,1.95,32097
132215,2026-08-31,5950362,1.85,32097
132461,2026-08-31,66770108,1.82,32097
100470,2026-08-31,40410230,1.78,32097
124715,2026-08-31,3727299,1.77,32097
100570,2026-08-31,22567226,1.67,32097
111243,2026-08-31,3637178,1.62,32097
252306,2026-08-31,18545000,1.46,32097
132454,2026-08-31,3149850,1.37,32097
132281,2026-08-31,4319651,1.36,32097
100520,2026-08-31,1680509,1.32,32097
279527,2026-08-31,33364400,1.30,32097
100084,2026-08-31,37000000,1.29,32097
132523,2026-08-31,13021205,1.28,32097
132134,2026-08-31,21646950,1.24,32097
100875,2026-08-31,19814663,1.21,32097
322918,2026-08-31,10567226,1.19,32097
132779,2026-08-31,4090223,1.19,32097
289108,2026-08-31,10767156,1.18,32097
132720,2026-08-31,13045930,1.16,32097
100247,2026-08-31,10682000,1.07,32097
216369,2026-08-31,58000000,1.06,32097
132898,2026-08-31,16297200,1.03,32097
294253,2026-08-31,20162722,0.88,32097
132500,2026-08-31,268310,0.87,32097
100820,2026-08-31,1286000,0.82,32097
132432,2026-08-31,2246700,0.80,32097
100112,2026-08-31,3131459,0.79,32097
132868,2026-08-31,4582800,0.76,32097
214179,2026-08-31,3880000,0.75,32097
100087,2026-08-31,2136949,0.72,32097
210258,2026-08-31,5629765,0.70,32097
100312,2026-08-31,11550340,0.64,32097
100480,2026-08-31,479600,0.59,32097
100096,2026-08-31,5820171,0.53,32097
205198,2026-08-31,1071798,0.52,32097
217376,2026-08-31,4836168,0.48,32097
317635,2026-08-31,16511500,0.44,32097
113375,2026-08-31,1578981,0.42,32097
100114,2026-08-31,335650,0.41,32097
107685,2026-08-31,8427000,0.37,32097
112070,2026-08-31,2753375,0.37,32097
132522,2026-08-31,4900000,0.35,32097
100400,2026-08-31,3951250,0.33,32097
297629,2026-08-31,3000000,0.33,32097
100300,2026-08-31,377543,0.30,32097
221083,2026-08-31,21008663,0.27,32097
130965,2026-08-31,7736182,0.26,32097
132540,2026-08-31,434812,0.25,32097
212427,2026-08-31,179590,0.23,32097
100440,2026-08-31,900200,0.22,32097
219300,2026-08-31,2263649,0.22,32097
217379,2026-08-31,542160,0.20,32097
100696,2026-08-31,423000,0.20,32097
131344,2026-08-31,1425233,0.17,32097
100257,2026-08-31,248625,0.13,32097
132187,2026-08-31,519400,0.13,32097
100209,2026-08-31,388100,0.11,32097
100410,2026-08-31,325000,0.10,32097
209373,2026-08-31,720618,0.07,32097
303146,2026-08-31,868284,0.07,32097
208364,2026-08-31,82936,0.06,32097
111218,2026-08-31,155925,0.04,32097
211385,2026-08-31,71250,0.03,32097
269404,2026-08-31,34497,0.02,32097
280713,2026-08-31,302546,0.02,32097
217389,2026-08-31,110000,0.01,32097
208280,2026-08-31,6014,0.00,32097
100034,2026-08-31,1050,0.00,32097
222055,2026-08-31,150,0.00,32097
100547,2026-08-31,1325,0.00,32097
100124,2026-08-31,250,0.00,32097
132174,2026-08-31,17002013,7.79,2815
100247,2026-08-31,50686609,6.70,2815
100180,2026-08-31,28086506,6.27,2815
100325,2026-08-31,9775148,3.93,2815
112599,2026-08-31,3434305,3.09,2815
100510,2026-08-31,2268231,2.89,2815
100034,2026-08-31,8638732,2.88,2815
132779,2026-08-31,5610813,2.15,2815
100087,2026-08-31,4756637,2.11,2815
302988,2026-08-31,18000000,1.98,2815
132755,2026-08-31,3780741,1.94,2815
132683,2026-08-31,1403643,1.88,2815
132454,2026-08-31,3063576,1.75,2815
217389,2026-08-31,10183940,1.74,2815
124715,2026-08-31,2721203,1.70,2815
111243,2026-08-31,2600000,1.52,2815
100440,2026-08-31,4581423,1.47,2815
132215,2026-08-31,3500386,1.43,2815
100820,2026-08-31,1591000,1.33,2815
132500,2026-08-31,300000,1.28,2815
100825,2026-08-31,738579,1.22,2815
106076,2026-08-31,1887280,1.20,2815
322918,2026-08-31,7989722,1.19,2815
221790,2026-08-31,1258563,1.18,2815
210258,2026-08-31,6904842,1.13,2815
120056,2026-08-31,268476,1.12,2815
117334,2026-08-31,20000000,1.08,2815
100112,2026-08-31,3104168,1.04,2815
100520,2026-08-31,1000000,1.03,2815
132313,2026-08-31,8973058,1.03,2815
132540,2026-08-31,1349100,1.02,2815
271875,2026-08-31,2254796,1.01,2815
100493,2026-08-31,1469271,0.97,2815
132155,2026-08-31,17207646,0.96,2815
100209,2026-08-31,2670498,0.95,2815
131213,2026-08-31,8752740,0.94,2815
100312,2026-08-31,12000000,0.88,2815
100483,2026-08-31,1601448,0.87,2815
289108,2026-08-31,6043971,0.87,2815
232604,2026-08-31,4067968,0.86,2815
100470,2026-08-31,14812247,0.86,2815
211969,2026-08-31,4131262,0.84,2815
208883,2026-08-31,1500000,0.81,2815
124804,2026-08-31,1500000,0.81,2815
311720,2026-08-31,1921616,0.79,2815
208461,2026-08-31,4476190,0.73,2815
100530,2026-08-31,44596,0.70,2815
223409,2026-08-31,1377634,0.64,2815
132504,2026-08-31,231974,0.63,2815
279527,2026-08-31,12000000,0.62,2815
100480,2026-08-31,383190,0.62,2815
105200,2026-08-31,234844,0.59,2815
132424,2026-08-31,2000000,0.57,2815
132134,2026-08-31,7447712,0.56,2815
228974,2026-08-31,1500000,0.56,2815
132523,2026-08-31,4072215,0.53,2815
100233,2026-08-31,1331129,0.52,2815
132129,2026-08-31,2910141,0.51,2815
132478,2026-08-31,1219590,0.50,2815
109480,2026-08-31,3192103,0.50,2815
132843,2026-08-31,1744380,0.50,2815
104973,2026-08-31,1050000,0.49,2815
273033,2026-08-31,20982070,0.49,2815
100387,2026-08-31,64693,0.47,2815
215367,2026-08-31,3000000,0.47,2815
226611,2026-08-31,11611984,0.46,2815
190003,2026-08-31,4192421,0.46,2815
100257,2026-08-31,647805,0.45,2815
225850,2026-08-31,16098757,0.41,2815
102355,2026-08-31,571087,0.41,2815
132830,2026-08-31,800000,0.38,2815
113519,2026-08-31,1100000,0.38,2815
100292,2026-08-31,7655191,0.38,2815
221645,2026-08-31,1324503,0.32,2815
249927,2026-08-31,3597148,0.28,2815
267615,2026-08-31,641937,0.26,2815
132218,2026-08-31,17059824,0.25,2815
122113,2026-08-31,162028,0.16,2815
190071,2026-08-31,105095,0.15,2815
100411,2026-08-31,96235,0.12,2815
100645,2026-08-31,260381,0.12,2815
132725,2026-08-31,12784,0.08,2815
254493,2026-08-31,132798,0.08,2815
325089,2026-08-31,1199049,0.06,2815
100355,2026-08-31,503602,0.03,2815
210850,2026-08-31,88780,0.01,2815
209902,2026-08-31,270,0.00,2815
272059,2026-08-31,1035288,0.00,2815
132174,2026-08-31,16348292,8.00,447
100180,2026-08-31,27513050,6.57,447
100325,2026-08-31,11395468,4.90,447
100247,2026-08-31,26836371,3.79,447
100112,2026-08-31,9908250,3.53,447
100209,2026-08-31,9000000,3.43,447
132454,2026-08-31,5336314,3.25,447
132215,2026-08-31,7402867,3.24,447
100520,2026-08-31,2900000,3.20,447
100510,2026-08-31,2325000,3.17,447
252306,2026-08-31,24500160,2.71,447
132432,2026-08-31,3939049,1.98,447
100440,2026-08-31,5000000,1.71,447
111218,2026-08-31,4469549,1.67,447
211385,2026-08-31,2765730,1.62,447
271875,2026-08-31,3269371,1.56,447
200132,2026-08-31,365362,1.49,447
132281,2026-08-31,3187359,1.41,447
214179,2026-08-31,5000000,1.37,447
205198,2026-08-31,2007760,1.37,447
210590,2026-08-31,725000,1.37,447
132538,2026-08-31,344894,1.33,447
100114,2026-08-31,750000,1.29,447
233063,2026-08-31,5700000,1.27,447
100825,2026-08-31,700000,1.24,447
100251,2026-08-31,1263793,1.23,447
132286,2026-08-31,3000000,1.20,447
211840,2026-08-31,1466270,1.19,447
132343,2026-08-31,812697,1.19,447
124715,2026-08-31,1750000,1.17,447
132755,2026-08-31,2133107,1.17,447
217757,2026-08-31,3017127,1.17,447
132424,2026-08-31,3800216,1.15,447
323093,2026-08-31,16410000,1.13,447
100034,2026-08-31,3113857,1.11,447
324996,2026-08-31,7500000,1.10,447
132500,2026-08-31,235000,1.07,447
117334,2026-08-31,17830690,1.02,447
223595,2026-08-31,763928,1.00,447
108869,2026-08-31,329220,0.99,447
132555,2026-08-31,8555082,0.94,447
242461,2026-08-31,6432301,0.89,447
111243,2026-08-31,1284413,0.80,447
100469,2026-08-31,6665847,0.80,447
100710,2026-08-31,741494,0.79,447
100696,2026-08-31,1100000,0.73,447
217379,2026-08-31,1272583,0.67,447
100480,2026-08-31,363389,0.62,447
100493,2026-08-31,876946,0.62,447
219494,2026-08-31,379279,0.61,447
100425,2026-08-31,4441190,0.60,447
132868,2026-08-31,2500000,0.58,447
217389,2026-08-31,3077429,0.56,447
100547,2026-08-31,4874311,0.53,447
315602,2026-08-31,340478,0.47,447
132331,2026-08-31,390807,0.47,447
209867,2026-08-31,6727963,0.45,447
106285,2026-08-31,328926,0.44,447
100238,2026-08-31,1555540,0.42,447
131162,2026-08-31,3025853,0.37,447
100674,2026-08-31,340365,0.36,447
279527,2026-08-31,6500000,0.36,447
289108,2026-08-31,2269014,0.35,447
123642,2026-08-31,424094,0.34,447
229852,2026-08-31,5795613,0.32,447
100295,2026-08-31,3235276,0.30,447
273811,2026-08-31,1072064,0.28,447
209550,2026-08-31,1971375,0.27,447
117174,2026-08-31,21000,0.25,447
132784,2026-08-31,593711,0.25,447
200057,2026-08-31,2423034,0.23,447
100093,2026-08-31,548398,0.17,447
100180,2026-08-31,40975419,9.85,3641
132174,2026-08-31,19168725,9.45,3641
100325,2026-08-31,18076860,7.83,3641
132454,2026-08-31,8136797,5.00,3641
100510,2026-08-31,3131881,4.30,3641
100112,2026-08-31,11060356,3.98,3641
100209,2026-08-31,9385439,3.61,3641
132215,2026-08-31,7684715,3.39,3641
100247,2026-08-31,19700767,2.80,3641
100520,2026-08-31,2388915,2.66,3641
100034,2026-08-31,7171794,2.57,3641
100875,2026-08-31,25794011,2.24,3641
132540,2026-08-31,2731953,2.22,3641
252306,2026-08-31,19344899,2.15,3641
100114,2026-08-31,1104754,1.91,3641
124715,2026-08-31,2833365,1.91,3641
132500,2026-08-31,349075,1.60,3641
100696,2026-08-31,2373946,1.58,3641
111218,2026-08-31,3747436,1.41,3641
132555,2026-08-31,12685630,1.41,3641
100470,2026-08-31,22118534,1.38,3641
100049,2026-08-31,9583981,1.35,3641
100440,2026-08-31,3874317,1.33,3641
132281,2026-08-31,2821076,1.26,3641
132538,2026-08-31,316648,1.23,3641
200132,2026-08-31,296355,1.22,3641
100300,2026-08-31,1009611,1.15,3641
100228,2026-08-31,2509767,1.11,3641
100820,2026-08-31,1210077,1.09,3641
132898,2026-08-31,12117595,1.08,3641
222055,2026-08-31,605685,1.08,3641
132921,2026-08-31,1974054,1.07,3641
205198,2026-08-31,1549089,1.06,3641
105200,2026-08-31,368769,0.99,3641
100790,2026-08-31,1918591,0.97,3641
132755,2026-08-31,1699380,0.94,3641
219300,2026-08-31,6409403,0.87,3641
100251,2026-08-31,890394,0.87,3641
108869,2026-08-31,275369,0.83,3641
100312,2026-08-31,10394209,0.82,3641
112599,2026-08-31,772157,0.75,3641
100087,2026-08-31,1505640,0.72,3641
229365,2026-08-31,8779611,0.72,3641
211385,2026-08-31,1202302,0.71,3641
218071,2026-08-31,1991442,0.70,3641
100124,2026-08-31,1631129,0.64,3641
100800,2026-08-31,1742554,0.61,3641
100570,2026-08-31,5592284,0.59,3641
217389,2026-08-31,2878518,0.53,3641
107685,2026-08-31,7246694,0.45,3641
132174,2026-08-31,11849171,5.93,445
100180,2026-08-31,14082465,3.44,445
100247,2026-08-31,23350000,3.37,445
100325,2026-08-31,5706067,2.51,445
100112,2026-08-31,6105500,2.23,445
100209,2026-08-31,5662517,2.21,445
294388,2026-08-31,3500000,2.07,445
100493,2026-08-31,2800000,2.03,445
214179,2026-08-31,6700000,1.88,445
132281,2026-08-31,4103703,1.85,445
132454,2026-08-31,2967304,1.85,445
132432,2026-08-31,3494748,1.79,445
100440,2026-08-31,5098639,1.78,445
233063,2026-08-31,7750000,1.77,445
100469,2026-08-31,13750000,1.69,445
100300,2026-08-31,1450000,1.68,445
111218,2026-08-31,4310315,1.65,445
132286,2026-08-31,4000000,1.64,445
210590,2026-08-31,837138,1.61,445
132755,2026-08-31,2820504,1.58,445
132215,2026-08-31,3500000,1.57,445
218763,2026-08-31,2300000,1.53,445
100520,2026-08-31,1335162,1.51,445
190059,2026-08-31,1951028,1.49,445
211840,2026-08-31,1770000,1.47,445
100800,2026-08-31,4100000,1.46,445
211385,2026-08-31,2400000,1.44,445
205198,2026-08-31,2050000,1.43,445
100510,2026-08-31,1017682,1.42,445
132424,2026-08-31,4400000,1.37,445
132497,2026-08-31,883990,1.37,445
132144,2026-08-31,1650000,1.36,445
323093,2026-08-31,17883148,1.26,445
100093,2026-08-31,4000000,1.26,445
252306,2026-08-31,11137392,1.26,445
132754,2026-08-31,37000000,1.19,445
103806,2026-08-31,1350000,1.19,445
200132,2026-08-31,284140,1.19,445
200054,2026-08-31,9250000,1.10,445
271875,2026-08-31,2259041,1.10,445
217379,2026-08-31,2000000,1.08,445
100104,2026-08-31,8500000,1.07,445
100251,2026-08-31,1075000,1.07,445
286335,2026-08-31,2750000,1.03,445
108869,2026-08-31,329220,1.01,445
132500,2026-08-31,210000,0.98,445
223595,2026-08-31,718388,0.96,445
209024,2026-08-31,948923,0.96,445
100027,2026-08-31,425000,0.94,445
209902,2026-08-31,9000000,0.89,445
287490,2026-08-31,26000000,0.88,445
132921,2026-08-31,1550000,0.85,445
132830,2026-08-31,1533621,0.80,445
209344,2026-08-31,4500000,0.80,445
100271,2026-08-31,1441116,0.78,445
220350,2026-08-31,7000000,0.77,445
228049,2026-08-31,2450000,0.75,445
124715,2026-08-31,1100000,0.75,445
100480,2026-08-31,382120,0.67,445
111243,2026-08-31,1047791,0.67,445
124200,2026-08-31,1448618,0.66,445
100820,2026-08-31,710990,0.65,445
274066,2026-08-31,3200000,0.63,445
122287,2026-08-31,1273319,0.61,445
235506,2026-08-31,2800000,0.56,445
223430,2026-08-31,2650000,0.50,445
209147,2026-08-31,974281,0.49,445
294914,2026-08-31,5501000,0.49,445
117354,2026-08-31,1131578,0.48,445
132331,2026-08-31,390807,0.48,445
221842,2026-08-31,989859,0.46,445
321652,2026-08-31,6046215,0.44,445
132784,2026-08-31,970000,0.42,445
100238,2026-08-31,1450000,0.40,445
269404,2026-08-31,400000,0.38,445
123642,2026-08-31,390570,0.32,445
117174,2026-08-31,25216,0.31,445
318188,2026-08-31,485952,0.25,445
211740,2026-08-31,250000,0.21,445
282626,2026-08-31,1200000,0.20,445
237742,2026-08-31,471116,0.14,445
290184,2026-08-31,420000,0.09,445
101209,2026-08-31,50000,0.00,445
226636,2026-08-31,80970,0.00,445
217689,2026-08-31,125000,0.00,445
100180,2026-08-31,48003185,11.85,30127
132174,2026-08-31,22580181,11.40,30127
100325,2026-08-31,21310286,9.53,30127
132454,2026-08-31,9595369,6.11,30127
100510,2026-08-31,3682806,5.17,30127
100112,2026-08-31,13082237,4.83,30127
100209,2026-08-31,10984937,4.31,30127
132215,2026-08-31,9009451,4.02,30127
100247,2026-08-31,23181479,3.37,30127
100520,2026-08-31,2819873,3.26,30127
100034,2026-08-31,8431694,3.12,30127
100875,2026-08-31,30385312,2.71,30127
132540,2026-08-31,3190592,2.63,30127
252306,2026-08-31,22795276,2.60,30127
124715,2026-08-31,3400443,2.32,30127
100114,2026-08-31,1286116,2.29,30127
100696,2026-08-31,2812039,1.95,30127
132500,2026-08-31,406042,1.91,30127
132555,2026-08-31,14964331,1.71,30127
100470,2026-08-31,25948860,1.66,30127
100049,2026-08-31,11280835,1.63,30127
132281,2026-08-31,3333224,1.52,30127
132538,2026-08-31,371183,1.49,30127
132898,2026-08-31,14353090,1.32,30127
132921,2026-08-31,2322062,1.32,30127
100820,2026-08-31,1419888,1.27,30127
222055,2026-08-31,706215,1.27,30127
205198,2026-08-31,1764274,1.24,30127
132755,2026-08-31,2006147,1.13,30127
100251,2026-08-31,1041218,1.04,30127
132174,2026-08-31,18400000,9.49,1129
100180,2026-08-31,28526520,7.17,1129
132215,2026-08-31,15000000,6.91,1129
100247,2026-08-31,38608142,5.74,1129
100112,2026-08-31,14120988,5.31,1129
252306,2026-08-31,41246676,4.80,1129
124715,2026-08-31,5947430,4.19,1129
132281,2026-08-31,8500017,3.96,1129
222055,2026-08-31,2108802,3.91,1129
132500,2026-08-31,735545,3.53,1129
105200,2026-08-31,1194963,3.37,1129
211385,2026-08-31,5154673,3.18,1129
132454,2026-08-31,4839949,3.11,1129
221033,2026-08-31,11125281,2.98,1129
117354,2026-08-31,6065703,2.68,1129
100530,2026-08-31,141311,2.51,1129
100087,2026-08-31,4733207,2.37,1129
190003,2026-08-31,18966167,2.34,1129
302988,2026-08-31,18500000,2.29,1129
289554,2026-08-31,4896527,2.11,1129
100470,2026-08-31,32000000,2.09,1129
208361,2026-08-31,2545494,1.99,1129
207959,2026-08-31,5542342,1.78,1129
237831,2026-08-31,14396562,1.74,1129
100495,2026-08-31,1346352,1.43,1129
235506,2026-08-31,6800000,1.40,1129
225154,2026-08-31,515875,1.39,1129
100093,2026-08-31,3549843,1.15,1129
296214,2026-08-31,22300000,0.78,1129
132174,2026-08-31,6720700,3.59,7889
100180,2026-08-31,12965550,3.38,7889
100325,2026-08-31,6483000,3.04,7889
132822,2026-08-31,509759700,2.68,7889
132454,2026-08-31,3589100,2.39,7889
132215,2026-08-31,4846250,2.31,7889
100510,2026-08-31,1149925,1.71,7889
100247,2026-08-31,10080000,1.55,7889
100112,2026-08-31,3828750,1.49,7889
100113,2026-08-31,17046900,1.22,7889
132555,2026-08-31,10039500,1.21,7889
100440,2026-08-31,3105200,1.16,7889
209967,2026-08-31,7969600,1.14,7889
100295,2026-08-31,11068750,1.13,7889
100228,2026-08-31,2119500,1.02,7889
100188,2026-08-31,4191950,0.92,7889
126371,2026-08-31,27695250,0.90,7889
229365,2026-08-31,10013350,0.89,7889
100875,2026-08-31,8876850,0.83,7889
132500,2026-08-31,166900,0.83,7889
105200,2026-08-31,258600,0.76,7889
100470,2026-08-31,10455500,0.71,7889
190059,2026-08-31,862750,0.70,7889
219300,2026-08-31,4680450,0.69,7889
124804,2026-08-31,1073600,0.68,7889
112599,2026-08-31,641175,0.67,7889
100469,2026-08-31,4882500,0.64,7889
132343,2026-08-31,398825,0.64,7889
100300,2026-08-31,506250,0.63,7889
108869,2026-08-31,185125,0.60,7889
100034,2026-08-31,1533000,0.59,7889
132648,2026-08-31,69881700,0.59,7889
222055,2026-08-31,291750,0.56,7889
132538,2026-08-31,128650,0.54,7889
219494,2026-08-31,303450,0.53,7889
100049,2026-08-31,3494100,0.53,7889
226720,2026-08-31,2397600,0.53,7889
208883,2026-08-31,833025,0.53,7889
100520,2026-08-31,432800,0.52,7889
207901,2026-08-31,432800,0.52,7889
100547,2026-08-31,4352900,0.52,7889
221790,2026-08-31,471625,0.52,7889
132296,2026-08-31,562500,0.51,7889
132921,2026-08-31,811775,0.47,7889
131213,2026-08-31,3786000,0.47,7889
205198,2026-08-31,624300,0.46,7889
132777,2026-08-31,925100,0.45,7889
132432,2026-08-31,796400,0.44,7889
242461,2026-08-31,2821000,0.42,7889
100477,2026-08-31,6445000,0.42,7889
132483,2026-08-31,8667000,0.40,7889
217757,2026-08-31,925600,0.39,7889
100087,2026-08-31,749275,0.39,7889
132898,2026-08-31,4005200,0.39,7889
100312,2026-08-31,4470750,0.38,7889
296765,2026-08-31,30475,0.38,7889
217389,2026-08-31,1809500,0.36,7889
111243,2026-08-31,525000,0.36,7889
280713,2026-08-31,4089300,0.35,7889
286335,2026-08-31,877000,0.35,7889
100420,2026-08-31,184875,0.34,7889
100820,2026-08-31,352250,0.34,7889
132523,2026-08-31,2127500,0.32,7889
122275,2026-08-31,194125,0.32,7889
208238,2026-08-31,424125,0.31,7889
100425,2026-08-31,2119200,0.31,7889
271875,2026-08-31,593325,0.31,7889
132541,2026-08-31,422750,0.31,7889
100253,2026-08-31,1558000,0.31,7889
130965,2026-08-31,5996250,0.31,7889
132134,2026-08-31,3433950,0.30,7889
100480,2026-08-31,158800,0.30,7889
132725,2026-08-31,38900,0.29,7889
124715,2026-08-31,386050,0.28,7889
132461,2026-08-31,6248000,0.26,7889
209068,2026-08-31,1863725,0.26,7889
132234,2026-08-31,1805625,0.25,7889
211385,2026-08-31,394875,0.25,7889
100800,2026-08-31,650100,0.25,7889
208461,2026-08-31,1291075,0.25,7889
100209,2026-08-31,589200,0.25,7889
132477,2026-08-31,3509025,0.24,7889
131344,2026-08-31,1282500,0.24,7889
112070,2026-08-31,1166655,0.24,7889
208766,2026-08-31,191475,0.24,7889
302988,2026-08-31,1828125,0.23,7889
100103,2026-08-31,1344000,0.22,7889
208280,2026-08-31,218700,0.21,7889
208801,2026-08-31,6630000,0.21,7889
132754,2026-08-31,6096150,0.21,7889
132286,2026-08-31,466875,0.20,7889
100182,2026-08-31,100950,0.20,7889
222264,2026-08-31,907250,0.19,7889
132149,2026-08-31,3692000,0.19,7889
100400,2026-08-31,1500750,0.19,7889
131642,2026-08-31,634800,0.19,7889
289554,2026-08-31,418800,0.19,7889
132868,2026-08-31,725800,0.18,7889
132488,2026-08-31,50800,0.18,7889
278580,2026-08-31,5518625,0.17,7889
209867,2026-08-31,2389150,0.17,7889
100271,2026-08-31,290400,0.17,7889
111218,2026-08-31,410850,0.17,7889
117334,2026-08-31,2662950,0.17,7889
212427,2026-08-31,84500,0.17,7889
100368,2026-08-31,1298600,0.16,7889
100114,2026-08-31,86450,0.16,7889
132843,2026-08-31,479725,0.16,7889
252306,2026-08-31,1319200,0.16,7889
132810,2026-08-31,1271400,0.16,7889
219691,2026-08-31,271200,0.15,7889
100696,2026-08-31,205200,0.15,7889
211337,2026-08-31,42625,0.15,7889
109930,2026-08-31,110600,0.14,7889
132539,2026-08-31,304700,0.14,7889
279527,2026-08-31,2376000,0.14,7889
132667,2026-08-31,7975600,0.14,7889
224623,2026-08-31,3132000,0.14,7889
209550,2026-08-31,939675,0.14,7889
217379,2026-08-31,239525,0.14,7889
220018,2026-08-31,199150,0.14,7889
218071,2026-08-31,353325,0.14,7889
207950,2026-08-31,255550,0.13,7889
100530,2026-08-31,7025,0.13,7889
100093,2026-08-31,383350,0.13,7889
315904,2026-08-31,7236000,0.12,7889
210036,2026-08-31,432300,0.12,7889
100257,2026-08-31,153425,0.12,7889
100331,2026-08-31,195000,0.12,7889
289108,2026-08-31,695125,0.12,7889
100104,2026-08-31,864675,0.12,7889
100850,2026-08-31,421000,0.11,7889
103100,2026-08-31,162750,0.11,7889
100575,2026-08-31,249750,0.11,7889
254493,2026-08-31,154700,0.11,7889
200132,2026-08-31,23700,0.11,7889
132155,2026-08-31,1569100,0.10,7889
100493,2026-08-31,124500,0.10,7889
132525,2026-08-31,3126500,0.09,7889
210258,2026-08-31,491175,0.09,7889
132187,2026-08-31,235200,0.09,7889
217376,2026-08-31,561400,0.09,7889
132540,2026-08-31,96975,0.09,7889
100570,2026-08-31,732800,0.08,7889
100790,2026-08-31,150500,0.08,7889
132892,2026-08-31,215450,0.08,7889
132424,2026-08-31,240500,0.08,7889
271867,2026-08-31,104550,0.07,7889
221809,2026-08-31,2835200,0.07,7889
269404,2026-08-31,71400,0.07,7889
219700,2026-08-31,74475,0.07,7889
103806,2026-08-31,68600,0.06,7889
132497,2026-08-31,38250,0.06,7889
132281,2026-08-31,129600,0.06,7889
132814,2026-08-31,189000,0.06,7889
209078,2026-08-31,131250,0.06,7889
100096,2026-08-31,381250,0.05,7889
200091,2026-08-31,294000,0.05,7889
294388,2026-08-31,82125,0.05,7889
225154,2026-08-31,17300,0.05,7889
211840,2026-08-31,54250,0.05,7889
132755,2026-08-31,73200,0.04,7889
294320,2026-08-31,200725,0.04,7889
100163,2026-08-31,54725,0.04,7889
100830,2026-08-31,56925,0.04,7889
210590,2026-08-31,18500,0.04,7889
213838,2026-08-31,62100,0.04,7889
209037,2026-08-31,477400,0.04,7889
132827,2026-08-31,2520,0.03,7889
126299,2026-08-31,26675,0.02,7889
100251,2026-08-31,22275,0.02,7889
100002,2026-08-31,8000,0.02,7889
220350,2026-08-31,175500,0.02,7889
100825,2026-08-31,10250,0.02,7889
132466,2026-08-31,4100,0.02,7889
100408,2026-08-31,8875,0.01,7889
209902,2026-08-31,80000,0.01,7889
132321,2026-08-31,14400,0.01,7889
317635,2026-08-31,145500,0.01,7889
228974,2026-08-31,12500,0.01,7889
223187,2026-08-31,1350,0.00,7889
100180,2026-08-31,18187000,5.05,1103
132174,2026-08-31,8527400,4.86,1103
100325,2026-08-31,7012500,3.51,1103
132454,2026-08-31,4619850,3.28,1103
132215,2026-08-31,5805625,2.96,1103
100228,2026-08-31,4628475,2.37,1103
100112,2026-08-31,5670000,2.36,1103
132483,2026-08-31,34674750,1.72,1103
100034,2026-08-31,3810000,1.58,1103
100049,2026-08-31,9219750,1.50,1103
132555,2026-08-31,11476500,1.47,1103
100470,2026-08-31,20372000,1.47,1103
100247,2026-08-31,8708000,1.43,1103
132343,2026-08-31,798875,1.36,1103
100696,2026-08-31,1716600,1.32,1103
132461,2026-08-31,28608000,1.28,1103
100440,2026-08-31,2439500,0.97,1103
209967,2026-08-31,5831000,0.89,1103
100300,2026-08-31,656000,0.87,1103
278580,2026-08-31,25116700,0.85,1103
132822,2026-08-31,146809650,0.82,1103
208883,2026-08-31,1170875,0.79,1103
111243,2026-08-31,973750,0.71,1103
132488,2026-08-31,188900,0.70,1103
108869,2026-08-31,198000,0.69,1103
112599,2026-08-31,576285,0.65,1103
126371,2026-08-31,18555750,0.64,1103
100113,2026-08-31,8417700,0.64,1103
222055,2026-08-31,307200,0.63,1103
132134,2026-08-31,6399900,0.60,1103
296765,2026-08-31,45375,0.60,1103
219300,2026-08-31,3777300,0.59,1103
100875,2026-08-31,5844300,0.59,1103
100103,2026-08-31,3320625,0.58,1103
221790,2026-08-31,495000,0.58,1103
130965,2026-08-31,10486125,0.57,1103
105200,2026-08-31,178600,0.56,1103
100480,2026-08-31,276000,0.55,1103
100850,2026-08-31,1872000,0.54,1103
100800,2026-08-31,1322200,0.54,1103
217389,2026-08-31,2371600,0.51,1103
131642,2026-08-31,1573200,0.51,1103
132296,2026-08-31,515250,0.50,1103
100510,2026-08-31,317100,0.50,1103
100425,2026-08-31,3103200,0.49,1103
132777,2026-08-31,838750,0.43,1103
100253,2026-08-31,2017000,0.43,1103
209550,2026-08-31,2727225,0.43,1103
100820,2026-08-31,404750,0.42,1103
132500,2026-08-31,77800,0.41,1103
132523,2026-08-31,2462500,0.40,1103
132648,2026-08-31,42140500,0.38,1103
122275,2026-08-31,214375,0.37,1103
226720,2026-08-31,1579500,0.37,1103
224623,2026-08-31,7564650,0.36,1103
100093,2026-08-31,974100,0.35,1103
100570,2026-08-31,2908800,0.35,1103
100400,2026-08-31,2585350,0.35,1103
100477,2026-08-31,4950000,0.34,1103
208238,2026-08-31,433875,0.34,1103
229365,2026-08-31,3619000,0.34,1103
100104,2026-08-31,2312550,0.33,1103
217376,2026-08-31,2016000,0.33,1103
132725,2026-08-31,40450,0.32,1103
100114,2026-08-31,157325,0.31,1103
132538,2026-08-31,68900,0.31,1103
132149,2026-08-31,5116800,0.28,1103
100493,2026-08-31,341500,0.28,1103
100087,2026-08-31,508725,0.28,1103
131213,2026-08-31,2106000,0.28,1103
100331,2026-08-31,421500,0.28,1103
132477,2026-08-31,3814350,0.28,1103
100209,2026-08-31,618000,0.27,1103
100257,2026-08-31,304725,0.26,1103
242461,2026-08-31,1512800,0.24,1103
100547,2026-08-31,1896000,0.24,1103
100188,2026-08-31,1035125,0.24,1103
100575,2026-08-31,506625,0.24,1103
132541,2026-08-31,299725,0.23,1103
219494,2026-08-31,122850,0.23,1103
112070,2026-08-31,1063675,0.23,1103
100271,2026-08-31,355200,0.22,1103
207950,2026-08-31,382850,0.21,1103
132755,2026-08-31,330600,0.21,1103
209867,2026-08-31,2548900,0.20,1103
100096,2026-08-31,1315000,0.20,1103
289554,2026-08-31,409200,0.19,1103
100520,2026-08-31,150000,0.19,1103
132810,2026-08-31,1461200,0.19,1103
208766,2026-08-31,131400,0.18,1103
132921,2026-08-31,269800,0.17,1103
190059,2026-08-31,190400,0.17,1103
124804,2026-08-31,250250,0.17,1103
221809,2026-08-31,6188800,0.17,1103
103806,2026-08-31,165400,0.17,1103
212427,2026-08-31,77750,0.16,1103
100530,2026-08-31,8125,0.16,1103
132868,2026-08-31,587100,0.16,1103
132754,2026-08-31,4477950,0.16,1103
209068,2026-08-31,990600,0.15,1103
117334,2026-08-31,2091000,0.14,1103
132432,2026-08-31,236400,0.14,1103
225154,2026-08-31,42800,0.13,1103
200132,2026-08-31,28350,0.13,1103
205198,2026-08-31,167400,0.13,1103
132539,2026-08-31,254650,0.13,1103
207901,2026-08-31,90200,0.12,1103
132234,2026-08-31,828750,0.12,1103
211337,2026-08-31,31375,0.12,1103
111218,2026-08-31,273075,0.12,1103
109930,2026-08-31,85400,0.12,1103
100182,2026-08-31,51450,0.11,1103
254493,2026-08-31,150500,0.11,1103
279527,2026-08-31,1504800,0.10,1103
289108,2026-08-31,549875,0.10,1103
252306,2026-08-31,754175,0.10,1103
132286,2026-08-31,211250,0.10,1103
286335,2026-08-31,202000,0.09,1103
100830,2026-08-31,118250,0.09,1103
132843,2026-08-31,252650,0.09,1103
132155,2026-08-31,1228300,0.09,1103
211385,2026-08-31,133125,0.09,1103
302988,2026-08-31,596875,0.08,1103
219700,2026-08-31,81450,0.08,1103
100368,2026-08-31,603075,0.08,1103
100469,2026-08-31,577500,0.08,1103
208461,2026-08-31,337550,0.07,1103
222264,2026-08-31,307800,0.07,1103
217757,2026-08-31,147550,0.07,1103
132898,2026-08-31,630800,0.07,1103
132497,2026-08-31,40350,0.07,1103
132540,2026-08-31,72900,0.07,1103
210036,2026-08-31,202950,0.06,1103
210258,2026-08-31,279350,0.06,1103
209078,2026-08-31,120625,0.06,1103
220018,2026-08-31,79450,0.06,1103
100312,2026-08-31,686250,0.06,1103
225051,2026-08-31,247200,0.06,1103
100420,2026-08-31,27875,0.06,1103
217379,2026-08-31,89050,0.05,1103
218071,2026-08-31,130200,0.05,1103
269404,2026-08-31,46200,0.05,1103
100295,2026-08-31,464600,0.05,1103
132321,2026-08-31,100800,0.05,1103
100825,2026-08-31,21750,0.04,1103
211840,2026-08-31,43500,0.04,1103
271875,2026-08-31,50625,0.03,1103
131344,2026-08-31,167500,0.03,1103
132281,2026-08-31,56400,0.03,1103
132892,2026-08-31,71300,0.03,1103
100790,2026-08-31,54500,0.03,1103
315904,2026-08-31,1428000,0.03,1103
124715,2026-08-31,38500,0.03,1103
103100,2026-08-31,33600,0.03,1103
132187,2026-08-31,40600,0.02,1103
208801,2026-08-31,624000,0.02,1103
209902,2026-08-31,87500,0.01,1103
219691,2026-08-31,24000,0.01,1103
132424,2026-08-31,40500,0.01,1103
117354,2026-08-31,25000,0.01,1103
220350,2026-08-31,65250,0.01,1103
126299,2026-08-31,13750,0.01,1103
132466,2026-08-31,2100,0.01,1103
213838,2026-08-31,9450,0.01,1103
209037,2026-08-31,138600,0.01,1103
132525,2026-08-31,13000,0.00,1103
132827,2026-08-31,60,0.00,1103
100387,2026-08-31,25,0.00,1103
132667,2026-08-31,190500,0.00,1103
293862,2026-08-31,3650,0.00,1103
100251,2026-08-31,3825,0.00,1103
100180,2026-08-31,27444300,7.80,38865
132215,2026-08-31,5443125,2.84,38865
100325,2026-08-31,3687000,1.89,38865
132454,2026-08-31,2305650,1.67,38865
132822,2026-08-31,278895450,1.60,38865
100113,2026-08-31,18127900,1.42,38865
229365,2026-08-31,13923750,1.35,38865
209967,2026-08-31,8564600,1.33,38865
100112,2026-08-31,3038250,1.29,38865
100696,2026-08-31,1596600,1.26,38865
132483,2026-08-31,22605750,1.15,38865
100440,2026-08-31,2817500,1.15,38865
100049,2026-08-31,6788700,1.13,38865
209867,2026-08-31,13546800,1.08,38865
132174,2026-08-31,1786400,1.04,38865
219494,2026-08-31,532050,1.02,38865
132343,2026-08-31,581875,1.01,38865
100247,2026-08-31,6004000,1.01,38865
100103,2026-08-31,5549250,0.98,38865
100228,2026-08-31,1859625,0.97,38865
219300,2026-08-31,5715900,0.92,38865
217389,2026-08-31,4222900,0.92,38865
289554,2026-08-31,1831200,0.89,38865
130965,2026-08-31,13859625,0.77,38865
126371,2026-08-31,21849750,0.77,38865
131213,2026-08-31,5568000,0.76,38865
132555,2026-08-31,5655000,0.74,38865
278580,2026-08-31,20989325,0.72,38865
100480,2026-08-31,349800,0.72,38865
208280,2026-08-31,667500,0.70,38865
271875,2026-08-31,1134675,0.64,38865
209550,2026-08-31,3804600,0.61,38865
100425,2026-08-31,3788400,0.61,38865
132488,2026-08-31,155900,0.59,38865
100570,2026-08-31,4715200,0.58,38865
279527,2026-08-31,8780400,0.58,38865
100477,2026-08-31,7885000,0.56,38865
100875,2026-08-31,5350950,0.55,38865
132523,2026-08-31,3040000,0.50,38865
100470,2026-08-31,6776000,0.50,38865
132296,2026-08-31,502875,0.50,38865
132921,2026-08-31,781850,0.50,38865
112599,2026-08-31,434454,0.50,38865
226720,2026-08-31,2026350,0.49,38865
132461,2026-08-31,10528000,0.48,38865
100312,2026-08-31,5073750,0.47,38865
100271,2026-08-31,737200,0.46,38865
132424,2026-08-31,1277500,0.46,38865
208238,2026-08-31,565825,0.46,38865
100469,2026-08-31,3172500,0.45,38865
132725,2026-08-31,55000,0.44,38865
132187,2026-08-31,1061200,0.43,38865
132134,2026-08-31,4451850,0.43,38865
132648,2026-08-31,46028000,0.42,38865
280713,2026-08-31,4106500,0.39,38865
208461,2026-08-31,1844700,0.38,38865
217376,2026-08-31,2275000,0.38,38865
100400,2026-08-31,2668000,0.37,38865
132868,2026-08-31,1330000,0.37,38865
100547,2026-08-31,2774875,0.36,38865
132149,2026-08-31,6271200,0.36,38865
209068,2026-08-31,2289175,0.35,38865
108869,2026-08-31,93000,0.33,38865
111243,2026-08-31,425625,0.32,38865
100850,2026-08-31,1064000,0.31,38865
124804,2026-08-31,454300,0.31,38865
100510,2026-08-31,178150,0.29,38865
131344,2026-08-31,1392500,0.29,38865
217379,2026-08-31,454675,0.29,38865
100253,2026-08-31,1318000,0.28,38865
219700,2026-08-31,280575,0.28,38865
132286,2026-08-31,581875,0.28,38865
221790,2026-08-31,224400,0.27,38865
132777,2026-08-31,479600,0.25,38865
132754,2026-08-31,6626250,0.25,38865
100800,2026-08-31,589600,0.25,38865
117334,2026-08-31,3407100,0.23,38865
224623,2026-08-31,4732800,0.23,38865
122275,2026-08-31,125000,0.22,38865
208801,2026-08-31,6188000,0.21,38865
190059,2026-08-31,237650,0.21,38865
132477,2026-08-31,2756775,0.21,38865
208766,2026-08-31,148950,0.20,38865
100096,2026-08-31,1317500,0.20,38865
100368,2026-08-31,1448025,0.20,38865
132843,2026-08-31,498325,0.18,38865
218071,2026-08-31,426300,0.18,38865
100034,2026-08-31,420000,0.18,38865
205198,2026-08-31,212400,0.17,38865
286335,2026-08-31,369000,0.16,38865
132810,2026-08-31,1190800,0.16,38865
132667,2026-08-31,7886700,0.15,38865
100420,2026-08-31,72500,0.15,38865
131642,2026-08-31,439200,0.14,38865
210036,2026-08-31,457050,0.14,38865
111218,2026-08-31,321750,0.14,38865
100209,2026-08-31,313600,0.14,38865
132538,2026-08-31,29700,0.14,38865
100257,2026-08-31,139825,0.12,38865
211337,2026-08-31,31000,0.12,38865
211385,2026-08-31,161625,0.11,38865
132541,2026-08-31,128725,0.10,38865
132540,2026-08-31,93825,0.09,38865
222055,2026-08-31,42900,0.09,38865
109930,2026-08-31,58625,0.08,38865
222264,2026-08-31,342950,0.08,38865
132898,2026-08-31,746700,0.08,38865
100331,2026-08-31,110000,0.07,38865
100087,2026-08-31,127500,0.07,38865
269404,2026-08-31,64200,0.07,38865
100820,2026-08-31,65000,0.07,38865
242461,2026-08-31,406100,0.07,38865
103100,2026-08-31,86800,0.07,38865
132234,2026-08-31,375000,0.06,38865
207950,2026-08-31,97850,0.06,38865
100188,2026-08-31,218050,0.05,38865
289108,2026-08-31,253150,0.05,38865
112070,2026-08-31,193765,0.04,38865
254493,2026-08-31,53550,0.04,38865
103806,2026-08-31,34200,0.04,38865
132755,2026-08-31,51600,0.03,38865
132432,2026-08-31,52400,0.03,38865
100295,2026-08-31,251850,0.03,38865
100530,2026-08-31,1275,0.03,38865
100104,2026-08-31,174150,0.03,38865
126299,2026-08-31,24750,0.02,38865
105200,2026-08-31,7500,0.02,38865
132155,2026-08-31,262700,0.02,38865
132321,2026-08-31,38700,0.02,38865
100490,2026-08-31,3750,0.02,38865
208883,2026-08-31,21750,0.01,38865
100520,2026-08-31,10800,0.01,38865
132281,2026-08-31,24400,0.01,38865
225051,2026-08-31,36000,0.01,38865
217757,2026-08-31,18850,0.01,38865
100182,2026-08-31,3900,0.01,38865
132500,2026-08-31,1450,0.01,38865
124715,2026-08-31,9100,0.01,38865
100790,2026-08-31,9000,0.01,38865
209037,2026-08-31,51975,0.00,38865
213838,2026-08-31,6300,0.00,38865
100300,2026-08-31,3000,0.00,38865
100493,2026-08-31,4500,0.00,38865
100830,2026-08-31,3300,0.00,38865
221809,2026-08-31,83200,0.00,38865
207901,2026-08-31,1400,0.00,38865
100575,2026-08-31,1125,0.00,38865
100114,2026-08-31,175,0.00,38865
132539,2026-08-31,550,0.00,38865
212427,2026-08-31,125,0.00,38865
132830,2026-08-31,425,0.00,38865
132174,2026-08-31,7000000,4.15,46405
112599,2026-08-31,2947756,3.44,46405
209867,2026-08-31,42000000,3.39,46405
132889,2026-08-31,7000000,3.36,46405
132488,2026-08-31,850000,3.28,46405
100180,2026-08-31,10000000,2.89,46405
100247,2026-08-31,15000000,2.57,46405
304714,2026-08-31,3600000,2.48,46405
277614,2026-08-31,20000000,2.41,46405
241214,2026-08-31,35000000,2.28,46405
109480,2026-08-31,11000000,2.23,46405
215367,2026-08-31,11000000,2.22,46405
100820,2026-08-31,2000000,2.16,46405
122074,2026-08-31,8000000,2.05,46405
233063,2026-08-31,7500000,2.03,46405
221645,2026-08-31,6500000,2.00,46405
132779,2026-08-31,4000000,1.98,46405
132523,2026-08-31,11023314,1.85,46405
132541,2026-08-31,2120600,1.72,46405
284503,2026-08-31,6308563,1.70,46405
122287,2026-08-31,2949566,1.68,46405
214179,2026-08-31,5000000,1.66,46405
223409,2026-08-31,2650161,1.59,46405
113375,2026-08-31,3508647,1.58,46405
132478,2026-08-31,2900000,1.55,46405
100067,2026-08-31,2510000,1.50,46405
100469,2026-08-31,10000000,1.45,46405
132500,2026-08-31,260000,1.44,46405
237191,2026-08-31,4000000,1.38,46405
132215,2026-08-31,2600000,1.38,46405
293380,2026-08-31,1711126,1.30,46405
100840,2026-08-31,11000000,1.27,46405
100645,2026-08-31,2197219,1.26,46405
252306,2026-08-31,9200000,1.23,46405
254962,2026-08-31,1648216,1.22,46405
317635,2026-08-31,27000000,1.22,46405
100228,2026-08-31,2227500,1.19,46405
221790,2026-08-31,950000,1.15,46405
117506,2026-08-31,4790680,1.14,46405
302988,2026-08-31,8000000,1.14,46405
132827,2026-08-31,77000,1.12,46405
208361,2026-08-31,1250000,1.12,46405
200054,2026-08-31,7931704,1.12,46405
251791,2026-08-31,10675139,1.08,46405
207901,2026-08-31,800000,1.07,46405
132343,2026-08-31,600000,1.06,46405
132504,2026-08-31,300000,1.06,46405
293862,2026-08-31,9000000,1.03,46405
226611,2026-08-31,20000000,1.03,46405
209078,2026-08-31,2117711,1.01,46405
100530,2026-08-31,49128,1.00,46405
100470,2026-08-31,13000000,0.98,46405
100209,2026-08-31,2100000,0.97,46405
100300,2026-08-31,700000,0.96,46405
208238,2026-08-31,1000000,0.82,46405
274066,2026-08-31,3160000,0.73,46405
209550,2026-08-31,4100000,0.67,46405
208461,2026-08-31,3066667,0.65,46405
215216,2026-08-31,137931,0.63,46405
100387,2026-08-31,57982,0.55,46405
242461,2026-08-31,3000000,0.50,46405
303575,2026-08-31,6500000,0.48,46405
219236,2026-08-31,183777,0.41,46405
210590,2026-08-31,170000,0.39,46405
293601,2026-08-31,1916354,0.38,46405
107880,2026-08-31,3031256,0.38,46405
317832,2026-08-31,7610604,0.18,46405
218929,2026-08-31,3367072,0.12,46405
100092,2026-08-31,1700000,3.34,2789
208766,2026-08-31,2200000,3.05,2789
132779,2026-08-31,6000000,2.97,2789
109930,2026-08-31,2000000,2.90,2789
100103,2026-08-31,15000000,2.71,2789
132523,2026-08-31,15598584,2.62,2789
100469,2026-08-31,18000000,2.62,2789
190071,2026-08-31,1393043,2.58,2789
302988,2026-08-31,18000000,2.57,2789
217379,2026-08-31,3999975,2.56,2789
100387,2026-08-31,250000,2.37,2789
320350,2026-08-31,34697403,2.36,2789
100493,2026-08-31,2700000,2.32,2789
100550,2026-08-31,1403118,2.31,2789
103806,2026-08-31,2100000,2.19,2789
124804,2026-08-31,3038512,2.13,2789
210258,2026-08-31,10000000,2.11,2789
109480,2026-08-31,10260000,2.08,2789
106076,2026-08-31,2500000,2.06,2789
220018,2026-08-31,2700000,2.06,2789
100403,2026-08-31,4000000,1.96,2789
218756,2026-08-31,7000000,1.95,2789
100257,2026-08-31,2100000,1.87,2789
305013,2026-08-31,120000000,1.80,2789
293380,2026-08-31,2300000,1.74,2789
132683,2026-08-31,1000000,1.74,2789
271875,2026-08-31,3000000,1.73,2789
228974,2026-08-31,3600000,1.73,2789
100228,2026-08-31,3000000,1.60,2789
228049,2026-08-31,4318200,1.57,2789
103100,2026-08-31,2000000,1.55,2789
132827,2026-08-31,105709,1.54,2789
209967,2026-08-31,9393514,1.49,2789
132725,2026-08-31,180000,1.48,2789
105790,2026-08-31,900000,1.47,2789
100660,2026-08-31,1180000,1.47,2789
217400,2026-08-31,6315774,1.46,2789
131531,2026-08-31,3000000,1.46,2789
123642,2026-08-31,1500000,1.45,2789
100830,2026-08-31,1800000,1.39,2789
113375,2026-08-31,3000000,1.35,2789
208461,2026-08-31,6300373,1.34,2789
237831,2026-08-31,8700000,1.21,2789
132720,2026-08-31,7855388,1.20,2789
293862,2026-08-31,9999900,1.15,2789
322541,2026-08-31,13900000,1.09,2789
132644,2026-08-31,500000,1.05,2789
100459,2026-08-31,311000,1.01,2789
208883,2026-08-31,1375050,0.96,2789
217376,2026-08-31,4943797,0.84,2789
100411,2026-08-31,493950,0.79,2789
268618,2026-08-31,500000,0.74,2789
132843,2026-08-31,1676579,0.62,2789
226076,2026-08-31,1532160,0.36,2789
130005,2026-08-31,2173922,0.33,2789
237742,2026-08-31,317839,0.11,2789
231440,2026-08-31,8336,0.00,2789
272059,2026-08-31,2562406,0.00,2789
252306,2026-08-31,46959835,6.38,3461
132174,2026-08-31,9881750,5.95,3461
100034,2026-08-31,12963484,5.67,3461
100180,2026-08-31,14808879,4.35,3461
100114,2026-08-31,1954775,4.13,3461
132541,2026-08-31,4873000,4.00,3461
210072,2026-08-31,606200,3.73,3461
132777,2026-08-31,6758000,3.67,3461
210590,2026-08-31,1451200,3.36,3461
132454,2026-08-31,4309500,3.23,3461
100247,2026-08-31,18419900,3.20,3461
223595,2026-08-31,1678000,2.71,3461
100520,2026-08-31,1863000,2.53,3461
105200,2026-08-31,688000,2.26,3461
216156,2026-08-31,1178800,2.21,3461
132500,2026-08-31,387090,2.17,3461
100251,2026-08-31,1814700,2.16,3461
279664,2026-08-31,3369225,2.06,3461
218763,2026-08-31,2540787,2.03,3461
132331,2026-08-31,1326000,1.98,3461
211337,2026-08-31,457000,1.79,3461
132488,2026-08-31,427300,1.67,3461
132830,2026-08-31,2515000,1.58,3461
111243,2026-08-31,1963450,1.51,3461
100331,2026-08-31,2133500,1.49,3461
100420,2026-08-31,683000,1.43,3461
229238,2026-08-31,1772000,1.17,3461
106076,2026-08-31,1346368,1.13,3461
100790,2026-08-31,1747000,1.08,3461
100093,2026-08-31,2829740,1.07,3461
124494,2026-08-31,1294200,1.06,3461
235355,2026-08-31,875870,1.05,3461
131642,2026-08-31,3004000,1.02,3461
131768,2026-08-31,1379500,1.00,3461
286335,2026-08-31,2226797,1.00,3461
117354,2026-08-31,1880000,0.97,3461
109480,2026-08-31,4118000,0.85,3461
123642,2026-08-31,742057,0.73,3461
267615,2026-08-31,1276000,0.67,3461
215367,2026-08-31,3165000,0.65,3461
123395,2026-08-31,46600,0.64,3461
100820,2026-08-31,571000,0.63,3461
233063,2026-08-31,2173000,0.60,3461
323093,2026-08-31,6580200,0.56,3461
301912,2026-08-31,1640000,0.56,3461
208727,2026-08-31,1302000,0.50,3461
132343,2026-08-31,267090,0.48,3461
228465,2026-08-31,1497400,0.45,3461
100387,2026-08-31,43620,0.42,3461
228049,2026-08-31,1078000,0.40,3461
222255,2026-08-31,721077,0.39,3461
233156,2026-08-31,1700000,0.34,3461
211969,2026-08-31,775285,0.21,3461
132827,2026-08-31,13295,0.20,3461
105790,2026-08-31,61273,0.10,3461
116068,2026-08-31,445050,0.00,3461
217805,2026-08-31,161752,0.00,3461
112424,2026-08-31,6325000,0.00,3461
115003,2026-08-31,6154,0.00,3461
132174,2026-08-31,11535955,7.22,2799
100180,2026-08-31,18179960,5.55,2799
100510,2026-08-31,2219697,3.86,2799
200132,2026-08-31,737963,3.85,2799
132541,2026-08-31,3474000,2.97,2799
124804,2026-08-31,4007877,2.96,2799
105200,2026-08-31,761000,2.60,2799
237831,2026-08-31,17405937,2.55,2799
100112,2026-08-31,4992425,2.28,2799
217376,2026-08-31,12300000,2.21,2799
100114,2026-08-31,1007000,2.21,2799
124715,2026-08-31,2551650,2.18,2799
108869,2026-08-31,565751,2.17,2799
320350,2026-08-31,29300022,2.11,2799
302988,2026-08-31,13972214,2.10,2799
324996,2026-08-31,10268959,1.92,2799
132454,2026-08-31,2444500,1.91,2799
132215,2026-08-31,3316500,1.86,2799
286335,2026-08-31,3848000,1.80,2799
209550,2026-08-31,10354404,1.78,2799
132488,2026-08-31,391000,1.59,2799
132808,2026-08-31,1415125,1.50,2799
207901,2026-08-31,1032600,1.46,2799
111218,2026-08-31,2956600,1.41,2799
208766,2026-08-31,959038,1.40,2799
132523,2026-08-31,6986253,1.24,2799
132814,2026-08-31,3200000,1.24,2799
100469,2026-08-31,7817267,1.20,2799
126371,2026-08-31,31300000,1.19,2799
100480,2026-08-31,514244,1.13,2799
214179,2026-08-31,3161371,1.11,2799
132868,2026-08-31,3674491,1.09,2799
208280,2026-08-31,960400,1.08,2799
216147,2026-08-31,7829028,1.07,2799
293862,2026-08-31,8800000,1.07,2799
100547,2026-08-31,7512500,1.05,2799
100247,2026-08-31,5786500,1.04,2799
132921,2026-08-31,1482300,1.02,2799
100325,2026-08-31,1835667,1.01,2799
100477,2026-08-31,13210000,1.00,2799
132683,2026-08-31,544951,1.00,2799
117334,2026-08-31,13529561,0.99,2799
209068,2026-08-31,6048644,0.99,2799
208099,2026-08-31,1128993,0.90,2799
124019,2026-08-31,345821,0.90,2799
279527,2026-08-31,12739859,0.90,2799
208461,2026-08-31,3873667,0.87,2799
113375,2026-08-31,1772819,0.84,2799
229852,2026-08-31,11207829,0.79,2799
252076,2026-08-31,709729,0.77,2799
251791,2026-08-31,7066720,0.76,2799
207945,2026-08-31,8441136,0.67,2799
132331,2026-08-31,430000,0.67,2799
252306,2026-08-31,4105000,0.58,2799
119600,2026-08-31,1126846,0.52,2799
100295,2026-08-31,4200000,0.50,2799
226611,2026-08-31,8522555,0.46,2799
107880,2026-08-31,3231978,0.43,2799
106076,2026-08-31,400000,0.35,2799
109480,2026-08-31,1205245,0.26,2799
221790,2026-08-31,152274,0.20,2799
132500,2026-08-31,23374,0.14,2799
132810,2026-08-31,700584,0.10,2799
132504,2026-08-31,14747,0.06,2799
132779,2026-08-31,87041,0.05,2799
279017,2026-08-31,142700,1.99,2799
225213,2026-08-31,123000,1.12,2799
132174,2026-08-31,11000000,7.17,1311
100180,2026-08-31,18880000,6.00,1311
100325,2026-08-31,7400000,4.24,1311
100247,2026-08-31,17500000,3.29,1311
132215,2026-08-31,5500000,3.21,1311
100112,2026-08-31,6300000,3.00,1311
100510,2026-08-31,1206749,2.19,1311
100209,2026-08-31,4000000,2.03,1311
132488,2026-08-31,475583,2.02,1311
132454,2026-08-31,2400000,1.95,1311
132500,2026-08-31,300000,1.82,1311
252306,2026-08-31,12000000,1.77,1311
222255,2026-08-31,2459629,1.43,1311
221645,2026-08-31,4200000,1.42,1311
222055,2026-08-31,600000,1.41,1311
132555,2026-08-31,9000000,1.32,1311
322950,2026-08-31,943108,1.26,1311
208361,2026-08-31,1250000,1.24,1311
132540,2026-08-31,1100000,1.18,1311
100875,2026-08-31,9000000,1.03,1311
117354,2026-08-31,1800000,1.00,1311
104067,2026-08-31,4850000,1.00,1311
217389,2026-08-31,4000000,0.97,1311
212427,2026-08-31,400000,0.96,1311
132432,2026-08-31,1350000,0.90,1311
211385,2026-08-31,1100000,0.86,1311
132805,2026-08-31,5200000,0.83,1311
200132,2026-08-31,150000,0.82,1311
132424,2026-08-31,2000000,0.81,1311
100472,2026-08-31,1000000,0.70,1311
130007,2026-08-31,4007096,0.68,1311
132155,2026-08-31,23350297,1.98,2796
289108,2026-08-31,8638573,1.88,2796
100180,2026-08-31,5262000,1.78,2796
132720,2026-08-31,9232926,1.65,2796
132174,2026-08-31,2320000,1.61,2796
279527,2026-08-31,20500000,1.60,2796
132523,2026-08-31,7920476,1.56,2796
209967,2026-08-31,8200000,1.52,2796
100247,2026-08-31,6696701,1.34,2796
209373,2026-08-31,7000000,1.34,2796
117334,2026-08-31,16255579,1.33,2796
100084,2026-08-31,18544608,1.29,2796
100312,2026-08-31,11500000,1.27,2796
132461,2026-08-31,21000000,1.15,2796
297629,2026-08-31,5200000,1.13,2796
132215,2026-08-31,1800000,1.12,2796
205198,2026-08-31,1120650,1.08,2796
302988,2026-08-31,6346875,1.06,2796
100325,2026-08-31,1720000,1.05,2796
112070,2026-08-31,3260348,0.88,2796
216369,2026-08-31,22800000,0.84,2796
132630,2026-08-31,2180000,0.81,2796
209979,2026-08-31,1600000,0.80,2796
124804,2026-08-31,967117,0.79,2796
132313,2026-08-31,4276508,0.75,2796
209550,2026-08-31,3820000,0.73,2796
209587,2026-08-31,4740000,0.69,2796
130965,2026-08-31,10000000,0.66,2796
100038,2026-08-31,2000000,0.66,2796
229852,2026-08-31,8272795,0.65,2796
214179,2026-08-31,1531250,0.59,2796
130117,2026-08-31,352515,0.58,2796
100113,2026-08-31,6173203,0.58,2796
200091,2026-08-31,2471200,0.57,2796
106395,2026-08-31,600000,0.55,2796
107880,2026-08-31,3374277,0.49,2796
224623,2026-08-31,8500000,0.49,2796
132281,2026-08-31,780000,0.49,2796
100112,2026-08-31,950000,0.48,2796
100875,2026-08-31,3800000,0.46,2796
200515,2026-08-31,381300,0.46,2796
219494,2026-08-31,200000,0.46,2796
132134,2026-08-31,3900000,0.44,2796
100096,2026-08-31,2400000,0.44,2796
106401,2026-08-31,500000,0.42,2796
324996,2026-08-31,2000000,0.42,2796
122287,2026-08-31,561076,0.38,2796
216156,2026-08-31,135247,0.29,2796
100830,2026-08-31,300000,0.27,2796
100101,2026-08-31,1009900,0.27,2796
107685,2026-08-31,3000000,0.26,2796
317635,2026-08-31,5000000,0.26,2796
102090,2026-08-31,3338867,0.25,2796
210258,2026-08-31,1012032,0.25,2796
100292,2026-08-31,3044266,0.23,2796
217376,2026-08-31,1000000,0.20,2796
100209,2026-08-31,349234,0.19,2796
207778,2026-08-31,3080630,0.18,2796
131162,2026-08-31,1000000,0.17,2796
100470,2026-08-31,1935803,0.17,2796
215367,2026-08-31,639295,0.15,2796
123716,2026-08-31,829665,0.15,2796
132454,2026-08-31,160000,0.14,2796
237191,2026-08-31,282904,0.11,2796
200057,2026-08-31,800000,0.11,2796
273033,2026-08-31,2063798,0.07,2796
100355,2026-08-31,500000,0.05,2796
132689,2026-08-31,75000,0.04,2796
323819,2026-08-31,624345,0.04,2796
275037,2026-08-31,658724,0.03,2796
322716,2026-08-31,28096,0.01,2796
303704,2026-08-31,28981,0.00,2796
100049,2026-08-31,97280575,21.18,27621
132555,2026-08-31,112674287,19.37,27621
132898,2026-08-31,128786697,17.83,27621
219300,2026-08-31,68119601,14.37,27621
100312,2026-08-31,110470404,13.45,27621
216369,2026-08-31,107189047,4.32,27621
200091,2026-08-31,15510599,3.94,27621
219691,2026-08-31,2407145,1.91,27621
113683,2026-08-31,10355263,1.45,27621
208801,2026-08-31,29446228,1.33,27621
220512,2026-08-31,20341761,0.69,27621
132174,2026-08-31,4694329,3.80,26169
100180,2026-08-31,7563057,2.98,26169
132215,2026-08-31,3067280,2.22,26169
100112,2026-08-31,3182318,1.88,26169
252306,2026-08-31,9279553,1.69,26169
100520,2026-08-31,878500,1.60,26169
100209,2026-08-31,2444081,1.54,26169
132777,2026-08-31,2098795,1.53,26169
100325,2026-08-31,2063054,1.46,26169
219494,2026-08-31,522287,1.39,26169
100251,2026-08-31,853399,1.37,26169
100696,2026-08-31,1076252,1.18,26169
100247,2026-08-31,5000000,1.17,26169
200132,2026-08-31,160433,1.08,26169
132555,2026-08-31,5591755,1.02,26169
209550,2026-08-31,4402755,0.98,26169
208607,2026-08-31,1001110,0.95,26169
293862,2026-08-31,5820984,0.91,26169
100114,2026-08-31,317479,0.90,26169
100312,2026-08-31,6500000,0.84,26169
215367,2026-08-31,3000000,0.83,26169
124715,2026-08-31,700000,0.77,26169
205198,2026-08-31,630000,0.71,26169
208045,2026-08-31,9021386,0.70,26169
117334,2026-08-31,7236740,0.69,26169
217376,2026-08-31,2973280,0.69,26169
320028,2026-08-31,377005,0.68,26169
208361,2026-08-31,524105,0.64,26169
223595,2026-08-31,293472,0.64,26169
132454,2026-08-31,626418,0.63,26169
111218,2026-08-31,970082,0.60,26169
208280,2026-08-31,398079,0.58,26169
104973,2026-08-31,700000,0.58,26169
100800,2026-08-31,939922,0.54,26169
132286,2026-08-31,751847,0.50,26169
212705,2026-08-31,660731,0.47,26169
100875,2026-08-31,3339966,0.47,26169
277169,2026-08-31,1000379,0.45,26169
222055,2026-08-31,155299,0.45,26169
102355,2026-08-31,350000,0.44,26169
100034,2026-08-31,754040,0.44,26169
324996,2026-08-31,1809248,0.44,26169
200515,2026-08-31,302802,0.43,26169
122275,2026-08-31,174810,0.43,26169
132755,2026-08-31,439564,0.40,26169
132541,2026-08-31,351215,0.39,26169
302988,2026-08-31,2004359,0.39,26169
132432,2026-08-31,450000,0.37,26169
217389,2026-08-31,1200000,0.36,26169
209068,2026-08-31,1675000,0.35,26169
222961,2026-08-31,297341,0.35,26169
269404,2026-08-31,222044,0.34,26169
100300,2026-08-31,180000,0.34,26169
132810,2026-08-31,1808818,0.34,26169
108869,2026-08-31,69519,0.34,26169
211840,2026-08-31,255532,0.34,26169
305799,2026-08-31,610219,0.33,26169
220350,2026-08-31,1770000,0.32,26169
208364,2026-08-31,177126,0.30,26169
304682,2026-08-31,304542,0.30,26169
317139,2026-08-31,5986628,0.30,26169
100295,2026-08-31,1809248,0.28,26169
111072,2026-08-31,220187,0.28,26169
287433,2026-08-31,1256337,0.28,26169
208883,2026-08-31,281500,0.27,26169
209147,2026-08-31,315332,0.26,26169
289108,2026-08-31,1027115,0.26,26169
100825,2026-08-31,85000,0.25,26169
100271,2026-08-31,274136,0.24,26169
223187,2026-08-31,106808,0.22,26169
132538,2026-08-31,33718,0.21,26169
100165,2026-08-31,2000000,0.21,26169
100104,2026-08-31,1050000,0.21,26169
223586,2026-08-31,627172,0.20,26169
219700,2026-08-31,146360,0.20,26169
279664,2026-08-31,235127,0.19,26169
315602,2026-08-31,76327,0.18,26169
132524,2026-08-31,2200000,0.18,26169
113683,2026-08-31,1200000,0.18,26169
103806,2026-08-31,121017,0.17,26169
213838,2026-08-31,187418,0.17,26169
210590,2026-08-31,50000,0.16,26169
212427,2026-08-31,53000,0.16,26169
209063,2026-08-31,320563,0.15,26169
221194,2026-08-31,212132,0.15,26169
132868,2026-08-31,400000,0.15,26169
311571,2026-08-31,519867,0.15,26169
293665,2026-08-31,568964,0.14,26169
100413,2026-08-31,2153718,0.13,26169
100331,2026-08-31,1500,0.00,12938
225154,2026-08-31,500,0.00,12938
132466,2026-08-31,400,0.00,12938
100180,2026-08-31,11037650,4.46,12938
100325,2026-08-31,5780000,4.21,12938
132215,2026-08-31,4081875,3.03,12938
100112,2026-08-31,3538500,2.14,12938
100228,2026-08-31,2474550,1.85,12938
100247,2026-08-31,7194000,1.72,12938
132174,2026-08-31,1804600,1.50,12938
132822,2026-08-31,177686850,1.45,12938
112599,2026-08-31,855312,1.39,12938
132500,2026-08-31,178000,1.38,12938
100470,2026-08-31,13018500,1.37,12938
100510,2026-08-31,555625,1.28,12938
132483,2026-08-31,17003250,1.23,12938
100034,2026-08-31,1957500,1.18,12938
100113,2026-08-31,10528000,1.17,12938
286335,2026-08-31,1874000,1.16,12938
229365,2026-08-31,8173300,1.13,12938
132296,2026-08-31,702375,0.99,12938
132454,2026-08-31,931475,0.96,12938
208883,2026-08-31,973675,0.95,12938
131213,2026-08-31,4797000,0.93,12938
271875,2026-08-31,1131300,0.91,12938
132777,2026-08-31,1127500,0.84,12938
219300,2026-08-31,3565350,0.82,12938
100425,2026-08-31,3523200,0.81,12938
132343,2026-08-31,308875,0.76,12938
100188,2026-08-31,2070250,0.70,12938
132555,2026-08-31,3618000,0.68,12938
100440,2026-08-31,1106700,0.64,12938
209967,2026-08-31,2784600,0.62,12938
111218,2026-08-31,938025,0.59,12938
126371,2026-08-31,11778750,0.59,12938
132648,2026-08-31,43726600,0.57,12938
100820,2026-08-31,359250,0.54,12938
100477,2026-08-31,5205000,0.52,12938
100520,2026-08-31,273200,0.51,12938
132538,2026-08-31,75950,0.50,12938
100103,2026-08-31,1981875,0.50,12938
105200,2026-08-31,106800,0.48,12938
289554,2026-08-31,694200,0.48,12938
132134,2026-08-31,3378375,0.46,12938
132461,2026-08-31,7000000,0.46,12938
278580,2026-08-31,9293550,0.46,12938
100300,2026-08-31,240250,0.46,12938
208238,2026-08-31,404625,0.46,12938
100696,2026-08-31,401400,0.45,12938
100875,2026-08-31,3070500,0.45,12938
190059,2026-08-31,354200,0.45,12938
100209,2026-08-31,660800,0.43,12938
131642,2026-08-31,907200,0.42,12938
221790,2026-08-31,247500,0.42,12938
100182,2026-08-31,130500,0.41,12938
100469,2026-08-31,1992500,0.41,12938
132540,2026-08-31,298350,0.41,12938
209550,2026-08-31,1748025,0.40,12938
280713,2026-08-31,2797150,0.38,12938
100480,2026-08-31,131000,0.38,12938
100850,2026-08-31,852000,0.36,12938
124715,2026-08-31,316050,0.36,12938
132541,2026-08-31,313500,0.35,12938
100295,2026-08-31,2159700,0.34,12938
122275,2026-08-31,134250,0.34,12938
100368,2026-08-31,1681300,0.33,12938
217376,2026-08-31,1387400,0.33,12938
132523,2026-08-31,1390000,0.33,12938
100049,2026-08-31,1342350,0.32,12938
130965,2026-08-31,4095000,0.32,12938
132843,2026-08-31,602175,0.31,12938
109930,2026-08-31,151725,0.31,12938
100087,2026-08-31,382925,0.31,12938
211385,2026-08-31,295125,0.29,12938
132921,2026-08-31,307325,0.28,12938
209867,2026-08-31,2350100,0.27,12938
226720,2026-08-31,772200,0.26,12938
217389,2026-08-31,827200,0.26,12938
131344,2026-08-31,903750,0.26,12938
208280,2026-08-31,168900,0.25,12938
100530,2026-08-31,8150,0.23,12938
100570,2026-08-31,1294400,0.23,12938
132898,2026-08-31,1398400,0.21,12938
100400,2026-08-31,1054150,0.21,12938
100800,2026-08-31,331100,0.20,12938
209068,2026-08-31,917575,0.20,12938
211337,2026-08-31,38000,0.20,12938
100271,2026-08-31,224800,0.20,12938
212427,2026-08-31,65250,0.20,12938
111243,2026-08-31,177500,0.19,12938
210258,2026-08-31,637325,0.19,12938
132488,2026-08-31,34600,0.19,12938
213838,2026-08-31,209250,0.19,12938
132539,2026-08-31,248050,0.18,12938
279527,2026-08-31,1908000,0.18,12938
271867,2026-08-31,168300,0.18,12938
132755,2026-08-31,183600,0.17,12938
296765,2026-08-31,8150,0.16,12938
132149,2026-08-31,1877200,0.15,12938
108869,2026-08-31,29000,0.15,12938
132424,2026-08-31,282500,0.15,12938
100575,2026-08-31,202500,0.14,12938
132281,2026-08-31,180400,0.14,12938
100547,2026-08-31,740625,0.14,12938
124804,2026-08-31,138050,0.14,12938
252306,2026-08-31,773575,0.14,12938
217757,2026-08-31,200850,0.13,12938
100253,2026-08-31,426000,0.13,12938
100312,2026-08-31,1001250,0.13,12938
200132,2026-08-31,17700,0.12,12938
242461,2026-08-31,511500,0.12,12938
208461,2026-08-31,416025,0.12,12938
289108,2026-08-31,473100,0.12,12938
208801,2026-08-31,2112500,0.10,12938
222264,2026-08-31,305900,0.10,12938
103100,2026-08-31,93450,0.10,12938
219494,2026-08-31,31200,0.09,12938
132477,2026-08-31,876150,0.09,12938
132725,2026-08-31,6950,0.08,12938
132810,2026-08-31,440700,0.08,12938
209902,2026-08-31,427500,0.07,12938
103806,2026-08-31,45600,0.07,12938
254493,2026-08-31,61600,0.07,12938
100790,2026-08-31,80000,0.07,12938
219691,2026-08-31,80000,0.07,12938
100096,2026-08-31,336250,0.07,12938
132868,2026-08-31,181450,0.07,12938
132892,2026-08-31,101525,0.06,12938
294320,2026-08-31,185225,0.06,12938
100830,2026-08-31,54450,0.06,12938
302988,2026-08-31,325000,0.06,12938
222055,2026-08-31,20550,0.06,12938
132525,2026-08-31,1053000,0.05,12938
221809,2026-08-31,1299200,0.05,12938
132286,2026-08-31,70625,0.05,12938
217379,2026-08-31,58175,0.05,12938
100420,2026-08-31,18875,0.05,12938
100257,2026-08-31,43350,0.05,12938
132754,2026-08-31,885825,0.05,12938
269404,2026-08-31,25000,0.04,12938
100493,2026-08-31,33000,0.04,12938
117334,2026-08-31,393600,0.04,12938
228974,2026-08-31,60500,0.04,12938
132667,2026-08-31,1612900,0.04,12938
100093,2026-08-31,74800,0.04,12938
100490,2026-08-31,5775,0.04,12938
218071,2026-08-31,74025,0.04,12938
223187,2026-08-31,16950,0.04,12938
100104,2026-08-31,204525,0.04,12938
132497,2026-08-31,11700,0.03,12938
132321,2026-08-31,40500,0.03,12938
100251,2026-08-31,18900,0.03,12938
132827,2026-08-31,1580,0.03,12938
208361,2026-08-31,12925,0.02,12938
205198,2026-08-31,17700,0.02,12938
315904,2026-08-31,900000,0.02,12938
210590,2026-08-31,7000,0.02,12938
219700,2026-08-31,12375,0.02,12938
294388,2026-08-31,7500,0.01,12938
132187,2026-08-31,23100,0.01,12938
132432,2026-08-31,11200,0.01,12938
209037,2026-08-31,111650,0.01,12938
225051,2026-08-31,37600,0.01,12938
132155,2026-08-31,145550,0.01,12938
126299,2026-08-31,4950,0.01,12938
132234,2026-08-31,52500,0.01,12938
220018,2026-08-31,6650,0.01,12938
317635,2026-08-31,92150,0.01,12938
132174,2026-08-31,7500000,7.41,2667
100180,2026-08-31,13700000,6.60,2667
132215,2026-08-31,4700000,4.15,2667
100112,2026-08-31,4900000,3.53,2667
117334,2026-08-31,30000000,3.48,2667
132555,2026-08-31,14000000,3.11,2667
100325,2026-08-31,3400000,2.95,2667
100209,2026-08-31,3800000,2.93,2667
132454,2026-08-31,2290000,2.82,2667
132497,2026-08-31,850000,2.59,2667
252306,2026-08-31,11000000,2.45,2667
120056,2026-08-31,265600,2.39,2667
132488,2026-08-31,370000,2.38,2667
235355,2026-08-31,1100000,2.16,2667
132810,2026-08-31,9111111,2.08,2667
219300,2026-08-31,6800000,1.86,2667
210217,2026-08-31,3705882,1.85,2667
100520,2026-08-31,800000,1.78,2667
209550,2026-08-31,6100000,1.66,2667
132432,2026-08-31,1600000,1.62,2667
100850,2026-08-31,3078843,1.54,2667
223595,2026-08-31,570000,1.51,2667
211840,2026-08-31,895593,1.47,2667
100249,2026-08-31,2649618,1.45,2667
122275,2026-08-31,477000,1.44,2667
104973,2026-08-31,1400000,1.41,2667
217379,2026-08-31,1300000,1.38,2667
200055,2026-08-31,6200000,1.36,2667
113683,2026-08-31,7444108,1.35,2667
100271,2026-08-31,1201800,1.28,2667
100400,2026-08-31,5300000,1.25,2667
132175,2026-08-31,1473406,1.18,2667
100247,2026-08-31,4000000,1.14,2667
207901,2026-08-31,500000,1.11,2667
100114,2026-08-31,320000,1.11,2667
123395,2026-08-31,48600,1.10,2667
123457,2026-08-31,232421,1.01,2667
209967,2026-08-31,3800087,1.00,2667
100800,2026-08-31,1401923,0.99,2667
209902,2026-08-31,4961320,0.97,2667
211385,2026-08-31,800000,0.95,2667
229365,2026-08-31,5400000,0.89,2667
132921,2026-08-31,800000,0.87,2667
132777,2026-08-31,944611,0.84,2667
280713,2026-08-31,5000090,0.80,2667
100251,2026-08-31,400506,0.78,2667
100425,2026-08-31,2700000,0.74,2667
122113,2026-08-31,346781,0.74,2667
132478,2026-08-31,800000,0.71,2667
208607,2026-08-31,600000,0.69,2667
105010,2026-08-31,571598,0.67,2667
132540,2026-08-31,400000,0.65,2667
132477,2026-08-31,5000000,0.64,2667
219494,2026-08-31,194346,0.63,2667
223112,2026-08-31,516700,0.57,2667
320028,2026-08-31,231878,0.51,2667
190073,2026-08-31,480000,0.50,2667
317139,2026-08-31,7658758,0.47,2667
113375,2026-08-31,600000,0.45,2667
222055,2026-08-31,100000,0.36,2667
100067,2026-08-31,335220,0.33,2667
132174,2026-08-31,7747842,7.75,4637
100180,2026-08-31,12050504,5.88,4637
132215,2026-08-31,4260879,3.81,4637
100325,2026-08-31,4260426,3.74,4637
100112,2026-08-31,4851415,3.54,4637
252306,2026-08-31,14042983,3.17,4637
100469,2026-08-31,12256437,3.01,4637
100520,2026-08-31,1264660,2.85,4637
132454,2026-08-31,2161864,2.69,4637
132755,2026-08-31,2301590,2.58,4637
100440,2026-08-31,3320457,2.32,4637
100209,2026-08-31,2782452,2.17,4637
120056,2026-08-31,220542,2.01,4637
100510,2026-08-31,711782,1.98,4637
100480,2026-08-31,538678,1.89,4637
100034,2026-08-31,2573810,1.87,4637
132843,2026-08-31,2987040,1.86,4637
100530,2026-08-31,54091,1.86,4637
208099,2026-08-31,1349941,1.72,4637
111243,2026-08-31,1347135,1.72,4637
100425,2026-08-31,6073187,1.68,4637
209550,2026-08-31,6046274,1.66,4637
218764,2026-08-31,3998570,1.66,4637
100114,2026-08-31,471167,1.65,4637
210036,2026-08-31,3014865,1.62,4637
132424,2026-08-31,2474414,1.53,4637
287490,2026-08-31,21291389,1.45,4637
209867,2026-08-31,10550000,1.44,4637
323093,2026-08-31,9390914,1.33,4637
132555,2026-08-31,5671553,1.28,4637
223595,2026-08-31,473332,1.27,4637
210072,2026-08-31,122000,1.25,4637
100038,2026-08-31,2509217,1.20,4637
107815,2026-08-31,236880,1.19,4637
220350,2026-08-31,5188116,1.15,4637
209344,2026-08-31,3116477,1.11,4637
132921,2026-08-31,1000413,1.10,4637
100271,2026-08-31,943371,1.02,4637
100040,2026-08-31,1011295,0.94,4637
100696,2026-08-31,637220,0.86,4637
100413,2026-08-31,11584801,0.86,4637
210590,2026-08-31,221878,0.85,4637
229218,2026-08-31,3590437,0.81,4637
235955,2026-08-31,982186,0.79,4637
209078,2026-08-31,910249,0.73,4637
124200,2026-08-31,774862,0.71,4637
209147,2026-08-31,692521,0.70,4637
207959,2026-08-31,1064310,0.66,4637
294914,2026-08-31,3704928,0.66,4637
320396,2026-08-31,462035,0.65,4637
213838,2026-08-31,562850,0.63,4637
100241,2026-08-31,471164,0.62,4637
294388,2026-08-31,459031,0.54,4637
211840,2026-08-31,313514,0.52,4637
132331,2026-08-31,188801,0.47,4637
200054,2026-08-31,1897957,0.45,4637
132259,2026-08-31,37072,0.45,4637
320350,2026-08-31,3527911,0.41,4637
208607,2026-08-31,342625,0.40,4637
250978,2026-08-31,1639777,0.38,4637
100101,2026-08-31,745557,0.28,4637
107458,2026-08-31,1668671,0.00,4637
217689,2026-08-31,48000,0.00,4637
100180,2026-08-31,19357662,9.85,2782
132174,2026-08-31,9055715,9.45,2782
100325,2026-08-31,8539895,7.83,2782
132454,2026-08-31,3843997,5.00,2782
100510,2026-08-31,1479567,4.30,2782
100112,2026-08-31,5225148,3.98,2782
100209,2026-08-31,4433881,3.61,2782
132215,2026-08-31,3630420,3.39,2782
100247,2026-08-31,9307060,2.80,2782
100520,2026-08-31,1128575,2.66,2782
100034,2026-08-31,3388109,2.57,2782
100875,2026-08-31,12185640,2.24,2782
132540,2026-08-31,1290630,2.22,2782
252306,2026-08-31,9138944,2.15,2782
100114,2026-08-31,521908,1.91,2782
124715,2026-08-31,1338542,1.91,2782
132500,2026-08-31,164910,1.60,2782
100696,2026-08-31,1121504,1.58,2782
111218,2026-08-31,1770370,1.41,2782
132555,2026-08-31,5992960,1.41,2782
100470,2026-08-31,10449264,1.38,2782
100049,2026-08-31,4527676,1.35,2782
100440,2026-08-31,1830310,1.33,2782
132281,2026-08-31,1332736,1.26,2782
132538,2026-08-31,149590,1.23,2782
200132,2026-08-31,140003,1.22,2782
100300,2026-08-31,476958,1.15,2782
100228,2026-08-31,1185669,1.11,2782
100820,2026-08-31,571541,1.09,2782
132898,2026-08-31,5724610,1.08,2782
222055,2026-08-31,286135,1.08,2782
132921,2026-08-31,932585,1.07,2782
205198,2026-08-31,731821,1.06,2782
105200,2026-08-31,174213,0.99,2782
100790,2026-08-31,906187,0.97,2782
132755,2026-08-31,802823,0.94,2782
219300,2026-08-31,3027934,0.87,2782
100251,2026-08-31,420640,0.87,2782
108869,2026-08-31,130089,0.83,2782
100312,2026-08-31,4910442,0.82,2782
112599,2026-08-31,364784,0.75,2782
100087,2026-08-31,711297,0.72,2782
229365,2026-08-31,4147675,0.72,2782
211385,2026-08-31,567990,0.71,2782
218071,2026-08-31,940798,0.70,2782
100124,2026-08-31,770579,0.64,2782
100800,2026-08-31,823221,0.61,2782
100570,2026-08-31,2641913,0.59,2782
217389,2026-08-31,1359871,0.53,2782
107685,2026-08-31,3423495,0.45,2782
106655,2026-08-31,4987897,4.83,35242
105283,2026-08-31,8400000,4.58,35242
117146,2026-08-31,11609989,4.42,35242
278580,2026-08-31,59774540,3.92,35242
100164,2026-08-31,3950000,3.42,35242
255331,2026-08-31,2600000,3.15,35242
132300,2026-08-31,2100000,3.02,35242
311653,2026-08-31,10116230,2.72,35242
267389,2026-08-31,9215000,2.69,35242
275316,2026-08-31,1059932,2.42,35242
100038,2026-08-31,4257121,2.25,35242
100042,2026-08-31,763051,2.21,35242
303322,2026-08-31,2800000,2.17,35242
100260,2026-08-31,3200000,2.15,35242
132856,2026-08-31,14203058,2.03,35242
113375,2026-08-31,2389281,2.02,35242
109488,2026-08-31,3722018,2.00,35242
302849,2026-08-31,1532500,1.96,35242
115055,2026-08-31,4100000,1.89,35242
132772,2026-08-31,11340118,1.89,35242
100123,2026-08-31,209256,1.85,35242
287433,2026-08-31,5911077,1.81,35242
132805,2026-08-31,6466218,1.77,35242
221217,2026-08-31,4300000,1.76,35242
284503,2026-08-31,3158073,1.59,35242
126797,2026-08-31,7000830,1.55,35242
132638,2026-08-31,5272484,1.55,35242
311720,2026-08-31,1535331,1.53,35242
100245,2026-08-31,4194687,1.45,35242
100249,2026-08-31,2321974,1.43,35242
295966,2026-08-31,11907432,1.42,35242
208264,2026-08-31,10859605,1.39,35242
302244,2026-08-31,2608076,1.10,35242
107880,2026-08-31,4692204,1.10,35242
106590,2026-08-31,4332988,1.05,35242
104036,2026-08-31,1086366,1.01,35242
132756,2026-08-31,3232701,0.97,35242
100215,2026-08-31,1782421,0.90,35242
132630,2026-08-31,1503967,0.90,35242
316574,2026-08-31,2168435,0.89,35242
100144,2026-08-31,900700,0.86,35242
320052,2026-08-31,8360577,0.81,35242
122064,2026-08-31,521006,0.80,35242
213397,2026-08-31,2734324,0.79,35242
122241,2026-08-31,1576286,0.78,35242
100710,2026-08-31,287484,0.69,35242
224243,2026-08-31,2378601,0.65,35242
292420,2026-08-31,872000,0.60,35242
132369,2026-08-31,2281581,0.57,35242
132349,2026-08-31,782332,0.52,35242
124735,2026-08-31,3300000,0.51,35242
114167,2026-08-31,578704,0.45,35242
131508,2026-08-31,1772916,0.45,35242
318572,2026-08-31,2777562,0.39,35242
242153,2026-08-31,1121339,0.37,35242
320053,2026-08-31,4804600,0.36,35242
124816,2026-08-31,549064,0.35,35242
105010,2026-08-31,143392,0.19,35242
323308,2026-08-31,17112968,0.18,35242
132749,2026-08-31,17112968,0.16,35242
132163,2026-08-31,299144,0.11,35242
100355,2026-08-31,540349,0.09,35242
301987,2026-08-31,75000,0.08,35242
310219,2026-08-31,3095712,0.06,35242
132541,2026-08-31,2100000,3.26,3628
254493,2026-08-31,2100000,3.08,3628
286335,2026-08-31,3250000,2.76,3628
190059,2026-08-31,1400000,2.43,3628
100182,2026-08-31,510000,2.17,3628
124804,2026-08-31,1600000,2.15,3628
100469,2026-08-31,7450000,2.08,3628
132331,2026-08-31,736391,2.07,3628
211337,2026-08-31,280000,2.07,3628
111218,2026-08-31,2300000,2.00,3628
100271,2026-08-31,1600000,1.97,3628
132777,2026-08-31,1875000,1.92,3628
132667,2026-08-31,51000000,1.89,3628
103100,2026-08-31,1200000,1.78,3628
100103,2026-08-31,5100000,1.76,3628
132644,2026-08-31,390000,1.56,3628
293862,2026-08-31,7000000,1.54,3628
100113,2026-08-31,9700000,1.48,3628
228974,2026-08-31,1600000,1.47,3628
105790,2026-08-31,460000,1.44,3628
210590,2026-08-31,325000,1.42,3628
207872,2026-08-31,1170000,1.41,3628
278580,2026-08-31,21000000,1.41,3628
132757,2026-08-31,165000,1.41,3628
132814,2026-08-31,2000000,1.40,3628
228049,2026-08-31,2000000,1.40,3628
132779,2026-08-31,1400000,1.33,3628
100067,2026-08-31,1150000,1.32,3628
233063,2026-08-31,2500000,1.29,3628
208766,2026-08-31,485000,1.29,3628
207901,2026-08-31,500000,1.28,3628
242461,2026-08-31,4000000,1.28,3628
215477,2026-08-31,565000,1.27,3628
200020,2026-08-31,2350000,1.20,3628
103806,2026-08-31,601360,1.20,3628
117354,2026-08-31,1221305,1.19,3628
106076,2026-08-31,750000,1.19,3628
100477,2026-08-31,8500000,1.17,3628
279664,2026-08-31,1000000,1.16,3628
126299,2026-08-31,600000,1.14,3628
200091,2026-08-31,3000000,1.13,3628
235355,2026-08-31,490000,1.11,3628
132725,2026-08-31,65000,1.02,3628
111243,2026-08-31,700000,1.02,3628
218763,2026-08-31,670000,1.01,3628
122113,2026-08-31,410000,1.01,3628
217757,2026-08-31,1110000,1.00,3628
317635,2026-08-31,11500000,0.99,3628
132508,2026-08-31,1800000,0.99,3628
132830,2026-08-31,830000,0.99,3628
132522,2026-08-31,4200000,0.99,3628
132504,2026-08-31,144873,0.98,3628
109480,2026-08-31,2500000,0.97,3628
100049,2026-08-31,3000000,0.97,3628
190003,2026-08-31,3550000,0.96,3628
221842,2026-08-31,900000,0.96,3628
208607,2026-08-31,704000,0.93,3628
106395,2026-08-31,625000,0.93,3628
289108,2026-08-31,2600000,0.93,3628
100233,2026-08-31,950179,0.92,3628
100257,2026-08-31,540000,0.92,3628
318678,2026-08-31,7000000,0.88,3628
132296,2026-08-31,450000,0.87,3628
100680,2026-08-31,235000,0.86,3628
269404,2026-08-31,325000,0.71,3628
208280,2026-08-31,336199,0.69,3628
323093,2026-08-31,4260000,0.68,3628
305013,2026-08-31,23000000,0.66,3628
226076,2026-08-31,1410000,0.64,3628
200515,2026-08-31,320000,0.63,3628
102355,2026-08-31,353471,0.63,3628
208727,2026-08-31,869863,0.63,3628
209232,2026-08-31,1200000,0.59,3628
273811,2026-08-31,893902,0.53,3628
222961,2026-08-31,310000,0.51,3628
322541,2026-08-31,3000000,0.45,3628
124494,2026-08-31,210281,0.32,3628
100483,2026-08-31,45965,0.06,3628
325089,2026-08-31,803165,0.09,3628
217714,2026-08-31,300000,0.00,3628
132174,2026-08-31,7771866,9.27,3626
100180,2026-08-31,14851270,8.64,3626
100325,2026-08-31,4795093,5.02,3626
100247,2026-08-31,14032045,4.83,3626
132454,2026-08-31,2661581,3.96,3626
100510,2026-08-31,1177988,3.91,3626
100209,2026-08-31,3756042,3.49,3626
252306,2026-08-31,12977234,3.49,3626
100034,2026-08-31,3958187,3.43,3626
132215,2026-08-31,2925456,3.12,3626
132538,2026-08-31,211312,1.98,3626
216156,2026-08-31,497157,1.85,3626
100112,2026-08-31,2063500,1.79,3626
132500,2026-08-31,145489,1.62,3626
219494,2026-08-31,378449,1.49,3626
100520,2026-08-31,552726,1.49,3626
132540,2026-08-31,744598,1.47,3626
100114,2026-08-31,329026,1.38,3626
217389,2026-08-31,2840355,1.27,3626
100800,2026-08-31,1432141,1.22,3626
208361,2026-08-31,637005,1.15,3626
100251,2026-08-31,458694,1.08,3626
132508,2026-08-31,1845106,1.06,3626
218071,2026-08-31,1216958,1.04,3626
254493,2026-08-31,673731,1.04,3626
132755,2026-08-31,775595,1.04,3626
132777,2026-08-31,957469,1.03,3626
215367,2026-08-31,2530897,1.03,3626
100228,2026-08-31,957682,1.03,3626
100570,2026-08-31,4054257,1.03,3626
132187,2026-08-31,1220050,1.02,3626
100875,2026-08-31,4832556,1.01,3626
100312,2026-08-31,5233748,1.00,3626
211385,2026-08-31,692449,0.99,3626
211840,2026-08-31,477391,0.95,3626
102355,2026-08-31,499114,0.93,3626
132898,2026-08-31,4211655,0.91,3626
219300,2026-08-31,2761594,0.91,3626
209550,2026-08-31,2700888,0.89,3626
208607,2026-08-31,626182,0.87,3626
132830,2026-08-31,668666,0.84,3626
322918,2026-08-31,2114094,0.82,3626
323093,2026-08-31,4841760,0.82,3626
324996,2026-08-31,2182611,0.78,3626
235506,2026-08-31,1581117,0.76,3626
200132,2026-08-31,74357,0.74,3626
132868,2026-08-31,1297537,0.74,3626
112599,2026-08-31,293156,0.69,3626
210072,2026-08-31,53686,0.65,3626
132921,2026-08-31,460674,0.60,3626
100049,2026-08-31,1744500,0.59,3626
223595,2026-08-31,184582,0.59,3626
124715,2026-08-31,328504,0.53,3626
100290,2026-08-31,4491,0.49,3626
208727,2026-08-31,650512,0.49,3626
103806,2026-08-31,206405,0.43,3626
100547,2026-08-31,1423195,0.38,3626
210590,2026-08-31,80000,0.37,3626
100257,2026-08-31,186582,0.33,3626
100124,2026-08-31,326539,0.31,3626
132281,2026-08-31,217884,0.23,3626
117334,2026-08-31,1602028,0.22,3626
222055,2026-08-31,49861,0.21,3626
210850,2026-08-31,514359,0.16,3626
211337,2026-08-31,10509,0.08,3626
217126,2026-08-31,1017048,0.03,3626
217797,2026-08-31,181679,0.00,3626
100469,2026-08-31,8671264,2.76,24741
207872,2026-08-31,1704465,2.35,24741
242461,2026-08-31,6409775,2.34,24741
211840,2026-08-31,1036414,2.24,24741
213838,2026-08-31,1476904,2.15,24741
132539,2026-08-31,1869163,2.13,24741
286335,2026-08-31,2193894,2.12,24741
100271,2026-08-31,1342639,1.88,24741
302988,2026-08-31,5980361,1.86,24741
252306,2026-08-31,6204597,1.81,24741
132343,2026-08-31,444445,1.72,24741
317635,2026-08-31,16805278,1.66,24741
208766,2026-08-31,545785,1.65,24741
132644,2026-08-31,360919,1.65,24741
132725,2026-08-31,91269,1.64,24741
208883,2026-08-31,1006018,1.54,24741
218071,2026-08-31,1618980,1.50,24741
207901,2026-08-31,507366,1.48,24741
103806,2026-08-31,619337,1.41,24741
209078,2026-08-31,1269705,1.33,24741
106395,2026-08-31,769407,1.31,24741
210590,2026-08-31,257075,1.28,24741
210072,2026-08-31,92929,1.23,24741
190003,2026-08-31,3937755,1.22,24741
100093,2026-08-31,1491182,1.22,24741
233063,2026-08-31,2020134,1.19,24741
132331,2026-08-31,361241,1.16,24741
100228,2026-08-31,990795,1.16,24741
100493,2026-08-31,612000,1.15,24741
237831,2026-08-31,3773538,1.14,24741
131344,2026-08-31,2448439,1.12,24741
132830,2026-08-31,816238,1.11,24741
122275,2026-08-31,274362,1.09,24741
100034,2026-08-31,1151260,1.08,24741
132497,2026-08-31,262613,1.05,24741
209147,2026-08-31,801820,1.04,24741
100209,2026-08-31,1026000,1.04,24741
100067,2026-08-31,766070,1.00,24741
217379,2026-08-31,714224,1.00,24741
117569,2026-08-31,186657,0.96,24741
132777,2026-08-31,808000,0.95,24741
122113,2026-08-31,334277,0.94,24741
124494,2026-08-31,531414,0.94,24741
208607,2026-08-31,611851,0.93,24741
132814,2026-08-31,1150089,0.92,24741
132779,2026-08-31,843872,0.91,24741
100480,2026-08-31,192753,0.88,24741
269404,2026-08-31,338959,0.84,24741
221790,2026-08-31,304835,0.81,24741
190059,2026-08-31,405122,0.80,24741
131642,2026-08-31,1071086,0.78,24741
273811,2026-08-31,1143000,0.78,24741
100086,2026-08-31,1962448,0.77,24741
214179,2026-08-31,1052716,0.76,24741
100477,2026-08-31,4868888,0.76,24741
100488,2026-08-31,32971,0.76,24741
132525,2026-08-31,10384000,0.76,24741
132843,2026-08-31,924352,0.75,24741
228049,2026-08-31,919299,0.73,24741
208364,2026-08-31,265288,0.72,24741
126299,2026-08-31,321085,0.69,24741
318678,2026-08-31,4717480,0.67,24741
105790,2026-08-31,180338,0.65,24741
296765,2026-08-31,21260,0.64,24741
103100,2026-08-31,372041,0.63,24741
132259,2026-08-31,39156,0.62,24741
324034,2026-08-31,11502000,0.58,24741
226076,2026-08-31,1127032,0.58,24741
100033,2026-08-31,37046,0.58,24741
132210,2026-08-31,2798638,0.57,24741
100112,2026-08-31,603000,0.57,24741
287433,2026-08-31,1586150,0.57,24741
267465,2026-08-31,575900,0.56,24741
100049,2026-08-31,1512000,0.56,24741
228974,2026-08-31,530904,0.56,24741
100103,2026-08-31,1337437,0.53,24741
209550,2026-08-31,1466481,0.52,24741
111218,2026-08-31,521296,0.52,24741
215477,2026-08-31,199401,0.51,24741
232793,2026-08-31,179959,0.51,24741
314935,2026-08-31,539416,0.50,24741
132286,2026-08-31,448663,0.48,24741
190071,2026-08-31,115576,0.47,24741
132755,2026-08-31,321000,0.47,24741
200091,2026-08-31,1049545,0.45,24741
100257,2026-08-31,231707,0.45,24741
229238,2026-08-31,315358,0.45,24741
215367,2026-08-31,1002897,0.44,24741
100251,2026-08-31,164002,0.42,24741
100547,2026-08-31,1440000,0.42,24741
304682,2026-08-31,267383,0.42,24741
100530,2026-08-31,9234,0.41,24741
109930,2026-08-31,120000,0.38,24741
132234,2026-08-31,1101000,0.37,24741
222055,2026-08-31,77400,0.36,24741
100104,2026-08-31,1106330,0.36,24741
209344,2026-08-31,778049,0.36,24741
200055,2026-08-31,1200000,0.35,24741
223478,2026-08-31,1412285,0.29,24741
190021,2026-08-31,201878,0.22,24741
100411,2026-08-31,64054,0.22,24741
132541,2026-08-31,116796,0.21,24741
274041,2026-08-31,429407,0.20,24741
209232,2026-08-31,189489,0.11,24741
100180,2026-08-31,7229950,4.60,3660
100325,2026-08-31,3080500,3.53,3660
100112,2026-08-31,3611250,3.44,3660
132174,2026-08-31,2328200,3.04,3660
132454,2026-08-31,1691950,2.75,3660
100247,2026-08-31,7202000,2.71,3660
100113,2026-08-31,11834600,2.07,3660
132483,2026-08-31,17759250,2.02,3660
132648,2026-08-31,94295200,1.93,3660
209967,2026-08-31,4936800,1.72,3660
132822,2026-08-31,128583525,1.66,3660
132461,2026-08-31,15992000,1.64,3660
132296,2026-08-31,735375,1.64,3660
126371,2026-08-31,18623250,1.48,3660
100103,2026-08-31,3669750,1.46,3660
100228,2026-08-31,1220400,1.43,3660
100875,2026-08-31,5918475,1.36,3660
131213,2026-08-31,3990000,1.22,3660
132215,2026-08-31,963125,1.12,3660
252306,2026-08-31,3749050,1.11,3660
111243,2026-08-31,650625,1.09,3660
279527,2026-08-31,6159600,0.90,3660
229365,2026-08-31,4138350,0.90,3660
280713,2026-08-31,3508800,0.74,3660
219300,2026-08-31,1896750,0.68,3660
286335,2026-08-31,697000,0.68,3660
100440,2026-08-31,732200,0.67,3660
100477,2026-08-31,4085000,0.64,3660
100049,2026-08-31,1634475,0.61,3660
217389,2026-08-31,1245200,0.61,3660
242461,2026-08-31,1621300,0.60,3660
278580,2026-08-31,7586950,0.59,3660
100800,2026-08-31,594000,0.55,3660
132134,2026-08-31,2527200,0.54,3660
217376,2026-08-31,1335600,0.50,3660
100470,2026-08-31,3025000,0.50,3660
219494,2026-08-31,114900,0.50,3660
100850,2026-08-31,728000,0.48,3660
100271,2026-08-31,338400,0.48,3660
100696,2026-08-31,267300,0.47,3660
100209,2026-08-31,453600,0.46,3660
132754,2026-08-31,5140575,0.43,3660
100253,2026-08-31,888000,0.43,3660
132523,2026-08-31,1125000,0.42,3660
132488,2026-08-31,47600,0.40,3660
132725,2026-08-31,21050,0.38,3660
132555,2026-08-31,1282500,0.38,3660
208280,2026-08-31,153000,0.36,3660
271867,2026-08-31,202300,0.35,3660
100425,2026-08-31,930000,0.34,3660
100034,2026-08-31,313500,0.30,3660
108869,2026-08-31,36875,0.29,3660
122275,2026-08-31,68375,0.27,3660
296765,2026-08-31,8925,0.27,3660
100400,2026-08-31,854050,0.27,3660
131344,2026-08-31,577500,0.27,3660
100480,2026-08-31,55600,0.25,3660
132477,2026-08-31,1495650,0.25,3660
221790,2026-08-31,94600,0.25,3660
100300,2026-08-31,77250,0.23,3660
130965,2026-08-31,1779375,0.22,3660
209550,2026-08-31,605625,0.22,3660
105200,2026-08-31,30400,0.22,3660
100096,2026-08-31,630000,0.22,3660
226720,2026-08-31,391500,0.21,3660
132149,2026-08-31,1612000,0.21,3660
100469,2026-08-31,622500,0.20,3660
100510,2026-08-31,45150,0.16,3660
208461,2026-08-31,339700,0.16,3660
132424,2026-08-31,185000,0.15,3660
132500,2026-08-31,11900,0.14,3660
124804,2026-08-31,92950,0.14,3660
131642,2026-08-31,190800,0.14,3660
112070,2026-08-31,250675,0.13,3660
100257,2026-08-31,64175,0.13,3660
209068,2026-08-31,365125,0.12,3660
132286,2026-08-31,112500,0.12,3660
100104,2026-08-31,366525,0.12,3660
208883,2026-08-31,73950,0.11,3660
132538,2026-08-31,10750,0.11,3660
210258,2026-08-31,234950,0.11,3660
100182,2026-08-31,21600,0.11,3660
217757,2026-08-31,98150,0.10,3660
100530,2026-08-31,2225,0.10,3660
209902,2026-08-31,350000,0.09,3660
132843,2026-08-31,102300,0.08,3660
100570,2026-08-31,297600,0.08,3660
132777,2026-08-31,68750,0.08,3660
132321,2026-08-31,76500,0.08,3660
221809,2026-08-31,1235200,0.08,3660
132343,2026-08-31,19075,0.07,3660
190059,2026-08-31,36750,0.07,3660
200132,2026-08-31,6525,0.07,3660
109930,2026-08-31,21175,0.07,3660
100420,2026-08-31,13375,0.06,3660
100493,2026-08-31,31500,0.06,3660
132432,2026-08-31,44400,0.06,3660
117334,2026-08-31,387450,0.06,3660
100820,2026-08-31,24250,0.06,3660
100295,2026-08-31,221950,0.06,3660
132539,2026-08-31,47850,0.05,3660
219700,2026-08-31,24075,0.05,3660
289108,2026-08-31,128650,0.05,3660
208801,2026-08-31,637000,0.05,3660
132755,2026-08-31,32400,0.05,3660
211385,2026-08-31,30000,0.05,3660
132667,2026-08-31,1079500,0.05,3660
294320,2026-08-31,87575,0.05,3660
217379,2026-08-31,30550,0.04,3660
100331,2026-08-31,26500,0.04,3660
132540,2026-08-31,15750,0.03,3660
222055,2026-08-31,7050,0.03,3660
132234,2026-08-31,90000,0.03,3660
219691,2026-08-31,22000,0.03,3660
100547,2026-08-31,86900,0.03,3660
210036,2026-08-31,33000,0.02,3660
100520,2026-08-31,7800,0.02,3660
212427,2026-08-31,4625,0.02,3660
207950,2026-08-31,16625,0.02,3660
132810,2026-08-31,66300,0.02,3660
100575,2026-08-31,17625,0.02,3660
100368,2026-08-31,58050,0.02,3660
254493,2026-08-31,10500,0.02,3660
103806,2026-08-31,7400,0.02,3660
132541,2026-08-31,9500,0.02,3660
100830,2026-08-31,9900,0.02,3660
221877,2026-08-31,7000,0.02,3660
211840,2026-08-31,7000,0.02,3660
222264,2026-08-31,26600,0.01,3660
100087,2026-08-31,10200,0.01,3660
225154,2026-08-31,1700,0.01,3660
315904,2026-08-31,228000,0.01,3660
208238,2026-08-31,5200,0.01,3660
132466,2026-08-31,800,0.01,3660
100188,2026-08-31,14700,0.01,3660
269404,2026-08-31,3000,0.01,3660
132814,2026-08-31,9000,0.01,3660
126299,2026-08-31,3300,0.01,3660
271875,2026-08-31,4725,0.01,3660
218071,2026-08-31,6300,0.01,3660
132281,2026-08-31,4000,0.00,3660
111218,2026-08-31,4125,0.00,3660
205198,2026-08-31,2100,0.00,3660
224623,2026-08-31,34800,0.00,3660
124715,2026-08-31,1050,0.00,3660
100251,2026-08-31,450,0.00,3660
302988,2026-08-31,3125,0.00,3660
225051,2026-08-31,1600,0.00,3660
132898,2026-08-31,3800,0.00,3660
132892,2026-08-31,775,0.00,3660
132525,2026-08-31,6500,0.00,3660
100180,2026-08-31,20666796,13.48,30125
132174,2026-08-31,8069214,10.79,30125
100247,2026-08-31,25457770,9.82,30125
100034,2026-08-31,7737213,7.52,30125
100112,2026-08-31,5000000,4.87,30125
217389,2026-08-31,8235164,4.12,30125
221790,2026-08-31,1492305,4.09,30125
208883,2026-08-31,2150020,3.40,30125
132134,2026-08-31,13378955,2.94,30125
111243,2026-08-31,1400000,2.39,30125
210258,2026-08-31,4536806,2.16,30125
104973,2026-08-31,1483637,2.03,30125
132218,2026-08-31,48000000,2.02,30125
217400,2026-08-31,3324592,1.74,30125
251791,2026-08-31,7435950,1.70,30125
228974,2026-08-31,1400000,1.51,30125
217376,2026-08-31,3900000,1.50,30125
132149,2026-08-31,11065303,1.44,30125
279527,2026-08-31,9000000,1.35,30125
131213,2026-08-31,4090979,1.28,30125
190003,2026-08-31,3578700,1.14,30125
218756,2026-08-31,1790333,1.12,30125
217757,2026-08-31,1000000,1.06,30125
267615,2026-08-31,887147,1.03,30125
242461,2026-08-31,2706995,1.02,30125
132483,2026-08-31,8000000,0.93,30125
227347,2026-08-31,561424,0.89,30125
254493,2026-08-31,419274,0.72,30125
225850,2026-08-31,9100000,0.68,30125
229852,2026-08-31,3914907,0.59,30125
100092,2026-08-31,82223,0.36,30125
190071,2026-08-31,80835,0.34,30125
132814,2026-08-31,387143,0.32,30125
225051,2026-08-31,58311,0.03,30125
210850,2026-08-31,88763,0.03,30125
100209,2026-08-31,14211819,15.61,33727
132540,2026-08-31,4814144,11.19,33727
132755,2026-08-31,5862533,9.25,33727
252306,2026-08-31,22095000,7.02,33727
132454,2026-08-31,2669200,4.69,33727
254493,2026-08-31,2334641,4.24,33727
210590,2026-08-31,684031,3.71,33727
132281,2026-08-31,2683810,3.41,33727
107685,2026-08-31,16796766,3.00,33727
132809,2026-08-31,7540028,1.93,33727
132175,2026-08-31,1655043,1.88,33727
210072,2026-08-31,129651,1.87,33727
132541,2026-08-31,863314,1.66,33727
275316,2026-08-31,560070,1.62,33727
216156,2026-08-31,360830,1.59,33727
132221,2026-08-31,5225514,1.48,33727
126299,2026-08-31,593404,1.40,33727
304682,2026-08-31,814022,1.38,33727
293862,2026-08-31,4994082,1.36,33727
208883,2026-08-31,699836,1.16,33727
112599,2026-08-31,381550,1.06,33727
123704,2026-08-31,580894,0.98,33727
310018,2026-08-31,190751,0.96,33727
303157,2026-08-31,992598,0.90,33727
271875,2026-08-31,649865,0.89,33727
100483,2026-08-31,508012,0.85,33727
132400,2026-08-31,2996475,0.85,33727
200017,2026-08-31,391655,0.75,33727
289108,2026-08-31,1666635,0.74,33727
274066,2026-08-31,1302727,0.72,33727
104067,2026-08-31,1511710,0.67,33727
322541,2026-08-31,3600100,0.67,33727
200515,2026-08-31,268338,0.66,33727
229238,2026-08-31,409286,0.63,33727
132777,2026-08-31,483240,0.61,33727
100480,2026-08-31,111349,0.55,33727
132129,2026-08-31,1015088,0.55,33727
268618,2026-08-31,151061,0.53,33727
132805,2026-08-31,1383040,0.48,33727
303125,2026-08-31,2888172,0.46,33727
323093,2026-08-31,2175675,0.43,33727
229852,2026-08-31,2598412,0.41,33727
294388,2026-08-31,247000,0.41,33727
213672,2026-08-31,641917,0.33,33727
122275,2026-08-31,72762,0.31,33727
296765,2026-08-31,8275,0.27,33727
100002,2026-08-31,35000,0.26,33727
294320,2026-08-31,331400,0.19,33727
221554,2026-08-31,1221500,0.13,33727
320028,2026-08-31,30000,0.09,33727
124019,2026-08-31,289910,1.72,2797
132523,2026-08-31,3800000,1.53,2797
100820,2026-08-31,560000,1.45,2797
132174,2026-08-31,920000,1.31,2797
205198,2026-08-31,650000,1.28,2797
132215,2026-08-31,1010000,1.28,2797
100325,2026-08-31,920000,1.15,2797
106076,2026-08-31,481630,0.95,2797
131531,2026-08-31,768243,0.89,2797
217389,2026-08-31,1650000,0.88,2797
235355,2026-08-31,308000,0.87,2797
100180,2026-08-31,1100000,0.76,2797
100087,2026-08-31,470000,0.65,2797
100271,2026-08-31,400000,0.62,2797
221217,2026-08-31,1125384,0.59,2797
113375,2026-08-31,470000,0.51,2797
251940,2026-08-31,550000,0.47,2797
109966,2026-08-31,2230896,0.46,2797
100387,2026-08-31,20000,0.45,2797
215367,2026-08-31,830000,0.40,2797
109488,2026-08-31,560000,0.38,2797
100940,2026-08-31,2476176,0.38,2797
102330,2026-08-31,6400000,0.38,2797
112573,2026-08-31,470000,0.38,2797
106401,2026-08-31,220000,0.38,2797
200094,2026-08-31,2000000,0.37,2797
132424,2026-08-31,398000,0.35,2797
100444,2026-08-31,580841,0.35,2797
251791,2026-08-31,1371296,0.33,2797
311742,2026-08-31,148750,0.32,2797
241214,2026-08-31,1799831,0.28,2797
123398,2026-08-31,155000,0.26,2797
304714,2026-08-31,155000,0.26,2797
123642,2026-08-31,110000,0.25,2797
100403,2026-08-31,200000,0.24,2797
106222,2026-08-31,110000,0.22,2797
200057,2026-08-31,754823,0.21,2797
211969,2026-08-31,318337,0.20,2797
109557,2026-08-31,208297,0.17,2797
114167,2026-08-31,159858,0.16,2797
100165,2026-08-31,757445,0.14,2797
210036,2026-08-31,146000,0.11,2797
216147,2026-08-31,48264,0.02,2797
132174,2026-08-31,2839476,4.08,1713
100247,2026-08-31,6982513,2.89,1713
100180,2026-08-31,3708552,2.60,1713
100325,2026-08-31,1660633,2.09,1713
100112,2026-08-31,1988137,2.08,1713
132215,2026-08-31,1350000,1.73,1713
132755,2026-08-31,1043641,1.68,1713
100209,2026-08-31,1470922,1.65,1713
214179,2026-08-31,1900000,1.53,1713
112599,2026-08-31,500889,1.41,1713
100469,2026-08-31,3921825,1.38,1713
205198,2026-08-31,690449,1.38,1713
117334,2026-08-31,7425090,1.25,1713
100440,2026-08-31,1208214,1.21,1713
294388,2026-08-31,700000,1.19,1713
132331,2026-08-31,307661,1.09,1713
132454,2026-08-31,599820,1.07,1713
132281,2026-08-31,815311,1.06,1713
210590,2026-08-31,183467,1.01,1713
100510,2026-08-31,252190,1.01,1713
100067,2026-08-31,694156,1.00,1713
132754,2026-08-31,10828645,1.00,1713
132286,2026-08-31,843928,0.99,1713
233063,2026-08-31,1500000,0.98,1713
132424,2026-08-31,1090284,0.97,1713
100038,2026-08-31,1362180,0.93,1713
190059,2026-08-31,422350,0.93,1713
132432,2026-08-31,617615,0.91,1713
103806,2026-08-31,353625,0.89,1713
211385,2026-08-31,503060,0.86,1713
113375,2026-08-31,742262,0.81,1713
132822,2026-08-31,56491916,0.80,1713
200020,2026-08-31,1228376,0.80,1713
209147,2026-08-31,550126,0.79,1713
323093,2026-08-31,3900000,0.79,1713
252306,2026-08-31,2435078,0.79,1713
100820,2026-08-31,275755,0.72,1713
217379,2026-08-31,464922,0.72,1713
228017,2026-08-31,559716,0.72,1713
286335,2026-08-31,669507,0.72,1713
294914,2026-08-31,2819674,0.72,1713
132129,2026-08-31,1290571,0.71,1713
100488,2026-08-31,27000,0.69,1713
132538,2026-08-31,60884,0.69,1713
209867,2026-08-31,3500000,0.68,1713
100520,2026-08-31,208939,0.68,1713
100493,2026-08-31,307738,0.64,1713
215367,2026-08-31,1300000,0.64,1713
111218,2026-08-31,575590,0.63,1713
271875,2026-08-31,435478,0.61,1713
132921,2026-08-31,386872,0.61,1713
107815,2026-08-31,82248,0.60,1713
228974,2026-08-31,507513,0.59,1713
210036,2026-08-31,733393,0.57,1713
100425,2026-08-31,1420404,0.56,1713
209344,2026-08-31,1093549,0.56,1713
112070,2026-08-31,1001345,0.56,1713
223595,2026-08-31,141176,0.54,1713
132478,2026-08-31,411743,0.53,1713
100002,2026-08-31,65000,0.49,1713
100368,2026-08-31,1392125,0.47,1713
100252,2026-08-31,24808,0.46,1713
269404,2026-08-31,169158,0.46,1713
235955,2026-08-31,394107,0.45,1713
317635,2026-08-31,4079329,0.45,1713
100674,2026-08-31,128457,0.40,1713
277169,2026-08-31,473802,0.38,1713
302427,2026-08-31,250000,0.37,1713
228049,2026-08-31,425052,0.37,1713
117354,2026-08-31,299500,0.37,1713
123642,2026-08-31,155530,0.36,1713
102355,2026-08-31,158716,0.36,1713
108869,2026-08-31,40000,0.35,1713
321652,2026-08-31,1683525,0.35,1713
229218,2026-08-31,1000000,0.33,1713
132525,2026-08-31,4000000,0.32,1713
220350,2026-08-31,1000000,0.32,1713
200017,2026-08-31,155604,0.30,1713
200115,2026-08-31,354613,0.29,1713
100410,2026-08-31,214404,0.27,1713
100238,2026-08-31,320508,0.25,1713
320627,2026-08-31,2966684,0.25,1713
100875,2026-08-31,974625,0.25,1713
241214,2026-08-31,1478993,0.23,1713
100251,2026-08-31,79282,0.23,1713
132830,2026-08-31,149948,0.23,1713
322366,2026-08-31,1699800,0.20,1713
124715,2026-08-31,94298,0.18,1713
132555,2026-08-31,444000,0.14,1713
132523,2026-08-31,242353,0.10,1713
130965,2026-08-31,580125,0.08,1713
219494,2026-08-31,13800,0.07,1713
100570,2026-08-31,208000,0.06,1713
100790,2026-08-31,19500,0.03,1713
209550,2026-08-31,67575,0.03,1713
208883,2026-08-31,13775,0.02,1713
109930,2026-08-31,6125,0.02,1713
208461,2026-08-31,26875,0.01,1713
219300,2026-08-31,32400,0.01,1713
100295,2026-08-31,39100,0.01,1713
221809,2026-08-31,134400,0.01,1713
222055,2026-08-31,300,0.00,1713
100093,2026-08-31,500,0.00,1713
132187,2026-08-31,372,0.00,1713
132134,2026-08-31,1574,0.00,1713
132174,2026-08-31,4090000,6.00,2654
100180,2026-08-31,7960648,5.69,2654
100112,2026-08-31,2506879,2.68,2654
132215,2026-08-31,2009348,2.63,2654
100325,2026-08-31,2000000,2.58,2654
100209,2026-08-31,2201912,2.52,2654
132454,2026-08-31,1260000,2.30,2654
100520,2026-08-31,656709,2.17,2654
100247,2026-08-31,4814155,2.04,2654
100510,2026-08-31,460017,1.88,2654
252306,2026-08-31,5540000,1.83,2654
100034,2026-08-31,1545877,1.65,2654
132555,2026-08-31,4712720,1.56,2654
117334,2026-08-31,7225704,1.24,2654
302988,2026-08-31,3033114,1.07,2654
222055,2026-08-31,189718,1.00,2654
111243,2026-08-31,523573,0.98,2654
100093,2026-08-31,1050000,0.97,2654
132343,2026-08-31,210000,0.92,2654
100875,2026-08-31,3577915,0.92,2654
217400,2026-08-31,1520689,0.87,2654
100331,2026-08-31,505510,0.86,2654
132424,2026-08-31,950000,0.86,2654
124494,2026-08-31,420646,0.84,2654
219494,2026-08-31,170565,0.83,2654
229852,2026-08-31,4952304,0.82,2654
209147,2026-08-31,554773,0.82,2654
124715,2026-08-31,404465,0.81,2654
254493,2026-08-31,420000,0.79,2654
100696,2026-08-31,392700,0.78,2654
132500,2026-08-31,56469,0.77,2654
132755,2026-08-31,470963,0.77,2654
111072,2026-08-31,306429,0.71,2654
132541,2026-08-31,348952,0.70,2654
211385,2026-08-31,401559,0.70,2654
293862,2026-08-31,2397500,0.68,2654
100103,2026-08-31,1500000,0.67,2654
286335,2026-08-31,598384,0.66,2654
100400,2026-08-31,1875000,0.66,2654
207673,2026-08-31,3250000,0.63,2654
215367,2026-08-31,1263750,0.63,2654
208045,2026-08-31,4428427,0.62,2654
132478,2026-08-31,463276,0.61,2654
208607,2026-08-31,358100,0.61,2654
122275,2026-08-31,135812,0.61,2654
324996,2026-08-31,1345130,0.59,2654
213838,2026-08-31,350521,0.58,2654
317139,2026-08-31,6193213,0.56,2654
126299,2026-08-31,226000,0.55,2654
107815,2026-08-31,72730,0.54,2654
209550,2026-08-31,1300000,0.52,2654
132432,2026-08-31,315403,0.47,2654
100002,2026-08-31,60750,0.47,2654
100251,2026-08-31,155000,0.45,2654
223595,2026-08-31,114150,0.45,2654
123395,2026-08-31,13176,0.44,2654
100253,2026-08-31,800000,0.43,2654
200020,2026-08-31,639565,0.42,2654
132827,2026-08-31,11600,0.42,2654
216156,2026-08-31,90417,0.41,2654
221645,2026-08-31,475438,0.36,2654
222961,2026-08-31,162985,0.35,2654
211840,2026-08-31,140000,0.34,2654
100825,2026-08-31,58617,0.31,2654
100124,2026-08-31,267157,0.31,2654
223187,2026-08-31,80743,0.30,2654
237831,2026-08-31,814035,0.28,2654
208280,2026-08-31,100000,0.26,2654
100257,2026-08-31,111031,0.25,2654
102355,2026-08-31,100000,0.23,2654
100470,2026-08-31,1200000,0.22,2654
208461,2026-08-31,394144,0.21,2654
279664,2026-08-31,134454,0.20,2654
200094,2026-08-31,790481,0.15,2654
100067,2026-08-31,95100,0.14,2654
220350,2026-08-31,402582,0.13,2654
217757,2026-08-31,100000,0.12,2654
132174,2026-08-31,4926502,7.29,45335
100180,2026-08-31,7592400,5.48,45335
132215,2026-08-31,2935000,3.88,45335
100325,2026-08-31,2633624,3.42,45335
100510,2026-08-31,646193,2.66,45335
100520,2026-08-31,738638,2.47,45335
117334,2026-08-31,12867231,2.24,45335
252306,2026-08-31,6361721,2.13,45335
100112,2026-08-31,1910000,2.06,45335
100034,2026-08-31,1866050,2.01,45335
132454,2026-08-31,997073,1.84,45335
132497,2026-08-31,401206,1.83,45335
222961,2026-08-31,793712,1.70,45335
211840,2026-08-31,688395,1.70,45335
132541,2026-08-31,817784,1.65,45335
132286,2026-08-31,1353380,1.64,45335
100103,2026-08-31,3500000,1.58,45335
219494,2026-08-31,319760,1.56,45335
222055,2026-08-31,288916,1.54,45335
132555,2026-08-31,4550000,1.52,45335
100209,2026-08-31,1255641,1.45,45335
132500,2026-08-31,103716,1.43,45335
320028,2026-08-31,430572,1.42,45335
100420,2026-08-31,269517,1.39,45335
223187,2026-08-31,353446,1.33,45335
293862,2026-08-31,4629536,1.33,45335
324996,2026-08-31,2891548,1.28,45335
254493,2026-08-31,635921,1.21,45335
132755,2026-08-31,684859,1.14,45335
322918,2026-08-31,2344414,1.12,45335
100247,2026-08-31,2618820,1.12,45335
209979,2026-08-31,1045216,1.12,45335
208766,2026-08-31,319389,1.11,45335
223595,2026-08-31,278747,1.11,45335
100251,2026-08-31,371470,1.09,45335
209550,2026-08-31,2458685,1.00,45335
211740,2026-08-31,397180,0.98,45335
100104,2026-08-31,2563037,0.95,45335
132777,2026-08-31,700505,0.94,45335
208045,2026-08-31,6526012,0.92,45335
111243,2026-08-31,483840,0.91,45335
108869,2026-08-31,99828,0.90,45335
210072,2026-08-31,58671,0.89,45335
269404,2026-08-31,300000,0.85,45335
100295,2026-08-31,2891548,0.82,45335
100820,2026-08-31,300000,0.81,45335
208883,2026-08-31,465400,0.81,45335
207872,2026-08-31,496067,0.78,45335
317635,2026-08-31,6767389,0.76,45335
317139,2026-08-31,8242406,0.75,45335
132424,2026-08-31,806109,0.74,45335
215367,2026-08-31,1417108,0.72,45335
100257,2026-08-31,325000,0.72,45335
289108,2026-08-31,1545743,0.72,45335
100144,2026-08-31,522884,0.66,45335
280713,2026-08-31,2716907,0.65,45335
100124,2026-08-31,550327,0.65,45335
305799,2026-08-31,633727,0.63,45335
132187,2026-08-31,600000,0.62,45335
100114,2026-08-31,120000,0.62,45335
100550,2026-08-31,148572,0.61,45335
100483,2026-08-31,337243,0.59,45335
126299,2026-08-31,235665,0.58,45335
251791,2026-08-31,2251849,0.57,45335
200020,2026-08-31,847197,0.57,45335
286335,2026-08-31,507864,0.56,45335
100238,2026-08-31,667211,0.55,45335
104973,2026-08-31,356657,0.54,45335
102355,2026-08-31,201717,0.47,45335
104067,2026-08-31,989733,0.46,45335
216156,2026-08-31,97588,0.45,45335
323093,2026-08-31,2165634,0.45,45335
209902,2026-08-31,1410520,0.41,45335
100425,2026-08-31,973227,0.40,45335
211385,2026-08-31,223977,0.40,45335
132175,2026-08-31,299151,0.36,45335
131548,2026-08-31,590717,0.34,45335
209373,2026-08-31,843900,0.34,45335
210850,2026-08-31,850076,0.32,45335
232604,2026-08-31,450000,0.31,45335
208280,2026-08-31,100000,0.27,45335
277169,2026-08-31,306612,0.26,45335
208607,2026-08-31,120237,0.21,45335
117174,2026-08-31,5621,0.20,45335
225850,2026-08-31,2202194,0.18,45335
313296,2026-08-31,474853,0.13,45335
100180,2026-08-31,10150000,7.52,3644
132174,2026-08-31,4275000,6.49,3644
132454,2026-08-31,2175000,4.12,3644
100247,2026-08-31,9000000,3.94,3644
132215,2026-08-31,2850000,3.87,3644
100112,2026-08-31,3100000,3.43,3644
100209,2026-08-31,2850000,3.38,3644
100520,2026-08-31,915000,3.14,3644
132755,2026-08-31,1525000,2.59,3644
100325,2026-08-31,1900000,2.53,3644
132500,2026-08-31,140000,1.98,3644
132187,2026-08-31,1725000,1.83,3644
132898,2026-08-31,6500000,1.79,3644
126299,2026-08-31,688671,1.75,3644
100087,2026-08-31,1150000,1.69,3644
103100,2026-08-31,850000,1.69,3644
200020,2026-08-31,2386299,1.63,3644
132720,2026-08-31,4100000,1.60,3644
100470,2026-08-31,8000000,1.54,3644
132843,2026-08-31,1575000,1.49,3644
280713,2026-08-31,6000000,1.48,3644
105200,2026-08-31,175000,1.45,3644
124715,2026-08-31,700000,1.45,3644
132777,2026-08-31,1050000,1.44,3644
132868,2026-08-31,1875000,1.35,3644
132296,2026-08-31,500000,1.30,3644
124372,2026-08-31,1200000,1.22,3644
219300,2026-08-31,2900000,1.22,3644
235506,2026-08-31,1909944,1.16,3644
132689,2026-08-31,895599,1.13,3644
117334,2026-08-31,6100000,1.09,3644
100049,2026-08-31,2500000,1.08,3644
293380,2026-08-31,550000,1.07,3644
100469,2026-08-31,2800000,1.04,3644
100096,2026-08-31,2600000,1.03,3644
217389,2026-08-31,1800000,1.02,3644
132683,2026-08-31,226818,1.01,3644
237831,2026-08-31,2800000,0.99,3644
100620,2026-08-31,725153,0.99,3644
112599,2026-08-31,330000,0.99,3644
216156,2026-08-31,206242,0.98,3644
132162,2026-08-31,2349862,0.97,3644
100312,2026-08-31,4000000,0.97,3644
100510,2026-08-31,225000,0.95,3644
209550,2026-08-31,2250000,0.94,3644
100233,2026-08-31,715000,0.93,3644
208661,2026-08-31,819878,0.92,3644
303107,2026-08-31,3678583,0.90,3644
100547,2026-08-31,2600000,0.88,3644
219494,2026-08-31,175000,0.88,3644
132443,2026-08-31,141346,0.85,3644
269404,2026-08-31,273961,0.80,3644
293862,2026-08-31,2600000,0.77,3644
100182,2026-08-31,130000,0.74,3644
131162,2026-08-31,1885214,0.72,3644
200094,2026-08-31,3425667,0.67,3644
100570,2026-08-31,2000000,0.65,3644
123642,2026-08-31,240000,0.59,3644
122205,2026-08-31,1550000,0.56,3644
290269,2026-08-31,292748,0.54,3644
100875,2026-08-31,2000000,0.53,3644
320627,2026-08-31,4678594,0.42,3644
132757,2026-08-31,15804,0.18,3644
117385,2026-08-31,210000,0.13,3644
100047,2026-08-31,100000,0.00,3644
131159,2026-08-31,200000,0.00,3644
217816,2026-08-31,58452,0.00,3644
126624,2026-08-31,70000,0.00,3644
124715,2026-08-31,5906349,12.37,2659
132488,2026-08-31,700754,7.00,2659
100257,2026-08-31,2783991,6.43,2659
100087,2026-08-31,4095054,6.09,2659
108869,2026-08-31,548795,5.15,2659
100124,2026-08-31,4049746,4.93,2659
211840,2026-08-31,1603562,4.09,2659
209147,2026-08-31,2555745,3.94,2659
132331,2026-08-31,913918,3.47,2659
100660,2026-08-31,1029460,3.31,2659
218071,2026-08-31,2658082,2.92,2659
124494,2026-08-31,1364742,2.84,2659
302427,2026-08-31,1671618,2.68,2659
232604,2026-08-31,3545229,2.51,2659
218764,2026-08-31,3837967,2.45,2659
235355,2026-08-31,800549,2.44,2659
307332,2026-08-31,9937272,2.25,2659
100488,2026-08-31,78126,2.13,2659
218763,2026-08-31,1000578,2.04,2659
212427,2026-08-31,323678,1.82,2659
218533,2026-08-31,823911,1.66,2659
124804,2026-08-31,902630,1.63,2659
100680,2026-08-31,318249,1.57,2659
209373,2026-08-31,3501497,1.48,2659
250978,2026-08-31,3896349,1.39,2659
132843,2026-08-31,1346128,1.29,2659
208099,2026-08-31,640910,1.25,2659
228049,2026-08-31,1275040,1.20,2659
214816,2026-08-31,1351672,1.11,2659
132523,2026-08-31,2504071,1.09,2659
100674,2026-08-31,300272,0.99,2659
315602,2026-08-31,213659,0.93,2659
132612,2026-08-31,1834924,0.47,2659
106820,2026-08-31,62568,0.46,2659
322180,2026-08-31,380293,0.44,2659
210039,2026-08-31,111738,0.17,2659
100180,2026-08-31,8749200,6.86,2662
100112,2026-08-31,3861159,4.53,2662
132215,2026-08-31,2635825,3.79,2662
132174,2026-08-31,2154797,3.46,2662
132555,2026-08-31,9434650,3.42,2662
100247,2026-08-31,6650000,3.08,2662
132187,2026-08-31,2530698,2.84,2662
100325,2026-08-31,1920396,2.71,2662
132454,2026-08-31,1321337,2.65,2662
100103,2026-08-31,5106741,2.50,2662
111072,2026-08-31,911071,2.32,2662
100034,2026-08-31,1784840,2.09,2662
223187,2026-08-31,510514,2.08,2662
100510,2026-08-31,458547,2.05,2662
132540,2026-08-31,769812,2.04,2662
132500,2026-08-31,131404,1.97,2662
293862,2026-08-31,6000000,1.87,2662
100875,2026-08-31,6041176,1.71,2662
100209,2026-08-31,1322594,1.66,2662
222264,2026-08-31,2549840,1.64,2662
132286,2026-08-31,1214960,1.60,2662
100420,2026-08-31,278626,1.56,2662
100820,2026-08-31,516467,1.52,2662
100575,2026-08-31,1104660,1.46,2662
219300,2026-08-31,3219115,1.43,2662
216156,2026-08-31,274145,1.38,2662
317139,2026-08-31,12440383,1.23,2662
210072,2026-08-31,71566,1.18,2662
100251,2026-08-31,344061,1.10,2662
102355,2026-08-31,392746,0.99,2662
100271,2026-08-31,569730,0.99,2662
294320,2026-08-31,1500000,0.97,2662
132843,2026-08-31,951045,0.95,2662
100086,2026-08-31,1937351,0.94,2662
212427,2026-08-31,156696,0.92,2662
100300,2026-08-31,238846,0.89,2662
215367,2026-08-31,1547574,0.85,2662
296050,2026-08-31,650000,0.83,2662
273033,2026-08-31,9868155,0.81,2662
273557,2026-08-31,3632811,0.80,2662
287433,2026-08-31,1773487,0.79,2662
318045,2026-08-31,1666893,0.77,2662
324996,2026-08-31,1594092,0.77,2662
113683,2026-08-31,2353632,0.70,2662
210258,2026-08-31,1175681,0.67,2662
220350,2026-08-31,1845270,0.66,2662
307332,2026-08-31,2750000,0.65,2662
117041,2026-08-31,338377,0.64,2662
280713,2026-08-31,2400000,0.63,2662
209550,2026-08-31,1400000,0.62,2662
209902,2026-08-31,1871720,0.59,2662
238594,2026-08-31,1700000,0.59,2662
271581,2026-08-31,761744,0.57,2662
113375,2026-08-31,450543,0.55,2662
132221,2026-08-31,1660639,0.54,2662
296214,2026-08-31,5000000,0.54,2662
100483,2026-08-31,269233,0.51,2662
304682,2026-08-31,260003,0.50,2662
231440,2026-08-31,710198,0.49,2662
100295,2026-08-31,1594092,0.49,2662
104973,2026-08-31,300000,0.49,2662
100520,2026-08-31,131900,0.48,2662
123642,2026-08-31,182710,0.48,2662
286335,2026-08-31,382534,0.46,2662
100312,2026-08-31,1661113,0.43,2662
100008,2026-08-31,400000,0.39,2662
208883,2026-08-31,206529,0.39,2662
274038,2026-08-31,520122,0.37,2662
132514,2026-08-31,2195809,0.37,2662
208045,2026-08-31,2328096,0.36,2662
313296,2026-08-31,1200000,0.34,2662
208461,2026-08-31,502512,0.29,2662
223409,2026-08-31,172227,0.28,2662
218763,2026-08-31,129702,0.28,2662
103100,2026-08-31,127487,0.27,2662
254493,2026-08-31,125097,0.26,2662
132175,2026-08-31,200353,0.26,2662
100144,2026-08-31,182036,0.25,2662
217400,2026-08-31,400000,0.25,2662
311915,2026-08-31,1420975,0.21,2662
100403,2026-08-31,150000,0.20,2662
208766,2026-08-31,50000,0.19,2662
322716,2026-08-31,295349,0.19,2662
131548,2026-08-31,292433,0.18,2662
240920,2026-08-31,294866,0.18,2662
226076,2026-08-31,234518,0.15,2662
295732,2026-08-31,833278,0.14,2662
221194,2026-08-31,89250,0.13,2662
209492,2026-08-31,22112,0.02,2662
209147,2026-08-31,6886,0.01,2662
222364,2026-08-31,3000000,0.00,2662
132488,2026-08-31,448623,4.74,2273
132343,2026-08-31,829107,4.01,2273
322918,2026-08-31,7371441,3.87,2273
219494,2026-08-31,669579,3.58,2273
209867,2026-08-31,14645066,3.23,2273
111243,2026-08-31,1526920,3.16,2273
117334,2026-08-31,15592558,2.97,2273
100420,2026-08-31,517730,2.92,2273
100480,2026-08-31,476751,2.71,2273
100547,2026-08-31,7153082,2.58,2273
100850,2026-08-31,3099350,2.55,2273
100093,2026-08-31,2420129,2.47,2273
223595,2026-08-31,568730,2.47,2273
100825,2026-08-31,415783,2.43,2273
100400,2026-08-31,5886870,2.28,2273
209550,2026-08-31,4825779,2.15,2273
208280,2026-08-31,719592,2.10,2273
100331,2026-08-31,1093690,2.06,2273
130965,2026-08-31,13187075,2.05,2273
100490,2026-08-31,152829,1.98,2273
132725,2026-08-31,85988,1.93,2273
132810,2026-08-31,5139252,1.93,2273
132155,2026-08-31,9520348,1.88,2273
100295,2026-08-31,5985125,1.86,2273
271875,2026-08-31,1159138,1.83,2273
132134,2026-08-31,6547941,1.74,2273
132286,2026-08-31,1307402,1.74,2273
132868,2026-08-31,2264218,1.74,2273
132432,2026-08-31,1042578,1.73,2273
100530,2026-08-31,30590,1.71,2273
132483,2026-08-31,11862215,1.68,2273
216156,2026-08-31,327821,1.66,2273
289554,2026-08-31,1183306,1.60,2273
200055,2026-08-31,4408502,1.59,2273
100002,2026-08-31,185202,1.58,2273
132461,2026-08-31,12155545,1.55,2273
132477,2026-08-31,6819967,1.43,2273
132424,2026-08-31,1418424,1.43,2273
100550,2026-08-31,312004,1.40,2273
219442,2026-08-31,979178,1.31,2273
221790,2026-08-31,378513,1.26,2273
208361,2026-08-31,503294,1.24,2273
100387,2026-08-31,47197,1.22,2273
132321,2026-08-31,883003,1.14,2273
100188,2026-08-31,1697365,1.13,2273
320028,2026-08-31,312155,1.12,2273
100425,2026-08-31,2200475,0.98,2273
219700,2026-08-31,268140,0.74,2273
210850,2026-08-31,1776622,0.73,2273
217280,2026-08-31,7099435,0.66,2273
252306,2026-08-31,11735365,4.40,48299
132174,2026-08-31,2344977,3.90,48299
208883,2026-08-31,1928860,3.79,48299
132921,2026-08-31,1819202,3.31,48299
100112,2026-08-31,2333740,2.83,48299
100034,2026-08-31,2269295,2.74,48299
294388,2026-08-31,1352485,2.66,48299
112599,2026-08-31,802489,2.62,48299
100180,2026-08-31,3198760,2.59,48299
100114,2026-08-31,441294,2.57,48299
100049,2026-08-31,5325021,2.52,48299
132541,2026-08-31,1044866,2.37,48299
100510,2026-08-31,459870,2.13,48299
100325,2026-08-31,1442818,2.11,48299
304549,2026-08-31,1216391,2.00,48299
111218,2026-08-31,1542197,1.96,48299
100420,2026-08-31,300329,1.74,48299
132725,2026-08-31,74744,1.72,48299
100480,2026-08-31,294317,1.72,48299
108869,2026-08-31,158230,1.61,48299
228974,2026-08-31,1166234,1.57,48299
208766,2026-08-31,401685,1.56,48299
103100,2026-08-31,706531,1.53,48299
289108,2026-08-31,2840179,1.48,48299
208364,2026-08-31,413307,1.45,48299
132454,2026-08-31,690625,1.43,48299
111243,2026-08-31,663496,1.41,48299
132892,2026-08-31,1159078,1.38,48299
275316,2026-08-31,390612,1.34,48299
217757,2026-08-31,1016917,1.34,48299
308764,2026-08-31,2367927,1.30,48299
322541,2026-08-31,4761500,1.05,48299
132754,2026-08-31,9740668,1.04,48299
100002,2026-08-31,116763,1.02,48299
100103,2026-08-31,2012500,1.02,48299
132889,2026-08-31,748456,1.01,48299
223586,2026-08-31,1522890,1.01,48299
132843,2026-08-31,966743,1.00,48299
208801,2026-08-31,10109782,1.00,48299
132555,2026-08-31,2558194,0.96,48299
271875,2026-08-31,587720,0.95,48299
132163,2026-08-31,1734157,0.95,48299
222055,2026-08-31,159000,0.95,48299
249675,2026-08-31,267599,0.95,48299
132630,2026-08-31,1046915,0.93,48299
131642,2026-08-31,986819,0.93,48299
296765,2026-08-31,23967,0.92,48299
132898,2026-08-31,3049717,0.92,48299
322366,2026-08-31,6907289,0.92,48299
293862,2026-08-31,2796800,0.90,48299
132144,2026-08-31,327503,0.90,48299
124000,2026-08-31,1670925,0.89,48299
219300,2026-08-31,1891611,0.87,48299
254493,2026-08-31,361500,0.77,48299
111072,2026-08-31,286700,0.75,48299
132868,2026-08-31,953859,0.75,48299
132215,2026-08-31,492300,0.73,48299
228017,2026-08-31,471690,0.70,48299
320028,2026-08-31,181691,0.67,48299
100850,2026-08-31,756876,0.64,48299
210284,2026-08-31,905712,0.63,48299
132827,2026-08-31,14754,0.60,48299
208280,2026-08-31,190984,0.57,48299
317635,2026-08-31,4276011,0.54,48299
132867,2026-08-31,1707565,0.43,48299
210036,2026-08-31,473309,0.42,48299
232793,2026-08-31,81530,0.29,48299
318678,2026-08-31,1506826,0.28,48299
132174,2026-08-31,5580000,9.37,3098
111218,2026-08-31,5040000,6.46,3098
132892,2026-08-31,4401000,5.30,3098
219300,2026-08-31,10489923,4.87,3098
221790,2026-08-31,1296000,4.46,3098
209967,2026-08-31,9810000,4.41,3098
100247,2026-08-31,8730000,4.23,3098
100547,2026-08-31,10980000,4.11,3098
100182,2026-08-31,570968,3.60,3098
100188,2026-08-31,4500000,3.10,3098
132555,2026-08-31,8100000,3.06,3098
100875,2026-08-31,10260000,3.03,3098
132497,2026-08-31,579149,3.00,3098
252306,2026-08-31,7470000,2.83,3098
200091,2026-08-31,4140000,2.31,3098
132898,2026-08-31,7290000,2.22,3098
100180,2026-08-31,2457000,2.01,3098
314935,2026-08-31,1658042,1.99,3098
217376,2026-08-31,3960000,1.91,3098
100469,2026-08-31,4320000,1.78,3098
219494,2026-08-31,315000,1.75,3098
100878,2026-08-31,435987,1.72,3098
210072,2026-08-31,99000,1.70,3098
275316,2026-08-31,483730,1.67,3098
254493,2026-08-31,720000,1.56,3098
132522,2026-08-31,4230000,1.47,3098
100209,2026-08-31,999000,1.31,3098
132178,2026-08-31,4076957,1.23,3098
271875,2026-08-31,740475,1.21,3098
132540,2026-08-31,385326,1.07,3098
106395,2026-08-31,477000,1.05,3098
132733,2026-08-31,1945000,1.05,3098
100295,2026-08-31,3060000,0.98,3098
130007,2026-08-31,1756962,0.77,3098
124816,2026-08-31,700001,0.68,3098
132856,2026-08-31,3000000,0.65,3098
213838,2026-08-31,150000,0.28,3098
209232,2026-08-31,363369,0.26,3098
321136,2026-08-31,349500,0.22,3098
132174,2026-08-31,5305344,8.92,2641
100180,2026-08-31,9479282,7.77,2641
132215,2026-08-31,5047885,7.59,2641
100209,2026-08-31,4723871,6.19,2641
100325,2026-08-31,2852794,4.21,2641
252306,2026-08-31,10768226,4.08,2641
100251,2026-08-31,1172954,3.90,2641
219494,2026-08-31,685909,3.81,2641
205198,2026-08-31,1498817,3.50,2641
225051,2026-08-31,4677569,3.49,2641
100103,2026-08-31,6489252,3.32,2641
209550,2026-08-31,7012573,3.25,2641
100312,2026-08-31,11117776,2.98,2641
293862,2026-08-31,8874557,2.89,2641
100112,2026-08-31,2265140,2.78,2641
209373,2026-08-31,5996046,2.78,2641
123395,2026-08-31,66088,2.55,2641
217376,2026-08-31,5153894,2.49,2641
269404,2026-08-31,758748,2.44,2641
320028,2026-08-31,627647,2.34,2641
132777,2026-08-31,1381373,2.10,2641
209232,2026-08-31,2883343,2.09,2641
303107,2026-08-31,7508894,2.03,2641
296214,2026-08-31,15936154,1.81,2641
232604,2026-08-31,2098553,1.63,2641
100413,2026-08-31,12255872,1.53,2641
132175,2026-08-31,1050390,1.43,2641
277169,2026-08-31,1431785,1.35,2641
132689,2026-08-31,922199,1.29,2641
117334,2026-08-31,5631214,1.11,2641
132174,2026-08-31,4050000,6.88,47653
100510,2026-08-31,831446,3.93,47653
217376,2026-08-31,7853400,3.84,47653
287433,2026-08-31,7477638,3.51,47653
222055,2026-08-31,420000,2.57,47653
111243,2026-08-31,1140154,2.48,47653
324996,2026-08-31,4800000,2.44,47653
124804,2026-08-31,1200000,2.41,47653
100520,2026-08-31,600000,2.30,47653
112599,2026-08-31,676437,2.26,47653
100247,2026-08-31,4400000,2.16,47653
100790,2026-08-31,1210000,2.12,47653
105790,2026-08-31,450000,2.11,47653
124715,2026-08-31,900000,2.09,47653
132155,2026-08-31,10000000,2.08,47653
132755,2026-08-31,1090000,2.07,47653
132523,2026-08-31,4050000,1.95,47653
105200,2026-08-31,202000,1.88,47653
131213,2026-08-31,4710254,1.87,47653
100084,2026-08-31,10000000,1.71,47653
132488,2026-08-31,154000,1.70,47653
132541,2026-08-31,700000,1.62,47653
100660,2026-08-31,450000,1.60,47653
132843,2026-08-31,1503750,1.59,47653
106076,2026-08-31,672644,1.59,47653
100228,2026-08-31,1037500,1.59,47653
100820,2026-08-31,500000,1.55,47653
100331,2026-08-31,772373,1.52,47653
218763,2026-08-31,660000,1.49,47653
132343,2026-08-31,283000,1.44,47653
100620,2026-08-31,932591,1.42,47653
268618,2026-08-31,320000,1.35,47653
221033,2026-08-31,1509500,1.33,47653
100825,2026-08-31,215000,1.32,47653
132538,2026-08-31,95000,1.27,47653
132454,2026-08-31,600000,1.27,47653
322950,2026-08-31,360000,1.26,47653
209967,2026-08-31,2538916,1.15,47653
200091,2026-08-31,2000000,1.13,47653
100575,2026-08-31,800000,1.12,47653
122113,2026-08-31,300000,1.10,47653
100312,2026-08-31,4050000,1.10,47653
321331,2026-08-31,1390000,0.86,47653
315602,2026-08-31,176506,0.85,47653
100188,2026-08-31,1225000,0.85,47653
237831,2026-08-31,1700000,0.68,47653
208461,2026-08-31,952381,0.58,47653
131344,2026-08-31,304885,0.18,47653
100530,2026-08-31,3051,0.18,47653
217126,2026-08-31,2800000,0.13,47653
324997,2026-08-31,2800000,0.12,47653
226019,2026-08-31,2800000,0.12,47653
100830,2026-08-31,12500,0.03,47653
323819,2026-08-31,132839,0.02,47653
100325,2026-08-31,2838730,4.24,39531
100180,2026-08-31,3464378,2.88,39531
132454,2026-08-31,1354761,2.87,39531
132174,2026-08-31,1474950,2.51,39531
100510,2026-08-31,426117,2.02,39531
108869,2026-08-31,191825,2.00,39531
111218,2026-08-31,1520898,1.98,39531
208238,2026-08-31,770770,1.82,39531
100112,2026-08-31,1304400,1.62,39531
205198,2026-08-31,656184,1.55,39531
100520,2026-08-31,403675,1.55,39531
100469,2026-08-31,3684587,1.54,39531
124715,2026-08-31,646400,1.50,39531
254493,2026-08-31,663188,1.46,39531
100480,2026-08-31,241100,1.44,39531
210850,2026-08-31,3227254,1.39,39531
218763,2026-08-31,610750,1.38,39531
132215,2026-08-31,882602,1.34,39531
100209,2026-08-31,984746,1.31,39531
100034,2026-08-31,1047540,1.30,39531
132921,2026-08-31,690400,1.29,39531
100696,2026-08-31,542640,1.25,39531
100470,2026-08-31,5606700,1.21,39531
100271,2026-08-31,654261,1.21,39531
132555,2026-08-31,3126986,1.20,39531
225850,2026-08-31,12459774,1.19,39531
100387,2026-08-31,42893,1.17,39531
112599,2026-08-31,346860,1.16,39531
289108,2026-08-31,1964129,1.05,39531
321331,2026-08-31,1685735,1.05,39531
132755,2026-08-31,520800,0.99,39531
100312,2026-08-31,3585000,0.97,39531
100425,2026-08-31,2032000,0.95,39531
213838,2026-08-31,481900,0.92,39531
250870,2026-08-31,439544,0.89,39531
100547,2026-08-31,2331278,0.88,39531
217389,2026-08-31,1379797,0.88,39531
271875,2026-08-31,493000,0.82,39531
209550,2026-08-31,1686817,0.79,39531
317635,2026-08-31,6043295,0.78,39531
208883,2026-08-31,389000,0.78,39531
217376,2026-08-31,1510698,0.74,39531
275316,2026-08-31,210429,0.74,39531
324996,2026-08-31,1422760,0.73,39531
217379,2026-08-31,394643,0.72,39531
249675,2026-08-31,181666,0.66,39531
132714,2026-08-31,1097417,0.54,39531
229852,2026-08-31,2400000,0.46,39531
100096,2026-08-31,1031933,0.46,39531
235506,2026-08-31,665353,0.45,39531
132898,2026-08-31,1077717,0.33,39531
100049,2026-08-31,306375,0.15,39531
211337,2026-08-31,12000,0.13,39531
132539,2026-08-31,13500,0.02,39531
292420,2026-08-31,16981,0.02,39531
218071,2026-08-31,413,0.00,39531
132187,2026-08-31,350,0.00,39531
100875,2026-08-31,175,0.00,39531
271867,2026-08-31,2646783,5.95,45342
208766,2026-08-31,1467096,5.86,45342
111218,2026-08-31,4089729,5.33,45342
100440,2026-08-31,4267289,5.09,45342
100470,2026-08-31,21915408,4.75,45342
100480,2026-08-31,750146,4.50,45342
132555,2026-08-31,11671850,4.49,45342
122275,2026-08-31,824826,4.31,45342
100295,2026-08-31,13165091,4.30,45342
209867,2026-08-31,18138205,4.22,45342
207901,2026-08-31,1072257,4.13,45342
100469,2026-08-31,9452148,3.96,45342
100103,2026-08-31,7022994,3.65,45342
117334,2026-08-31,16400943,3.29,45342
100493,2026-08-31,1329250,3.29,45342
100093,2026-08-31,2847081,3.06,45342
296765,2026-08-31,75893,3.01,45342
271875,2026-08-31,1701213,2.83,45342
100420,2026-08-31,475209,2.83,45342
132234,2026-08-31,6233305,2.79,45342
211337,2026-08-31,247340,2.74,45342
132822,2026-08-31,125042358,2.10,45342
132725,2026-08-31,87826,2.07,45342
100002,2026-08-31,218566,1.96,45342
289554,2026-08-31,1298440,1.85,45342
132296,2026-08-31,600730,1.75,45342
117569,2026-08-31,254656,1.72,45342
100113,2026-08-31,7424995,1.70,45342
242461,2026-08-31,2822227,1.36,45342
220350,2026-08-31,2658192,1.00,45342
100180,2026-08-31,20153728,17.02,267
132174,2026-08-31,8575400,14.85,267
100112,2026-08-31,8132344,10.27,267
100247,2026-08-31,19772593,9.88,267
132215,2026-08-31,5937293,9.19,267
100469,2026-08-31,16823617,7.15,267
132187,2026-08-31,4495712,5.44,267
286335,2026-08-31,3726470,4.82,267
278580,2026-08-31,45660650,4.67,267
132134,2026-08-31,12228665,3.47,267
132461,2026-08-31,24783976,3.37,267
132648,2026-08-31,122554795,3.33,267
132483,2026-08-31,21997707,3.32,267
132477,2026-08-31,14098713,3.17,267
100325,2026-08-31,5945000,9.12,48474
132155,2026-08-31,37434819,7.98,48474
100312,2026-08-31,24310276,6.77,48474
122287,2026-08-31,3394714,5.71,48474
249927,2026-08-31,18798534,5.59,48474
132522,2026-08-31,13219320,4.77,48474
100547,2026-08-31,12163692,4.73,48474
132555,2026-08-31,11245170,4.42,48474
109631,2026-08-31,4814383,4.21,48474
100411,2026-08-31,883474,4.14,48474
208461,2026-08-31,6076446,3.80,48474
124667,2026-08-31,4269217,3.53,48474
132779,2026-08-31,2285360,3.34,48474
117174,2026-08-31,75150,3.21,48474
130965,2026-08-31,17647288,2.95,48474
112599,2026-08-31,676437,2.32,48474
100084,2026-08-31,12114574,2.13,48474
109488,2026-08-31,2428321,2.05,48474
132514,2026-08-31,11183665,2.02,48474
132810,2026-08-31,4257426,1.72,48474
200055,2026-08-31,4325000,1.68,48474
100550,2026-08-31,334518,1.62,48474
269404,2026-08-31,452514,1.51,48474
208977,2026-08-31,2400993,1.50,48474
216369,2026-08-31,15745621,1.45,48474
325089,2026-08-31,6266178,1.13,48474
132898,2026-08-31,3010964,0.95,48474
106355,2026-08-31,4378853,0.93,48474
224623,2026-08-31,5704650,0.83,48474
132714,2026-08-31,900000,0.45,48474
321317,2026-08-31,1333266,0.42,48474
217126,2026-08-31,6654348,0.31,48474
200091,2026-08-31,121912,0.07,48474
303704,2026-08-31,247279,0.07,48474
132174,2026-08-31,3750000,6.60,1112
100180,2026-08-31,5170000,4.43,1112
100112,2026-08-31,2650000,3.40,1112
132215,2026-08-31,2100000,3.30,1112
132454,2026-08-31,1300000,2.85,1112
100510,2026-08-31,525000,2.57,1112
286335,2026-08-31,1740000,2.29,1112
100209,2026-08-31,1600000,2.19,1112
124715,2026-08-31,900000,2.16,1112
100049,2026-08-31,4000000,2.01,1112
132555,2026-08-31,5000000,1.98,1112
100325,2026-08-31,1250000,1.93,1112
211385,2026-08-31,850000,1.79,1112
100530,2026-08-31,29000,1.75,1112
252306,2026-08-31,4400000,1.75,1112
132755,2026-08-31,849010,1.67,1112
132488,2026-08-31,140000,1.60,1112
213838,2026-08-31,794645,1.57,1112
279664,2026-08-31,860769,1.54,1112
287433,2026-08-31,3134981,1.52,1112
103100,2026-08-31,650000,1.49,1112
132500,2026-08-31,90000,1.48,1112
132281,2026-08-31,900000,1.43,1112
132432,2026-08-31,786106,1.42,1112
278701,2026-08-31,2146245,1.39,1112
210850,2026-08-31,3129491,1.39,1112
132259,2026-08-31,64000,1.37,1112
132374,2026-08-31,1550000,1.37,1112
105200,2026-08-31,140000,1.35,1112
217757,2026-08-31,955000,1.33,1112
214179,2026-08-31,1295691,1.27,1112
100257,2026-08-31,474162,1.26,1112
200132,2026-08-31,85000,1.25,1112
100825,2026-08-31,190000,1.21,1112
190003,2026-08-31,2600000,1.09,1112
100271,2026-08-31,558487,1.06,1112
208766,2026-08-31,249216,1.03,1112
132424,2026-08-31,917397,1.00,1112
217389,2026-08-31,1500000,0.99,1112
132538,2026-08-31,70517,0.98,1112
100251,2026-08-31,275000,0.96,1112
100483,2026-08-31,457087,0.95,1112
218071,2026-08-31,735792,0.93,1112
228974,2026-08-31,650000,0.92,1112
132777,2026-08-31,571671,0.91,1112
273033,2026-08-31,10000000,0.89,1112
222055,2026-08-31,140000,0.89,1112
269404,2026-08-31,260000,0.87,1112
212427,2026-08-31,130359,0.84,1112
297249,2026-08-31,1020000,0.84,1112
100425,2026-08-31,1705617,0.83,1112
208361,2026-08-31,310000,0.83,1112
132720,2026-08-31,1836565,0.83,1112
100696,2026-08-31,343499,0.82,1112
267615,2026-08-31,525926,0.80,1112
100547,2026-08-31,2000000,0.78,1112
207959,2026-08-31,701211,0.77,1112
132286,2026-08-31,525000,0.76,1112
301578,2026-08-31,925556,0.76,1112
303575,2026-08-31,3452361,0.75,1112
102355,2026-08-31,245576,0.68,1112
100104,2026-08-31,1467833,0.65,1112
100325,2026-08-31,4660000,7.31,2452
100510,2026-08-31,1344337,6.68,2452
132555,2026-08-31,12600000,5.07,2452
317139,2026-08-31,34785607,3.83,2452
100103,2026-08-31,6400000,3.48,2452
219494,2026-08-31,392000,2.31,2452
132454,2026-08-31,1030000,2.29,2452
226076,2026-08-31,3103288,2.21,2452
132538,2026-08-31,150000,2.11,2452
100425,2026-08-31,4188394,2.06,2452
113375,2026-08-31,1501545,2.04,2452
117334,2026-08-31,9500000,1.99,2452
132810,2026-08-31,4800000,1.98,2452
287433,2026-08-31,3903770,1.93,2452
209063,2026-08-31,1592585,1.65,2452
100400,2026-08-31,3800713,1.62,2452
100093,2026-08-31,1372030,1.54,2452
223658,2026-08-31,1606124,1.53,2452
223187,2026-08-31,320113,1.45,2452
100575,2026-08-31,954831,1.40,2452
208461,2026-08-31,2190202,1.40,2452
100480,2026-08-31,210357,1.32,2452
225154,2026-08-31,135825,1.27,2452
237831,2026-08-31,3028070,1.27,2452
100493,2026-08-31,475000,1.23,2452
132259,2026-08-31,56748,1.23,2452
214179,2026-08-31,1200441,1.20,2452
212705,2026-08-31,644555,1.01,2452
132921,2026-08-31,513349,1.01,2452
226611,2026-08-31,6368632,0.99,2452
100084,2026-08-31,5440398,0.98,2452
108869,2026-08-31,86771,0.95,2452
200020,2026-08-31,1179725,0.95,2452
318045,2026-08-31,1838004,0.94,2452
100570,2026-08-31,2400250,0.91,2452
320028,2026-08-31,225498,0.90,2452
269404,2026-08-31,253296,0.87,2452
100253,2026-08-31,1300900,0.86,2452
311991,2026-08-31,3557135,0.85,2452
324996,2026-08-31,1586493,0.85,2452
103100,2026-08-31,358626,0.84,2452
200057,2026-08-31,2296047,0.81,2452
100312,2026-08-31,2850000,0.81,2452
113683,2026-08-31,2428215,0.80,2452
122074,2026-08-31,1028395,0.79,2452
132830,2026-08-31,410257,0.77,2452
318678,2026-08-31,3801358,0.75,2452
200515,2026-08-31,227400,0.71,2452
208763,2026-08-31,82000,0.71,2452
122275,2026-08-31,129493,0.71,2452
222055,2026-08-31,110672,0.71,2452
132155,2026-08-31,3200000,0.70,2452
318618,2026-08-31,1201308,0.68,2452
131344,2026-08-31,1060000,0.67,2452
100877,2026-08-31,1216761,0.66,2452
200094,2026-08-31,2818839,0.65,2452
219300,2026-08-31,1275613,0.63,2452
238594,2026-08-31,1628020,0.63,2452
321317,2026-08-31,1919548,0.62,2452
105790,2026-08-31,123943,0.61,2452
132524,2026-08-31,3221389,0.60,2452
100550,2026-08-31,120000,0.59,2452
222961,2026-08-31,200000,0.52,2452
100387,2026-08-31,18000,0.51,2452
221645,2026-08-31,531126,0.49,2452
210072,2026-08-31,25000,0.46,2452
100470,2026-08-31,2000000,0.45,2452
100850,2026-08-31,499365,0.45,2452
111196,2026-08-31,450739,0.44,2452
322918,2026-08-31,700000,0.41,2452
323260,2026-08-31,1266925,0.40,2452
216369,2026-08-31,4000000,0.38,2452
102355,2026-08-31,118507,0.33,2452
100002,2026-08-31,34002,0.32,2452
322113,2026-08-31,475619,0.32,2452
223409,2026-08-31,172210,0.31,2452
321202,2026-08-31,438672,0.29,2452
222554,2026-08-31,50000,0.28,2452
132714,2026-08-31,543331,0.28,2452
117569,2026-08-31,39264,0.28,2452
240920,2026-08-31,346577,0.24,2452
200025,2026-08-31,232703,0.23,2452
322716,2026-08-31,277025,0.20,2452
132174,2026-08-31,3247384,5.92,489
100325,2026-08-31,3291742,5.27,489
111218,2026-08-31,3087724,4.30,489
132541,2026-08-31,1692086,4.21,489
252306,2026-08-31,9974130,4.11,489
100180,2026-08-31,4460067,3.97,489
100034,2026-08-31,2982260,3.95,489
100112,2026-08-31,2844690,3.78,489
286335,2026-08-31,2707412,3.69,489
100209,2026-08-31,2498243,3.55,489
132215,2026-08-31,2149984,3.51,489
132755,2026-08-31,1617521,3.30,489
132454,2026-08-31,1448561,3.29,489
132921,2026-08-31,1600000,3.20,489
211385,2026-08-31,1433549,3.13,489
100510,2026-08-31,612746,3.11,489
100251,2026-08-31,858211,3.10,489
103100,2026-08-31,1242929,2.96,489
132555,2026-08-31,7207004,2.96,489
132432,2026-08-31,1578086,2.95,489
214179,2026-08-31,2718226,2.77,489
132523,2026-08-31,5358833,2.77,489
100440,2026-08-31,2062294,2.63,489
271875,2026-08-31,1443506,2.57,489
100575,2026-08-31,1492987,2.24,489
124715,2026-08-31,866299,2.16,489
100520,2026-08-31,349677,1.44,489
100238,2026-08-31,1206777,1.22,489
132259,2026-08-31,26312,0.58,489
132174,2026-08-31,7388887,13.58,2445
100180,2026-08-31,13679320,12.26,2445
132215,2026-08-31,5408065,8.89,2445
100112,2026-08-31,4265352,5.72,2445
100247,2026-08-31,7172870,3.80,2445
205198,2026-08-31,1275773,3.26,2445
225051,2026-08-31,3893792,3.17,2445
132187,2026-08-31,2164124,2.78,2445
208280,2026-08-31,766488,2.54,2445
287782,2026-08-31,10854762,2.46,2445
104973,2026-08-31,1279877,2.40,2445
208766,2026-08-31,550540,2.37,2445
100271,2026-08-31,1117524,2.22,2445
273033,2026-08-31,21553986,2.02,2445
217757,2026-08-31,1391018,2.02,2445
217400,2026-08-31,2809598,2.02,2445
305799,2026-08-31,1443529,1.77,2445
132477,2026-08-31,7372337,1.76,2445
286335,2026-08-31,1263957,1.74,2445
208883,2026-08-31,778098,1.69,2445
100034,2026-08-31,1248587,1.67,2445
211385,2026-08-31,752882,1.66,2445
229852,2026-08-31,7700000,1.60,2445
210258,2026-08-31,2318409,1.52,2445
220350,2026-08-31,3669190,1.49,2445
111072,2026-08-31,500454,1.46,2445
209902,2026-08-31,3913700,1.42,2445
208364,2026-08-31,363803,1.41,2445
217376,2026-08-31,2384201,1.26,2445
190071,2026-08-31,205995,1.18,2445
217389,2026-08-31,1624680,1.12,2445
251791,2026-08-31,3409159,1.07,2445
209492,2026-08-31,832505,0.92,2445
124000,2026-08-31,1328894,0.78,2445
267615,2026-08-31,400113,0.64,2445
318597,2026-08-31,1073860,0.52,2445
215605,2026-08-31,1930894,0.37,2445
132174,2026-08-31,2648252,4.87,2669
100112,2026-08-31,3258432,4.37,2669
210072,2026-08-31,200000,3.76,2669
252306,2026-08-31,9000006,3.74,2669
132215,2026-08-31,1800000,2.96,2669
100180,2026-08-31,3000000,2.69,2669
132541,2026-08-31,1060000,2.66,2669
100251,2026-08-31,650000,2.37,2669
302988,2026-08-31,5152940,2.28,2669
100114,2026-08-31,350000,2.26,2669
100325,2026-08-31,1300000,2.10,2669
132720,2026-08-31,3993014,1.88,2669
117569,2026-08-31,257807,1.87,2669
100103,2026-08-31,3300000,1.85,2669
132343,2026-08-31,300000,1.65,2669
286335,2026-08-31,1200000,1.65,2669
100480,2026-08-31,250000,1.61,2669
100575,2026-08-31,1015691,1.53,2669
117334,2026-08-31,7000000,1.51,2669
132843,2026-08-31,1317123,1.51,2669
100510,2026-08-31,289434,1.48,2669
102355,2026-08-31,500000,1.44,2669
208361,2026-08-31,471412,1.32,2669
209550,2026-08-31,2600000,1.32,2669
100820,2026-08-31,392498,1.32,2669
132187,2026-08-31,1000000,1.29,2669
132523,2026-08-31,2383678,1.24,2669
200132,2026-08-31,80000,1.23,2669
126299,2026-08-31,400000,1.23,2669
100067,2026-08-31,646143,1.20,2669
208364,2026-08-31,288054,1.12,2669
111072,2026-08-31,379059,1.10,2669
124494,2026-08-31,432355,1.08,2669
208461,2026-08-31,1642432,1.08,2669
124804,2026-08-31,494144,1.07,2669
100825,2026-08-31,160000,1.06,2669
100093,2026-08-31,900000,1.04,2669
100800,2026-08-31,783305,1.03,2669
132259,2026-08-31,45329,1.02,2669
207872,2026-08-31,523830,1.02,2669
106395,2026-08-31,405829,0.98,2669
100440,2026-08-31,750000,0.96,2669
324996,2026-08-31,1600002,0.88,2669
100312,2026-08-31,3000000,0.88,2669
100488,2026-08-31,26611,0.87,2669
100087,2026-08-31,486564,0.87,2669
100483,2026-08-31,392201,0.86,2669
208883,2026-08-31,384719,0.84,2669
207901,2026-08-31,180000,0.75,2669
215477,2026-08-31,200000,0.73,2669
124715,2026-08-31,250000,0.63,2669
212705,2026-08-31,375481,0.61,2669
132777,2026-08-31,364490,0.61,2669
111243,2026-08-31,250000,0.59,2669
254493,2026-08-31,233779,0.55,2669
100520,2026-08-31,130000,0.54,2669
210258,2026-08-31,830782,0.54,2669
100049,2026-08-31,1003261,0.53,2669
100550,2026-08-31,100000,0.51,2669
217379,2026-08-31,256164,0.51,2669
317139,2026-08-31,4539189,0.51,2669
208607,2026-08-31,227590,0.49,2669
111218,2026-08-31,350000,0.49,2669
216369,2026-08-31,5000000,0.49,2669
132488,2026-08-31,40000,0.48,2669
100470,2026-08-31,2000000,0.47,2669
132454,2026-08-31,200000,0.46,2669
109930,2026-08-31,100000,0.45,2669
100209,2026-08-31,300000,0.43,2669
217376,2026-08-31,769002,0.41,2669
105200,2026-08-31,40000,0.40,2669
222055,2026-08-31,60197,0.40,2669
132155,2026-08-31,1700000,0.38,2669
100696,2026-08-31,150000,0.37,2669
132424,2026-08-31,300000,0.34,2669
219494,2026-08-31,50000,0.30,2669
132644,2026-08-31,39997,0.26,2669
293380,2026-08-31,100000,0.23,2669
100271,2026-08-31,86097,0.17,2669
132497,2026-08-31,24749,0.14,2669
100112,2026-08-31,3600000,4.91,34199
219236,2026-08-31,700000,4.88,34199
131531,2026-08-31,2770000,4.25,34199
100247,2026-08-31,7000000,3.78,34199
217376,2026-08-31,7000000,3.77,34199
112599,2026-08-31,1000000,3.68,34199
100125,2026-08-31,3383000,3.48,34199
214179,2026-08-31,3300000,3.46,34199
215367,2026-08-31,5000000,3.19,34199
213862,2026-08-31,10000000,3.15,34199
221790,2026-08-31,770000,2.95,34199
100034,2026-08-31,2100000,2.86,34199
132174,2026-08-31,1500000,2.81,34199
311742,2026-08-31,932800,2.68,34199
130117,2026-08-31,574140,2.57,34199
274066,2026-08-31,3499970,2.56,34199
132733,2026-08-31,4000000,2.40,34199
208977,2026-08-31,3131088,2.09,34199
123398,2026-08-31,900498,2.01,34199
222263,2026-08-31,5583650,2.00,34199
132889,2026-08-31,1300000,1.97,34199
115030,2026-08-31,1538843,1.89,34199
117174,2026-08-31,40000,1.83,34199
100260,2026-08-31,1565262,1.77,34199
216719,2026-08-31,2855012,1.66,34199
313354,2026-08-31,2225742,1.65,34199
303125,2026-08-31,7000000,1.47,34199
132504,2026-08-31,118061,1.32,34199
222414,2026-08-31,900000,1.25,34199
130517,2026-08-31,1466450,0.68,34199
317832,2026-08-31,5379967,0.41,34199
108486,2026-08-31,35000,0.37,34199
321747,2026-08-31,392334,0.35,34199
116030,2026-08-31,2632620,0.26,34199
279017,2026-08-31,130000,5.42,34199
316920,2026-08-31,4559889,3.81,34199
304945,2026-08-31,230000,3.33,34199
325570,2026-08-31,33000,0.08,34199
100180,2026-08-31,8600000,7.94,3096
100112,2026-08-31,4200000,5.80,3096
278580,2026-08-31,48250000,5.40,3096
208238,2026-08-31,1700000,4.46,3096
132174,2026-08-31,2299020,4.35,3096
132454,2026-08-31,1677203,3.96,3096
225051,2026-08-31,4600000,3.86,3096
100325,2026-08-31,2300000,3.82,3096
209550,2026-08-31,7000000,3.65,3096
123642,2026-08-31,1059175,3.27,3096
100493,2026-08-31,1034389,2.84,3096
100164,2026-08-31,1745663,2.58,3096
255331,2026-08-31,1200000,2.48,3096
132300,2026-08-31,978826,2.40,3096
132720,2026-08-31,4600000,2.23,3096
100483,2026-08-31,950000,2.13,3096
100510,2026-08-31,363164,1.91,3096
100410,2026-08-31,1120000,1.86,3096
100260,2026-08-31,1600000,1.83,3096
132478,2026-08-31,1058204,1.80,3096
106655,2026-08-31,1080011,1.78,3096
271875,2026-08-31,916066,1.69,3096
269404,2026-08-31,413354,1.50,3096
100123,2026-08-31,94264,1.42,3096
100253,2026-08-31,1932481,1.35,3096
100488,2026-08-31,40000,1.35,3096
254493,2026-08-31,550215,1.34,3096
100042,2026-08-31,263657,1.30,3096
267389,2026-08-31,2378531,1.18,3096
132843,2026-08-31,998350,1.18,3096
132540,2026-08-31,314205,0.98,3096
208045,2026-08-31,5203000,0.94,3096
302849,2026-08-31,430000,0.94,3096
100570,2026-08-31,2100000,0.84,3096
132538,2026-08-31,56000,0.83,3096
211840,2026-08-31,260000,0.82,3096
132466,2026-08-31,50000,0.82,3096
100247,2026-08-31,1450000,0.79,3096
100875,2026-08-31,2303000,0.77,3096
100710,2026-08-31,181800,0.75,3096
216369,2026-08-31,7000000,0.70,3096
100209,2026-08-31,459518,0.68,3096
212427,2026-08-31,62937,0.44,3096
100368,2026-08-31,888831,0.40,3096
320052,2026-08-31,2378531,0.39,3096
132488,2026-08-31,27375,0.34,3096
320053,2026-08-31,2378531,0.30,3096
275316,2026-08-31,22258,0.09,3096
318678,2026-08-31,230300,0.05,3096
208766,2026-08-31,1096000,4.86,36401
124558,2026-08-31,133353,4.00,36401
132488,2026-08-31,318300,3.93,36401
132174,2026-08-31,1837000,3.49,36401
112599,2026-08-31,866380,3.23,36401
200091,2026-08-31,4100330,2.59,36401
190059,2026-08-31,864958,2.51,36401
100420,2026-08-31,365053,2.41,36401
244937,2026-08-31,72195,2.08,36401
223595,2026-08-31,396000,2.02,36401
100188,2026-08-31,2550000,1.98,36401
132466,2026-08-31,120000,1.96,36401
132757,2026-08-31,135225,1.93,36401
100112,2026-08-31,1390000,1.92,36401
132538,2026-08-31,125000,1.87,36401
100378,2026-08-31,4125709,1.67,36401
271875,2026-08-31,888000,1.64,36401
200132,2026-08-31,97975,1.55,36401
254493,2026-08-31,611063,1.50,36401
124208,2026-08-31,2160917,1.48,36401
132822,2026-08-31,76500000,1.43,36401
126299,2026-08-31,423275,1.34,36401
109930,2026-08-31,279853,1.30,36401
132500,2026-08-31,73200,1.29,36401
279527,2026-08-31,5922142,1.26,36401
132497,2026-08-31,213327,1.25,36401
132296,2026-08-31,371997,1.20,36401
218071,2026-08-31,868804,1.18,36401
100163,2026-08-31,423845,1.16,36401
132187,2026-08-31,842727,1.12,36401
100520,2026-08-31,250000,1.07,36401
100510,2026-08-31,200246,1.06,36401
287237,2026-08-31,11554777,1.04,36401
131213,2026-08-31,2312466,1.03,36401
208883,2026-08-31,456833,1.02,36401
324996,2026-08-31,1800000,1.02,36401
132830,2026-08-31,512179,1.02,36401
209078,2026-08-31,637967,0.98,36401
100233,2026-08-31,585868,0.95,36401
271867,2026-08-31,370000,0.92,36401
100260,2026-08-31,800791,0.92,36401
228049,2026-08-31,767411,0.89,36401
132755,2026-08-31,400000,0.85,36401
100228,2026-08-31,489020,0.83,36401
100325,2026-08-31,500000,0.83,36401
100271,2026-08-31,400000,0.82,36401
209147,2026-08-31,429485,0.82,36401
107205,2026-08-31,1082750,0.79,36401
315904,2026-08-31,12605042,0.77,36401
132555,2026-08-31,1800000,0.77,36401
314700,2026-08-31,1001728,0.76,36401
132772,2026-08-31,2562524,0.73,36401
132644,2026-08-31,103589,0.69,36401
132630,2026-08-31,646443,0.66,36401
124715,2026-08-31,249692,0.65,36401
100067,2026-08-31,337000,0.64,36401
132698,2026-08-31,782000,0.64,36401
219300,2026-08-31,1200000,0.63,36401
216156,2026-08-31,102604,0.61,36401
132733,2026-08-31,988947,0.60,36401
132477,2026-08-31,2400000,0.59,36401
252306,2026-08-31,1357699,0.58,36401
132504,2026-08-31,44000,0.50,36401
293665,2026-08-31,728198,0.43,36401
255331,2026-08-31,182913,0.38,36401
100312,2026-08-31,1200000,0.36,36401
104973,2026-08-31,148011,0.29,36401
317113,2026-08-31,737000,0.28,36401
131531,2026-08-31,122396,0.19,36401
111072,2026-08-31,57364,0.17,36401
217126,2026-08-31,1800000,0.09,36401
132174,2026-08-31,2138194,4.08,47416
132215,2026-08-31,1671553,2.85,47416
100325,2026-08-31,1157103,1.94,47416
132454,2026-08-31,750104,1.78,47416
100209,2026-08-31,1188548,1.77,47416
323093,2026-08-31,6255741,1.69,47416
249675,2026-08-31,392849,1.59,47416
214084,2026-08-31,285300,1.50,47416
132525,2026-08-31,13678933,1.47,47416
100180,2026-08-31,1575238,1.47,47416
252306,2026-08-31,3302963,1.42,47416
100696,2026-08-31,531378,1.37,47416
132755,2026-08-31,620223,1.33,47416
100411,2026-08-31,256191,1.31,47416
100247,2026-08-31,2344480,1.29,47416
132541,2026-08-31,484465,1.26,47416
100420,2026-08-31,187131,1.24,47416
302921,2026-08-31,376067,1.23,47416
254493,2026-08-31,488533,1.20,47416
100510,2026-08-31,214072,1.14,47416
100034,2026-08-31,817500,1.13,47416
214179,2026-08-31,1047453,1.12,47416
223595,2026-08-31,218150,1.12,47416
100440,2026-08-31,814193,1.09,47416
100112,2026-08-31,768876,1.07,47416
209550,2026-08-31,1934113,1.02,47416
132754,2026-08-31,8049150,0.99,47416
100520,2026-08-31,225977,0.97,47416
100104,2026-08-31,1964863,0.94,47416
293862,2026-08-31,2513925,0.93,47416
322541,2026-08-31,3395518,0.86,47416
132921,2026-08-31,394289,0.82,47416
112599,2026-08-31,218983,0.82,47416
111218,2026-08-31,546675,0.80,47416
211840,2026-08-31,242758,0.77,47416
217389,2026-08-31,1023700,0.73,47416
218756,2026-08-31,806268,0.72,47416
132538,2026-08-31,47239,0.71,47416
271875,2026-08-31,381043,0.71,47416
124494,2026-08-31,262926,0.68,47416
190003,2026-08-31,1487734,0.68,47416
132555,2026-08-31,1578394,0.68,47416
200132,2026-08-31,42194,0.67,47416
108869,2026-08-31,55667,0.65,47416
215216,2026-08-31,42529,0.63,47416
100470,2026-08-31,2572993,0.62,47416
103806,2026-08-31,180000,0.60,47416
217400,2026-08-31,810487,0.60,47416
132432,2026-08-31,306216,0.60,47416
205198,2026-08-31,222631,0.59,47416
124715,2026-08-31,222500,0.58,47416
200020,2026-08-31,667661,0.57,47416
317635,2026-08-31,3841013,0.56,47416
217379,2026-08-31,257095,0.53,47416
100271,2026-08-31,225757,0.47,47416
100850,2026-08-31,442000,0.43,47416
208364,2026-08-31,105777,0.43,47416
132210,2026-08-31,1375513,0.41,47416
218771,2026-08-31,68146,0.41,47416
132424,2026-08-31,348287,0.41,47416
216156,2026-08-31,66162,0.39,47416
100875,2026-08-31,1175101,0.39,47416
132644,2026-08-31,58000,0.39,47416
132129,2026-08-31,493479,0.36,47416
100312,2026-08-31,1022314,0.31,47416
100387,2026-08-31,10000,0.30,47416
131344,2026-08-31,408655,0.27,47416
113519,2026-08-31,106791,0.16,47416
282626,2026-08-31,218711,0.14,47416
294914,2026-08-31,125955,0.04,47416
240920,2026-08-31,22551,0.02,47416
132488,2026-08-31,377770,4.74,38439
132343,2026-08-31,698267,4.02,38439
322918,2026-08-31,6208221,3.88,38439
219494,2026-08-31,563907,3.59,38439
209867,2026-08-31,12334043,3.24,38439
111243,2026-08-31,1285968,3.17,38439
117334,2026-08-31,13132029,2.97,38439
100420,2026-08-31,436034,2.93,38439
100480,2026-08-31,401532,2.72,38439
100547,2026-08-31,6024336,2.59,38439
100850,2026-08-31,2610265,2.55,38439
223595,2026-08-31,479002,2.48,38439
100093,2026-08-31,2038213,2.47,38439
100825,2026-08-31,350144,2.44,38439
100400,2026-08-31,4957914,2.28,38439
209550,2026-08-31,4064252,2.16,38439
208280,2026-08-31,606041,2.11,38439
100331,2026-08-31,921086,2.06,38439
130965,2026-08-31,11106131,2.05,38439
100490,2026-08-31,128701,1.99,38439
132725,2026-08-31,72409,1.93,38439
132810,2026-08-31,4328256,1.93,38439
132155,2026-08-31,8018008,1.89,38439
100295,2026-08-31,5040685,1.86,38439
271875,2026-08-31,976201,1.83,38439
132868,2026-08-31,1906908,1.75,38439
132134,2026-08-31,5514692,1.74,38439
132286,2026-08-31,1101103,1.74,38439
132432,2026-08-31,878081,1.73,38439
100530,2026-08-31,25784,1.71,38439
132483,2026-08-31,9990338,1.68,38439
216156,2026-08-31,276067,1.66,38439
289554,2026-08-31,996560,1.60,38439
200055,2026-08-31,3712847,1.59,38439
100002,2026-08-31,155991,1.58,38439
132461,2026-08-31,10237383,1.55,38439
132477,2026-08-31,5743740,1.44,38439
132424,2026-08-31,1194602,1.43,38439
100550,2026-08-31,262763,1.40,38439
219442,2026-08-31,824638,1.31,38439
221790,2026-08-31,318774,1.26,38439
208361,2026-08-31,423839,1.24,38439
100387,2026-08-31,39755,1.22,38439
132321,2026-08-31,743681,1.14,38439
100188,2026-08-31,1429492,1.13,38439
320028,2026-08-31,262891,1.13,38439
100425,2026-08-31,1853233,0.99,38439
219700,2026-08-31,225823,0.74,38439
210850,2026-08-31,1496272,0.73,38439
217280,2026-08-31,5979133,0.66,38439
132174,2026-08-31,1573613,3.04,45476
252306,2026-08-31,5947918,2.59,45476
223658,2026-08-31,2491736,2.57,45476
271875,2026-08-31,1274232,2.40,45476
208883,2026-08-31,1012693,2.31,45476
233063,2026-08-31,2446453,2.15,45476
210590,2026-08-31,288863,2.15,45476
294388,2026-08-31,928226,2.12,45476
214084,2026-08-31,393279,2.10,45476
111218,2026-08-31,1360500,2.00,45476
100112,2026-08-31,1403413,1.98,45476
302921,2026-08-31,595377,1.97,45476
100510,2026-08-31,356581,1.92,45476
209068,2026-08-31,3760762,1.90,45476
209147,2026-08-31,898226,1.74,45476
215216,2026-08-31,115201,1.71,45476
132343,2026-08-31,293224,1.69,45476
132215,2026-08-31,975000,1.68,45476
122275,2026-08-31,258191,1.52,45476
100469,2026-08-31,3197516,1.51,45476
100103,2026-08-31,2500000,1.47,45476
100470,2026-08-31,5900000,1.44,45476
287237,2026-08-31,15706046,1.44,45476
132541,2026-08-31,530264,1.40,45476
100325,2026-08-31,800000,1.36,45476
132259,2026-08-31,57500,1.35,45476
209967,2026-08-31,2582991,1.33,45476
324996,2026-08-31,2227819,1.29,45476
100271,2026-08-31,607963,1.27,45476
132210,2026-08-31,4160106,1.27,45476
200132,2026-08-31,75000,1.21,45476
100101,2026-08-31,1600000,1.18,45476
132843,2026-08-31,950482,1.14,45476
190059,2026-08-31,386250,1.14,45476
132482,2026-08-31,1031399,1.13,45476
219300,2026-08-31,2120000,1.13,45476
100493,2026-08-31,401318,1.12,45476
323093,2026-08-31,4097414,1.12,45476
132432,2026-08-31,560789,1.11,45476
132538,2026-08-31,71943,1.09,45476
208099,2026-08-31,439742,1.08,45476
112599,2026-08-31,281550,1.07,45476
200054,2026-08-31,2307963,1.06,45476
132466,2026-08-31,63000,1.05,45476
223595,2026-08-31,200000,1.04,45476
132286,2026-08-31,650000,1.03,45476
132889,2026-08-31,657895,1.03,45476
100093,2026-08-31,800000,0.97,45476
100040,2026-08-31,536327,0.97,45476
132497,2026-08-31,160000,0.95,45476
115030,2026-08-31,732905,0.93,45476
111072,2026-08-31,302553,0.92,45476
124200,2026-08-31,514621,0.91,45476
213838,2026-08-31,418480,0.91,45476
209550,2026-08-31,1700021,0.90,45476
132754,2026-08-31,6879675,0.86,45476
226076,2026-08-31,1107960,0.85,45476
317635,2026-08-31,5700000,0.84,45476
100295,2026-08-31,2227819,0.82,45476
132129,2026-08-31,1102884,0.81,45476
277614,2026-08-31,1922125,0.75,45476
132921,2026-08-31,327750,0.69,45476
132644,2026-08-31,100000,0.68,45476
208766,2026-08-31,144000,0.65,45476
235506,2026-08-31,837882,0.65,45476
122113,2026-08-31,153845,0.64,45476
132720,2026-08-31,1236520,0.61,45476
235955,2026-08-31,364374,0.56,45476
100238,2026-08-31,526000,0.56,45476
100251,2026-08-31,139466,0.53,45476
104973,2026-08-31,256361,0.51,45476
100440,2026-08-31,371918,0.50,45476
132755,2026-08-31,230000,0.50,45476
222055,2026-08-31,70000,0.49,45476
322541,2026-08-31,1866638,0.48,45476
221790,2026-08-31,111000,0.44,45476
132504,2026-08-31,36000,0.41,45476
100660,2026-08-31,100000,0.40,45476
100260,2026-08-31,339815,0.40,45476
237831,2026-08-31,825717,0.37,45476
214179,2026-08-31,331902,0.36,45476
209344,2026-08-31,417694,0.29,45476
132175,2026-08-31,160205,0.25,45476
209078,2026-08-31,126573,0.20,45476
132779,2026-08-31,113157,0.18,45476
132174,2026-08-31,2800000,5.51,50546
100180,2026-08-31,4600000,4.41,50546
100112,2026-08-31,2700000,3.87,50546
100325,2026-08-31,1800000,3.11,50546
132488,2026-08-31,231807,2.97,50546
132555,2026-08-31,6500000,2.88,50546
132466,2026-08-31,165000,2.80,50546
100510,2026-08-31,500000,2.73,50546
208433,2026-08-31,921036,2.66,50546
100469,2026-08-31,5500000,2.65,50546
209967,2026-08-31,5000000,2.63,50546
324996,2026-08-31,4300000,2.53,50546
200515,2026-08-31,725702,2.49,50546
208364,2026-08-31,600000,2.49,50546
100520,2026-08-31,550000,2.44,50546
228974,2026-08-31,1450000,2.30,50546
304714,2026-08-31,978286,2.24,50546
317201,2026-08-31,2800000,2.16,50546
100470,2026-08-31,8500000,2.12,50546
100257,2026-08-31,668700,1.98,50546
132868,2026-08-31,2100000,1.96,50546
210072,2026-08-31,96086,1.93,50546
132331,2026-08-31,393966,1.92,50546
254493,2026-08-31,745000,1.89,50546
322918,2026-08-31,2938848,1.87,50546
100093,2026-08-31,1500000,1.86,50546
293665,2026-08-31,2937574,1.80,50546
132636,2026-08-31,2000000,1.75,50546
210258,2026-08-31,2500000,1.75,50546
213046,2026-08-31,3800000,1.65,50546
320350,2026-08-31,7289363,1.65,50546
132432,2026-08-31,800000,1.61,50546
322541,2026-08-31,6000000,1.56,50546
217757,2026-08-31,1000000,1.55,50546
100048,2026-08-31,565388,1.48,50546
200132,2026-08-31,86886,1.43,50546
132922,2026-08-31,8000000,1.38,50546
105283,2026-08-31,1387427,1.34,50546
100233,2026-08-31,775000,1.30,50546
316659,2026-08-31,2534466,1.17,50546
226019,2026-08-31,22377615,1.06,50546
100645,2026-08-31,435071,0.83,50546
119552,2026-08-31,1505739,0.74,50546
130019,2026-08-31,551866,0.66,50546
227331,2026-08-31,537227,0.58,50546
209063,2026-08-31,151134,0.17,50546
132174,2026-08-31,3200000,6.45,430
100180,2026-08-31,4703284,4.63,430
100325,2026-08-31,2078812,3.68,430
132454,2026-08-31,1160000,2.92,430
100112,2026-08-31,1887312,2.77,430
132215,2026-08-31,1467860,2.65,430
100034,2026-08-31,1375530,2.02,430
100520,2026-08-31,420000,1.91,430
100209,2026-08-31,1197189,1.88,430
100247,2026-08-31,3221300,1.87,430
100510,2026-08-31,310673,1.74,430
252306,2026-08-31,3510200,1.60,430
124715,2026-08-31,550000,1.51,430
100440,2026-08-31,1000000,1.41,430
132432,2026-08-31,588017,1.22,430
132538,2026-08-31,70998,1.13,430
111218,2026-08-31,709030,1.09,430
100469,2026-08-31,2139840,1.06,430
214179,2026-08-31,900000,1.01,430
100049,2026-08-31,1700000,0.98,430
132541,2026-08-31,350000,0.96,430
100800,2026-08-31,652180,0.94,430
111243,2026-08-31,350000,0.90,430
323093,2026-08-31,3109194,0.89,430
235355,2026-08-31,220000,0.88,430
210590,2026-08-31,110000,0.85,430
233063,2026-08-31,926501,0.85,430
132539,2026-08-31,480000,0.85,430
132424,2026-08-31,661973,0.83,430
209063,2026-08-31,705494,0.82,430
322918,2026-08-31,1261659,0.82,430
132754,2026-08-31,6169612,0.80,430
132755,2026-08-31,345042,0.78,430
108869,2026-08-31,60366,0.75,430
132286,2026-08-31,445393,0.74,430
100550,2026-08-31,125812,0.70,430
223595,2026-08-31,130000,0.70,430
222255,2026-08-31,380000,0.68,430
100114,2026-08-31,95102,0.67,430
132331,2026-08-31,134400,0.67,430
100403,2026-08-31,395093,0.66,430
103806,2026-08-31,180000,0.64,430
228049,2026-08-31,515809,0.64,430
112599,2026-08-31,156417,0.62,430
100425,2026-08-31,1100000,0.61,430
122113,2026-08-31,133515,0.58,430
216156,2026-08-31,92464,0.58,430
205198,2026-08-31,200421,0.56,430
100027,2026-08-31,63049,0.56,430
209344,2026-08-31,750000,0.54,430
271875,2026-08-31,272174,0.54,430
132644,2026-08-31,73879,0.53,430
100493,2026-08-31,180000,0.53,430
228974,2026-08-31,321037,0.52,430
131344,2026-08-31,696176,0.49,430
217379,2026-08-31,223293,0.49,430
324996,2026-08-31,800000,0.48,430
269404,2026-08-31,114810,0.44,430
132683,2026-08-31,70775,0.42,430
100251,2026-08-31,101469,0.41,430
293862,2026-08-31,1020980,0.40,430
211385,2026-08-31,165265,0.40,430
208045,2026-08-31,2027844,0.39,430
132630,2026-08-31,343827,0.37,430
315602,2026-08-31,63244,0.36,430
132921,2026-08-31,160000,0.35,430
219494,2026-08-31,50000,0.33,430
100575,2026-08-31,200000,0.33,430
132175,2026-08-31,200000,0.33,430
132784,2026-08-31,169402,0.30,430
215367,2026-08-31,424493,0.29,430
218771,2026-08-31,45431,0.29,430
132478,2026-08-31,145563,0.26,430
210850,2026-08-31,472547,0.24,430
318571,2026-08-31,867393,0.23,430
250870,2026-08-31,94290,0.23,430
100238,2026-08-31,187340,0.21,430
222055,2026-08-31,15000,0.11,430
211129,2026-08-31,20000,0.00,430
217689,2026-08-31,125000,0.00,430
132174,2026-08-31,1619611,3.33,7143
100247,2026-08-31,5004306,2.97,7143
100790,2026-08-31,1289189,2.73,7143
132540,2026-08-31,766007,2.60,7143
100180,2026-08-31,2492846,2.50,7143
100875,2026-08-31,6516175,2.36,7143
100049,2026-08-31,3118720,1.83,7143
100209,2026-08-31,1087576,1.75,7143
222055,2026-08-31,225484,1.67,7143
100114,2026-08-31,226050,1.63,7143
100112,2026-08-31,1073658,1.61,7143
100820,2026-08-31,428171,1.61,7143
100825,2026-08-31,214479,1.59,7143
100480,2026-08-31,208855,1.51,7143
132281,2026-08-31,767117,1.43,7143
132454,2026-08-31,543887,1.40,7143
219300,2026-08-31,2261881,1.29,7143
105200,2026-08-31,113021,1.27,7143
208766,2026-08-31,231794,1.12,7143
111218,2026-08-31,628915,0.99,7143
100469,2026-08-31,1929881,0.97,7143
131642,2026-08-31,818300,0.95,7143
271867,2026-08-31,349526,0.95,7143
286335,2026-08-31,602229,0.93,7143
207901,2026-08-31,193954,0.90,7143
208280,2026-08-31,233706,0.87,7143
100830,2026-08-31,317600,0.85,7143
100182,2026-08-31,109100,0.84,7143
132215,2026-08-31,450306,0.83,7143
100331,2026-08-31,343527,0.82,7143
100188,2026-08-31,915694,0.77,7143
124715,2026-08-31,264169,0.74,7143
122275,2026-08-31,114036,0.72,7143
100325,2026-08-31,393926,0.71,7143
132500,2026-08-31,35330,0.68,7143
100696,2026-08-31,240863,0.67,7143
100420,2026-08-31,91490,0.66,7143
100493,2026-08-31,211425,0.63,7143
209967,2026-08-31,1144067,0.63,7143
100477,2026-08-31,2511500,0.62,7143
132667,2026-08-31,9233678,0.62,7143
210590,2026-08-31,78431,0.62,7143
132725,2026-08-31,19432,0.55,7143
208361,2026-08-31,166922,0.52,7143
242461,2026-08-31,841199,0.49,7143
100271,2026-08-31,218023,0.49,7143
324996,2026-08-31,761198,0.47,7143
132538,2026-08-31,27567,0.45,7143
132827,2026-08-31,8258,0.42,7143
132814,2026-08-31,325919,0.41,7143
211337,2026-08-31,29171,0.39,7143
216156,2026-08-31,59359,0.38,7143
132504,2026-08-31,30422,0.37,7143
132466,2026-08-31,20025,0.36,7143
190003,2026-08-31,681290,0.34,7143
217376,2026-08-31,551113,0.33,7143
289108,2026-08-31,503717,0.33,7143
132296,2026-08-31,90987,0.32,7143
100295,2026-08-31,782227,0.31,7143
221790,2026-08-31,62173,0.26,7143
205198,2026-08-31,90982,0.26,7143
211385,2026-08-31,100429,0.25,7143
108869,2026-08-31,19393,0.24,7143
210036,2026-08-31,216752,0.24,7143
232793,2026-08-31,52959,0.24,7143
209078,2026-08-31,138600,0.23,7143
208412,2026-08-31,330942,0.23,7143
207950,2026-08-31,113198,0.22,7143
208763,2026-08-31,22403,0.22,7143
100488,2026-08-31,6069,0.22,7143
217389,2026-08-31,256362,0.20,7143
100124,2026-08-31,118772,0.19,7143
223658,2026-08-31,160888,0.18,7143
100620,2026-08-31,87902,0.16,7143
100459,2026-08-31,10543,0.12,7143
100408,2026-08-31,23371,0.12,7143
132843,2026-08-31,86100,0.11,7143
217379,2026-08-31,45411,0.10,7143
100096,2026-08-31,155816,0.08,7143
100387,2026-08-31,2416,0.08,7143
131162,2026-08-31,128435,0.07,7143
100290,2026-08-31,326,0.06,7143
208099,2026-08-31,20007,0.05,7143
226076,2026-08-31,60791,0.05,7143
217126,2026-08-31,761198,0.04,7143
324997,2026-08-31,761198,0.04,7143
200017,2026-08-31,13980,0.04,7143
226019,2026-08-31,761198,0.04,7143
290269,2026-08-31,14608,0.04,7143
210072,2026-08-31,478,0.01,7143
294320,2026-08-31,4491,0.00,7143
130517,2026-08-31,190,0.00,7143
100469,2026-08-31,6656540,3.41,417
286335,2026-08-31,1940849,3.03,417
190059,2026-08-31,901080,2.88,417
322541,2026-08-31,10223440,2.82,417
100271,2026-08-31,1151200,2.60,417
132504,2026-08-31,204519,2.55,417
132644,2026-08-31,342940,2.53,417
132331,2026-08-31,473984,2.45,417
100411,2026-08-31,434194,2.43,417
254493,2026-08-31,885592,2.38,417
213838,2026-08-31,916888,2.15,417
117569,2026-08-31,257506,2.12,417
132539,2026-08-31,1081439,1.98,417
220350,2026-08-31,4266595,1.97,417
132432,2026-08-31,874271,1.87,417
273811,2026-08-31,1691775,1.85,417
132259,2026-08-31,71935,1.83,417
132779,2026-08-31,1040906,1.82,417
132830,2026-08-31,798957,1.75,417
132210,2026-08-31,5273408,1.73,417
132889,2026-08-31,958110,1.62,417
109930,2026-08-31,309308,1.58,417
223478,2026-08-31,4827606,1.57,417
132843,2026-08-31,1175443,1.53,417
317635,2026-08-31,9597328,1.52,417
210590,2026-08-31,186305,1.50,417
213327,2026-08-31,5693087,1.49,417
132129,2026-08-31,1866233,1.49,417
209147,2026-08-31,692273,1.45,417
124000,2026-08-31,2067980,1.38,417
228974,2026-08-31,809259,1.36,417
323093,2026-08-31,4532822,1.34,417
132343,2026-08-31,200463,1.25,417
210072,2026-08-31,58461,1.25,417
297249,2026-08-31,1244531,1.22,417
251791,2026-08-31,3193645,1.14,417
218763,2026-08-31,402615,1.12,417
250870,2026-08-31,445073,1.11,417
126951,2026-08-31,217436,1.08,417
100477,2026-08-31,4238111,1.07,417
132754,2026-08-31,7783778,1.05,417
114162,2026-08-31,3670760,1.03,417
222961,2026-08-31,340930,1.03,417
126299,2026-08-31,294407,1.03,417
132497,2026-08-31,153672,0.99,417
208766,2026-08-31,200693,0.98,417
294320,2026-08-31,1146855,0.96,417
105790,2026-08-31,166608,0.96,417
200115,2026-08-31,814965,0.96,417
132286,2026-08-31,546474,0.94,417
226611,2026-08-31,5113655,0.93,417
295872,2026-08-31,134199,0.90,417
296765,2026-08-31,17966,0.87,417
103806,2026-08-31,233368,0.86,417
124494,2026-08-31,289373,0.82,417
132525,2026-08-31,6889649,0.81,417
212427,2026-08-31,105614,0.81,417
132234,2026-08-31,1400104,0.77,417
207901,2026-08-31,155987,0.73,417
305013,2026-08-31,13894177,0.73,417
132149,2026-08-31,3388216,0.69,417
100493,2026-08-31,206249,0.62,417
100238,2026-08-31,508984,0.59,417
324996,2026-08-31,894294,0.56,417
209099,2026-08-31,2119934,0.55,417
132809,2026-08-31,1440817,0.55,417
210949,2026-08-31,94327,0.48,417
237742,2026-08-31,372598,0.47,417
221877,2026-08-31,118582,0.44,417
122275,2026-08-31,65177,0.42,417
311742,2026-08-31,118763,0.38,417
109480,2026-08-31,405229,0.29,417
322113,2026-08-31,347534,0.28,417
132523,2026-08-31,379705,0.22,417
132541,2026-08-31,64125,0.18,417
100180,2026-08-31,3875119,3.97,4453
111218,2026-08-31,2233760,3.58,4453
100112,2026-08-31,2272110,3.48,4453
132174,2026-08-31,1604983,3.37,4453
293862,2026-08-31,7915426,3.22,4453
132144,2026-08-31,919083,3.17,4453
213597,2026-08-31,2981058,3.07,4453
100325,2026-08-31,1590407,2.93,4453
132755,2026-08-31,1161582,2.73,4453
100103,2026-08-31,3720868,2.38,4453
132215,2026-08-31,1253175,2.35,4453
112599,2026-08-31,539218,2.23,4453
217757,2026-08-31,1335894,2.22,4453
216156,2026-08-31,336520,2.21,4453
108869,2026-08-31,164375,2.11,4453
100209,2026-08-31,1241386,2.03,4453
132555,2026-08-31,4141144,1.96,4453
100300,2026-08-31,397397,1.93,4453
217389,2026-08-31,2402874,1.89,4453
208766,2026-08-31,369865,1.82,4453
132286,2026-08-31,1021269,1.76,4453
122287,2026-08-31,861882,1.74,4453
132830,2026-08-31,779750,1.71,4453
132482,2026-08-31,1403100,1.68,4453
269404,2026-08-31,412714,1.66,4453
132921,2026-08-31,700000,1.61,4453
100875,2026-08-31,4280196,1.58,4453
100425,2026-08-31,2519730,1.46,4453
324996,2026-08-31,2230016,1.40,4453
126299,2026-08-31,385704,1.35,4453
209063,2026-08-31,1077494,1.31,4453
113519,2026-08-31,790518,1.26,4453
132221,2026-08-31,2817930,1.19,4453
132175,2026-08-31,667955,1.13,4453
284650,2026-08-31,968143,1.12,4453
211385,2026-08-31,440458,1.11,4453
132754,2026-08-31,8147267,1.10,4453
215216,2026-08-31,67776,1.10,4453
132868,2026-08-31,1025036,1.02,4453
132477,2026-08-31,3617159,0.99,4453
251791,2026-08-31,2706727,0.97,4453
113375,2026-08-31,605239,0.97,4453
318188,2026-08-31,440404,0.97,4453
209902,2026-08-31,2160504,0.90,4453
100038,2026-08-31,886045,0.89,4453
132784,2026-08-31,477965,0.87,4453
115030,2026-08-31,607485,0.84,4453
208661,2026-08-31,508440,0.79,4453
126371,2026-08-31,6047613,0.77,4453
115055,2026-08-31,879611,0.77,4453
100049,2026-08-31,1258890,0.75,4453
132331,2026-08-31,138909,0.72,4453
252076,2026-08-31,194555,0.71,4453
106590,2026-08-31,1544435,0.71,4453
123642,2026-08-31,192326,0.66,4453
289554,2026-08-31,356868,0.63,4453
132531,2026-08-31,366350,0.54,4453
124715,2026-08-31,170887,0.49,4453
100470,2026-08-31,1787025,0.48,4453
209867,2026-08-31,1625900,0.46,4453
295966,2026-08-31,2028581,0.46,4453
122205,2026-08-31,919671,0.46,4453
111072,2026-08-31,137280,0.46,4453
100295,2026-08-31,1001302,0.40,4453
287237,2026-08-31,3295750,0.33,4453
304684,2026-08-31,414580,0.30,4453
318571,2026-08-31,1038570,0.29,4453
100180,2026-08-31,5501507,5.79,3437
132174,2026-08-31,2653644,5.72,3437
100325,2026-08-31,2086903,3.95,3437
100209,2026-08-31,2267693,3.81,3437
100510,2026-08-31,519809,3.12,3437
100112,2026-08-31,1956544,3.08,3437
132454,2026-08-31,912806,2.45,3437
100875,2026-08-31,6161517,2.34,3437
111218,2026-08-31,1116609,1.84,3437
132898,2026-08-31,4137723,1.62,3437
100520,2026-08-31,319488,1.56,3437
100182,2026-08-31,179000,1.45,3437
217376,2026-08-31,2280902,1.41,3437
132777,2026-08-31,686018,1.34,3437
324996,2026-08-31,1980354,1.28,3437
107685,2026-08-31,4665165,1.28,3437
132281,2026-08-31,648781,1.26,3437
124804,2026-08-31,463134,1.18,3437
222055,2026-08-31,147035,1.14,3437
100300,2026-08-31,192971,0.97,3437
100400,2026-08-31,1763434,0.91,3437
209587,2026-08-31,1992423,0.90,3437
209967,2026-08-31,1536369,0.89,3437
242461,2026-08-31,1410372,0.86,3437
251940,2026-08-31,650240,0.85,3437
210174,2026-08-31,1594348,0.84,3437
190071,2026-08-31,121533,0.82,3437
100171,2026-08-31,1215144,0.79,3437
124742,2026-08-31,209590,0.78,3437
123367,2026-08-31,513060,0.77,3437
132187,2026-08-31,508708,0.77,3437
224880,2026-08-31,2259973,0.76,3437
280713,2026-08-31,2130997,0.75,3437
132892,2026-08-31,463713,0.72,3437
132331,2026-08-31,133032,0.71,3437
322918,2026-08-31,993888,0.69,3437
210258,2026-08-31,902508,0.69,3437
103100,2026-08-31,238205,0.67,3437
100620,2026-08-31,335416,0.65,3437
100312,2026-08-31,1735000,0.60,3437
132162,2026-08-31,1008116,0.59,3437
100271,2026-08-31,253801,0.59,3437
124404,2026-08-31,1204953,0.57,3437
100469,2026-08-31,1060984,0.56,3437
224849,2026-08-31,442273,0.55,3437
219300,2026-08-31,906312,0.54,3437
131162,2026-08-31,986371,0.53,3437
132234,2026-08-31,919443,0.52,3437
132296,2026-08-31,133149,0.49,3437
132375,2026-08-31,506364,0.48,3437
200082,2026-08-31,1271373,0.40,3437
209127,2026-08-31,252125,0.39,3437
315970,2026-08-31,386987,0.38,3437
100124,2026-08-31,190555,0.33,3437
112070,2026-08-31,387504,0.32,3437
233156,2026-08-31,361969,0.26,3437
132500,2026-08-31,11783,0.24,3437
324997,2026-08-31,1980354,0.11,3437
226019,2026-08-31,357798,0.02,3437
132488,2026-08-31,400000,5.64,2766
100480,2026-08-31,600000,4.56,2766
100530,2026-08-31,54000,4.02,2766
324996,2026-08-31,6000000,3.89,2766
214179,2026-08-31,3000000,3.63,2766
132504,2026-08-31,280000,3.62,2766
124715,2026-08-31,1200000,3.55,2766
304714,2026-08-31,1319872,3.32,2766
100002,2026-08-31,280000,3.18,2766
228049,2026-08-31,2320000,3.08,2766
124804,2026-08-31,1198192,3.06,2766
100550,2026-08-31,500000,3.00,2766
132523,2026-08-31,4500000,2.76,2766
208361,2026-08-31,840000,2.76,2766
117334,2026-08-31,10000000,2.54,2766
106076,2026-08-31,814320,2.45,2766
132500,2026-08-31,120000,2.42,2766
321331,2026-08-31,2733651,2.15,2766
274066,2026-08-31,2548302,2.15,2766
100087,2026-08-31,1000000,2.10,2766
100295,2026-08-31,5000000,2.07,2766
132541,2026-08-31,700000,2.07,2766
119600,2026-08-31,1265995,2.03,2766
105890,2026-08-31,300000,1.96,2766
100825,2026-08-31,250000,1.95,2766
109557,2026-08-31,1600000,1.94,2766
100493,2026-08-31,600000,1.88,2766
221033,2026-08-31,1600000,1.80,2766
100696,2026-08-31,560000,1.64,2766
132630,2026-08-31,1400000,1.63,2766
100150,2026-08-31,169630,1.62,2766
200515,2026-08-31,400000,1.51,2766
297629,2026-08-31,2200000,1.49,2766
131768,2026-08-31,560000,1.47,2766
102355,2026-08-31,425000,1.44,2766
239342,2026-08-31,687500,1.24,2766
132843,2026-08-31,900000,1.22,2766
122113,2026-08-31,240000,1.13,2766
130117,2026-08-31,180000,0.93,2766
213862,2026-08-31,2000000,0.73,2766
100830,2026-08-31,240000,0.68,2766
100790,2026-08-31,300000,0.67,2766
237742,2026-08-31,412380,0.54,2766
100488,2026-08-31,9764,0.38,2766
301912,2026-08-31,300000,0.37,2766
100112,2026-08-31,10367500,16.39,9252
132555,2026-08-31,16943244,8.28,9252
100049,2026-08-31,12885000,7.97,9252
132898,2026-08-31,18085554,7.11,9252
132155,2026-08-31,25590000,6.78,9252
132134,2026-08-31,14350000,5.11,9252
100312,2026-08-31,14655000,5.07,9252
100547,2026-08-31,9700000,4.69,9252
100103,2026-08-31,6500000,4.29,9252
131344,2026-08-31,5200000,3.97,9252
132814,2026-08-31,2827235,3.79,9252
217757,2026-08-31,1775439,3.04,9252
126371,2026-08-31,19900000,2.62,9252
132234,2026-08-31,4550000,2.59,9252
225051,2026-08-31,2538331,2.44,9252
210174,2026-08-31,4150000,2.20,9252
217376,2026-08-31,3420000,2.13,9252
132522,2026-08-31,4100000,1.84,9252
132514,2026-08-31,7100000,1.59,9252
132178,2026-08-31,3917504,1.53,9252
216369,2026-08-31,12969379,1.48,9252
223571,2026-08-31,3565849,1.38,9252
249927,2026-08-31,3503294,1.29,9252
325089,2026-08-31,1167764,0.26,9252
100180,2026-08-31,4809721,5.23,16672
132174,2026-08-31,2142555,4.78,16672
100325,2026-08-31,1896380,3.72,16672
100112,2026-08-31,1885982,3.07,16672
100209,2026-08-31,1755225,3.05,16672
100510,2026-08-31,454456,2.82,16672
124804,2026-08-31,979252,2.58,16672
100875,2026-08-31,6274906,2.46,16672
242461,2026-08-31,3730761,2.34,16672
132454,2026-08-31,783889,2.18,16672
100182,2026-08-31,254923,2.13,16672
132898,2026-08-31,5264807,2.13,16672
132777,2026-08-31,978660,1.97,16672
190071,2026-08-31,268645,1.87,16672
107685,2026-08-31,6417495,1.82,16672
217376,2026-08-31,2646118,1.70,16672
132892,2026-08-31,1041598,1.67,16672
103100,2026-08-31,556860,1.62,16672
100300,2026-08-31,311871,1.61,16672
209967,2026-08-31,2599620,1.55,16672
132466,2026-08-31,79854,1.54,16672
111218,2026-08-31,899590,1.53,16672
210174,2026-08-31,2727425,1.49,16672
100469,2026-08-31,2704799,1.48,16672
132281,2026-08-31,729758,1.47,16672
324996,2026-08-31,2038113,1.36,16672
100520,2026-08-31,259437,1.31,16672
100271,2026-08-31,532978,1.29,16672
222055,2026-08-31,158928,1.28,16672
132331,2026-08-31,228649,1.26,16672
210258,2026-08-31,1568779,1.25,16672
132187,2026-08-31,690084,1.08,16672
124742,2026-08-31,273365,1.06,16672
251940,2026-08-31,768011,1.03,16672
280713,2026-08-31,2840267,1.03,16672
209587,2026-08-31,2195291,1.02,16672
132667,2026-08-31,14000000,1.02,16672
215367,2026-08-31,1338402,1.02,16672
100171,2026-08-31,1515091,1.02,16672
132296,2026-08-31,266746,1.02,16672
224880,2026-08-31,2871340,1.00,16672
132525,2026-08-31,7809589,0.98,16672
123367,2026-08-31,628848,0.98,16672
124404,2026-08-31,1972958,0.97,16672
112070,2026-08-31,1115376,0.96,16672
131162,2026-08-31,1684264,0.94,16672
208766,2026-08-31,180000,0.94,16672
100400,2026-08-31,1761111,0.94,16672
100830,2026-08-31,311728,0.91,16672
132234,2026-08-31,1508222,0.88,16672
100620,2026-08-31,410877,0.82,16672
219300,2026-08-31,1299167,0.80,16672
132522,2026-08-31,1719801,0.79,16672
132162,2026-08-31,1296113,0.79,16672
132523,2026-08-31,1184910,0.75,16672
322918,2026-08-31,972000,0.70,16672
132500,2026-08-31,31898,0.66,16672
100312,2026-08-31,1805000,0.64,16672
126299,2026-08-31,171661,0.64,16672
100124,2026-08-31,348000,0.62,16672
224849,2026-08-31,470210,0.60,16672
132375,2026-08-31,546189,0.54,16672
315970,2026-08-31,513497,0.52,16672
200082,2026-08-31,1420097,0.46,16672
200055,2026-08-31,846000,0.42,16672
220018,2026-08-31,137077,0.39,16672
233156,2026-08-31,384468,0.29,16672
324997,2026-08-31,2038113,0.12,16672
226019,2026-08-31,335193,0.02,16672
200155,2026-08-31,387231,0.00,16672
100520,2026-08-31,2500000,12.92,48475
105200,2026-08-31,450000,5.64,48475
132343,2026-08-31,720000,4.92,48475
214179,2026-08-31,3500000,4.48,48475
117334,2026-08-31,16000000,4.30,48475
132500,2026-08-31,200000,4.27,48475
100493,2026-08-31,1200000,3.98,48475
223409,2026-08-31,1640000,3.81,48475
322918,2026-08-31,5000000,3.71,48475
211740,2026-08-31,935311,3.55,48475
100530,2026-08-31,45000,3.54,48475
294388,2026-08-31,1280000,3.46,48475
214084,2026-08-31,500000,3.16,48475
105714,2026-08-31,1320000,2.99,48475
132539,2026-08-31,1320000,2.65,48475
249675,2026-08-31,500000,2.43,48475
208361,2026-08-31,700000,2.43,48475
284503,2026-08-31,2051497,2.13,48475
321331,2026-08-31,2500000,2.08,48475
124019,2026-08-31,200000,1.91,48475
100403,2026-08-31,1000000,1.90,48475
211595,2026-08-31,5000000,1.83,48475
213597,2026-08-31,1600000,1.80,48475
122113,2026-08-31,350000,1.74,48475
102355,2026-08-31,480000,1.72,48475
215216,2026-08-31,90000,1.59,48475
105790,2026-08-31,240000,1.52,48475
200515,2026-08-31,360000,1.44,48475
215477,2026-08-31,300000,1.36,48475
115030,2026-08-31,800000,1.20,48475
218771,2026-08-31,163551,1.19,48475
305013,2026-08-31,12000000,0.70,48475
311720,2026-08-31,200000,0.41,48475
200132,2026-08-31,20000,0.38,48475
131147,2026-08-31,300000,0.31,48475
100103,2026-08-31,4518139,3.20,3237
211840,2026-08-31,800000,3.10,3237
132187,2026-08-31,1900000,3.10,3237
208883,2026-08-31,1100000,3.03,3237
100271,2026-08-31,1200000,3.03,3237
100469,2026-08-31,5000000,2.86,3237
220350,2026-08-31,5500000,2.83,3237
208766,2026-08-31,500000,2.72,3237
286335,2026-08-31,1500000,2.61,3237
207872,2026-08-31,1020000,2.53,3237
218071,2026-08-31,1500000,2.50,3237
131642,2026-08-31,1900000,2.50,3237
132296,2026-08-31,600000,2.38,3237
209967,2026-08-31,3500000,2.18,3237
100488,2026-08-31,50000,2.07,3237
132539,2026-08-31,1001126,2.05,3237
126299,2026-08-31,501148,1.95,3237
132644,2026-08-31,235773,1.94,3237
295872,2026-08-31,250000,1.88,3237
214179,2026-08-31,1434901,1.87,3237
100493,2026-08-31,550000,1.86,3237
254493,2026-08-31,600000,1.80,3237
210590,2026-08-31,200000,1.79,3237
132814,2026-08-31,1146031,1.65,3237
207901,2026-08-31,300000,1.58,3237
100124,2026-08-31,828125,1.53,3237
237831,2026-08-31,2800000,1.53,3237
220018,2026-08-31,500000,1.50,3237
314935,2026-08-31,885780,1.47,3237
210072,2026-08-31,60600,1.44,3237
215367,2026-08-31,1800000,1.43,3237
322541,2026-08-31,4500000,1.38,3237
200515,2026-08-31,339306,1.38,3237
112070,2026-08-31,1500000,1.35,3237
100182,2026-08-31,150000,1.31,3237
271875,2026-08-31,565833,1.29,3237
103100,2026-08-31,400000,1.22,3237
100530,2026-08-31,14790,1.19,3237
100575,2026-08-31,600000,1.15,3237
132725,2026-08-31,35000,1.13,3237
100477,2026-08-31,4000000,1.13,3237
218756,2026-08-31,1027541,1.12,3237
122275,2026-08-31,150000,1.07,3237
100049,2026-08-31,1600000,1.06,3237
100104,2026-08-31,1800000,1.05,3237
108869,2026-08-31,73727,1.05,3237
278580,2026-08-31,7490400,1.03,3237
132129,2026-08-31,1129707,1.00,3237
132504,2026-08-31,70000,0.97,3237
132286,2026-08-31,500000,0.96,3237
221790,2026-08-31,200000,0.95,3237
112599,2026-08-31,208116,0.95,3237
132889,2026-08-31,479100,0.90,3237
100411,2026-08-31,141737,0.89,3237
251940,2026-08-31,630400,0.89,3237
123642,2026-08-31,200000,0.76,3237
100480,2026-08-31,80000,0.65,3237
123457,2026-08-31,60000,0.61,3237
132827,2026-08-31,10000,0.57,3237
123395,2026-08-31,10514,0.56,3237
223658,2026-08-31,2638838,3.29,477
209147,2026-08-31,1263192,2.96,477
132504,2026-08-31,210525,2.93,477
287237,2026-08-31,21907129,2.43,477
101423,2026-08-31,416964,2.19,477
132497,2026-08-31,302373,2.18,477
294388,2026-08-31,779618,2.15,477
215216,2026-08-31,116981,2.10,477
100101,2026-08-31,2331695,2.08,477
208766,2026-08-31,381000,2.08,477
323093,2026-08-31,6296313,2.08,477
190003,2026-08-31,3654439,2.04,477
217757,2026-08-31,1081130,1.99,477
218763,2026-08-31,625542,1.94,477
209068,2026-08-31,3147305,1.92,477
132482,2026-08-31,1413691,1.88,477
119600,2026-08-31,1060480,1.84,477
209232,2026-08-31,1802177,1.81,477
113097,2026-08-31,1042293,1.79,477
302921,2026-08-31,417102,1.67,477
131213,2026-08-31,2931940,1.60,477
213597,2026-08-31,1332624,1.53,477
289858,2026-08-31,500000,1.52,477
132234,2026-08-31,2401258,1.47,477
100260,2026-08-31,1016257,1.44,477
249675,2026-08-31,285094,1.41,477
222264,2026-08-31,1401965,1.31,477
132259,2026-08-31,44437,1.26,477
210949,2026-08-31,212569,1.22,477
235355,2026-08-31,260885,1.21,477
208099,2026-08-31,393680,1.17,477
132757,2026-08-31,66820,1.17,477
132772,2026-08-31,3238021,1.13,477
132822,2026-08-31,48500000,1.12,477
315904,2026-08-31,14658309,1.11,477
100378,2026-08-31,2140349,1.06,477
100040,2026-08-31,448694,0.98,477
132809,2026-08-31,2291258,0.97,477
274066,2026-08-31,1053684,0.96,477
232793,2026-08-31,185909,0.94,477
222961,2026-08-31,276511,0.93,477
223478,2026-08-31,2523370,0.92,477
296765,2026-08-31,16913,0.92,477
251791,2026-08-31,2278825,0.91,477
113683,2026-08-31,2119730,0.91,477
132843,2026-08-31,600000,0.87,477
308021,2026-08-31,11516491,0.85,477
130549,2026-08-31,554077,0.84,477
293862,2026-08-31,1700000,0.77,477
315602,2026-08-31,115192,0.77,477
211595,2026-08-31,2003612,0.75,477
132644,2026-08-31,90000,0.74,477
289108,2026-08-31,1001000,0.73,477
130019,2026-08-31,500687,0.71,477
132889,2026-08-31,358118,0.68,477
126951,2026-08-31,120000,0.67,477
105283,2026-08-31,580000,0.67,477
100238,2026-08-31,516024,0.67,477
213838,2026-08-31,248271,0.65,477
232592,2026-08-31,1490245,0.65,477
283206,2026-08-31,662654,0.64,477
132630,2026-08-31,502774,0.63,477
277169,2026-08-31,474851,0.62,477
105714,2026-08-31,269855,0.62,477
221645,2026-08-31,500000,0.61,477
100241,2026-08-31,198478,0.61,477
239342,2026-08-31,305039,0.59,477
280713,2026-08-31,1500000,0.57,477
106590,2026-08-31,1099652,0.56,477
209089,2026-08-31,945272,0.55,477
132175,2026-08-31,285073,0.54,477
311742,2026-08-31,148455,0.53,477
132784,2026-08-31,260256,0.52,477
240920,2026-08-31,530926,0.48,477
213499,2026-08-31,1002842,0.43,477
288401,2026-08-31,1446512,0.42,477
100645,2026-08-31,181271,0.41,477
235955,2026-08-31,200000,0.37,477
273557,2026-08-31,1035263,0.33,477
279527,2026-08-31,1231455,0.32,477
243998,2026-08-31,587511,0.20,477
113519,2026-08-31,110353,0.20,477
318571,2026-08-31,600000,0.18,477
132523,2026-08-31,262290,0.17,477
223571,2026-08-31,228235,0.10,477
107205,2026-08-31,69550,0.06,477
252306,2026-08-31,13082461,7.05,409
132454,2026-08-31,1720000,5.12,409
100520,2026-08-31,847014,4.57,409
132343,2026-08-31,537119,3.83,409
132174,2026-08-31,1600000,3.82,409
132500,2026-08-31,152137,3.39,409
100114,2026-08-31,359644,3.02,409
100251,2026-08-31,618522,2.93,409
100875,2026-08-31,6600000,2.77,409
100696,2026-08-31,856710,2.77,409
223595,2026-08-31,381026,2.44,409
132432,2026-08-31,988606,2.42,409
323093,2026-08-31,6766906,2.28,409
233063,2026-08-31,2070143,2.25,409
100800,2026-08-31,1300100,2.22,409
100180,2026-08-31,1782500,2.08,409
100825,2026-08-31,225525,1.95,409
132215,2026-08-31,850000,1.82,409
132424,2026-08-31,1174704,1.74,409
100790,2026-08-31,659456,1.62,409
302988,2026-08-31,2700000,1.55,409
222055,2026-08-31,175000,1.51,409
209550,2026-08-31,2275102,1.50,409
205198,2026-08-31,408600,1.36,409
100820,2026-08-31,307600,1.34,409
132777,2026-08-31,600000,1.29,409
211385,2026-08-31,440056,1.26,409
208361,2026-08-31,345000,1.25,409
317635,2026-08-31,6412972,1.17,409
132478,2026-08-31,540321,1.16,409
208727,2026-08-31,748302,1.13,409
132830,2026-08-31,425360,1.06,409
108869,2026-08-31,71000,1.04,409
100420,2026-08-31,120000,1.00,409
320350,2026-08-31,3635977,1.00,409
293862,2026-08-31,2100000,0.97,409
132497,2026-08-31,130000,0.96,409
100710,2026-08-31,177682,0.92,409
217379,2026-08-31,350000,0.90,409
209232,2026-08-31,876048,0.90,409
103100,2026-08-31,273574,0.85,409
123395,2026-08-31,15544,0.85,409
223478,2026-08-31,2259240,0.84,409
208764,2026-08-31,845682,0.83,409
208045,2026-08-31,3573569,0.81,409
294388,2026-08-31,287717,0.81,409
311742,2026-08-31,216017,0.79,409
100034,2026-08-31,454870,0.79,409
242153,2026-08-31,1100385,0.78,409
322918,2026-08-31,1000000,0.77,409
200054,2026-08-31,1319976,0.75,409
215367,2026-08-31,898247,0.73,409
100575,2026-08-31,370000,0.73,409
100238,2026-08-31,532366,0.70,409
105200,2026-08-31,48193,0.63,409
100096,2026-08-31,977735,0.61,409
320627,2026-08-31,4142356,0.59,409
315602,2026-08-31,77204,0.53,409
211840,2026-08-31,128405,0.51,409
294914,2026-08-31,1170738,0.50,409
100126,2026-08-31,44504,0.42,409
322541,2026-08-31,1259895,0.40,409
321652,2026-08-31,986904,0.34,409
107205,2026-08-31,61600,0.06,409
217689,2026-08-31,82000,0.00,409
100112,2026-08-31,10224700,17.85,43788
132555,2026-08-31,13193146,7.11,43788
100103,2026-08-31,9296301,6.78,43788
132898,2026-08-31,14130936,6.13,43788
100049,2026-08-31,7143269,4.88,43788
132525,2026-08-31,32608248,4.41,43788
132477,2026-08-31,13744930,4.27,43788
132155,2026-08-31,13091556,3.83,43788
217757,2026-08-31,1957141,3.70,43788
100547,2026-08-31,6577349,3.51,43788
217376,2026-08-31,5095472,3.51,43788
126371,2026-08-31,23839816,3.46,43788
132149,2026-08-31,13397283,3.12,43788
100312,2026-08-31,7873282,3.01,43788
219494,2026-08-31,333626,2.64,43788
219300,2026-08-31,3682418,2.44,43788
132134,2026-08-31,5875226,2.31,43788
100104,2026-08-31,3390139,2.04,43788
130965,2026-08-31,7660905,1.76,43788
211385,2026-08-31,607396,1.74,43788
200091,2026-08-31,1932393,1.54,43788
208661,2026-08-31,707043,1.25,43788
132234,2026-08-31,1760695,1.11,43788
132810,2026-08-31,1444466,0.80,43788
132514,2026-08-31,3118215,0.77,43788
223571,2026-08-31,1662508,0.71,43788
100113,2026-08-31,2149336,0.69,43788
100048,2026-08-31,209882,0.67,43788
131344,2026-08-31,584160,0.49,43788
208412,2026-08-31,469586,0.37,43788
249927,2026-08-31,613647,0.25,43788
325089,2026-08-31,204549,0.05,43788
100325,2026-08-31,2366500,5.01,1307
132174,2026-08-31,2073100,5.00,1307
100180,2026-08-31,3500000,4.11,1307
132454,2026-08-31,997925,3.00,1307
132215,2026-08-31,1200000,2.59,1307
100247,2026-08-31,3600000,2.50,1307
132555,2026-08-31,3351500,1.82,1307
124715,2026-08-31,546750,1.80,1307
132500,2026-08-31,78800,1.77,1307
132488,2026-08-31,100000,1.57,1307
100209,2026-08-31,750000,1.41,1307
132540,2026-08-31,350000,1.39,1307
100112,2026-08-31,750000,1.32,1307
222055,2026-08-31,150000,1.30,1307
205198,2026-08-31,363000,1.22,1307
100510,2026-08-31,180075,1.21,1307
100520,2026-08-31,223200,1.21,1307
208361,2026-08-31,300000,1.10,1307
252306,2026-08-31,2012575,1.09,1307
132898,2026-08-31,2260800,0.99,1307
218763,2026-08-31,280000,0.90,1307
100182,2026-08-31,100000,0.90,1307
132281,2026-08-31,400000,0.87,1307
211385,2026-08-31,300000,0.87,1307
117354,2026-08-31,400000,0.83,1307
217379,2026-08-31,300000,0.78,1307
100087,2026-08-31,327500,0.77,1307
217389,2026-08-31,800000,0.72,1307
132210,2026-08-31,1866666,0.71,1307
200132,2026-08-31,35000,0.70,1307
105200,2026-08-31,52717,0.70,1307
108869,2026-08-31,47000,0.69,1307
100312,2026-08-31,1800000,0.69,1307
132424,2026-08-31,450000,0.67,1307
215367,2026-08-31,800000,0.66,1307
209967,2026-08-31,1000000,0.64,1307
100875,2026-08-31,1504000,0.64,1307
100257,2026-08-31,175000,0.63,1307
132432,2026-08-31,232000,0.57,1307
322918,2026-08-31,700000,0.55,1307
100470,2026-08-31,1800000,0.55,1307
100547,2026-08-31,1000000,0.54,1307
132755,2026-08-31,200000,0.54,1307
123301,2026-08-31,75000,0.49,1307
100034,2026-08-31,258750,0.45,1307
221842,2026-08-31,200000,0.45,1307
102355,2026-08-31,110000,0.42,1307
100696,2026-08-31,130000,0.42,1307
100425,2026-08-31,616800,0.41,1307
251791,2026-08-31,1004396,0.41,1307
132286,2026-08-31,200000,0.40,1307
241214,2026-08-31,1500000,0.40,1307
289108,2026-08-31,500000,0.38,1307
235355,2026-08-31,80000,0.38,1307
124494,2026-08-31,111845,0.37,1307
100440,2026-08-31,201600,0.34,1307
126612,2026-08-31,40000,0.33,1307
132509,2026-08-31,349106,0.29,1307
100114,2026-08-31,34300,0.29,1307
100238,2026-08-31,220000,0.29,1307
288401,2026-08-31,900000,0.27,1307
132221,2026-08-31,493049,0.24,1307
217400,2026-08-31,250000,0.24,1307
213838,2026-08-31,85000,0.23,1307
221083,2026-08-31,2500000,0.22,1307
106285,2026-08-31,30000,0.20,1307
132349,2026-08-31,140000,0.20,1307
132756,2026-08-31,300000,0.19,1307
100620,2026-08-31,85967,0.19,1307
132514,2026-08-31,700000,0.17,1307
132523,2026-08-31,215000,0.15,1307
209492,2026-08-31,100000,0.14,1307
251940,2026-08-31,91703,0.13,1307
323597,2026-08-31,130000,0.01,1307
132174,2026-08-31,1639417,3.97,277
286335,2026-08-31,1912989,3.46,277
190059,2026-08-31,764939,2.84,277
132504,2026-08-31,183508,2.65,277
132644,2026-08-31,305712,2.62,277
117334,2026-08-31,9083296,2.58,277
117569,2026-08-31,265028,2.54,277
100271,2026-08-31,873898,2.29,277
132539,2026-08-31,1054921,2.24,277
132830,2026-08-31,845317,2.15,277
132331,2026-08-31,351809,2.11,277
100440,2026-08-31,1201348,2.03,277
132343,2026-08-31,278679,2.02,277
100034,2026-08-31,1115730,1.97,277
132541,2026-08-31,570788,1.89,277
100114,2026-08-31,220306,1.87,277
100049,2026-08-31,2687487,1.86,277
132754,2026-08-31,11822119,1.85,277
252306,2026-08-31,3368595,1.84,277
208883,2026-08-31,626075,1.79,277
100112,2026-08-31,958084,1.69,277
219494,2026-08-31,196756,1.58,277
105790,2026-08-31,231772,1.55,277
132286,2026-08-31,777795,1.55,277
100520,2026-08-31,275646,1.51,277
132889,2026-08-31,753709,1.48,277
211840,2026-08-31,343795,1.39,277
100251,2026-08-31,279165,1.34,277
132843,2026-08-31,843892,1.28,277
278701,2026-08-31,1420574,1.27,277
225154,2026-08-31,98019,1.25,277
214179,2026-08-31,893317,1.21,277
132215,2026-08-31,549873,1.19,277
100002,2026-08-31,93399,1.19,277
323093,2026-08-31,3438882,1.18,277
132630,2026-08-31,849659,1.11,277
200020,2026-08-31,968653,1.06,277
218071,2026-08-31,588941,1.02,277
205198,2026-08-31,302407,1.02,277
235506,2026-08-31,1049000,1.02,277
210590,2026-08-31,107474,1.00,277
108869,2026-08-31,67030,0.99,277
222055,2026-08-31,113057,0.99,277
295966,2026-08-31,3669151,0.96,277
324996,2026-08-31,1310965,0.95,277
100510,2026-08-31,138299,0.93,277
132755,2026-08-31,335625,0.91,277
190003,2026-08-31,1571754,0.91,277
304549,2026-08-31,361461,0.87,277
208099,2026-08-31,275555,0.85,277
235955,2026-08-31,429232,0.83,277
100093,2026-08-31,528475,0.81,277
211595,2026-08-31,2003612,0.78,277
271875,2026-08-31,322179,0.76,277
100800,2026-08-31,432229,0.75,277
254493,2026-08-31,238700,0.75,277
132454,2026-08-31,245230,0.74,277
208433,2026-08-31,197678,0.70,277
235355,2026-08-31,142817,0.69,277
305799,2026-08-31,418093,0.68,277
208461,2026-08-31,769701,0.67,277
215367,2026-08-31,789181,0.65,277
287490,2026-08-31,3944908,0.65,277
132525,2026-08-31,4635450,0.63,277
322918,2026-08-31,804996,0.63,277
215584,2026-08-31,430666,0.61,277
126299,2026-08-31,140429,0.57,277
297629,2026-08-31,695134,0.53,277
209550,2026-08-31,690918,0.46,277
132259,2026-08-31,15390,0.45,277
103100,2026-08-31,142064,0.45,277
132129,2026-08-31,474896,0.44,277
100104,2026-08-31,649367,0.40,277
100295,2026-08-31,827723,0.38,277
293862,2026-08-31,718408,0.34,277
226019,2026-08-31,4671076,0.27,277
283206,2026-08-31,220074,0.22,277
100241,2026-08-31,44818,0.14,277
215324,2026-08-31,150000,0.00,277
228219,2026-08-31,69950,0.00,277
132174,2026-08-31,2531519,6.17,31642
100180,2026-08-31,4828588,5.74,31642
132454,2026-08-31,1228016,3.73,31642
252306,2026-08-31,5605149,3.08,31642
100112,2026-08-31,1578692,2.81,31642
132343,2026-08-31,337186,2.45,31642
100325,2026-08-31,1022178,2.19,31642
100034,2026-08-31,1123294,1.99,31642
132755,2026-08-31,715795,1.95,31642
100114,2026-08-31,225297,1.93,31642
100228,2026-08-31,779402,1.71,31642
132215,2026-08-31,749331,1.63,31642
294388,2026-08-31,549158,1.58,31642
100510,2026-08-31,232425,1.58,31642
208766,2026-08-31,267190,1.52,31642
132644,2026-08-31,173912,1.50,31642
132539,2026-08-31,692368,1.48,31642
286335,2026-08-31,783303,1.43,31642
100440,2026-08-31,786180,1.34,31642
132898,2026-08-31,2937547,1.30,31642
132488,2026-08-31,80742,1.28,31642
209550,2026-08-31,1903717,1.28,31642
100520,2026-08-31,216950,1.19,31642
211840,2026-08-31,291636,1.18,31642
100049,2026-08-31,1695126,1.18,31642
218071,2026-08-31,642697,1.12,31642
190071,2026-08-31,147290,1.12,31642
213838,2026-08-31,407181,1.12,31642
100247,2026-08-31,1582483,1.11,31642
229238,2026-08-31,405481,1.09,31642
132777,2026-08-31,491641,1.08,31642
132504,2026-08-31,74215,1.08,31642
100209,2026-08-31,562394,1.07,31642
210590,2026-08-31,113577,1.07,31642
311742,2026-08-31,275773,1.03,31642
304682,2026-08-31,346626,1.01,31642
100093,2026-08-31,658847,1.01,31642
222055,2026-08-31,113125,0.99,31642
131642,2026-08-31,719545,0.99,31642
317635,2026-08-31,5210580,0.97,31642
221645,2026-08-31,762342,0.97,31642
217379,2026-08-31,362371,0.95,31642
208364,2026-08-31,184066,0.95,31642
273811,2026-08-31,735606,0.94,31642
132725,2026-08-31,27755,0.94,31642
217389,2026-08-31,992462,0.90,31642
100800,2026-08-31,510027,0.89,31642
132540,2026-08-31,216125,0.87,31642
105200,2026-08-31,63778,0.85,31642
100420,2026-08-31,97096,0.82,31642
315904,2026-08-31,10407932,0.82,31642
211740,2026-08-31,202342,0.82,31642
293602,2026-08-31,806307,0.80,31642
215367,2026-08-31,911841,0.76,31642
208883,2026-08-31,261768,0.75,31642
103806,2026-08-31,168692,0.72,31642
100710,2026-08-31,132173,0.70,31642
124558,2026-08-31,17820,0.69,31642
208607,2026-08-31,241453,0.69,31642
122113,2026-08-31,127135,0.67,31642
221790,2026-08-31,123371,0.62,31642
254962,2026-08-31,200904,0.61,31642
223658,2026-08-31,452272,0.59,31642
228974,2026-08-31,279981,0.55,31642
111243,2026-08-31,173574,0.54,31642
228049,2026-08-31,353726,0.53,31642
324034,2026-08-31,5519131,0.53,31642
274066,2026-08-31,544128,0.52,31642
209147,2026-08-31,209949,0.51,31642
132210,2026-08-31,1315964,0.51,31642
215477,2026-08-31,103667,0.50,31642
100067,2026-08-31,193817,0.48,31642
131344,2026-08-31,550000,0.47,31642
122275,2026-08-31,60128,0.45,31642
232793,2026-08-31,81568,0.43,31642
226076,2026-08-31,431317,0.42,31642
132779,2026-08-31,200311,0.41,31642
107815,2026-08-31,32422,0.40,31642
293537,2026-08-31,170954,0.36,31642
100825,2026-08-31,39172,0.34,31642
100480,2026-08-31,35934,0.31,31642
279664,2026-08-31,100880,0.25,31642
100249,2026-08-31,166245,0.23,31642
249675,2026-08-31,28960,0.15,31642
200054,2026-08-31,62380,0.04,31642
124715,2026-08-31,3600000,12.33,2813
132488,2026-08-31,500000,8.17,2813
108869,2026-08-31,320000,4.91,2813
232793,2026-08-31,900000,4.91,2813
100420,2026-08-31,540000,4.72,2813
100087,2026-08-31,1920000,4.67,2813
218071,2026-08-31,2400000,4.31,2813
271867,2026-08-31,1200000,3.96,2813
124804,2026-08-31,1318192,3.90,2813
221033,2026-08-31,2700000,3.52,2813
235355,2026-08-31,600000,2.99,2813
228049,2026-08-31,1880000,2.90,2813
239342,2026-08-31,1360000,2.84,2813
132843,2026-08-31,1800000,2.82,2813
132523,2026-08-31,3750000,2.67,2813
277614,2026-08-31,5000000,2.55,2813
209147,2026-08-31,1000000,2.52,2813
210039,2026-08-31,960000,2.40,2813
304714,2026-08-31,799674,2.33,2813
131768,2026-08-31,640000,1.94,2813
279664,2026-08-31,750000,1.91,2813
132331,2026-08-31,299382,1.86,2813
221645,2026-08-31,1331126,1.73,2813
297629,2026-08-31,2200000,1.73,2813
211840,2026-08-31,400000,1.67,2813
218763,2026-08-31,440000,1.47,2813
210217,2026-08-31,1000000,1.27,2813
209373,2026-08-31,1800000,1.24,2813
321747,2026-08-31,1000000,1.18,2813
274045,2026-08-31,300000,0.73,2813
100488,2026-08-31,7764,0.35,2813
109079,2026-08-31,400000,0.29,2813
100180,2026-08-31,5430850,6.69,1309
100325,2026-08-31,2438500,5.41,1309
132555,2026-08-31,6307500,3.59,1309
100114,2026-08-31,386050,3.42,1309
100510,2026-08-31,437325,3.07,1309
132174,2026-08-31,1202500,3.04,1309
124715,2026-08-31,876550,3.02,1309
100520,2026-08-31,409200,2.33,1309
132500,2026-08-31,94750,2.23,1309
100034,2026-08-31,1155750,2.12,1309
132540,2026-08-31,505150,2.10,1309
132454,2026-08-31,615000,1.94,1309
100247,2026-08-31,2306000,1.68,1309
100112,2026-08-31,900000,1.66,1309
132215,2026-08-31,725625,1.64,1309
208361,2026-08-31,300000,1.15,1309
100182,2026-08-31,111450,1.05,1309
132488,2026-08-31,61300,1.01,1309
100209,2026-08-31,500000,0.98,1309
100696,2026-08-31,273000,0.93,1309
132281,2026-08-31,350000,0.80,1309
222055,2026-08-31,85000,0.77,1309
252306,2026-08-31,1235450,0.70,1309
132921,2026-08-31,245100,0.68,1309
132898,2026-08-31,1461500,0.67,1309
105200,2026-08-31,45000,0.62,1309
211385,2026-08-31,200000,0.60,1309
100271,2026-08-31,200000,0.55,1309
108869,2026-08-31,35250,0.54,1309
100875,2026-08-31,1140000,0.51,1309
208883,2026-08-31,172550,0.51,1309
217389,2026-08-31,515300,0.49,1309
132538,2026-08-31,22300,0.44,1309
100425,2026-08-31,622400,0.43,1309
200132,2026-08-31,20000,0.42,1309
100470,2026-08-31,1300000,0.42,1309
132755,2026-08-31,150000,0.42,1309
100312,2026-08-31,1000000,0.40,1309
132432,2026-08-31,155274,0.40,1309
124494,2026-08-31,111845,0.38,1309
132689,2026-08-31,170000,0.36,1309
205198,2026-08-31,100000,0.35,1309
219300,2026-08-31,500000,0.35,1309
235355,2026-08-31,70000,0.35,1309
208264,2026-08-31,1200000,0.35,1309
241214,2026-08-31,1200000,0.33,1309
200020,2026-08-31,276851,0.32,1309
100087,2026-08-31,130750,0.32,1309
251791,2026-08-31,700000,0.30,1309
122287,2026-08-31,124128,0.30,1309
132162,2026-08-31,390110,0.27,1309
132509,2026-08-31,297401,0.26,1309
100104,2026-08-31,400000,0.25,1309
217400,2026-08-31,250000,0.25,1309
100440,2026-08-31,135800,0.24,1309
106285,2026-08-31,30000,0.21,1309
132756,2026-08-31,300000,0.20,1309
100940,2026-08-31,600000,0.16,1309
251940,2026-08-31,94148,0.14,1309
100168,2026-08-31,100000,0.13,1309
249927,2026-08-31,300000,0.13,1309
117385,2026-08-31,101006,0.10,1309
325089,2026-08-31,100000,0.03,1309
132155,2026-08-31,106500,0.03,1309
100825,2026-08-31,2625,0.02,1309
132523,2026-08-31,10000,0.01,1309
323597,2026-08-31,123000,0.01,1309
100800,2026-08-31,4950,0.01,1309
100257,2026-08-31,1275,0.00,1309
252306,2026-08-31,14500000,8.66,48899
304682,2026-08-31,2017397,6.41,48899
132488,2026-08-31,300000,5.17,48899
294388,2026-08-31,1649596,5.16,48899
302988,2026-08-31,8000000,5.09,48899
100034,2026-08-31,2500000,4.81,48899
323093,2026-08-31,11908085,4.45,48899
293602,2026-08-31,4000000,4.32,48899
124715,2026-08-31,1000000,3.61,48899
320350,2026-08-31,11476441,3.49,48899
132809,2026-08-31,7000000,3.37,48899
274066,2026-08-31,2928263,3.03,48899
132541,2026-08-31,800000,2.89,48899
132777,2026-08-31,1200000,2.87,48899
293862,2026-08-31,5000000,2.57,48899
249675,2026-08-31,454199,2.55,48899
208883,2026-08-31,812515,2.54,48899
205198,2026-08-31,650000,2.39,48899
284232,2026-08-31,2650593,1.96,48899
100520,2026-08-31,300000,1.79,48899
210284,2026-08-31,1500000,1.67,48899
254493,2026-08-31,476698,1.63,48899
132129,2026-08-31,1502464,1.52,48899
229852,2026-08-31,5000000,1.49,48899
214179,2026-08-31,1000000,1.48,48899
106076,2026-08-31,400000,1.47,48899
100411,2026-08-31,200000,1.42,48899
294914,2026-08-31,3029115,1.42,48899
322366,2026-08-31,6321778,1.34,48899
224880,2026-08-31,2270794,0.94,48899
323819,2026-08-31,3608220,0.91,48899
322541,2026-08-31,2366360,0.83,48899
232793,2026-08-31,140000,0.81,48899
233063,2026-08-31,621896,0.75,48899
117174,2026-08-31,7614,0.49,48899
273198,2026-08-31,500000,0.46,48899
221194,2026-08-31,183866,0.43,48899
240920,2026-08-31,32699,0.03,48899
100247,2026-08-31,8738000,6.68,32901
100180,2026-08-31,4431850,5.73,32901
100325,2026-08-31,2297000,5.35,32901
132174,2026-08-31,1882300,4.99,32901
132454,2026-08-31,1101725,3.64,32901
217376,2026-08-31,3141000,2.39,32901
132538,2026-08-31,100000,2.09,32901
124804,2026-08-31,630000,1.97,32901
100520,2026-08-31,322800,1.93,32901
105200,2026-08-31,133000,1.93,32901
100440,2026-08-31,928200,1.72,32901
132215,2026-08-31,717500,1.70,32901
132134,2026-08-31,3846375,1.67,32901
221033,2026-08-31,1130000,1.56,32901
132234,2026-08-31,2231250,1.55,32901
108869,2026-08-31,92875,1.51,32901
217389,2026-08-31,1444300,1.43,32901
100112,2026-08-31,676500,1.31,32901
100209,2026-08-31,624000,1.29,32901
132286,2026-08-31,584375,1.27,32901
132868,2026-08-31,896800,1.13,32901
289554,2026-08-31,403200,0.89,32901
100228,2026-08-31,338175,0.81,32901
242461,2026-08-31,1016800,0.76,32901
100103,2026-08-31,889875,0.72,32901
219494,2026-08-31,73050,0.64,32901
100820,2026-08-31,127750,0.62,32901
132500,2026-08-31,22300,0.55,32901
132754,2026-08-31,3124800,0.53,32901
100312,2026-08-31,1260000,0.53,32901
209967,2026-08-31,739500,0.52,32901
100830,2026-08-31,133850,0.46,32901
100400,2026-08-31,723550,0.46,32901
132424,2026-08-31,275000,0.45,32901
100470,2026-08-31,1243000,0.42,32901
132488,2026-08-31,21500,0.37,32901
100113,2026-08-31,968200,0.34,32901
209068,2026-08-31,473075,0.33,32901
100368,2026-08-31,510625,0.32,32901
132461,2026-08-31,1288000,0.27,32901
117334,2026-08-31,850000,0.26,32901
111218,2026-08-31,130350,0.26,32901
200055,2026-08-31,415800,0.25,32901
100425,2026-08-31,331200,0.24,32901
100696,2026-08-31,61800,0.22,32901
124715,2026-08-31,58450,0.21,32901
100387,2026-08-31,4846,0.20,32901
132921,2026-08-31,69825,0.20,32901
208883,2026-08-31,63800,0.20,32901
132321,2026-08-31,92700,0.20,32901
211385,2026-08-31,60000,0.19,32901
132187,2026-08-31,100100,0.19,32901
112599,2026-08-31,28737,0.15,32901
132810,2026-08-31,228800,0.14,32901
126371,2026-08-31,796500,0.13,32901
215367,2026-08-31,124747,0.11,32901
132555,2026-08-31,181500,0.11,32901
100530,2026-08-31,1100,0.10,32901
100271,2026-08-31,28800,0.08,32901
100510,2026-08-31,11200,0.08,32901
132432,2026-08-31,29600,0.08,32901
100850,2026-08-31,58000,0.08,32901
100096,2026-08-31,108750,0.08,32901
252306,2026-08-31,116400,0.07,32901
208280,2026-08-31,13800,0.07,32901
279527,2026-08-31,172800,0.05,32901
100093,2026-08-31,22100,0.04,32901
100188,2026-08-31,28175,0.03,32901
131642,2026-08-31,19200,0.03,32901
229365,2026-08-31,56400,0.02,32901
130965,2026-08-31,97500,0.02,32901
100300,2026-08-31,2750,0.02,32901
100253,2026-08-31,17000,0.02,32901
100104,2026-08-31,22275,0.01,32901
111243,2026-08-31,3750,0.01,32901
254493,2026-08-31,2800,0.01,32901
100331,2026-08-31,3000,0.01,32901
112070,2026-08-31,8130,0.01,32901
132296,2026-08-31,1500,0.01,32901
100547,2026-08-31,1975,0.00,32901
208766,2026-08-31,925300,5.75,37922
124558,2026-08-31,103403,4.35,37922
132488,2026-08-31,214500,3.71,37922
100378,2026-08-31,6142606,3.48,37922
100655,2026-08-31,222766,2.91,37922
200091,2026-08-31,2905463,2.57,37922
132757,2026-08-31,125909,2.51,37922
100101,2026-08-31,2355680,2.39,37922
117146,2026-08-31,2247450,2.05,37922
132822,2026-08-31,73950000,1.94,37922
100405,2026-08-31,1444542,1.93,37922
294388,2026-08-31,602427,1.89,37922
112599,2026-08-31,349338,1.83,37922
132541,2026-08-31,480000,1.74,37922
228049,2026-08-31,997576,1.63,37922
287237,2026-08-31,12591862,1.59,37922
218771,2026-08-31,188717,1.59,37922
214179,2026-08-31,1052418,1.56,37922
190003,2026-08-31,2434372,1.55,37922
200515,2026-08-31,330700,1.53,37922
100730,2026-08-31,4826302,1.51,37922
115030,2026-08-31,800540,1.39,37922
132296,2026-08-31,289522,1.31,37922
132772,2026-08-31,3290337,1.31,37922
210072,2026-08-31,48000,1.30,37922
132698,2026-08-31,1118734,1.28,37922
271875,2026-08-31,468635,1.21,37922
132331,2026-08-31,179155,1.18,37922
100260,2026-08-31,700743,1.13,37922
315904,2026-08-31,13019264,1.12,37922
100660,2026-08-31,200425,1.12,37922
131595,2026-08-31,2254000,1.06,37922
250958,2026-08-31,713082,1.04,37922
100241,2026-08-31,295602,1.03,37922
131213,2026-08-31,1650000,1.03,37922
107205,2026-08-31,999440,1.03,37922
218761,2026-08-31,774432,1.00,37922
114167,2026-08-31,529464,0.99,37922
311742,2026-08-31,241421,0.99,37922
232793,2026-08-31,167388,0.97,37922
223397,2026-08-31,597706,0.93,37922
132630,2026-08-31,617971,0.88,37922
271867,2026-08-31,251464,0.88,37922
122275,2026-08-31,108105,0.88,37922
218067,2026-08-31,1222609,0.88,37922
132144,2026-08-31,200000,0.87,37922
289554,2026-08-31,380000,0.84,37922
208801,2026-08-31,5280000,0.83,37922
120111,2026-08-31,170431,0.83,37922
200115,2026-08-31,551112,0.82,37922
200132,2026-08-31,34681,0.77,37922
100067,2026-08-31,284696,0.76,37922
105714,2026-08-31,286901,0.75,37922
100040,2026-08-31,303842,0.75,37922
100250,2026-08-31,242631,0.75,37922
279527,2026-08-31,2500000,0.75,37922
124208,2026-08-31,776897,0.75,37922
122101,2026-08-31,950000,0.74,37922
314700,2026-08-31,682066,0.73,37922
226720,2026-08-31,600000,0.66,37922
293665,2026-08-31,790870,0.65,37922
132733,2026-08-31,680320,0.58,37922
100233,2026-08-31,242975,0.55,37922
100150,2026-08-31,44098,0.52,37922
200047,2026-08-31,307432,0.52,37922
317113,2026-08-31,947805,0.51,37922
132525,2026-08-31,3286151,0.49,37922
209370,2026-08-31,253050,0.46,37922
221645,2026-08-31,328601,0.45,37922
104973,2026-08-31,160924,0.44,37922
132796,2026-08-31,114916,0.44,37922
100043,2026-08-31,350000,0.44,37922
223478,2026-08-31,1043015,0.43,37922
277585,2026-08-31,1199193,0.37,37922
208461,2026-08-31,377294,0.36,37922
132504,2026-08-31,21185,0.34,37922
221267,2026-08-31,975941,0.28,37922
100187,2026-08-31,174686,0.25,37922
120051,2026-08-31,1002366,0.22,37922
100252,2026-08-31,2955,0.10,37922
221842,2026-08-31,36601,0.09,37922
132504,2026-08-31,158541,2.52,44511
190003,2026-08-31,3881134,2.48,44511
232793,2026-08-31,401249,2.33,44511
287237,2026-08-31,17393914,2.21,44511
223658,2026-08-31,1306924,1.86,44511
132210,2026-08-31,4370314,1.84,44511
221033,2026-08-31,1281514,1.78,44511
124404,2026-08-31,2972150,1.75,44511
229238,2026-08-31,575970,1.69,44511
124742,2026-08-31,360882,1.67,44511
217757,2026-08-31,750230,1.58,44511
208433,2026-08-31,383164,1.50,44511
242461,2026-08-31,1993980,1.50,44511
305799,2026-08-31,824570,1.47,44511
100620,2026-08-31,608189,1.45,44511
301578,2026-08-31,1171620,1.45,44511
302427,2026-08-31,501085,1.40,44511
132757,2026-08-31,69293,1.39,44511
200017,2026-08-31,367716,1.33,44511
100233,2026-08-31,575548,1.32,44511
222255,2026-08-31,550124,1.31,44511
215690,2026-08-31,391046,1.29,44511
132375,2026-08-31,1086010,1.28,44511
132892,2026-08-31,665958,1.27,44511
132497,2026-08-31,149269,1.23,44511
200020,2026-08-31,980806,1.18,44511
237191,2026-08-31,726957,1.13,44511
122205,2026-08-31,1791028,1.13,44511
215216,2026-08-31,53140,1.09,44511
117168,2026-08-31,825138,1.09,44511
132667,2026-08-31,12435298,1.08,44511
106076,2026-08-31,290414,1.08,44511
235506,2026-08-31,1000808,1.07,44511
323819,2026-08-31,4179507,1.07,44511
122113,2026-08-31,182195,1.05,44511
220869,2026-08-31,581312,1.05,44511
105355,2026-08-31,533787,1.02,44511
132466,2026-08-31,44253,1.02,44511
120111,2026-08-31,202648,0.99,44511
209147,2026-08-31,360994,0.97,44511
207950,2026-08-31,374984,0.97,44511
269404,2026-08-31,186755,0.95,44511
132777,2026-08-31,389837,0.94,44511
217842,2026-08-31,816491,0.92,44511
288451,2026-08-31,93777,0.91,44511
124372,2026-08-31,509966,0.91,44511
218763,2026-08-31,254241,0.90,44511
213672,2026-08-31,928342,0.90,44511
100483,2026-08-31,282651,0.89,44511
228974,2026-08-31,412833,0.89,44511
304682,2026-08-31,266679,0.85,44511
267615,2026-08-31,368692,0.85,44511
132809,2026-08-31,1741843,0.85,44511
208727,2026-08-31,501208,0.85,44511
318597,2026-08-31,1133961,0.80,44511
307329,2026-08-31,754872,0.80,44511
317635,2026-08-31,3865843,0.79,44511
224880,2026-08-31,1858131,0.77,44511
132443,2026-08-31,71670,0.75,44511
132234,2026-08-31,1076449,0.75,44511
113519,2026-08-31,365333,0.74,44511
119552,2026-08-31,1099772,0.73,44511
113375,2026-08-31,347349,0.71,44511
100710,2026-08-31,120845,0.70,44511
132732,2026-08-31,733266,0.68,44511
294320,2026-08-31,617232,0.66,44511
210036,2026-08-31,436840,0.63,44511
117569,2026-08-31,59152,0.62,44511
214179,2026-08-31,417367,0.62,44511
100067,2026-08-31,230206,0.62,44511
200515,2026-08-31,127064,0.59,44511
287433,2026-08-31,788743,0.58,44511
221194,2026-08-31,244957,0.58,44511
221645,2026-08-31,388445,0.54,44511
210284,2026-08-31,479532,0.54,44511
301912,2026-08-31,356238,0.54,44511
233156,2026-08-31,597345,0.53,44511
100680,2026-08-31,61181,0.53,44511
313296,2026-08-31,1104965,0.53,44511
121016,2026-08-31,593399,0.51,44511
289108,2026-08-31,609859,0.51,44511
132541,2026-08-31,138775,0.51,44511
228049,2026-08-31,304862,0.50,44511
208766,2026-08-31,80022,0.50,44511
316917,2026-08-31,1084239,0.49,44511
105714,2026-08-31,181992,0.48,44511
132644,2026-08-31,49407,0.47,44511
221842,2026-08-31,175517,0.44,44511
232353,2026-08-31,626684,0.43,44511
305013,2026-08-31,6066410,0.41,44511
277614,2026-08-31,733345,0.40,44511
200094,2026-08-31,1094366,0.38,44511
218771,2026-08-31,42835,0.36,44511
251940,2026-08-31,218771,0.35,44511
209232,2026-08-31,301024,0.35,44511
100101,2026-08-31,309952,0.32,44511
215584,2026-08-31,201952,0.32,44511
100403,2026-08-31,132932,0.29,44511
109480,2026-08-31,310994,0.28,44511
282626,2026-08-31,281146,0.25,44511
274038,2026-08-31,205342,0.25,44511
221554,2026-08-31,1209311,0.24,44511
207872,2026-08-31,80000,0.23,44511
222961,2026-08-31,55602,0.21,44511
290269,2026-08-31,64688,0.21,44511
303157,2026-08-31,104466,0.18,44511
207959,2026-08-31,101335,0.17,44511
215477,2026-08-31,29596,0.16,44511
208763,2026-08-31,1,0.00,44511
100469,2026-08-31,5455580,3.60,38444
132187,2026-08-31,1791446,3.37,38444
132541,2026-08-31,765870,2.81,38444
242461,2026-08-31,3713433,2.81,38444
220350,2026-08-31,4695649,2.79,38444
132296,2026-08-31,564268,2.59,38444
117569,2026-08-31,241527,2.56,38444
209078,2026-08-31,1164475,2.53,38444
254493,2026-08-31,726331,2.52,38444
278580,2026-08-31,13425000,2.13,38444
228049,2026-08-31,1272301,2.10,38444
132843,2026-08-31,1248070,2.09,38444
100271,2026-08-31,706061,2.05,38444
132683,2026-08-31,258938,2.04,38444
132539,2026-08-31,861177,2.03,38444
219691,2026-08-31,717200,2.00,38444
132525,2026-08-31,13180000,2.00,38444
132497,2026-08-31,232254,1.93,38444
190059,2026-08-31,468127,1.93,38444
208461,2026-08-31,1976026,1.90,38444
131642,2026-08-31,1250961,1.90,38444
269404,2026-08-31,357836,1.84,38444
122275,2026-08-31,213690,1.76,38444
211595,2026-08-31,4063806,1.75,38444
132644,2026-08-31,183275,1.74,38444
132523,2026-08-31,2245912,1.71,38444
132830,2026-08-31,606326,1.71,38444
126299,2026-08-31,376832,1.69,38444
237831,2026-08-31,2664463,1.68,38444
190003,2026-08-31,2544682,1.64,38444
103806,2026-08-31,343769,1.63,38444
100067,2026-08-31,585408,1.59,38444
228974,2026-08-31,707771,1.54,38444
100510,2026-08-31,197611,1.48,38444
132725,2026-08-31,39577,1.47,38444
111218,2026-08-31,705546,1.45,38444
208238,2026-08-31,377000,1.40,38444
213597,2026-08-31,1061707,1.40,38444
273033,2026-08-31,10017402,1.37,38444
226076,2026-08-31,1269989,1.36,38444
100878,2026-08-31,214499,1.36,38444
126371,2026-08-31,8120929,1.32,38444
221033,2026-08-31,867317,1.21,38444
209550,2026-08-31,1604721,1.19,38444
207872,2026-08-31,415000,1.19,38444
105700,2026-08-31,1390808,1.06,38444
105790,2026-08-31,134253,1.00,38444
225051,2026-08-31,832000,0.99,38444
131344,2026-08-31,1046557,0.99,38444
132714,2026-08-31,1250000,0.96,38444
100241,2026-08-31,266691,0.94,38444
100233,2026-08-31,383983,0.88,38444
208196,2026-08-31,182872,0.87,38444
318678,2026-08-31,2874232,0.85,38444
208607,2026-08-31,257489,0.81,38444
293380,2026-08-31,234750,0.81,38444
113375,2026-08-31,322138,0.66,38444
324996,2026-08-31,570000,0.46,38444
111072,2026-08-31,63274,0.27,38444
132174,2026-08-31,3390000,9.20,2752
100180,2026-08-31,5389800,7.13,2752
100510,2026-08-31,555709,4.20,2752
100034,2026-08-31,2100000,4.14,2752
100247,2026-08-31,5165000,4.04,2752
100112,2026-08-31,2000000,3.96,2752
132500,2026-08-31,154000,3.90,2752
132755,2026-08-31,1055000,3.21,2752
132343,2026-08-31,389000,3.15,2752
100228,2026-08-31,1230000,3.00,2752
100820,2026-08-31,600000,2.97,2752
132538,2026-08-31,127000,2.72,2752
132488,2026-08-31,130000,2.30,2752
216156,2026-08-31,270000,2.29,2752
100331,2026-08-31,698725,2.20,2752
100550,2026-08-31,292000,2.20,2752
208361,2026-08-31,510334,2.10,2752
233063,2026-08-31,1679000,2.08,2752
100002,2026-08-31,145000,2.07,2752
207950,2026-08-31,770000,2.02,2752
226611,2026-08-31,7984138,1.88,2752
214179,2026-08-31,1140000,1.73,2752
100850,2026-08-31,1204792,1.66,2752
122113,2026-08-31,276000,1.62,2752
302988,2026-08-31,2457530,1.60,2752
220018,2026-08-31,432000,1.51,2752
105790,2026-08-31,185000,1.39,2752
100411,2026-08-31,184435,1.34,2752
100825,2026-08-31,135000,1.32,2752
210258,2026-08-31,1350000,1.30,2752
208238,2026-08-31,345000,1.30,2752
211840,2026-08-31,250000,1.13,2752
117174,2026-08-31,17000,1.13,2752
200020,2026-08-31,913890,1.12,2752
132541,2026-08-31,300000,1.11,2752
268618,2026-08-31,165000,1.11,2752
215367,2026-08-31,1136255,1.05,2752
321331,2026-08-31,1050000,1.04,2752
109480,2026-08-31,1100000,1.02,2752
132827,2026-08-31,15000,1.00,2752
132523,2026-08-31,1300000,1.00,2752
213429,2026-08-31,5000000,0.99,2752
100575,2026-08-31,420000,0.94,2752
100233,2026-08-31,109133,0.25,2752
100830,2026-08-31,65666,0.23,2752
217808,2026-08-31,27000,0.00,2752
218036,2026-08-31,80000,0.00,2752
132174,2026-08-31,1393062,3.83,6075
100112,2026-08-31,1493384,2.99,6075
100180,2026-08-31,2112000,2.83,6075
208883,2026-08-31,857776,2.78,6075
100510,2026-08-31,357357,2.73,6075
111218,2026-08-31,1233283,2.59,6075
100325,2026-08-31,1015000,2.45,6075
100520,2026-08-31,378586,2.35,6075
132454,2026-08-31,638700,2.19,6075
100163,2026-08-31,547986,2.18,6075
132488,2026-08-31,114676,2.05,6075
117334,2026-08-31,6031647,1.95,6075
108869,2026-08-31,111828,1.88,6075
100209,2026-08-31,864796,1.85,6075
132755,2026-08-31,598852,1.84,6075
100655,2026-08-31,135227,1.82,6075
229852,2026-08-31,5755527,1.78,6075
132805,2026-08-31,2500000,1.69,6075
132540,2026-08-31,370000,1.68,6075
100103,2026-08-31,2000000,1.67,6075
214179,2026-08-31,1043000,1.60,6075
100101,2026-08-31,1493236,1.57,6075
278580,2026-08-31,8832996,1.44,6075
322918,2026-08-31,1604160,1.43,6075
252306,2026-08-31,2201910,1.37,6075
208607,2026-08-31,419254,1.35,6075
287237,2026-08-31,10000000,1.31,6075
217400,2026-08-31,1212995,1.30,6075
112599,2026-08-31,239372,1.29,6075
132500,2026-08-31,50000,1.28,6075
124715,2026-08-31,335000,1.26,6075
132541,2026-08-31,332342,1.25,6075
222055,2026-08-31,125165,1.24,6075
100034,2026-08-31,613204,1.23,6075
322541,2026-08-31,3290970,1.19,6075
208766,2026-08-31,185520,1.19,6075
132504,2026-08-31,71324,1.17,6075
229820,2026-08-31,485872,1.12,6075
228974,2026-08-31,500078,1.11,6075
100530,2026-08-31,11064,1.05,6075
132555,2026-08-31,1684299,1.04,6075
132215,2026-08-31,420000,1.03,6075
323260,2026-08-31,2111840,1.03,6075
100251,2026-08-31,184500,1.00,6075
324034,2026-08-31,9210885,0.99,6075
273033,2026-08-31,6893284,0.96,6075
100182,2026-08-31,92329,0.95,6075
217376,2026-08-31,1200000,0.95,6075
308764,2026-08-31,1040772,0.95,6075
132921,2026-08-31,282554,0.85,6075
100086,2026-08-31,980035,0.82,6075
279527,2026-08-31,2500000,0.77,6075
100820,2026-08-31,150000,0.75,6075
122163,2026-08-31,1119212,0.73,6075
213046,2026-08-31,1184994,0.72,6075
225154,2026-08-31,50019,0.72,6075
100570,2026-08-31,1220000,0.71,6075
105200,2026-08-31,45000,0.68,6075
131213,2026-08-31,1017711,0.65,6075
275316,2026-08-31,106662,0.60,6075
296214,2026-08-31,3127895,0.58,6075
123398,2026-08-31,173949,0.57,6075
318188,2026-08-31,196040,0.56,6075
241159,2026-08-31,117193,0.49,6075
124208,2026-08-31,481334,0.48,6075
223586,2026-08-31,436330,0.48,6075
106395,2026-08-31,127649,0.46,6075
132461,2026-08-31,2127520,0.46,6075
301912,2026-08-31,290723,0.45,6075
296367,2026-08-31,5608827,0.44,6075
132835,2026-08-31,45539,0.42,6075
122275,2026-08-31,47681,0.40,6075
200115,2026-08-31,250273,0.39,6075
322252,2026-08-31,1132042,0.36,6075
215584,2026-08-31,220402,0.35,6075
132432,2026-08-31,125000,0.35,6075
297629,2026-08-31,400000,0.34,6075
117168,2026-08-31,249803,0.34,6075
101423,2026-08-31,52244,0.32,6075
105700,2026-08-31,406168,0.32,6075
310018,2026-08-31,31890,0.31,6075
130135,2026-08-31,281358,0.31,6075
211595,2026-08-31,681818,0.30,6075
130005,2026-08-31,368391,0.26,6075
233561,2026-08-31,186490,0.15,6075
252306,2026-08-31,4382500,2.82,3662
132174,2026-08-31,928000,2.64,3662
100034,2026-08-31,1205000,2.49,3662
100180,2026-08-31,1410000,1.96,3662
100114,2026-08-31,185000,1.85,3662
132541,2026-08-31,456000,1.77,3662
210072,2026-08-31,56000,1.63,3662
132777,2026-08-31,625000,1.61,3662
210590,2026-08-31,135000,1.48,3662
100247,2026-08-31,1730000,1.42,3662
132454,2026-08-31,400000,1.42,3662
223595,2026-08-31,154000,1.18,3662
100520,2026-08-31,173500,1.11,3662
216156,2026-08-31,116000,1.03,3662
105200,2026-08-31,64000,1.00,3662
100251,2026-08-31,172000,0.97,3662
132500,2026-08-31,35750,0.95,3662
218763,2026-08-31,244190,0.92,3662
132331,2026-08-31,125000,0.88,3662
211337,2026-08-31,44000,0.81,3662
132488,2026-08-31,40000,0.74,3662
132830,2026-08-31,232000,0.69,3662
100420,2026-08-31,61000,0.61,3662
100331,2026-08-31,175000,0.58,3662
106076,2026-08-31,126218,0.50,3662
100790,2026-08-31,164000,0.48,3662
235355,2026-08-31,82000,0.46,3662
131768,2026-08-31,131000,0.45,3662
131642,2026-08-31,278000,0.45,3662
124494,2026-08-31,115000,0.44,3662
286335,2026-08-31,190000,0.40,3662
117354,2026-08-31,165876,0.40,3662
109480,2026-08-31,380000,0.37,3662
123642,2026-08-31,70709,0.33,3662
123395,2026-08-31,4607,0.30,3662
215367,2026-08-31,297000,0.29,3662
267615,2026-08-31,114000,0.28,3662
100820,2026-08-31,52000,0.27,3662
100387,2026-08-31,4600,0.21,3662
290269,2026-08-31,53041,0.18,3662
222255,2026-08-31,65344,0.17,3662
132827,2026-08-31,1980,0.14,3662
233156,2026-08-31,136000,0.13,3662
211969,2026-08-31,100000,0.13,3662
105790,2026-08-31,9059,0.07,3662
130949,2026-08-31,340991,0.00,3662
100451,2026-08-31,425000,0.00,3662
217781,2026-08-31,320000,0.00,3662
217803,2026-08-31,37,0.00,3662
217783,2026-08-31,922500,0.00,3662
124406,2026-08-31,100000,0.00,3662
217800,2026-08-31,1900,0.00,3662
102076,2026-08-31,100000,0.00,3662
114160,2026-08-31,398900,0.00,3662
217779,2026-08-31,685,0.00,3662
217786,2026-08-31,100000,0.00,3662
130031,2026-08-31,200000,0.00,3662
213350,2026-08-31,1051111,0.00,3662
217789,2026-08-31,4288500,0.00,3662
124067,2026-08-31,600000,0.00,3662
100325,2026-08-31,4350000,11.55,2743
132454,2026-08-31,1600000,6.03,2743
100510,2026-08-31,600000,5.05,2743
100387,2026-08-31,100000,4.82,2743
100550,2026-08-31,500000,4.19,2743
132921,2026-08-31,1200000,3.97,2743
100103,2026-08-31,4000000,3.68,2743
112599,2026-08-31,550000,3.27,2743
132779,2026-08-31,1200000,3.03,2743
106076,2026-08-31,700000,2.94,2743
132538,2026-08-31,120000,2.86,2743
208977,2026-08-31,2500000,2.70,2743
100312,2026-08-31,5000000,2.41,2743
271875,2026-08-31,800000,2.36,2743
100228,2026-08-31,800000,2.17,2743
132868,2026-08-31,1500000,2.15,2743
132725,2026-08-31,50000,2.09,2743
208461,2026-08-31,1904762,2.06,2743
219494,2026-08-31,202500,2.02,2743
209967,2026-08-31,2500000,2.02,2743
113519,2026-08-31,800000,1.84,2743
219300,2026-08-31,2100000,1.75,2743
295966,2026-08-31,5000000,1.63,2743
113375,2026-08-31,673021,1.55,2743
132811,2026-08-31,1200000,1.54,2743
132155,2026-08-31,4000000,1.48,2743
222263,2026-08-31,2500000,1.44,2743
132810,2026-08-31,2000000,1.40,2743
321317,2026-08-31,2517207,1.39,2743
226611,2026-08-31,5000000,1.31,2743
122074,2026-08-31,1000000,1.30,2743
313354,2026-08-31,1022512,1.22,2743
207778,2026-08-31,4273550,1.07,2743
132843,2026-08-31,542500,1.02,2743
130005,2026-08-31,1250000,0.96,2743
251940,2026-08-31,500000,0.91,2743
100150,2026-08-31,67852,0.91,2743
226076,2026-08-31,706552,0.85,2743
237742,2026-08-31,400000,0.73,2743
200094,2026-08-31,1500000,0.59,2743
132313,2026-08-31,715703,0.54,2743
132454,2026-08-31,1426428,5.44,31025
132174,2026-08-31,1639000,5.02,31025
100180,2026-08-31,3210000,4.79,31025
100112,2026-08-31,2040000,4.56,31025
100325,2026-08-31,1350000,3.63,31025
117334,2026-08-31,9000000,3.24,31025
254493,2026-08-31,814850,3.22,31025
100510,2026-08-31,352147,3.00,31025
284650,2026-08-31,1682941,2.85,31025
132892,2026-08-31,1231123,2.70,31025
100480,2026-08-31,230000,2.47,31025
132555,2026-08-31,3451000,2.38,31025
218771,2026-08-31,220000,2.14,31025
132210,2026-08-31,4400000,2.12,31025
124715,2026-08-31,475000,1.99,31025
100209,2026-08-31,816081,1.95,31025
208766,2026-08-31,268419,1.92,31025
117569,2026-08-31,144998,1.75,31025
100034,2026-08-31,780000,1.74,31025
132538,2026-08-31,70000,1.69,31025
274045,2026-08-31,536933,1.60,31025
100440,2026-08-31,742864,1.59,31025
132497,2026-08-31,165677,1.57,31025
215690,2026-08-31,391273,1.48,31025
109488,2026-08-31,1000000,1.48,31025
252306,2026-08-31,2040000,1.41,31025
225154,2026-08-31,84491,1.36,31025
122163,2026-08-31,1806168,1.32,31025
115055,2026-08-31,1013513,1.29,31025
132187,2026-08-31,557000,1.19,31025
132281,2026-08-31,425000,1.17,31025
100049,2026-08-31,1330000,1.16,31025
208364,2026-08-31,175675,1.13,31025
218763,2026-08-31,278127,1.13,31025
100469,2026-08-31,1497363,1.13,31025
210217,2026-08-31,721648,1.11,31025
211385,2026-08-31,300000,1.10,31025
105283,2026-08-31,686028,1.03,31025
219300,2026-08-31,1210000,1.02,31025
122275,2026-08-31,109100,1.02,31025
200020,2026-08-31,701333,0.97,31025
322541,2026-08-31,2325050,0.94,31025
222055,2026-08-31,85000,0.94,31025
223586,2026-08-31,770000,0.94,31025
217376,2026-08-31,1045750,0.92,31025
100620,2026-08-31,333744,0.92,31025
132810,2026-08-31,1275000,0.90,31025
100850,2026-08-31,512711,0.80,31025
100488,2026-08-31,14221,0.77,31025
322918,2026-08-31,765000,0.76,31025
324996,2026-08-31,825000,0.76,31025
100247,2026-08-31,665000,0.59,31025
100295,2026-08-31,825000,0.48,31025
117354,2026-08-31,180000,0.47,31025
223409,2026-08-31,107897,0.34,31025
132134,2026-08-31,600000,0.30,31025
132630,2026-08-31,163077,0.27,31025
284184,2026-08-31,89190,0.16,31025
317079,2026-08-31,280401,0.12,31025
209370,2026-08-31,7300,0.02,31025
132174,2026-08-31,1025089,3.17,3650
100180,2026-08-31,2059398,3.11,3650
100209,2026-08-31,887536,2.14,3650
100325,2026-08-31,786015,2.14,3650
100510,2026-08-31,186774,1.61,3650
100112,2026-08-31,633513,1.43,3650
100875,2026-08-31,2254721,1.23,3650
132898,2026-08-31,1753792,0.98,3650
132454,2026-08-31,252578,0.97,3650
111218,2026-08-31,407478,0.96,3650
100520,2026-08-31,123277,0.86,3650
132281,2026-08-31,296460,0.83,3650
107685,2026-08-31,1941674,0.76,3650
217376,2026-08-31,797240,0.71,3650
100182,2026-08-31,58666,0.68,3650
324996,2026-08-31,733390,0.68,3650
209967,2026-08-31,774600,0.64,3650
124804,2026-08-31,164810,0.60,3650
132777,2026-08-31,210842,0.59,3650
100300,2026-08-31,78545,0.56,3650
222055,2026-08-31,48849,0.54,3650
132331,2026-08-31,67295,0.52,3650
209587,2026-08-31,797854,0.51,3650
100171,2026-08-31,538739,0.50,3650
224880,2026-08-31,992471,0.48,3650
124742,2026-08-31,85628,0.46,3650
123367,2026-08-31,200511,0.43,3650
100400,2026-08-31,586109,0.43,3650
132892,2026-08-31,186016,0.41,3650
242461,2026-08-31,472928,0.41,3650
132187,2026-08-31,189862,0.41,3650
280713,2026-08-31,811684,0.41,3650
190071,2026-08-31,41794,0.40,3650
251940,2026-08-31,214274,0.40,3650
322918,2026-08-31,374777,0.38,3650
131162,2026-08-31,482062,0.37,3650
219300,2026-08-31,424720,0.36,3650
224849,2026-08-31,197704,0.35,3650
210174,2026-08-31,463019,0.35,3650
103100,2026-08-31,85094,0.34,3650
210258,2026-08-31,304603,0.34,3650
124404,2026-08-31,468564,0.32,3650
100271,2026-08-31,89069,0.30,3650
315970,2026-08-31,205879,0.29,3650
132500,2026-08-31,9791,0.28,3650
100469,2026-08-31,350665,0.27,3650
200082,2026-08-31,571165,0.25,3650
100620,2026-08-31,91341,0.25,3650
132234,2026-08-31,305000,0.25,3650
132375,2026-08-31,175720,0.24,3650
132162,2026-08-31,284162,0.24,3650
132296,2026-08-31,45150,0.24,3650
112070,2026-08-31,163348,0.20,3650
100312,2026-08-31,373000,0.18,3650
209127,2026-08-31,81397,0.18,3650
233156,2026-08-31,142863,0.15,3650
100124,2026-08-31,28888,0.07,3650
324997,2026-08-31,733390,0.06,3650
123758,2026-08-31,47791,0.00,3650
132454,2026-08-31,4000000,16.15,19247
100209,2026-08-31,3500000,8.84,19247
132540,2026-08-31,1420000,7.59,19247
252306,2026-08-31,9000000,6.58,19247
132541,2026-08-31,1200000,5.31,19247
216156,2026-08-31,411229,4.16,19247
274066,2026-08-31,3000000,3.79,19247
132809,2026-08-31,6000000,3.54,19247
293862,2026-08-31,5000000,3.14,19247
293602,2026-08-31,2200000,2.91,19247
210590,2026-08-31,220000,2.74,19247
254493,2026-08-31,609031,2.54,19247
132755,2026-08-31,700000,2.54,19247
132281,2026-08-31,800000,2.34,19247
132129,2026-08-31,1800011,2.23,19247
132777,2026-08-31,733614,2.15,19247
268618,2026-08-31,200000,1.61,19247
302988,2026-08-31,2000000,1.56,19247
304682,2026-08-31,328504,1.28,19247
210284,2026-08-31,892860,1.22,19247
304684,2026-08-31,800000,0.88,19247
219464,2026-08-31,330000,4.53,19247
218241,2026-08-31,38000,4.10,19247
279017,2026-08-31,50000,3.61,19247
304945,2026-08-31,38000,0.95,19247
217817,2026-08-31,100000,0.00,19247
217667,2026-08-31,35014,0.00,19247
132174,2026-08-31,888345,2.94,3449
100180,2026-08-31,1755188,2.83,3449
132454,2026-08-31,417129,1.72,3449
100034,2026-08-31,698015,1.68,3449
132215,2026-08-31,560753,1.66,3449
100325,2026-08-31,546711,1.59,3449
100209,2026-08-31,541894,1.40,3449
132500,2026-08-31,36967,1.14,3449
132331,2026-08-31,117964,0.97,3449
132755,2026-08-31,246412,0.91,3449
100247,2026-08-31,838192,0.80,3449
100510,2026-08-31,78754,0.73,3449
100112,2026-08-31,295000,0.71,3449
252306,2026-08-31,947870,0.71,3449
103100,2026-08-31,157029,0.68,3449
100790,2026-08-31,196598,0.67,3449
211337,2026-08-31,30788,0.66,3449
100387,2026-08-31,11435,0.60,3449
215367,2026-08-31,516755,0.58,3449
216156,2026-08-31,56300,0.58,3449
221033,2026-08-31,330844,0.57,3449
217379,2026-08-31,153219,0.55,3449
100114,2026-08-31,46000,0.53,3449
117334,2026-08-31,1355429,0.53,3449
132541,2026-08-31,102009,0.46,3449
111243,2026-08-31,106338,0.45,3449
280713,2026-08-31,824608,0.44,3449
100233,2026-08-31,153578,0.44,3449
105200,2026-08-31,23850,0.43,3449
218763,2026-08-31,95304,0.42,3449
100228,2026-08-31,138598,0.41,3449
100800,2026-08-31,171552,0.41,3449
132538,2026-08-31,15000,0.39,3449
100820,2026-08-31,64354,0.39,3449
220018,2026-08-31,89823,0.38,3449
217389,2026-08-31,293164,0.36,3449
279664,2026-08-31,105054,0.35,3449
132555,2026-08-31,456573,0.34,3449
223595,2026-08-31,36976,0.33,3449
132424,2026-08-31,159023,0.33,3449
208727,2026-08-31,153473,0.32,3449
132540,2026-08-31,57697,0.32,3449
100049,2026-08-31,330887,0.31,3449
228465,2026-08-31,188137,0.31,3449
132830,2026-08-31,89839,0.31,3449
254493,2026-08-31,72817,0.31,3449
132898,2026-08-31,515446,0.31,3449
293862,2026-08-31,474036,0.30,3449
117354,2026-08-31,105556,0.30,3449
209373,2026-08-31,288050,0.26,3449
100182,2026-08-31,20123,0.25,3449
123642,2026-08-31,42808,0.23,3449
219300,2026-08-31,229009,0.21,3449
210850,2026-08-31,215694,0.18,3449
100067,2026-08-31,52866,0.18,3449
249927,2026-08-31,248848,0.14,3449
112599,2026-08-31,20693,0.13,3449
131642,2026-08-31,71370,0.13,3449
100470,2026-08-31,280043,0.12,3449
100547,2026-08-31,156470,0.12,3449
132375,2026-08-31,68667,0.10,3449
207861,2026-08-31,1307145,0.10,3449
287237,2026-08-31,635460,0.10,3449
324996,2026-08-31,100000,0.10,3449
100251,2026-08-31,14404,0.09,3449
100312,2026-08-31,175000,0.09,3449
131344,2026-08-31,75000,0.09,3449
207952,2026-08-31,121395,0.06,3449
100520,2026-08-31,3421,0.03,3449
322918,2026-08-31,1565,0.00,3449
325089,2026-08-31,82949,0.03,3449
119580,2026-08-31,169140,0.00,3449
217791,2026-08-31,100000,0.00,3449
100520,2026-08-31,1614940,12.21,3435
252306,2026-08-31,13773081,10.41,3435
132500,2026-08-31,265955,8.30,3435
105200,2026-08-31,419126,7.68,3435
200132,2026-08-31,232860,6.51,3435
132921,2026-08-31,1449964,5.32,3435
132343,2026-08-31,438430,4.38,3435
100182,2026-08-31,332557,4.17,3435
208361,2026-08-31,786342,3.99,3435
222055,2026-08-31,250430,3.02,3435
322918,2026-08-31,2536726,2.75,3435
100530,2026-08-31,20524,2.36,3435
117334,2026-08-31,5243147,2.06,3435
100570,2026-08-31,2851191,2.03,3435
305013,2026-08-31,18380293,1.56,3435
293862,2026-08-31,2369907,1.54,3435
200515,2026-08-31,261338,1.53,3435
214179,2026-08-31,730857,1.37,3435
215477,2026-08-31,192612,1.27,3435
131344,2026-08-31,923752,1.09,3435
215216,2026-08-31,39577,1.02,3435
100877,2026-08-31,907031,0.92,3435
117168,2026-08-31,551971,0.91,3435
218067,2026-08-31,973237,0.88,3435
100477,2026-08-31,1940584,0.79,3435
105790,2026-08-31,83952,0.78,3435
100290,2026-08-31,2325,0.72,3435
209165,2026-08-31,469172,0.71,3435
132756,2026-08-31,707908,0.64,3435
100495,2026-08-31,87607,0.60,3435
218771,2026-08-31,55412,0.59,3435
100493,2026-08-31,118304,0.57,3435
100403,2026-08-31,193746,0.54,3435
209587,2026-08-31,715680,0.50,3435
212793,2026-08-31,385822,0.50,3435
237831,2026-08-31,624439,0.49,3435
102355,2026-08-31,90475,0.47,3435
223409,2026-08-31,137785,0.47,3435
322950,2026-08-31,64863,0.45,3435
112599,2026-08-31,58631,0.39,3435
100878,2026-08-31,42796,0.34,3435
225998,2026-08-31,152801,0.19,3435
100472,2026-08-31,44759,0.16,3435
280362,2026-08-31,494475,0.05,3435
100209,2026-08-31,3614561,9.97,482
132755,2026-08-31,1863106,7.38,482
132540,2026-08-31,1202288,7.02,482
132454,2026-08-31,1569278,6.92,482
252306,2026-08-31,8202534,6.55,482
132541,2026-08-31,1127608,5.45,482
210590,2026-08-31,368100,5.01,482
216156,2026-08-31,434328,4.80,482
132281,2026-08-31,1302042,4.16,482
293862,2026-08-31,6010429,4.12,482
132175,2026-08-31,1049728,3.00,482
132809,2026-08-31,3723981,2.40,482
132129,2026-08-31,1572656,2.12,482
209063,2026-08-31,1010863,2.07,482
303157,2026-08-31,802670,1.83,482
254493,2026-08-31,348960,1.59,482
132221,2026-08-31,2140780,1.52,482
229238,2026-08-31,373183,1.45,482
294320,2026-08-31,968730,1.38,482
232592,2026-08-31,1883813,1.24,482
200017,2026-08-31,229243,1.10,482
320350,2026-08-31,2699842,1.10,482
304684,2026-08-31,889864,1.07,482
315904,2026-08-31,9087566,1.04,482
294388,2026-08-31,248818,1.04,482
123704,2026-08-31,223028,0.95,482
322366,2026-08-31,3155521,0.89,482
132466,2026-08-31,25797,0.79,482
126299,2026-08-31,100000,0.59,482
208883,2026-08-31,120021,0.50,482
100550,2026-08-31,50000,0.49,482
209902,2026-08-31,660696,0.46,482
234556,2026-08-31,753619,0.45,482
208766,2026-08-31,37052,0.31,482
219464,2026-08-31,139098,2.08,482
239630,2026-08-31,11068,0.75,482
218241,2026-08-31,4954,0.58,482
206863,2026-08-31,100000,0.00,482
130031,2026-08-31,103100,0.00,482
217689,2026-08-31,225000,0.00,482
207393,2026-08-31,100000,0.00,482
325825,2026-08-31,588130,2.68,482
132174,2026-08-31,1406000,5.02,2660
100180,2026-08-31,2474712,4.31,2660
132454,2026-08-31,779642,3.47,2660
100510,2026-08-31,324025,3.22,2660
132215,2026-08-31,933200,2.98,2660
100325,2026-08-31,806000,2.53,2660
132555,2026-08-31,2800620,2.25,2660
100034,2026-08-31,797830,2.07,2660
100520,2026-08-31,241312,1.94,2660
100112,2026-08-31,730000,1.90,2660
132343,2026-08-31,165810,1.77,2660
132286,2026-08-31,549338,1.61,2660
124715,2026-08-31,320000,1.56,2660
252306,2026-08-31,1871465,1.51,2660
117334,2026-08-31,3457963,1.45,2660
100209,2026-08-31,478224,1.33,2660
100257,2026-08-31,235000,1.26,2660
219494,2026-08-31,100757,1.19,2660
220350,2026-08-31,1511857,1.19,2660
100470,2026-08-31,2572980,1.16,2660
222055,2026-08-31,85150,1.09,2660
132541,2026-08-31,222383,1.08,2660
320028,2026-08-31,135550,1.07,2660
322918,2026-08-31,851610,0.99,2660
209492,2026-08-31,439674,0.94,2660
293862,2026-08-31,1299343,0.90,2660
108869,2026-08-31,40000,0.87,2660
132281,2026-08-31,265000,0.85,2660
222961,2026-08-31,160000,0.82,2660
100247,2026-08-31,750000,0.77,2660
100103,2026-08-31,700000,0.76,2660
254493,2026-08-31,164689,0.76,2660
100696,2026-08-31,153215,0.74,2660
210072,2026-08-31,20000,0.73,2660
274045,2026-08-31,211455,0.73,2660
117569,2026-08-31,50198,0.71,2660
273033,2026-08-31,3698897,0.67,2660
132777,2026-08-31,197169,0.64,2660
132755,2026-08-31,150000,0.60,2660
211385,2026-08-31,140000,0.60,2660
223187,2026-08-31,65224,0.59,2660
216369,2026-08-31,3000000,0.57,2660
209550,2026-08-31,570000,0.56,2660
132497,2026-08-31,50000,0.55,2660
238594,2026-08-31,700000,0.54,2660
317139,2026-08-31,2368394,0.52,2660
215367,2026-08-31,400000,0.49,2660
100575,2026-08-31,163279,0.48,2660
100825,2026-08-31,34662,0.45,2660
126299,2026-08-31,75000,0.45,2660
100114,2026-08-31,35458,0.44,2660
100550,2026-08-31,43550,0.43,2660
323093,2026-08-31,850000,0.43,2660
209902,2026-08-31,587778,0.41,2660
317635,2026-08-31,1462883,0.40,2660
223595,2026-08-31,40000,0.38,2660
104973,2026-08-31,100000,0.36,2660
289108,2026-08-31,324400,0.36,2660
235355,2026-08-31,47633,0.34,2660
287433,2026-08-31,341872,0.34,2660
132843,2026-08-31,146646,0.33,2660
217379,2026-08-31,83617,0.32,2660
100251,2026-08-31,44385,0.31,2660
100238,2026-08-31,152907,0.30,2660
305799,2026-08-31,122554,0.29,2660
313495,2026-08-31,1296372,0.28,2660
100312,2026-08-31,500000,0.28,2660
232604,2026-08-31,167620,0.28,2660
280713,2026-08-31,460000,0.27,2660
111243,2026-08-31,60000,0.27,2660
269404,2026-08-31,38200,0.26,2660
100084,2026-08-31,700000,0.25,2660
100547,2026-08-31,300000,0.24,2660
226611,2026-08-31,658308,0.20,2660
132644,2026-08-31,11821,0.15,2660
232592,2026-08-31,174113,0.12,2660
105533,2026-08-31,84256,0.12,2660
268618,2026-08-31,9687,0.09,2660
132174,2026-08-31,1300000,4.65,3082
132454,2026-08-31,800000,3.56,3082
100180,2026-08-31,1700000,2.96,3082
100325,2026-08-31,800000,2.51,3082
132541,2026-08-31,500000,2.44,3082
132215,2026-08-31,700000,2.24,3082
100520,2026-08-31,260000,2.10,3082
100825,2026-08-31,145500,1.88,3082
100660,2026-08-31,250000,1.87,3082
100209,2026-08-31,650000,1.81,3082
210217,2026-08-31,1000000,1.80,3082
100247,2026-08-31,1700000,1.75,3082
209550,2026-08-31,1695375,1.67,3082
132500,2026-08-31,50000,1.66,3082
100103,2026-08-31,1500000,1.63,3082
324996,2026-08-31,1500000,1.60,3082
100112,2026-08-31,975000,2.53,3082
271875,2026-08-31,436475,1.52,3082
100510,2026-08-31,150000,1.49,3082
219494,2026-08-31,125000,1.48,3082
117334,2026-08-31,3500000,1.47,3082
322541,2026-08-31,3000000,1.42,3082
226611,2026-08-31,4413839,1.37,3082
278580,2026-08-31,6371995,1.35,3082
208364,2026-08-31,175000,1.32,3082
100696,2026-08-31,270000,1.31,3082
100483,2026-08-31,300000,1.27,3082
111218,2026-08-31,450000,1.23,3082
252306,2026-08-31,1500000,1.21,3082
132921,2026-08-31,300000,1.17,3082
132134,2026-08-31,2000000,1.17,3082
222055,2026-08-31,90000,1.16,3082
295872,2026-08-31,100000,1.15,3082
254493,2026-08-31,250000,1.15,3082
100114,2026-08-31,90000,1.13,3082
100002,2026-08-31,58850,1.10,3082
314935,2026-08-31,423120,1.08,3082
100188,2026-08-31,700000,1.02,3082
293665,2026-08-31,910000,1.01,3082
100124,2026-08-31,350000,0.99,3082
132538,2026-08-31,35000,0.98,3082
255331,2026-08-31,250752,0.98,3082
112599,2026-08-31,138744,0.97,3082
100547,2026-08-31,1200000,0.96,3082
200094,2026-08-31,1328660,0.61,3082
316572,2026-08-31,564510,0.60,3082
311638,2026-08-31,940000,0.43,3082
207901,2026-08-31,389740,3.15,40028
100469,2026-08-31,2350711,2.06,40028
208766,2026-08-31,243308,2.04,40028
271867,2026-08-31,371083,1.75,40028
208883,2026-08-31,401546,1.70,40028
100182,2026-08-31,123804,1.66,40028
132541,2026-08-31,331936,1.62,40028
132187,2026-08-31,628187,1.57,40028
254493,2026-08-31,330035,1.52,40028
100103,2026-08-31,1390336,1.51,40028
210072,2026-08-31,39557,1.45,40028
286335,2026-08-31,540007,1.44,40028
210590,2026-08-31,103636,1.43,40028
132667,2026-08-31,11600478,1.36,40028
278580,2026-08-31,6327943,1.34,40028
100493,2026-08-31,254217,1.32,40028
122275,2026-08-31,118185,1.29,40028
100257,2026-08-31,231623,1.25,40028
217376,2026-08-31,1209456,1.24,40028
211337,2026-08-31,50993,1.19,40028
100477,2026-08-31,2729029,1.18,40028
132777,2026-08-31,365182,1.18,40028
209967,2026-08-31,1228884,1.18,40028
124804,2026-08-31,263995,1.12,40028
302988,2026-08-31,1305088,1.12,40028
132843,2026-08-31,497017,1.11,40028
131642,2026-08-31,504847,1.02,40028
296765,2026-08-31,12127,1.01,40028
100271,2026-08-31,252967,0.98,40028
190059,2026-08-31,173614,0.95,40028
132648,2026-08-31,16752567,0.94,40028
293862,2026-08-31,1353651,0.94,40028
132822,2026-08-31,26257665,0.93,40028
217379,2026-08-31,231791,0.89,40028
132296,2026-08-31,143603,0.88,40028
103806,2026-08-31,138516,0.87,40028
117569,2026-08-31,58860,0.83,40028
103100,2026-08-31,178052,0.83,40028
132497,2026-08-31,74717,0.82,40028
100104,2026-08-31,915888,0.82,40028
132234,2026-08-31,855273,0.80,40028
242461,2026-08-31,785355,0.79,40028
132754,2026-08-31,3394602,0.78,40028
132814,2026-08-31,337051,0.75,40028
126299,2026-08-31,126248,0.75,40028
208461,2026-08-31,584602,0.75,40028
117354,2026-08-31,240362,0.74,40028
112070,2026-08-31,534870,0.74,40028
190071,2026-08-31,65685,0.73,40028
212427,2026-08-31,55808,0.73,40028
126371,2026-08-31,3296513,0.72,40028
317635,2026-08-31,2658340,0.72,40028
228974,2026-08-31,247139,0.71,40028
269404,2026-08-31,101904,0.70,40028
132259,2026-08-31,16103,0.70,40028
132466,2026-08-31,22737,0.70,40028
132523,2026-08-31,680459,0.69,40028
216369,2026-08-31,3594799,0.68,40028
100113,2026-08-31,1378824,0.66,40028
213838,2026-08-31,160884,0.65,40028
100290,2026-08-31,1940,0.64,40028
100575,2026-08-31,217463,0.64,40028
220350,2026-08-31,813694,0.64,40028
124494,2026-08-31,132484,0.64,40028
211840,2026-08-31,107980,0.64,40028
208238,2026-08-31,128988,0.64,40028
200091,2026-08-31,520179,0.62,40028
221877,2026-08-31,91293,0.59,40028
100830,2026-08-31,125635,0.59,40028
132720,2026-08-31,631051,0.58,40028
112455,2026-08-31,124120,0.55,40028
132539,2026-08-31,173478,0.54,40028
226720,2026-08-31,366482,0.54,40028
109930,2026-08-31,61424,0.54,40028
132779,2026-08-31,181348,0.54,40028
106395,2026-08-31,114024,0.53,40028
132522,2026-08-31,714705,0.53,40028
100096,2026-08-31,563177,0.53,40028
132827,2026-08-31,6014,0.53,40028
132508,2026-08-31,298714,0.52,40028
220018,2026-08-31,112266,0.52,40028
233063,2026-08-31,319746,0.52,40028
132644,2026-08-31,39912,0.50,40028
210258,2026-08-31,377296,0.48,40028
100483,2026-08-31,112012,0.48,40028
237831,2026-08-31,569047,0.48,40028
100086,2026-08-31,433918,0.47,40028
295872,2026-08-31,40211,0.46,40028
215367,2026-08-31,373314,0.46,40028
100067,2026-08-31,123747,0.45,40028
123642,2026-08-31,77268,0.45,40028
225051,2026-08-31,282830,0.45,40028
132830,2026-08-31,116648,0.44,40028
102355,2026-08-31,76624,0.43,40028
318678,2026-08-31,1068729,0.42,40028
208607,2026-08-31,97378,0.41,40028
131344,2026-08-31,329254,0.41,40028
132149,2026-08-31,1158995,0.40,40028
228347,2026-08-31,264574,0.40,40028
132525,2026-08-31,1942011,0.39,40028
132683,2026-08-31,37034,0.39,40028
105790,2026-08-31,38389,0.38,40028
132892,2026-08-31,149190,0.38,40028
100253,2026-08-31,286753,0.38,40028
132331,2026-08-31,40167,0.36,40028
208364,2026-08-31,46642,0.35,40028
322541,2026-08-31,734015,0.35,40028
293380,2026-08-31,75834,0.35,40028
100411,2026-08-31,36959,0.35,40028
243036,2026-08-31,252471,0.35,40028
218756,2026-08-31,202369,0.34,40028
208412,2026-08-31,287718,0.34,40028
100877,2026-08-31,307841,0.33,40028
109480,2026-08-31,271874,0.33,40028
210174,2026-08-31,378812,0.33,40028
123457,2026-08-31,20066,0.32,40028
100488,2026-08-31,4969,0.32,40028
132889,2026-08-31,106079,0.31,40028
279664,2026-08-31,81668,0.30,40028
219691,2026-08-31,80728,0.30,40028
100660,2026-08-31,39472,0.30,40028
314935,2026-08-31,113070,0.29,40028
100408,2026-08-31,32837,0.29,40028
212705,2026-08-31,87902,0.28,40028
100368,2026-08-31,330398,0.28,40028
209037,2026-08-31,541406,0.28,40028
100092,2026-08-31,23256,0.28,40028
207872,2026-08-31,71731,0.27,40028
207673,2026-08-31,529654,0.25,40028
215477,2026-08-31,33633,0.24,40028
100495,2026-08-31,31688,0.23,40028
268618,2026-08-31,26319,0.23,40028
294320,2026-08-31,156421,0.23,40028
113683,2026-08-31,347284,0.23,40028
132478,2026-08-31,68880,0.22,40028
123395,2026-08-31,2697,0.22,40028
228460,2026-08-31,1056002,0.22,40028
208414,2026-08-31,758798,0.22,40028
213327,2026-08-31,478640,0.21,40028
100163,2026-08-31,38950,0.20,40028
101301,2026-08-31,124474,0.20,40028
317139,2026-08-31,885969,0.20,40028
132129,2026-08-31,141489,0.19,40028
228049,2026-08-31,84899,0.19,40028
100410,2026-08-31,57191,0.18,40028
117174,2026-08-31,2105,0.18,40028
100164,2026-08-31,41163,0.11,40028
217385,2026-08-31,229537,0.11,40028
220512,2026-08-31,682201,0.11,40028
100112,2026-08-31,12943563,33.96,3722
132134,2026-08-31,20443903,12.07,3722
132483,2026-08-31,37035956,11.63,3722
132461,2026-08-31,37951747,10.73,3722
132477,2026-08-31,21292980,9.94,3722
132814,2026-08-31,3894218,8.66,3722
132149,2026-08-31,13390933,4.69,3722
132525,2026-08-31,22437875,4.56,3722
132885,2026-08-31,18813866,1.41,3722
132388,2026-08-31,16090205,1.29,3722
132505,2026-08-31,12528739,0.77,3722
218058,2026-08-31,4823925,0.27,3722
100180,2026-08-31,5398985,9.86,12860
132174,2026-08-31,2525701,9.46,12860
100325,2026-08-31,2381835,7.83,12860
132454,2026-08-31,1072117,5.00,12860
100510,2026-08-31,412661,4.30,12860
100112,2026-08-31,1457330,3.98,12860
100209,2026-08-31,1236640,3.61,12860
132215,2026-08-31,1012550,3.39,12860
100247,2026-08-31,2595803,2.80,12860
100520,2026-08-31,314767,2.66,12860
100034,2026-08-31,944967,2.57,12860
100875,2026-08-31,3398659,2.24,12860
132540,2026-08-31,359966,2.22,12860
252306,2026-08-31,2548914,2.15,12860
100114,2026-08-31,145564,1.91,12860
124715,2026-08-31,373329,1.91,12860
132500,2026-08-31,45995,1.60,12860
100696,2026-08-31,312795,1.58,12860
111218,2026-08-31,493768,1.41,12860
132555,2026-08-31,1671478,1.41,12860
100470,2026-08-31,2914372,1.38,12860
100049,2026-08-31,1262800,1.35,12860
100440,2026-08-31,510486,1.33,12860
132281,2026-08-31,371709,1.26,12860
132538,2026-08-31,41722,1.23,12860
200132,2026-08-31,39048,1.22,12860
100300,2026-08-31,133028,1.15,12860
100228,2026-08-31,330691,1.11,12860
100820,2026-08-31,159442,1.09,12860
132898,2026-08-31,1596633,1.08,12860
222055,2026-08-31,79806,1.08,12860
132921,2026-08-31,260104,1.07,12860
205198,2026-08-31,204110,1.06,12860
105200,2026-08-31,48590,1.00,12860
100790,2026-08-31,252667,0.97,12860
132755,2026-08-31,223913,0.94,12860
219300,2026-08-31,844513,0.87,12860
100251,2026-08-31,117320,0.87,12860
108869,2026-08-31,36283,0.83,12860
100312,2026-08-31,1369557,0.82,12860
112599,2026-08-31,101741,0.75,12860
229365,2026-08-31,1156815,0.72,12860
100087,2026-08-31,198385,0.72,12860
211385,2026-08-31,158417,0.71,12860
218071,2026-08-31,262395,0.70,12860
100124,2026-08-31,214920,0.64,12860
100800,2026-08-31,229602,0.61,12860
100570,2026-08-31,736848,0.59,12860
217389,2026-08-31,379278,0.53,12860
107685,2026-08-31,954836,0.45,12860
100209,2026-08-31,2470457,7.25,3283
132540,2026-08-31,927620,5.76,3283
132755,2026-08-31,885000,3.73,3283
132281,2026-08-31,932000,3.17,3283
100124,2026-08-31,990000,2.96,3283
100103,2026-08-31,2550000,2.92,3283
100696,2026-08-31,569000,2.90,3283
132286,2026-08-31,900000,2.78,3283
132538,2026-08-31,82132,2.44,3283
103806,2026-08-31,364174,2.42,3283
124715,2026-08-31,466455,2.40,3283
132843,2026-08-31,1000000,2.35,3283
100087,2026-08-31,635000,2.32,3283
216156,2026-08-31,190004,2.23,3283
126299,2026-08-31,350000,2.20,3283
100547,2026-08-31,2600000,2.18,3283
100086,2026-08-31,1862812,2.12,3283
100440,2026-08-31,800000,2.10,3283
212427,2026-08-31,150146,2.07,3283
100790,2026-08-31,530000,2.05,3283
100825,2026-08-31,150000,2.04,3283
280713,2026-08-31,2870064,1.75,3283
293862,2026-08-31,2384000,1.74,3283
295872,2026-08-31,139000,1.69,3283
100480,2026-08-31,125332,1.66,3283
210590,2026-08-31,112000,1.62,3283
124494,2026-08-31,289653,1.48,3283
117334,2026-08-31,3250000,1.44,3283
215477,2026-08-31,179240,1.33,3283
209967,2026-08-31,1296000,1.31,3283
209373,2026-08-31,1181089,1.23,3283
100820,2026-08-31,172000,1.18,3283
100830,2026-08-31,237020,1.16,3283
210072,2026-08-31,30000,1.15,3283
113375,2026-08-31,388000,1.11,3283
100770,2026-08-31,652838,1.09,3283
117354,2026-08-31,331672,1.07,3283
100403,2026-08-31,312000,0.97,3283
132539,2026-08-31,292100,0.97,3283
305013,2026-08-31,9600660,0.91,3283
100690,2026-08-31,2225799,0.91,3283
132400,2026-08-31,1200000,0.91,3283
132424,2026-08-31,385000,0.90,3283
100290,2026-08-31,2450,0.85,3283
223595,2026-08-31,73000,0.74,3283
208361,2026-08-31,125000,0.71,3283
100800,2026-08-31,259615,0.70,3283
132175,2026-08-31,225635,0.69,3283
105790,2026-08-31,61000,0.63,3283
123457,2026-08-31,36650,0.61,3283
123395,2026-08-31,6934,0.60,3283
109930,2026-08-31,63000,0.58,3283
131162,2026-08-31,600000,0.57,3283
100870,2026-08-31,1171818,0.56,3283
294320,2026-08-31,316034,0.48,3283
100674,2026-08-31,22295,0.18,3283
100209,2026-08-31,9670995,28.86,44506
132540,2026-08-31,3207065,20.25,44506
132281,2026-08-31,3311775,11.44,44506
132755,2026-08-31,2455325,10.52,44506
132541,2026-08-31,1345488,7.03,44506
210590,2026-08-31,420162,6.19,44506
107685,2026-08-31,10470305,5.08,44506
216156,2026-08-31,359027,4.29,44506
126299,2026-08-31,511588,3.27,44506
132466,2026-08-31,92253,3.04,44506
100180,2026-08-31,4100000,7.71,3454
132174,2026-08-31,1550000,5.97,3454
100112,2026-08-31,1225000,3.44,3454
132755,2026-08-31,725000,3.13,3454
100520,2026-08-31,345000,3.00,3454
100247,2026-08-31,2600000,2.89,3454
132454,2026-08-31,600000,2.88,3454
100209,2026-08-31,850000,2.55,3454
132215,2026-08-31,725000,2.50,3454
132898,2026-08-31,3200000,2.24,3454
132500,2026-08-31,62000,2.23,3454
100420,2026-08-31,150000,2.01,3454
132540,2026-08-31,300000,1.91,3454
132555,2026-08-31,2100000,1.82,3454
210036,2026-08-31,875000,1.81,3454
219300,2026-08-31,1700000,1.81,3454
100087,2026-08-31,460000,1.72,3454
132331,2026-08-31,178983,1.71,3454
126299,2026-08-31,260000,1.67,3454
100182,2026-08-31,115000,1.66,3454
100049,2026-08-31,1450000,1.59,3454
100875,2026-08-31,2341836,1.59,3454
105200,2026-08-31,75000,1.58,3454
100470,2026-08-31,3200000,1.56,3454
100312,2026-08-31,2500000,1.54,3454
132720,2026-08-31,1550000,1.53,3454
280713,2026-08-31,2300000,1.44,3454
221033,2026-08-31,710000,1.42,3454
219494,2026-08-31,110000,1.40,3454
235506,2026-08-31,882246,1.36,3454
100620,2026-08-31,388471,1.34,3454
132868,2026-08-31,700000,1.28,3454
100710,2026-08-31,150404,1.26,3454
208661,2026-08-31,436602,1.24,3454
100547,2026-08-31,1425000,1.22,3454
100096,2026-08-31,1200000,1.21,3454
100680,2026-08-31,95681,1.19,3454
322950,2026-08-31,143000,1.13,3454
217376,2026-08-31,1000000,1.11,3454
132443,2026-08-31,67752,1.03,3454
223430,2026-08-31,710000,1.03,3454
324996,2026-08-31,832756,0.96,3454
217379,2026-08-31,222523,0.92,3454
100233,2026-08-31,267341,0.88,3454
273811,2026-08-31,425000,0.86,3454
200091,2026-08-31,650000,0.83,3454
131162,2026-08-31,797043,0.77,3454
208364,2026-08-31,90000,0.73,3454
216156,2026-08-31,56241,0.68,3454
223586,2026-08-31,426994,0.65,3454
294320,2026-08-31,400000,0.62,3454
100459,2026-08-31,26000,0.55,3454
290269,2026-08-31,104277,0.49,3454
315602,2026-08-31,42113,0.46,3454
100180,2026-08-31,8990629,17.02,30043
132174,2026-08-31,3825486,14.85,30043
100112,2026-08-31,3627830,10.27,30043
100247,2026-08-31,8820532,9.88,30043
132215,2026-08-31,2648628,9.19,30043
100469,2026-08-31,7505041,7.15,30043
132187,2026-08-31,2005585,5.44,30043
286335,2026-08-31,1662353,4.82,30043
278580,2026-08-31,20369267,4.68,30043
132134,2026-08-31,5455224,3.48,30043
132461,2026-08-31,11056159,3.37,30043
132648,2026-08-31,54671761,3.33,30043
132483,2026-08-31,9813184,3.32,30043
132477,2026-08-31,6289426,3.17,30043
132174,2026-08-31,3571644,14.16,24150
100180,2026-08-31,5058496,9.78,24150
132215,2026-08-31,2237100,7.93,24150
100034,2026-08-31,2187250,6.30,24150
111218,2026-08-31,1886669,5.71,24150
100112,2026-08-31,1793689,5.18,24150
100247,2026-08-31,2956665,3.38,24150
286335,2026-08-31,981861,2.91,24150
217757,2026-08-31,918856,2.88,24150
254493,2026-08-31,562883,2.88,24150
132525,2026-08-31,12196451,2.73,24150
211385,2026-08-31,533402,2.53,24150
132210,2026-08-31,3784618,2.36,24150
210850,2026-08-31,2266231,2.27,24150
322541,2026-08-31,4329044,2.27,24150
251791,2026-08-31,2636162,1.79,24150
217379,2026-08-31,402727,1.72,24150
235955,2026-08-31,531517,1.69,24150
132477,2026-08-31,3247925,1.67,24150
287237,2026-08-31,8302002,1.56,24150
218756,2026-08-31,802537,1.49,24150
208364,2026-08-31,168762,1.41,24150
209068,2026-08-31,1278858,1.33,24150
104973,2026-08-31,274916,1.11,24150
303180,2026-08-31,101121,1.01,24150
210036,2026-08-31,473460,1.01,24150
217389,2026-08-31,676800,1.00,24150
294914,2026-08-31,1406925,0.99,24150
217400,2026-08-31,620404,0.96,24150
111072,2026-08-31,147840,0.93,24150
223586,2026-08-31,557700,0.88,24150
190003,2026-08-31,743244,0.70,24150
226159,2026-08-31,485064,0.67,24150
273557,2026-08-31,1008352,0.55,24150
278701,2026-08-31,376181,0.55,24150
226625,2026-08-31,497689,0.41,24150
228974,2026-08-31,117098,0.38,24150
208883,2026-08-31,80014,0.37,24150
223571,2026-08-31,400000,0.28,24150
132174,2026-08-31,1601129,6.36,39283
100180,2026-08-31,3012000,5.83,39283
100325,2026-08-31,1230356,4.29,39283
132215,2026-08-31,1090000,3.87,39283
132454,2026-08-31,746000,3.69,39283
100510,2026-08-31,240500,2.66,39283
132500,2026-08-31,65800,2.43,39283
132555,2026-08-31,2629695,2.35,39283
211385,2026-08-31,415000,1.97,39283
100331,2026-08-31,391915,1.81,39283
132187,2026-08-31,635000,1.76,39283
100247,2026-08-31,1515310,1.73,39283
288401,2026-08-31,3266804,1.60,39283
217389,2026-08-31,1076250,1.60,39283
132540,2026-08-31,236875,1.55,39283
100875,2026-08-31,2200000,1.53,39283
100425,2026-08-31,1380000,1.51,39283
217376,2026-08-31,1322523,1.51,39283
100209,2026-08-31,478277,1.48,39283
209373,2026-08-31,1351589,1.48,39283
100488,2026-08-31,20713,1.46,39283
103100,2026-08-31,272344,1.41,39283
132424,2026-08-31,570000,1.40,39283
209967,2026-08-31,1306858,1.39,39283
126299,2026-08-31,205000,1.36,39283
124715,2026-08-31,250000,1.35,39283
112599,2026-08-31,173430,1.35,39283
109488,2026-08-31,690894,1.33,39283
100260,2026-08-31,536348,1.29,39283
100031,2026-08-31,1446431,1.28,39283
217757,2026-08-31,405000,1.27,39283
208280,2026-08-31,175385,1.26,39283
132784,2026-08-31,352665,1.21,39283
100096,2026-08-31,1161049,1.21,39283
223586,2026-08-31,735287,1.16,39283
321331,2026-08-31,777000,1.12,39283
132134,2026-08-31,1710000,1.11,39283
100850,2026-08-31,550000,1.11,39283
126371,2026-08-31,4250000,1.02,39283
100228,2026-08-31,280000,1.00,39283
100547,2026-08-31,1117242,0.99,39283
111072,2026-08-31,156000,0.98,39283
117334,2026-08-31,2060000,0.96,39283
210217,2026-08-31,475288,0.95,39283
225154,2026-08-31,45000,0.94,39283
132286,2026-08-31,275000,0.90,39283
100182,2026-08-31,60000,0.89,39283
293862,2026-08-31,1075000,0.83,39283
123642,2026-08-31,125353,0.81,39283
273811,2026-08-31,376475,0.78,39283
132921,2026-08-31,180000,0.78,39283
205198,2026-08-31,140000,0.77,39283
100710,2026-08-31,85080,0.74,39283
132523,2026-08-31,639951,0.72,39283
294914,2026-08-31,1021774,0.72,39283
216147,2026-08-31,820076,0.71,39283
100084,2026-08-31,1699327,0.68,39283
251940,2026-08-31,250000,0.60,39283
218771,2026-08-31,42000,0.53,39283
295732,2026-08-31,1216836,0.52,39283
132827,2026-08-31,5000,0.49,39283
209370,2026-08-31,158087,0.43,39283
106285,2026-08-31,38612,0.42,39283
223409,2026-08-31,96679,0.39,39283
322716,2026-08-31,127920,0.20,39283
100180,2026-08-31,2575000,5.11,47480
132921,2026-08-31,700000,3.12,47480
100325,2026-08-31,700000,2.50,47480
132215,2026-08-31,600000,2.18,47480
132555,2026-08-31,2325000,2.13,47480
132174,2026-08-31,515000,2.09,47480
132808,2026-08-31,290022,2.00,47480
210072,2026-08-31,45842,1.90,47480
132500,2026-08-31,50000,1.89,47480
218763,2026-08-31,339738,1.84,47480
218771,2026-08-31,142076,1.83,47480
317635,2026-08-31,5905110,1.83,47480
100520,2026-08-31,195000,1.79,47480
235506,2026-08-31,1095916,1.78,47480
132454,2026-08-31,350000,1.77,47480
100247,2026-08-31,1500000,1.76,47480
132432,2026-08-31,400453,1.67,47480
132810,2026-08-31,1661428,1.56,47480
100850,2026-08-31,704505,1.45,47480
100112,2026-08-31,490000,1.45,47480
132814,2026-08-31,550000,1.38,47480
279527,2026-08-31,3000000,1.37,47480
132541,2026-08-31,246830,1.37,47480
221033,2026-08-31,648158,1.37,47480
209967,2026-08-31,1250000,1.36,47480
215216,2026-08-31,41695,1.31,47480
132539,2026-08-31,365000,1.30,47480
100469,2026-08-31,1300000,1.30,47480
117334,2026-08-31,2700000,1.29,47480
100209,2026-08-31,405470,1.29,47480
117146,2026-08-31,920000,1.28,47480
132809,2026-08-31,1715768,1.27,47480
117354,2026-08-31,362000,1.26,47480
111218,2026-08-31,400000,1.24,47480
215690,2026-08-31,233570,1.18,47480
200055,2026-08-31,1250000,1.13,47480
132497,2026-08-31,87141,1.09,47480
304682,2026-08-31,221045,1.08,47480
294388,2026-08-31,221389,1.06,47480
111196,2026-08-31,477876,1.06,47480
271875,2026-08-31,261885,1.04,47480
217379,2026-08-31,226304,0.99,47480
132134,2026-08-31,1482299,0.99,47480
200515,2026-08-31,137754,0.98,47480
209979,2026-08-31,328545,0.97,47480
100480,2026-08-31,65000,0.93,47480
302427,2026-08-31,215153,0.91,47480
108869,2026-08-31,35914,0.89,47480
213838,2026-08-31,194606,0.89,47480
217757,2026-08-31,276235,0.89,47480
297249,2026-08-31,462967,0.89,47480
123642,2026-08-31,130000,0.86,47480
105283,2026-08-31,418738,0.84,47480
100575,2026-08-31,250000,0.84,47480
112599,2026-08-31,104058,0.83,47480
273033,2026-08-31,4000000,0.83,47480
324996,2026-08-31,675000,0.82,47480
132349,2026-08-31,335000,0.81,47480
293862,2026-08-31,1000000,0.79,47480
102355,2026-08-31,120000,0.76,47480
117569,2026-08-31,47279,0.76,47480
126371,2026-08-31,3045121,0.75,47480
100488,2026-08-31,10297,0.74,47480
132683,2026-08-31,62031,0.74,47480
209550,2026-08-31,615000,0.69,47480
126299,2026-08-31,100000,0.68,47480
190059,2026-08-31,102249,0.64,47480
208238,2026-08-31,110000,0.62,47480
271867,2026-08-31,110000,0.59,47480
288401,2026-08-31,1150000,0.58,47480
254493,2026-08-31,100000,0.52,47480
100680,2026-08-31,38556,0.51,47480
287237,2026-08-31,2513518,0.49,47480
210590,2026-08-31,30985,0.48,47480
124200,2026-08-31,123888,0.46,47480
274045,2026-08-31,116321,0.46,47480
221661,2026-08-31,346774,0.45,47480
123704,2026-08-31,92139,0.45,47480
111072,2026-08-31,66951,0.43,47480
210217,2026-08-31,201487,0.41,47480
295732,2026-08-31,321376,0.14,47480
214179,2026-08-31,714625,1.65,44504
294388,2026-08-31,305796,1.49,44504
190003,2026-08-31,1505645,1.49,44504
132504,2026-08-31,58668,1.45,44504
132144,2026-08-31,208874,1.42,44504
111072,2026-08-31,191925,1.25,44504
100183,2026-08-31,1632254,1.16,44504
289108,2026-08-31,892756,1.16,44504
207950,2026-08-31,283936,1.13,44504
209068,2026-08-31,985091,1.06,44504
235355,2026-08-31,127006,1.04,44504
132210,2026-08-31,1534477,1.00,44504
217757,2026-08-31,299620,0.98,44504
132805,2026-08-31,946982,0.96,44504
221033,2026-08-31,426115,0.92,44504
209147,2026-08-31,219915,0.91,44504
124558,2026-08-31,13746,0.90,44504
226156,2026-08-31,142299,0.89,44504
221645,2026-08-31,413202,0.89,44504
210036,2026-08-31,383010,0.85,44504
131213,2026-08-31,874820,0.85,44504
209902,2026-08-31,1035510,0.84,44504
222961,2026-08-31,132717,0.79,44504
113599,2026-08-31,523080,0.78,44504
225154,2026-08-31,34831,0.75,44504
124000,2026-08-31,567108,0.75,44504
215216,2026-08-31,23233,0.74,44504
232793,2026-08-31,82661,0.74,44504
122287,2026-08-31,180949,0.72,44504
100003,2026-08-31,200085,0.72,44504
100184,2026-08-31,374367,0.70,44504
132300,2026-08-31,131628,0.70,44504
280713,2026-08-31,1023953,0.69,44504
279527,2026-08-31,1454139,0.68,44504
132636,2026-08-31,370687,0.68,44504
218763,2026-08-31,124217,0.68,44504
104973,2026-08-31,158064,0.67,44504
209420,2026-08-31,273791,0.65,44504
222554,2026-08-31,48057,0.62,44504
208089,2026-08-31,123195,0.61,44504
122074,2026-08-31,342468,0.61,44504
244937,2026-08-31,9653,0.61,44504
218533,2026-08-31,110130,0.60,44504
217400,2026-08-31,373925,0.60,44504
307332,2026-08-31,991377,0.60,44504
305799,2026-08-31,213101,0.59,44504
113375,2026-08-31,184097,0.58,44504
100620,2026-08-31,157977,0.58,44504
275316,2026-08-31,67555,0.57,44504
200020,2026-08-31,295429,0.55,44504
106401,2026-08-31,109418,0.54,44504
132482,2026-08-31,231305,0.54,44504
318188,2026-08-31,125344,0.54,44504
115030,2026-08-31,193219,0.52,44504
200515,2026-08-31,72254,0.52,44504
223187,2026-08-31,49860,0.52,44504
323093,2026-08-31,887723,0.52,44504
220741,2026-08-31,1223984,0.51,44504
235955,2026-08-31,153757,0.51,44504
304549,2026-08-31,124109,0.51,44504
122113,2026-08-31,57215,0.51,44504
100008,2026-08-31,195180,0.50,44504
100260,2026-08-31,201475,0.50,44504
124208,2026-08-31,327937,0.49,44504
315904,2026-08-31,3670183,0.49,44504
132514,2026-08-31,1118045,0.48,44504
100233,2026-08-31,131984,0.47,44504
278701,2026-08-31,308744,0.47,44504
100027,2026-08-31,25375,0.46,44504
100770,2026-08-31,249430,0.46,44504
229238,2026-08-31,100910,0.46,44504
131595,2026-08-31,616059,0.45,44504
310018,2026-08-31,30044,0.44,44504
210949,2026-08-31,43079,0.44,44504
209024,2026-08-31,52460,0.44,44504
224623,2026-08-31,1266787,0.43,44504
100645,2026-08-31,106821,0.43,44504
100144,2026-08-31,120678,0.43,44504
305013,2026-08-31,4052179,0.42,44504
296367,2026-08-31,3596128,0.42,44504
222264,2026-08-31,257299,0.42,44504
132175,2026-08-31,124911,0.42,44504
100084,2026-08-31,1004980,0.42,44504
115055,2026-08-31,243241,0.42,44504
105714,2026-08-31,101006,0.41,44504
117146,2026-08-31,290385,0.41,44504
211595,2026-08-31,600618,0.40,44504
208801,2026-08-31,1650365,0.40,44504
251791,2026-08-31,564542,0.40,44504
250870,2026-08-31,81830,0.40,44504
100870,2026-08-31,762604,0.40,44504
132689,2026-08-31,113692,0.39,44504
105537,2026-08-31,1463400,0.39,44504
100033,2026-08-31,7678,0.38,44504
132809,2026-08-31,505029,0.38,44504
216065,2026-08-31,135853,0.38,44504
190032,2026-08-31,73498,0.37,44504
200017,2026-08-31,65022,0.37,44504
100125,2026-08-31,163920,0.37,44504
287433,2026-08-31,321227,0.37,44504
132627,2026-08-31,7759981,0.36,44504
113023,2026-08-31,221049,0.36,44504
119600,2026-08-31,112540,0.35,44504
132527,2026-08-31,164134,0.35,44504
209979,2026-08-31,116203,0.35,44504
209373,2026-08-31,303030,0.35,44504
267465,2026-08-31,112033,0.35,44504
208196,2026-08-31,46690,0.34,44504
100038,2026-08-31,173444,0.34,44504
100048,2026-08-31,60951,0.34,44504
200048,2026-08-31,6252006,0.34,44504
302427,2026-08-31,78094,0.34,44504
117271,2026-08-31,179609,0.34,44504
124816,2026-08-31,143203,0.34,44504
297629,2026-08-31,259337,0.34,44504
221842,2026-08-31,86405,0.33,44504
100378,2026-08-31,371171,0.33,44504
100878,2026-08-31,33341,0.32,44504
132178,2026-08-31,436560,0.32,44504
229820,2026-08-31,93270,0.32,44504
274045,2026-08-31,79469,0.32,44504
131162,2026-08-31,314029,0.32,44504
130019,2026-08-31,128356,0.32,44504
100680,2026-08-31,24154,0.32,44504
222255,2026-08-31,86124,0.32,44504
100040,2026-08-31,83448,0.32,44504
109496,2026-08-31,88613,0.31,44504
221809,2026-08-31,1536917,0.31,44504
226076,2026-08-31,186474,0.31,44504
241214,2026-08-31,688704,0.31,44504
132209,2026-08-31,710839,0.30,44504
111196,2026-08-31,134321,0.30,44504
131358,2026-08-31,135806,0.30,44504
131768,2026-08-31,60880,0.30,44504
200115,2026-08-31,127679,0.30,44504
308764,2026-08-31,217071,0.30,44504
100110,2026-08-31,76667,0.30,44504
209344,2026-08-31,195657,0.29,44504
210284,2026-08-31,164830,0.29,44504
207959,2026-08-31,113867,0.29,44504
322366,2026-08-31,862427,0.29,44504
208099,2026-08-31,54837,0.29,44504
200039,2026-08-31,4623502,0.29,44504
132783,2026-08-31,219329,0.28,44504
100238,2026-08-31,121477,0.28,44504
100085,2026-08-31,237109,0.28,44504
208661,2026-08-31,90776,0.28,44504
271581,2026-08-31,143682,0.28,44504
294914,2026-08-31,383676,0.28,44504
114162,2026-08-31,506699,0.28,44504
100294,2026-08-31,644862,0.27,44504
100106,2026-08-31,1061393,0.27,44504
109631,2026-08-31,132496,0.27,44504
132734,2026-08-31,391440,0.27,44504
304682,2026-08-31,54770,0.27,44504
208045,2026-08-31,678710,0.27,44504
107815,2026-08-31,12963,0.27,44504
213597,2026-08-31,128099,0.26,44504
301578,2026-08-31,133644,0.26,44504
132221,2026-08-31,309556,0.26,44504
215690,2026-08-31,50452,0.26,44504
320350,2026-08-31,537582,0.26,44504
102986,2026-08-31,159281,0.26,44504
106590,2026-08-31,279668,0.25,44504
100710,2026-08-31,27497,0.25,44504
100840,2026-08-31,315813,0.25,44504
303107,2026-08-31,377222,0.25,44504
132784,2026-08-31,70973,0.25,44504
132439,2026-08-31,65240,0.24,44504
132714,2026-08-31,206753,0.24,44504
308021,2026-08-31,1836369,0.24,44504
104067,2026-08-31,181605,0.24,44504
213429,2026-08-31,791653,0.24,44504
290269,2026-08-31,48849,0.24,44504
132756,2026-08-31,203262,0.23,44504
132885,2026-08-31,2721294,0.23,44504
100116,2026-08-31,893672,0.23,44504
190024,2026-08-31,99294,0.23,44504
106285,2026-08-31,20322,0.23,44504
221661,2026-08-31,171480,0.23,44504
267615,2026-08-31,63539,0.23,44504
131335,2026-08-31,153372,0.23,44504
225850,2026-08-31,986227,0.23,44504
124742,2026-08-31,31780,0.23,44504
320627,2026-08-31,925464,0.23,44504
321331,2026-08-31,144941,0.22,44504
220869,2026-08-31,79926,0.22,44504
123405,2026-08-31,613631,0.22,44504
132400,2026-08-31,264377,0.22,44504
210039,2026-08-31,52835,0.22,44504
123598,2026-08-31,269552,0.22,44504
132762,2026-08-31,65605,0.21,44504
130007,2026-08-31,199371,0.21,44504
132388,2026-08-31,2327338,0.21,44504
100405,2026-08-31,100534,0.21,44504
132733,2026-08-31,157465,0.21,44504
104614,2026-08-31,146546,0.21,44504
109488,2026-08-31,106285,0.21,44504
317201,2026-08-31,128605,0.21,44504
132181,2026-08-31,131900,0.21,44504
210859,2026-08-31,131544,0.21,44504
200057,2026-08-31,249139,0.20,44504
100043,2026-08-31,101741,0.20,44504
213046,2026-08-31,213607,0.20,44504
103310,2026-08-31,222364,0.19,44504
209232,2026-08-31,104570,0.19,44504
294253,2026-08-31,359789,0.19,44504
301912,2026-08-31,76059,0.18,44504
123596,2026-08-31,519379,0.18,44504
123367,2026-08-31,63169,0.18,44504
287490,2026-08-31,656701,0.18,44504
311742,2026-08-31,28724,0.18,44504
316052,2026-08-31,230001,0.18,44504
209492,2026-08-31,67087,0.17,44504
226328,2026-08-31,48284,0.17,44504
217396,2026-08-31,375592,0.17,44504
316659,2026-08-31,161951,0.16,44504
105700,2026-08-31,140099,0.16,44504
132163,2026-08-31,115178,0.16,44504
229852,2026-08-31,344962,0.16,44504
231440,2026-08-31,85333,0.15,44504
226611,2026-08-31,425124,0.15,44504
200019,2026-08-31,170771,0.15,44504
213672,2026-08-31,101868,0.15,44504
220674,2026-08-31,216481,0.15,44504
216147,2026-08-31,159739,0.14,44504
100109,2026-08-31,280957,0.14,44504
306733,2026-08-31,62447,0.14,44504
210591,2026-08-31,938124,0.14,44504
121064,2026-08-31,1991876,0.14,44504
132505,2026-08-31,1812197,0.13,44504
209097,2026-08-31,213533,0.13,44504
281585,2026-08-31,193082,0.13,44504
307329,2026-08-31,81245,0.13,44504
126612,2026-08-31,9429,0.13,44504
130005,2026-08-31,109637,0.12,44504
101425,2026-08-31,27605,0.12,44504
255331,2026-08-31,26341,0.12,44504
123610,2026-08-31,153546,0.12,44504
132605,2026-08-31,64231,0.11,44504
228017,2026-08-31,29063,0.11,44504
209038,2026-08-31,139290,0.11,44504
232353,2026-08-31,96626,0.10,44504
319986,2026-08-31,112704,0.09,44504
132748,2026-08-31,105977,0.09,44504
232592,2026-08-31,115314,0.09,44504
132371,2026-08-31,801117,0.09,44504
303322,2026-08-31,27591,0.08,44504
132726,2026-08-31,47678,0.08,44504
113377,2026-08-31,241103,0.04,44504
100180,2026-08-31,3725000,7.58,3462
132174,2026-08-31,1750000,7.31,3462
100247,2026-08-31,3500000,4.22,3462
132454,2026-08-31,800000,4.16,3462
132215,2026-08-31,981000,3.66,3462
100034,2026-08-31,975000,2.96,3462
100325,2026-08-31,750000,2.75,3462
100209,2026-08-31,800000,2.60,3462
100520,2026-08-31,275000,2.59,3462
100112,2026-08-31,800000,2.44,3462
132755,2026-08-31,445000,2.08,3462
100470,2026-08-31,3900000,2.06,3462
132500,2026-08-31,50000,1.95,3462
132331,2026-08-31,185721,1.92,3462
103100,2026-08-31,335000,1.83,3462
132777,2026-08-31,475000,1.79,3462
200020,2026-08-31,887120,1.67,3462
221033,2026-08-31,750000,1.63,3462
126299,2026-08-31,225000,1.57,3462
215367,2026-08-31,1100000,1.57,3462
280713,2026-08-31,2200000,1.49,3462
111243,2026-08-31,275000,1.47,3462
105200,2026-08-31,63000,1.44,3462
132541,2026-08-31,250000,1.43,3462
252306,2026-08-31,1500000,1.41,3462
124715,2026-08-31,240000,1.37,3462
211337,2026-08-31,50000,1.36,3462
269404,2026-08-31,168382,1.34,3462
209550,2026-08-31,1150000,1.32,3462
219494,2026-08-31,92500,1.28,3462
208661,2026-08-31,408504,1.25,3462
117334,2026-08-31,2550000,1.25,3462
100049,2026-08-31,1050000,1.25,3462
215477,2026-08-31,150000,1.24,3462
117354,2026-08-31,300000,1.07,3462
217389,2026-08-31,670000,1.05,3462
100800,2026-08-31,350544,1.04,3462
219300,2026-08-31,900000,1.04,3462
132555,2026-08-31,1100000,1.03,3462
217379,2026-08-31,229636,1.03,3462
132898,2026-08-31,1350000,1.02,3462
223595,2026-08-31,90000,1.01,3462
132683,2026-08-31,80277,0.98,3462
112599,2026-08-31,117263,0.96,3462
235506,2026-08-31,565741,0.95,3462
100469,2026-08-31,900000,0.92,3462
100233,2026-08-31,238780,0.85,3462
132443,2026-08-31,51191,0.84,3462
293862,2026-08-31,1000000,0.81,3462
132424,2026-08-31,300000,0.78,3462
100547,2026-08-31,800000,0.74,3462
293380,2026-08-31,139155,0.74,3462
228465,2026-08-31,354644,0.74,3462
132162,2026-08-31,650277,0.74,3462
131162,2026-08-31,620564,0.65,3462
123642,2026-08-31,85000,0.58,3462
215584,2026-08-31,215686,0.53,3462
290269,2026-08-31,104391,0.53,3462
200094,2026-08-31,822911,0.44,3462
132522,2026-08-31,2539568,2.19,45338
219300,2026-08-31,1684330,1.94,45338
132898,2026-08-31,2439921,1.85,45338
100875,2026-08-31,2461553,1.81,45338
132810,2026-08-31,826668,0.80,45338
100407,2026-08-31,62212,0.64,45338
209967,2026-08-31,60870,0.07,45338
100180,2026-08-31,669141,1.43,1615
132174,2026-08-31,322725,1.41,1615
132215,2026-08-31,275959,1.08,1615
211385,2026-08-31,175635,0.92,1615
132555,2026-08-31,928492,0.91,1615
100124,2026-08-31,259336,0.90,1615
100825,2026-08-31,55334,0.87,1615
124715,2026-08-31,136829,0.82,1615
132454,2026-08-31,142201,0.77,1615
100696,2026-08-31,126104,0.75,1615
100325,2026-08-31,193161,0.74,1615
217379,2026-08-31,154267,0.73,1615
100520,2026-08-31,72809,0.72,1615
217389,2026-08-31,433796,0.71,1615
100247,2026-08-31,498662,0.63,1615
132500,2026-08-31,14293,0.58,1615
320627,2026-08-31,2031434,0.53,1615
210258,2026-08-31,335219,0.52,1615
232604,2026-08-31,250769,0.51,1615
100209,2026-08-31,143100,0.49,1615
132424,2026-08-31,165457,0.45,1615
112070,2026-08-31,258967,0.44,1615
229238,2026-08-31,84362,0.40,1615
294320,2026-08-31,229678,0.40,1615
111196,2026-08-31,152344,0.36,1615
132523,2026-08-31,288386,0.36,1615
132868,2026-08-31,161274,0.33,1615
290269,2026-08-31,60610,0.32,1615
113375,2026-08-31,87065,0.29,1615
208361,2026-08-31,42741,0.28,1615
132689,2026-08-31,77376,0.28,1615
200054,2026-08-31,255965,0.27,1615
218761,2026-08-31,121760,0.26,1615
106355,2026-08-31,470305,0.25,1615
322110,2026-08-31,260275,0.24,1615
324996,2026-08-31,183523,0.24,1615
132757,2026-08-31,7200,0.24,1615
229218,2026-08-31,204723,0.20,1615
126299,2026-08-31,26180,0.19,1615
100387,2026-08-31,2656,0.19,1615
200046,2026-08-31,482044,0.18,1615
100570,2026-08-31,188128,0.17,1615
132756,2026-08-31,127463,0.15,1615
209492,2026-08-31,55996,0.15,1615
112573,2026-08-31,41128,0.10,1615
190006,2026-08-31,62752,0.10,1615
304701,2026-08-31,140093,0.10,1615
301578,2026-08-31,46817,0.09,1615
100690,2026-08-31,166223,0.08,1615
293665,2026-08-31,53604,0.07,1615
102090,2026-08-31,98558,0.05,1615
107717,2026-08-31,14330,0.04,1615
221194,2026-08-31,7616,0.03,1615
100104,2026-08-31,19116,0.02,1615
228049,2026-08-31,5588,0.01,1615
100335,2026-08-31,3346,0.01,1615
100180,2026-08-31,4618838,9.85,12811
132174,2026-08-31,2160738,9.45,12811
100325,2026-08-31,2037662,7.83,12811
132454,2026-08-31,917206,5.00,12811
100510,2026-08-31,353031,4.30,12811
100112,2026-08-31,1246753,3.98,12811
100209,2026-08-31,1057947,3.61,12811
132215,2026-08-31,866239,3.39,12811
100247,2026-08-31,2220720,2.80,12811
100520,2026-08-31,269272,2.66,12811
100034,2026-08-31,808419,2.57,12811
100875,2026-08-31,2907561,2.23,12811
132540,2026-08-31,307953,2.22,12811
252306,2026-08-31,2180596,2.15,12811
100114,2026-08-31,124525,1.91,12811
124715,2026-08-31,319392,1.91,12811
132500,2026-08-31,39348,1.60,12811
100696,2026-08-31,267600,1.58,12811
111218,2026-08-31,422428,1.41,12811
132555,2026-08-31,1429952,1.41,12811
100470,2026-08-31,2493248,1.38,12811
100049,2026-08-31,1080332,1.35,12811
100440,2026-08-31,436731,1.33,12811
132281,2026-08-31,317998,1.26,12811
132538,2026-08-31,35689,1.23,12811
200132,2026-08-31,33395,1.22,12811
100300,2026-08-31,113802,1.15,12811
100228,2026-08-31,282909,1.11,12811
100820,2026-08-31,136404,1.09,12811
132898,2026-08-31,1365923,1.08,12811
222055,2026-08-31,68262,1.07,12811
132921,2026-08-31,222526,1.07,12811
205198,2026-08-31,174620,1.06,12811
105200,2026-08-31,41562,0.99,12811
100790,2026-08-31,216277,0.97,12811
132755,2026-08-31,191568,0.94,12811
219300,2026-08-31,722488,0.87,12811
100251,2026-08-31,100373,0.87,12811
108869,2026-08-31,31036,0.83,12811
100312,2026-08-31,1171667,0.82,12811
112599,2026-08-31,87029,0.75,12811
100087,2026-08-31,169727,0.72,12811
229365,2026-08-31,989668,0.72,12811
211385,2026-08-31,135538,0.71,12811
218071,2026-08-31,224493,0.70,12811
100124,2026-08-31,183882,0.64,12811
100800,2026-08-31,196447,0.61,12811
100570,2026-08-31,630390,0.59,12811
217389,2026-08-31,324493,0.53,12811
107685,2026-08-31,816877,0.45,12811
132174,2026-08-31,2400000,10.57,33726
100180,2026-08-31,4260000,9.15,33726
100112,2026-08-31,2742000,8.81,33726
132215,2026-08-31,2085000,8.21,33726
100247,2026-08-31,4110000,5.22,33726
111218,2026-08-31,1464000,4.92,33726
254493,2026-08-31,807000,4.58,33726
211385,2026-08-31,672000,3.54,33726
208280,2026-08-31,375000,2.98,33726
100034,2026-08-31,906000,2.90,33726
208883,2026-08-31,510000,2.65,33726
217757,2026-08-31,699000,2.43,33726
208766,2026-08-31,226500,2.33,33726
217400,2026-08-31,1284000,2.21,33726
111072,2026-08-31,309500,2.16,33726
228974,2026-08-31,573000,2.04,33726
132210,2026-08-31,2800000,1.94,33726
132772,2026-08-31,2880022,1.90,33726
278701,2026-08-31,1095000,1.77,33726
100271,2026-08-31,357000,1.70,33726
322110,2026-08-31,1680000,1.56,33726
217396,2026-08-31,3300000,1.56,33726
217376,2026-08-31,1209000,1.53,33726
190003,2026-08-31,1380000,1.45,33726
209068,2026-08-31,1230000,1.42,33726
132187,2026-08-31,456000,1.40,33726
295952,2026-08-31,3300000,1.36,33726
132720,2026-08-31,1140000,1.29,33726
287237,2026-08-31,5100000,1.07,33726
209979,2026-08-31,329148,1.05,33726
111196,2026-08-31,420000,1.01,33726
111243,2026-08-31,177000,1.00,33726
223586,2026-08-31,546000,0.96,33726
221661,2026-08-31,600000,0.85,33726
303180,2026-08-31,12000,0.13,33726
286335,2026-08-31,25771,0.08,33726
132500,2026-08-31,120000,4.94,425
132432,2026-08-31,903103,4.09,425
100790,2026-08-31,818153,3.72,425
100696,2026-08-31,616261,3.68,425
100530,2026-08-31,21810,3.31,425
100825,2026-08-31,196635,3.14,425
235355,2026-08-31,355018,3.11,425
100480,2026-08-31,192597,2.99,425
105790,2026-08-31,240000,2.93,425
324996,2026-08-31,2140837,2.83,425
100680,2026-08-31,153670,2.19,425
100092,2026-08-31,144978,2.12,425
132478,2026-08-31,525560,2.09,425
123395,2026-08-31,20017,2.03,425
100002,2026-08-31,86000,1.99,425
117174,2026-08-31,18000,1.94,425
208361,2026-08-31,286492,1.92,425
106076,2026-08-31,287979,1.77,425
100660,2026-08-31,189399,1.75,425
106285,2026-08-31,143296,1.73,425
115030,2026-08-31,583973,1.69,425
100126,2026-08-31,94716,1.66,425
100550,2026-08-31,133563,1.63,425
100425,2026-08-31,1300000,1.58,425
107815,2026-08-31,70000,1.56,425
132129,2026-08-31,883719,1.49,425
126299,2026-08-31,200000,1.47,425
132835,2026-08-31,93857,1.40,425
209344,2026-08-31,861106,1.35,425
228017,2026-08-31,336579,1.33,425
132541,2026-08-31,220000,1.33,425
323093,2026-08-31,2102088,1.31,425
100459,2026-08-31,53087,1.29,425
100295,2026-08-31,1500000,1.27,425
208607,2026-08-31,240000,1.24,425
117334,2026-08-31,2274456,1.18,425
293862,2026-08-31,1366105,1.17,425
122113,2026-08-31,120388,1.15,425
122275,2026-08-31,85131,1.15,425
303107,2026-08-31,1604226,1.14,425
228974,2026-08-31,306750,1.09,425
251791,2026-08-31,1400949,1.06,425
209068,2026-08-31,900339,1.04,425
111218,2026-08-31,303500,1.02,425
100101,2026-08-31,591532,1.00,425
100238,2026-08-31,407508,0.99,425
305013,2026-08-31,8854467,0.99,425
242153,2026-08-31,729012,0.95,425
100495,2026-08-31,100542,0.91,425
100488,2026-08-31,11466,0.90,425
132843,2026-08-31,320000,0.88,425
311742,2026-08-31,126657,0.86,425
200515,2026-08-31,100090,0.77,425
297629,2026-08-31,552938,0.77,425
100043,2026-08-31,320186,0.66,425
315602,2026-08-31,49579,0.62,425
132466,2026-08-31,15000,0.57,425
100133,2026-08-31,30570,0.57,425
208764,2026-08-31,285891,0.52,425
132259,2026-08-31,7001,0.38,425
100210,2026-08-31,20000,0.29,425
130037,2026-08-31,37500,0.01,425
219464,2026-08-31,34000,0.63,425
206863,2026-08-31,59300,0.00,425
213553,2026-08-31,249800,0.00,425
218596,2026-08-31,18000,0.00,425
207570,2026-08-31,129900,0.00,425
132174,2026-08-31,1306300,5.86,30398
100180,2026-08-31,2651760,5.80,30398
100510,2026-08-31,314899,3.93,30398
100112,2026-08-31,1152820,3.77,30398
132500,2026-08-31,75600,3.16,30398
132215,2026-08-31,665000,2.67,30398
132538,2026-08-31,72300,2.55,30398
100247,2026-08-31,1960000,2.54,30398
320350,2026-08-31,4646117,2.40,30398
100034,2026-08-31,715000,2.33,30398
132343,2026-08-31,157000,2.10,30398
237831,2026-08-31,1999000,2.10,30398
233063,2026-08-31,1010156,2.06,30398
228049,2026-08-31,742116,2.04,30398
132488,2026-08-31,69000,2.02,30398
208361,2026-08-31,290000,1.97,30398
207950,2026-08-31,455000,1.97,30398
132504,2026-08-31,73000,1.95,30398
122113,2026-08-31,191000,1.86,30398
226611,2026-08-31,4720209,1.83,30398
105790,2026-08-31,148000,1.83,30398
302988,2026-08-31,1522008,1.64,30398
239342,2026-08-31,437521,1.63,30398
214179,2026-08-31,647659,1.62,30398
100002,2026-08-31,66940,1.58,30398
205198,2026-08-31,250000,1.56,30398
100820,2026-08-31,190000,1.56,30398
132755,2026-08-31,295000,1.48,30398
215367,2026-08-31,950000,1.45,30398
200515,2026-08-31,184680,1.44,30398
132541,2026-08-31,235000,1.44,30398
106076,2026-08-31,227615,1.42,30398
100331,2026-08-31,270000,1.41,30398
100850,2026-08-31,600000,1.37,30398
100038,2026-08-31,625000,1.34,30398
100411,2026-08-31,106000,1.28,30398
208238,2026-08-31,205000,1.27,30398
132868,2026-08-31,585000,1.25,30398
220018,2026-08-31,197808,1.14,30398
117174,2026-08-31,10300,1.13,30398
222055,2026-08-31,68000,1.10,30398
109480,2026-08-31,680000,1.04,30398
132523,2026-08-31,805000,1.02,30398
216156,2026-08-31,73000,1.02,30398
218756,2026-08-31,469332,0.99,30398
100575,2026-08-31,265000,0.98,30398
132779,2026-08-31,250000,0.94,30398
210258,2026-08-31,555000,0.89,30398
132827,2026-08-31,7880,0.87,30398
113519,2026-08-31,250889,0.86,30398
113375,2026-08-31,210000,0.72,30398
100133,2026-08-31,36567,0.69,30398
317832,2026-08-31,3667438,0.66,30398
100233,2026-08-31,129588,0.50,30398
132174,2026-08-31,500000,2.27,1298
100180,2026-08-31,700000,1.55,1298
100112,2026-08-31,450000,1.49,1298
132215,2026-08-31,326427,1.33,1298
100325,2026-08-31,250000,1.00,1298
100510,2026-08-31,70000,0.88,1298
100247,2026-08-31,600000,0.79,1298
124715,2026-08-31,125000,0.77,1298
132454,2026-08-31,120000,0.68,1298
132540,2026-08-31,85000,0.64,1298
132555,2026-08-31,600000,0.61,1298
100209,2026-08-31,161191,0.57,1298
132898,2026-08-31,600000,0.49,1298
132281,2026-08-31,120000,0.49,1298
100312,2026-08-31,600000,0.43,1298
100182,2026-08-31,25000,0.43,1298
100257,2026-08-31,60000,0.41,1298
211385,2026-08-31,75000,0.41,1298
100875,2026-08-31,500000,0.40,1298
100087,2026-08-31,80000,0.35,1298
200132,2026-08-31,8000,0.30,1298
132477,2026-08-31,500000,0.29,1298
216369,2026-08-31,1200000,0.29,1298
100547,2026-08-31,250000,0.25,1298
219300,2026-08-31,200000,0.25,1298
209967,2026-08-31,200000,0.24,1298
132810,2026-08-31,220000,0.23,1298
100104,2026-08-31,200000,0.23,1298
132162,2026-08-31,158135,0.20,1298
100495,2026-08-31,20000,0.19,1298
221083,2026-08-31,1000000,0.17,1298
100620,2026-08-31,40000,0.16,1298
100168,2026-08-31,66000,0.15,1298
200055,2026-08-31,150000,0.15,1298
132756,2026-08-31,120000,0.15,1298
132174,2026-08-31,1620000,7.53,17164
100180,2026-08-31,3200000,7.26,17164
100325,2026-08-31,1025000,4.19,17164
132215,2026-08-31,1000000,4.16,17164
100209,2026-08-31,1099277,3.99,17164
100520,2026-08-31,326017,3.42,17164
100112,2026-08-31,900000,3.05,17164
208461,2026-08-31,1798211,2.99,17164
212427,2026-08-31,128483,2.19,17164
219494,2026-08-31,135000,2.07,17164
208280,2026-08-31,246000,2.06,17164
324996,2026-08-31,1430000,1.99,17164
100510,2026-08-31,150000,1.94,17164
252306,2026-08-31,1700000,1.78,17164
237831,2026-08-31,1628070,1.77,17164
132777,2026-08-31,404720,1.70,17164
222055,2026-08-31,100000,1.67,17164
209550,2026-08-31,1300000,1.66,17164
111243,2026-08-31,274825,1.63,17164
209967,2026-08-31,1305037,1.62,17164
293862,2026-08-31,1700000,1.53,17164
132424,2026-08-31,510393,1.47,17164
132755,2026-08-31,280000,1.46,17164
100271,2026-08-31,275377,1.39,17164
235355,2026-08-31,150000,1.38,17164
100034,2026-08-31,400000,1.35,17164
100425,2026-08-31,1037977,1.33,17164
132432,2026-08-31,275000,1.31,17164
100790,2026-08-31,267031,1.28,17164
317139,2026-08-31,4480856,1.28,17164
100850,2026-08-31,500006,1.18,17164
100067,2026-08-31,250000,1.17,17164
215477,2026-08-31,120435,1.11,17164
100114,2026-08-31,66000,1.08,17164
223658,2026-08-31,411498,1.02,17164
100253,2026-08-31,582560,1.00,17164
280713,2026-08-31,1300000,0.98,17164
100480,2026-08-31,60000,0.98,17164
132343,2026-08-31,70000,0.97,17164
210217,2026-08-31,415318,0.97,17164
254493,2026-08-31,160000,0.96,17164
207872,2026-08-31,191470,0.95,17164
208745,2026-08-31,642358,0.85,17164
111218,2026-08-31,226209,0.80,17164
100488,2026-08-31,9667,0.80,17164
100400,2026-08-31,725000,0.80,17164
132810,2026-08-31,727027,0.78,17164
322918,2026-08-31,500000,0.75,17164
307332,2026-08-31,987514,0.68,17164
304682,2026-08-31,120000,0.67,17164
200025,2026-08-31,260000,0.66,17164
223187,2026-08-31,52955,0.62,17164
211840,2026-08-31,76526,0.59,17164
100495,2026-08-31,60547,0.58,17164
117334,2026-08-31,1000000,0.55,17164
100103,2026-08-31,373776,0.53,17164
210284,2026-08-31,251590,0.49,17164
209373,2026-08-31,367942,0.47,17164
107815,2026-08-31,19673,0.46,17164
311991,2026-08-31,712744,0.44,17164
209220,2026-08-31,152211,0.43,17164
205702,2026-08-31,391005,0.40,17164
294320,2026-08-31,200401,0.37,17164
210258,2026-08-31,224018,0.37,17164
132478,2026-08-31,82468,0.35,17164
113683,2026-08-31,400000,0.34,17164
286335,2026-08-31,73623,0.26,17164
200057,2026-08-31,224668,0.21,17164
132827,2026-08-31,1872,0.21,17164
269404,2026-08-31,22380,0.20,17164
252306,2026-08-31,4768866,5.03,48169
132777,2026-08-31,1112817,4.70,48169
100251,2026-08-31,394531,3.66,48169
117334,2026-08-31,5670643,3.11,48169
123395,2026-08-31,28722,3.08,48169
293862,2026-08-31,3397022,3.08,48169
209550,2026-08-31,2350000,3.03,48169
200515,2026-08-31,338350,2.76,48169
302988,2026-08-31,2371158,2.67,48169
205198,2026-08-31,389667,2.53,48169
132215,2026-08-31,600000,2.51,48169
223595,2026-08-31,196652,2.47,48169
208883,2026-08-31,436503,2.41,48169
132174,2026-08-31,500000,2.34,48169
320028,2026-08-31,200000,2.08,48169
100209,2026-08-31,550000,2.01,48169
219494,2026-08-31,125000,1.93,48169
132541,2026-08-31,300989,1.92,48169
124715,2026-08-31,300000,1.92,48169
254493,2026-08-31,316983,1.91,48169
208607,2026-08-31,344485,1.88,48169
308764,2026-08-31,1214565,1.88,48169
100002,2026-08-31,75000,1.84,48169
222961,2026-08-31,267747,1.81,48169
222055,2026-08-31,101312,1.71,48169
209373,2026-08-31,1314397,1.69,48169
100550,2026-08-31,121536,1.58,48169
304682,2026-08-31,269999,1.52,48169
210072,2026-08-31,31700,1.51,48169
217379,2026-08-31,300000,1.51,48169
323819,2026-08-31,3077344,1.38,48169
221645,2026-08-31,554550,1.35,48169
315602,2026-08-31,96605,1.29,48169
215367,2026-08-31,750000,1.20,48169
296214,2026-08-31,3779714,1.19,48169
323093,2026-08-31,1793566,1.19,48169
100570,2026-08-31,1172179,1.16,48169
208766,2026-08-31,105000,1.15,48169
289108,2026-08-31,720000,1.06,48169
269404,2026-08-31,117906,1.05,48169
305799,2026-08-31,328845,1.03,48169
223187,2026-08-31,86209,1.02,48169
274045,2026-08-31,222551,1.01,48169
122113,2026-08-31,99563,1.01,48169
100271,2026-08-31,197709,1.00,48169
322541,2026-08-31,1600000,0.99,48169
132488,2026-08-31,31362,0.96,48169
200132,2026-08-31,24283,0.95,48169
225850,2026-08-31,3246505,0.85,48169
235668,2026-08-31,462856,0.82,48169
100165,2026-08-31,1282354,0.80,48169
305013,2026-08-31,6408928,0.76,48169
122275,2026-08-31,46391,0.66,48169
208461,2026-08-31,373119,0.62,48169
322180,2026-08-31,170511,0.60,48169
303107,2026-08-31,756595,0.57,48169
215216,2026-08-31,15154,0.55,48169
100674,2026-08-31,41388,0.42,48169
320350,2026-08-31,47176,0.03,48169
100180,2026-08-31,7442628,17.02,44435
132174,2026-08-31,3166820,14.85,44435
100112,2026-08-31,3003197,10.27,44435
100247,2026-08-31,7301821,9.88,44435
132215,2026-08-31,2192591,9.19,44435
100469,2026-08-31,6212827,7.15,44435
132187,2026-08-31,1660267,5.44,44435
286335,2026-08-31,1376123,4.82,44435
278580,2026-08-31,16862090,4.67,44435
132134,2026-08-31,4515939,3.47,44435
132461,2026-08-31,9152509,3.37,44435
132648,2026-08-31,45258396,3.33,44435
132483,2026-08-31,8123552,3.32,44435
132477,2026-08-31,5206503,3.17,44435
132488,2026-08-31,152982,4.74,30248
132343,2026-08-31,282770,4.01,30248
322918,2026-08-31,2514061,3.87,30248
219494,2026-08-31,228359,3.59,30248
209867,2026-08-31,4994751,3.23,30248
111243,2026-08-31,520759,3.16,30248
117334,2026-08-31,5317287,2.97,30248
100420,2026-08-31,176555,2.92,30248
100480,2026-08-31,162603,2.71,30248
100547,2026-08-31,2439594,2.58,30248
100850,2026-08-31,1056922,2.55,30248
223595,2026-08-31,193974,2.47,30248
100093,2026-08-31,825387,2.47,30248
100825,2026-08-31,141791,2.43,30248
100400,2026-08-31,2007740,2.28,30248
209550,2026-08-31,1645844,2.15,30248
208280,2026-08-31,245421,2.10,30248
100331,2026-08-31,372955,2.06,30248
130965,2026-08-31,4497503,2.05,30248
100490,2026-08-31,52113,1.98,30248
132725,2026-08-31,29323,1.93,30248
132810,2026-08-31,1752753,1.93,30248
132155,2026-08-31,3246949,1.88,30248
100295,2026-08-31,2041257,1.86,30248
271875,2026-08-31,395318,1.83,30248
132868,2026-08-31,772214,1.74,30248
132134,2026-08-31,2233209,1.74,30248
132286,2026-08-31,445848,1.74,30248
132432,2026-08-31,355584,1.73,30248
100530,2026-08-31,10440,1.71,30248
132483,2026-08-31,4045651,1.68,30248
216156,2026-08-31,111793,1.66,30248
289554,2026-08-31,403563,1.60,30248
200055,2026-08-31,1503543,1.59,30248
100002,2026-08-31,63161,1.58,30248
132461,2026-08-31,4145696,1.55,30248
132477,2026-08-31,2325964,1.43,30248
132424,2026-08-31,483763,1.43,30248
100550,2026-08-31,106408,1.40,30248
219442,2026-08-31,333942,1.31,30248
221790,2026-08-31,129091,1.26,30248
208361,2026-08-31,171636,1.24,30248
100387,2026-08-31,16099,1.22,30248
132321,2026-08-31,301159,1.14,30248
100188,2026-08-31,578883,1.13,30248
320028,2026-08-31,106460,1.12,30248
100425,2026-08-31,750478,0.98,30248
219700,2026-08-31,91450,0.74,30248
210850,2026-08-31,605923,0.73,30248
217280,2026-08-31,2421289,0.66,30248
132174,2026-08-31,1427832,6.87,48102
100180,2026-08-31,2905863,6.82,48102
100325,2026-08-31,1032167,4.36,48102
132454,2026-08-31,568479,3.41,48102
100247,2026-08-31,2255759,3.13,48102
100209,2026-08-31,815332,3.06,48102
100112,2026-08-31,798341,2.80,48102
132215,2026-08-31,629731,2.71,48102
252306,2026-08-31,2237532,2.43,48102
100034,2026-08-31,682779,2.39,48102
100520,2026-08-31,195454,2.12,48102
100114,2026-08-31,122497,2.07,48102
100510,2026-08-31,135485,1.81,48102
132538,2026-08-31,33498,1.27,48102
132540,2026-08-31,145025,1.15,48102
132500,2026-08-31,24350,1.09,48102
216156,2026-08-31,71782,1.08,48102
100875,2026-08-31,1122515,0.95,48102
126299,2026-08-31,115630,0.93,48102
132921,2026-08-31,172500,0.91,48102
100228,2026-08-31,200250,0.87,48102
219300,2026-08-31,646122,0.86,48102
105200,2026-08-31,32043,0.84,48102
218763,2026-08-31,128320,0.82,48102
132331,2026-08-31,67947,0.81,48102
132777,2026-08-31,172105,0.75,48102
208361,2026-08-31,100278,0.73,48102
124804,2026-08-31,121774,0.69,48102
273811,2026-08-31,265625,0.67,48102
211385,2026-08-31,110533,0.64,48102
131344,2026-08-31,375000,0.64,48102
287237,2026-08-31,2772410,0.63,48102
324996,2026-08-31,438264,0.63,48102
131642,2026-08-31,229314,0.62,48102
280713,2026-08-31,744161,0.58,48102
200091,2026-08-31,332348,0.53,48102
217379,2026-08-31,95112,0.49,48102
132868,2026-08-31,214539,0.49,48102
217389,2026-08-31,268691,0.48,48102
132555,2026-08-31,425696,0.46,48102
112599,2026-08-31,46489,0.44,48102
100067,2026-08-31,87622,0.42,48102
132541,2026-08-31,57504,0.38,48102
100820,2026-08-31,42181,0.37,48102
223586,2026-08-31,193570,0.37,48102
218771,2026-08-31,23883,0.36,48102
224880,2026-08-31,407833,0.31,48102
219494,2026-08-31,19141,0.30,48102
100312,2026-08-31,341392,0.26,48102
100182,2026-08-31,11061,0.20,48102
322950,2026-08-31,16664,0.16,48102
282626,2026-08-31,100909,0.16,48102
132343,2026-08-31,3525,0.05,48102
222055,2026-08-31,1854,0.03,48102
324997,2026-08-31,138264,0.02,48102
100472,2026-08-31,1345,0.01,48102
100547,2026-08-31,2380,0.00,48102
100295,2026-08-31,264,0.00,48102
132174,2026-08-31,913000,4.53,43915
100469,2026-08-31,2390000,2.91,43915
132215,2026-08-31,630000,2.80,43915
132187,2026-08-31,778969,2.70,43915
252306,2026-08-31,2335000,2.62,43915
100180,2026-08-31,1052799,2.55,43915
132296,2026-08-31,278654,2.36,43915
271867,2026-08-31,324652,2.12,43915
316263,2026-08-31,429600,2.10,43915
100510,2026-08-31,145000,2.00,43915
100325,2026-08-31,449000,1.96,43915
124558,2026-08-31,24695,1.94,43915
132286,2026-08-31,469020,1.91,43915
200132,2026-08-31,44190,1.83,43915
100103,2026-08-31,1206000,1.82,43915
242461,2026-08-31,1281879,1.79,43915
211337,2026-08-31,55000,1.77,43915
208766,2026-08-31,148000,1.72,43915
132488,2026-08-31,53000,1.71,43915
100530,2026-08-31,9991,1.71,43915
207872,2026-08-31,316797,1.67,43915
100520,2026-08-31,146000,1.64,43915
100112,2026-08-31,450000,1.63,43915
111218,2026-08-31,422000,1.60,43915
100312,2026-08-31,1978000,1.57,43915
278580,2026-08-31,5100000,1.50,43915
103100,2026-08-31,227000,1.47,43915
132725,2026-08-31,20100,1.38,43915
208461,2026-08-31,775000,1.38,43915
100114,2026-08-31,77000,1.34,43915
100420,2026-08-31,72668,1.26,43915
254493,2026-08-31,196000,1.25,43915
122275,2026-08-31,82000,1.24,43915
132539,2026-08-31,282000,1.23,43915
132497,2026-08-31,79000,1.21,43915
108869,2026-08-31,39000,1.18,43915
100049,2026-08-31,825000,1.17,43915
132755,2026-08-31,209046,1.16,43915
132541,2026-08-31,170000,1.15,43915
222055,2026-08-31,64200,1.15,43915
100034,2026-08-31,310000,1.12,43915
289108,2026-08-31,717000,1.12,43915
279664,2026-08-31,218253,1.10,43915
208883,2026-08-31,186640,1.09,43915
220350,2026-08-31,992920,1.09,43915
132636,2026-08-31,467563,1.03,43915
132644,2026-08-31,57688,1.01,43915
210590,2026-08-31,51500,0.98,43915
228974,2026-08-31,238000,0.95,43915
124208,2026-08-31,530000,0.95,43915
112599,2026-08-31,97038,0.95,43915
131642,2026-08-31,336000,0.94,43915
317635,2026-08-31,2445000,0.92,43915
293602,2026-08-31,438272,0.89,43915
126299,2026-08-31,99662,0.83,43915
211595,2026-08-31,1038462,0.82,43915
190059,2026-08-31,103000,0.78,43915
219691,2026-08-31,150000,0.77,43915
209979,2026-08-31,215000,0.77,43915
132814,2026-08-31,249000,0.76,43915
132538,2026-08-31,19300,0.75,43915
213838,2026-08-31,128000,0.71,43915
100271,2026-08-31,128000,0.69,43915
244937,2026-08-31,8300,0.63,43915
100067,2026-08-31,125000,0.62,43915
209147,2026-08-31,125000,0.62,43915
219494,2026-08-31,35000,0.57,43915
293862,2026-08-31,510455,0.49,43915
132921,2026-08-31,75000,0.41,43915
232793,2026-08-31,37500,0.40,43915
132174,2026-08-31,1949269,9.70,48902
100034,2026-08-31,1763087,6.38,48902
200132,2026-08-31,139351,5.79,48902
132755,2026-08-31,1013184,5.65,48902
100790,2026-08-31,1101053,5.64,48902
100820,2026-08-31,618094,5.61,48902
132541,2026-08-31,815664,5.54,48902
105200,2026-08-31,200314,5.45,48902
100182,2026-08-31,275836,5.15,48902
286335,2026-08-31,1372352,5.10,48902
111218,2026-08-31,1155427,4.39,48902
131642,2026-08-31,1346645,3.78,48902
100469,2026-08-31,3025485,3.69,48902
124804,2026-08-31,485085,2.85,48902
132466,2026-08-31,64243,2.76,48902
126371,2026-08-31,8641820,2.61,48902
132720,2026-08-31,1857724,2.37,48902
219442,2026-08-31,565972,2.32,48902
211337,2026-08-31,69936,2.26,48902
100331,2026-08-31,388670,2.25,48902
220350,2026-08-31,1790476,1.97,48902
111243,2026-08-31,279811,1.78,48902
100180,2026-08-31,631388,1.53,48902
132810,2026-08-31,1069147,1.23,48902
100480,2026-08-31,68840,1.20,48902
208280,2026-08-31,43662,0.39,48902
132522,2026-08-31,331904,0.34,48902
100325,2026-08-31,50406,0.22,48902
210174,2026-08-31,73790,0.09,48902
252306,2026-08-31,8280000,9.36,33728
100114,2026-08-31,396000,6.97,33728
100790,2026-08-31,1143000,5.90,33728
132497,2026-08-31,345300,5.34,33728
275316,2026-08-31,459888,4.74,33728
294388,2026-08-31,720000,4.26,33728
100800,2026-08-31,1053533,3.77,33728
209550,2026-08-31,2619000,3.62,33728
132432,2026-08-31,702000,3.61,33728
200132,2026-08-31,72000,3.01,33728
209232,2026-08-31,1305000,2.81,33728
100251,2026-08-31,283500,2.81,33728
208607,2026-08-31,471000,2.76,33728
132500,2026-08-31,58500,2.73,33728
100875,2026-08-31,2637000,2.32,33728
208766,2026-08-31,191250,2.24,33728
108869,2026-08-31,72000,2.21,33728
311742,2026-08-31,278570,2.14,33728
210072,2026-08-31,40500,2.07,33728
215477,2026-08-31,202500,2.00,33728
321136,2026-08-31,1036288,1.92,33728
207901,2026-08-31,162000,1.83,33728
132454,2026-08-31,288000,1.80,33728
322541,2026-08-31,2610000,1.73,33728
293862,2026-08-31,1530000,1.49,33728
132443,2026-08-31,74700,1.48,33728
100520,2026-08-31,126000,1.43,33728
208727,2026-08-31,406797,1.29,33728
284650,2026-08-31,462000,1.28,33728
218763,2026-08-31,180000,1.20,33728
223788,2026-08-31,111615,1.12,33728
207673,2026-08-31,1422022,0.94,33728
200515,2026-08-31,99000,0.86,33728
107815,2026-08-31,25119,0.63,33728
122163,2026-08-31,515419,0.62,33728
100126,2026-08-31,14067,0.28,33728
207901,2026-08-31,273321,3.15,44503
100469,2026-08-31,1644754,2.06,44503
208766,2026-08-31,170630,2.04,44503
271867,2026-08-31,260237,1.75,44503
208883,2026-08-31,281600,1.70,44503
100182,2026-08-31,86829,1.66,44503
132541,2026-08-31,232782,1.62,44503
132187,2026-08-31,440540,1.57,44503
254493,2026-08-31,231451,1.53,44503
100103,2026-08-31,975026,1.52,44503
286335,2026-08-31,378703,1.45,44503
210072,2026-08-31,27749,1.45,44503
210590,2026-08-31,72682,1.43,44503
132667,2026-08-31,8116658,1.36,44503
278580,2026-08-31,4437721,1.34,44503
100493,2026-08-31,177872,1.32,44503
122275,2026-08-31,82881,1.30,44503
217376,2026-08-31,848527,1.25,44503
100257,2026-08-31,162433,1.25,44503
211337,2026-08-31,35766,1.19,44503
100477,2026-08-31,1913841,1.18,44503
132777,2026-08-31,256097,1.18,44503
209967,2026-08-31,861802,1.18,44503
124804,2026-08-31,185138,1.12,44503
302988,2026-08-31,913147,1.12,44503
132843,2026-08-31,348554,1.11,44503
131642,2026-08-31,354043,1.02,44503
296765,2026-08-31,8508,1.01,44503
100271,2026-08-31,177404,0.98,44503
190059,2026-08-31,121755,0.95,44503
132648,2026-08-31,11721490,0.94,44503
293862,2026-08-31,949301,0.94,44503
132822,2026-08-31,18414225,0.93,44503
217379,2026-08-31,162551,0.90,44503
132296,2026-08-31,100709,0.88,44503
103806,2026-08-31,97140,0.87,44503
132497,2026-08-31,52396,0.83,44503
117569,2026-08-31,41186,0.83,44503
100104,2026-08-31,642303,0.83,44503
103100,2026-08-31,124867,0.83,44503
132234,2026-08-31,599795,0.80,44503
242461,2026-08-31,550760,0.79,44503
132754,2026-08-31,2380598,0.78,44503
126299,2026-08-31,88538,0.76,44503
132814,2026-08-31,235828,0.75,44503
208461,2026-08-31,409973,0.75,44503
117354,2026-08-31,168564,0.74,44503
112070,2026-08-31,375099,0.74,44503
190071,2026-08-31,46063,0.74,44503
212427,2026-08-31,39138,0.73,44503
228974,2026-08-31,173316,0.72,44503
126371,2026-08-31,2311807,0.72,44503
317635,2026-08-31,1859995,0.72,44503
269404,2026-08-31,71465,0.70,44503
132259,2026-08-31,11302,0.70,44503
132466,2026-08-31,15914,0.70,44503
132523,2026-08-31,477197,0.69,44503
216369,2026-08-31,2515222,0.68,44503
100113,2026-08-31,966955,0.66,44503
124494,2026-08-31,92909,0.65,44503
213838,2026-08-31,112825,0.65,44503
100290,2026-08-31,1357,0.64,44503
100575,2026-08-31,152503,0.64,44503
220350,2026-08-31,570634,0.64,44503
211840,2026-08-31,75550,0.64,44503
208238,2026-08-31,90459,0.64,44503
200091,2026-08-31,364796,0.62,44503
221877,2026-08-31,64024,0.59,44503
100830,2026-08-31,87905,0.59,44503
132720,2026-08-31,442552,0.58,44503
132539,2026-08-31,121659,0.55,44503
112455,2026-08-31,87045,0.55,44503
226720,2026-08-31,257008,0.54,44503
106395,2026-08-31,79963,0.54,44503
109930,2026-08-31,43075,0.54,44503
132779,2026-08-31,127178,0.54,44503
132522,2026-08-31,501215,0.53,44503
100096,2026-08-31,394951,0.53,44503
132827,2026-08-31,4219,0.53,44503
132508,2026-08-31,209484,0.52,44503
220018,2026-08-31,78729,0.52,44503
233063,2026-08-31,224234,0.52,44503
132644,2026-08-31,27993,0.51,44503
210258,2026-08-31,263988,0.48,44503
100483,2026-08-31,78554,0.48,44503
237831,2026-08-31,399069,0.48,44503
100086,2026-08-31,304302,0.47,44503
295872,2026-08-31,28204,0.47,44503
215367,2026-08-31,261802,0.46,44503
100067,2026-08-31,86783,0.45,44503
123642,2026-08-31,54189,0.45,44503
225051,2026-08-31,198347,0.45,44503
132830,2026-08-31,81805,0.44,44503
102355,2026-08-31,53736,0.43,44503
318678,2026-08-31,749489,0.42,44503
131344,2026-08-31,230902,0.42,44503
208607,2026-08-31,68291,0.41,44503
228347,2026-08-31,185541,0.41,44503
132149,2026-08-31,812792,0.40,44503
132525,2026-08-31,1361913,0.39,44503
132683,2026-08-31,25971,0.39,44503
105790,2026-08-31,26922,0.38,44503
132892,2026-08-31,104626,0.38,44503
100253,2026-08-31,201096,0.38,44503
100411,2026-08-31,25918,0.36,44503
132331,2026-08-31,28171,0.36,44503
208364,2026-08-31,32708,0.35,44503
322541,2026-08-31,514757,0.35,44503
293380,2026-08-31,53182,0.35,44503
243036,2026-08-31,177056,0.35,44503
218756,2026-08-31,141921,0.34,44503
208412,2026-08-31,201775,0.34,44503
100877,2026-08-31,215884,0.33,44503
109480,2026-08-31,190664,0.33,44503
210174,2026-08-31,265659,0.33,44503
123457,2026-08-31,14080,0.32,44503
100488,2026-08-31,3485,0.32,44503
132889,2026-08-31,74394,0.31,44503
279664,2026-08-31,57274,0.30,44503
219691,2026-08-31,56614,0.30,44503
100660,2026-08-31,27683,0.30,44503
314935,2026-08-31,79112,0.29,44503
100408,2026-08-31,23027,0.29,44503
212705,2026-08-31,61646,0.28,44503
100368,2026-08-31,231706,0.28,44503
209037,2026-08-31,379682,0.28,44503
100092,2026-08-31,16309,0.28,44503
207872,2026-08-31,50305,0.27,44503
207673,2026-08-31,371441,0.25,44503
215477,2026-08-31,23587,0.24,44503
100495,2026-08-31,22220,0.23,44503
268618,2026-08-31,18454,0.23,44503
294320,2026-08-31,109696,0.23,44503
113683,2026-08-31,243547,0.23,44503
132478,2026-08-31,48306,0.22,44503
123395,2026-08-31,1889,0.22,44503
228460,2026-08-31,740562,0.22,44503
208414,2026-08-31,532138,0.22,44503
213327,2026-08-31,335667,0.21,44503
100163,2026-08-31,27316,0.20,44503
101301,2026-08-31,87293,0.20,44503
317139,2026-08-31,621321,0.20,44503
132129,2026-08-31,99223,0.19,44503
228049,2026-08-31,59538,0.19,44503
100410,2026-08-31,40110,0.18,44503
117174,2026-08-31,1473,0.18,44503
100164,2026-08-31,28865,0.12,44503
217385,2026-08-31,160971,0.11,44503
220512,2026-08-31,478421,0.11,44503
132174,2026-08-31,300000,1.54,2051
100112,2026-08-31,354000,1.32,2051
132500,2026-08-31,23070,1.10,2051
132454,2026-08-31,164334,1.05,2051
100182,2026-08-31,48500,0.93,2051
132555,2026-08-31,796700,0.92,2051
100325,2026-08-31,196400,0.89,2051
100180,2026-08-31,353000,0.88,2051
132215,2026-08-31,154462,0.71,2051
132488,2026-08-31,18800,0.63,2051
132755,2026-08-31,103000,0.59,2051
100825,2026-08-31,30400,0.56,2051
218071,2026-08-31,152500,0.56,2051
322541,2026-08-31,780000,0.53,2051
100420,2026-08-31,27403,0.49,2051
209967,2026-08-31,350000,0.48,2051
293862,2026-08-31,473639,0.47,2051
132497,2026-08-31,29296,0.46,2051
222055,2026-08-31,25000,0.46,2051
233063,2026-08-31,195000,0.46,2051
100470,2026-08-31,680000,0.44,2051
132525,2026-08-31,1515000,0.44,2051
126299,2026-08-31,50773,0.44,2051
124000,2026-08-31,263085,0.43,2051
132814,2026-08-31,133523,0.42,2051
105790,2026-08-31,28282,0.40,2051
132432,2026-08-31,76000,0.40,2051
132843,2026-08-31,122368,0.39,2051
132134,2026-08-31,460000,0.39,2051
124715,2026-08-31,55000,0.39,2051
221033,2026-08-31,135000,0.36,2051
209078,2026-08-31,85000,0.35,2051
132548,2026-08-31,126741,0.34,2051
100209,2026-08-31,80770,0.32,2051
131266,2026-08-31,20284,0.31,2051
100477,2026-08-31,490000,0.30,2051
132538,2026-08-31,7100,0.29,2051
132810,2026-08-31,207500,0.25,2051
132486,2026-08-31,67372,0.20,2051
111243,2026-08-31,31000,0.20,2051
100875,2026-08-31,220000,0.20,2051
132187,2026-08-31,55000,0.20,2051
217376,2026-08-31,118858,0.18,2051
322180,2026-08-31,43441,0.17,2051
208607,2026-08-31,18716,0.11,2051
321331,2026-08-31,46116,0.09,2051
223586,2026-08-31,38746,0.08,2051
237742,2026-08-31,19450,0.06,2051
100520,2026-08-31,450000,5.22,19166
252306,2026-08-31,4250000,4.93,19166
100820,2026-08-31,525000,4.93,19166
215367,2026-08-31,2640600,4.63,19166
109480,2026-08-31,2085149,3.67,19166
132478,2026-08-31,780000,3.61,19166
100114,2026-08-31,200000,3.61,19166
100825,2026-08-31,183850,3.41,19166
209550,2026-08-31,2336875,3.31,19166
132827,2026-08-31,25809,3.27,19166
100830,2026-08-31,475000,3.19,19166
132500,2026-08-31,65000,3.11,19166
105200,2026-08-31,110000,3.09,19166
132454,2026-08-31,475000,3.04,19166
100696,2026-08-31,425000,2.96,19166
132343,2026-08-31,175000,2.69,19166
311742,2026-08-31,318200,2.51,19166
100575,2026-08-31,500750,2.12,19166
100840,2026-08-31,2115751,2.11,19166
293862,2026-08-31,2000000,1.99,19166
114167,2026-08-31,550000,1.99,19166
100251,2026-08-31,180000,1.83,19166
223595,2026-08-31,130000,1.79,19166
108486,2026-08-31,61501,1.77,19166
322918,2026-08-31,1000000,1.67,19166
132424,2026-08-31,486943,1.55,19166
100182,2026-08-31,75000,1.45,19166
117354,2026-08-31,325000,1.43,19166
292711,2026-08-31,1550000,1.36,19166
320350,2026-08-31,2200000,1.30,19166
100790,2026-08-31,215666,1.14,19166
105533,2026-08-31,561453,1.13,19166
294253,2026-08-31,1699255,1.10,19166
100238,2026-08-31,385766,1.10,19166
200007,2026-08-31,1500000,1.08,19166
322716,2026-08-31,500000,1.03,19166
100165,2026-08-31,1489205,1.02,19166
200054,2026-08-31,812502,1.00,19166
317635,2026-08-31,2500000,0.98,19166
213429,2026-08-31,2500000,0.94,19166
123398,2026-08-31,150000,0.92,19166
321331,2026-08-31,420000,0.79,19166
323093,2026-08-31,1000000,0.73,19166
211969,2026-08-31,300000,0.68,19166
304701,2026-08-31,819651,0.66,19166
221959,2026-08-31,807441,0.42,19166
130517,2026-08-31,290000,0.37,19166
317832,2026-08-31,1001118,0.21,19166
117506,2026-08-31,43875,0.09,19166
272059,2026-08-31,777068,0.00,19166
132174,2026-08-31,1791825,9.24,3617
100180,2026-08-31,3406930,8.57,3617
100325,2026-08-31,1089563,4.94,3617
100247,2026-08-31,3204675,4.77,3617
100510,2026-08-31,286515,4.11,3617
132454,2026-08-31,615093,3.95,3617
252306,2026-08-31,2969285,3.46,3617
100209,2026-08-31,848105,3.41,3617
100034,2026-08-31,902886,3.39,3617
132215,2026-08-31,678951,3.13,3617
132538,2026-08-31,44016,1.79,3617
216156,2026-08-31,108885,1.75,3617
100112,2026-08-31,447863,1.68,3617
132500,2026-08-31,32893,1.58,3617
100520,2026-08-31,131693,1.53,3617
219494,2026-08-31,79687,1.36,3617
132540,2026-08-31,157739,1.34,3617
100114,2026-08-31,74146,1.34,3617
100251,2026-08-31,122573,1.25,3617
100800,2026-08-31,333603,1.23,3617
100228,2026-08-31,236950,1.10,3617
208361,2026-08-31,137976,1.08,3617
218071,2026-08-31,289225,1.07,3617
217389,2026-08-31,552857,1.07,3617
254493,2026-08-31,152926,1.02,3617
132508,2026-08-31,403134,1.00,3617
132777,2026-08-31,213702,1.00,3617
100570,2026-08-31,907486,0.99,3617
211385,2026-08-31,159372,0.98,3617
100875,2026-08-31,1071823,0.97,3617
132755,2026-08-31,165847,0.96,3617
132898,2026-08-31,1018429,0.95,3617
219300,2026-08-31,665971,0.95,3617
100312,2026-08-31,1146789,0.94,3617
215367,2026-08-31,529642,0.93,3617
132187,2026-08-31,258242,0.93,3617
102355,2026-08-31,108617,0.88,3617
209550,2026-08-31,597400,0.85,3617
208607,2026-08-31,138237,0.83,3617
322918,2026-08-31,493289,0.82,3617
211840,2026-08-31,95478,0.82,3617
132830,2026-08-31,149461,0.81,3617
323093,2026-08-31,1089809,0.79,3617
324996,2026-08-31,501209,0.77,3617
132868,2026-08-31,313223,0.77,3617
200132,2026-08-31,17767,0.76,3617
235506,2026-08-31,339282,0.70,3617
210072,2026-08-31,12334,0.65,3617
132921,2026-08-31,110012,0.62,3617
100049,2026-08-31,407049,0.60,3617
207952,2026-08-31,693014,0.57,3617
112599,2026-08-31,55182,0.56,3617
124715,2026-08-31,76362,0.54,3617
100547,2026-08-31,447183,0.51,3617
208727,2026-08-31,155296,0.51,3617
100290,2026-08-31,1010,0.48,3617
223595,2026-08-31,32974,0.46,3617
103806,2026-08-31,46545,0.42,3617
210590,2026-08-31,20000,0.40,3617
100257,2026-08-31,44773,0.35,3617
132281,2026-08-31,67431,0.31,3617
100124,2026-08-31,68461,0.28,3617
222055,2026-08-31,12843,0.24,3617
117334,2026-08-31,369401,0.22,3617
210850,2026-08-31,109106,0.14,3617
211337,2026-08-31,3456,0.12,3617
217126,2026-08-31,237033,0.03,3617
102452,2026-08-31,65806,0.00,3617
132144,2026-08-31,257693,2.21,50666
210036,2026-08-31,700000,1.96,50666
223430,2026-08-31,1000000,1.95,50666
317201,2026-08-31,925000,1.89,50666
200515,2026-08-31,202964,1.84,50666
208433,2026-08-31,239436,1.83,50666
190003,2026-08-31,1450000,1.80,50666
214084,2026-08-31,121074,1.74,50666
105714,2026-08-31,335861,1.73,50666
222961,2026-08-31,230000,1.73,50666
218763,2026-08-31,242803,1.68,50666
304714,2026-08-31,276217,1.67,50666
303157,2026-08-31,496018,1.66,50666
207950,2026-08-31,330000,1.66,50666
132636,2026-08-31,700000,1.62,50666
293665,2026-08-31,956911,1.55,50666
217400,2026-08-31,760558,1.55,50666
100294,2026-08-31,2900000,1.54,50666
222264,2026-08-31,739359,1.54,50666
132889,2026-08-31,363322,1.53,50666
218771,2026-08-31,91683,1.51,50666
273033,2026-08-31,5600000,1.48,50666
100112,2026-08-31,390000,1.48,50666
297249,2026-08-31,603481,1.48,50666
224849,2026-08-31,494304,1.48,50666
131344,2026-08-31,800000,1.47,50666
132466,2026-08-31,32500,1.46,50666
100180,2026-08-31,570000,1.45,50666
274045,2026-08-31,285594,1.45,50666
217757,2026-08-31,347500,1.43,50666
132548,2026-08-31,525411,1.42,50666
320350,2026-08-31,2380024,1.42,50666
130019,2026-08-31,448934,1.42,50666
132805,2026-08-31,1100000,1.41,50666
132555,2026-08-31,1200000,1.41,50666
100233,2026-08-31,314688,1.40,50666
124558,2026-08-31,17000,1.40,50666
213046,2026-08-31,1200000,1.38,50666
132163,2026-08-31,800000,1.37,50666
132922,2026-08-31,3000000,1.37,50666
100378,2026-08-31,1233174,1.37,50666
100214,2026-08-31,1035434,1.35,50666
105283,2026-08-31,523319,1.34,50666
316659,2026-08-31,1092782,1.33,50666
324996,2026-08-31,850000,1.32,50666
100048,2026-08-31,189442,1.31,50666
209068,2026-08-31,950000,1.29,50666
223571,2026-08-31,1383801,1.28,50666
271581,2026-08-31,502890,1.23,50666
132734,2026-08-31,1400000,1.22,50666
301912,2026-08-31,412332,1.21,50666
132790,2026-08-31,625000,1.19,50666
223478,2026-08-31,1446467,1.17,50666
315602,2026-08-31,71593,1.06,50666
100674,2026-08-31,94349,1.05,50666
322858,2026-08-31,493200,1.05,50666
226019,2026-08-31,7928321,1.00,50666
100355,2026-08-31,1335482,0.99,50666
293664,2026-08-31,143892,0.92,50666
200094,2026-08-31,1161906,0.78,50666
132732,2026-08-31,364536,0.66,50666
109496,2026-08-31,110000,0.48,50666
237742,2026-08-31,103110,0.32,50666
132174,2026-08-31,1015000,5.29,43978
100180,2026-08-31,1566432,3.98,43978
100325,2026-08-31,547000,2.50,43978
132454,2026-08-31,339000,2.20,43978
205198,2026-08-31,289000,2.09,43978
100247,2026-08-31,1242500,1.87,43978
132215,2026-08-31,388765,1.81,43978
117569,2026-08-31,85951,1.77,43978
100510,2026-08-31,113534,1.65,43978
100209,2026-08-31,399495,1.62,43978
132187,2026-08-31,420692,1.53,43978
271875,2026-08-31,298000,1.51,43978
252306,2026-08-31,1280000,1.50,43978
210072,2026-08-31,27700,1.47,43978
112599,2026-08-31,130030,1.33,43978
132321,2026-08-31,314536,1.31,43978
222961,2026-08-31,171800,1.29,43978
219691,2026-08-31,234476,1.27,43978
132343,2026-08-31,80023,1.24,43978
132539,2026-08-31,271097,1.24,43978
124715,2026-08-31,172000,1.22,43978
223595,2026-08-31,85500,1.19,43978
100520,2026-08-31,100000,1.18,43978
211595,2026-08-31,1378055,1.15,43978
100251,2026-08-31,108000,1.11,43978
131642,2026-08-31,363000,1.07,43978
117354,2026-08-31,229400,1.02,43978
132830,2026-08-31,184713,1.01,43978
225051,2026-08-31,432360,1.00,43978
190003,2026-08-31,800000,1.00,43978
132488,2026-08-31,28600,0.97,43978
200115,2026-08-31,329894,0.97,43978
100271,2026-08-31,171000,0.96,43978
111218,2026-08-31,235481,0.94,43978
218071,2026-08-31,250000,0.93,43978
210850,2026-08-31,700345,0.92,43978
222055,2026-08-31,49000,0.92,43978
103806,2026-08-31,99500,0.91,43978
132755,2026-08-31,156000,0.91,43978
228974,2026-08-31,208000,0.88,43978
324996,2026-08-31,550000,0.86,43978
218763,2026-08-31,123228,0.85,43978
221267,2026-08-31,1500000,0.85,43978
126371,2026-08-31,2650000,0.84,43978
218756,2026-08-31,335965,0.82,43978
100495,2026-08-31,74293,0.80,43978
100124,2026-08-31,187000,0.77,43978
100114,2026-08-31,41500,0.76,43978
211840,2026-08-31,87000,0.75,43978
100331,2026-08-31,123002,0.74,43978
100400,2026-08-31,557069,0.69,43978
100825,2026-08-31,36240,0.68,43978
132889,2026-08-31,159301,0.67,43978
208607,2026-08-31,107810,0.66,43978
100300,2026-08-31,53889,0.65,43978
124208,2026-08-31,345000,0.65,43978
208238,2026-08-31,85000,0.61,43978
106076,2026-08-31,76592,0.56,43978
100093,2026-08-31,160000,0.53,43978
132667,2026-08-31,3000000,0.51,43978
279527,2026-08-31,792816,0.46,43978
293665,2026-08-31,285655,0.46,43978
111072,2026-08-31,22897,0.19,43978
132500,2026-08-31,157348,7.64,3634
100790,2026-08-31,1080000,5.79,3634
100530,2026-08-31,32000,5.73,3634
100696,2026-08-31,660000,4.65,3634
100126,2026-08-31,189876,3.93,3634
235355,2026-08-31,370000,3.83,3634
324996,2026-08-31,1850000,2.89,3634
208361,2026-08-31,360000,2.84,3634
132541,2026-08-31,375000,2.67,3634
208607,2026-08-31,400000,2.43,3634
100092,2026-08-31,127688,2.21,3634
132432,2026-08-31,391440,2.09,3634
126299,2026-08-31,225000,1.96,3634
100459,2026-08-31,68254,1.95,3634
229238,2026-08-31,332947,1.91,3634
132540,2026-08-31,220255,1.89,3634
100483,2026-08-31,300000,1.85,3634
100680,2026-08-31,107952,1.81,3634
132504,2026-08-31,53464,1.66,3634
132466,2026-08-31,35000,1.57,3634
124804,2026-08-31,247895,1.53,3634
100249,2026-08-31,500000,1.45,3634
102355,2026-08-31,174693,1.43,3634
132756,2026-08-31,1016215,1.42,3634
100825,2026-08-31,75000,1.41,3634
200515,2026-08-31,144557,1.31,3634
267543,2026-08-31,320647,1.29,3634
123395,2026-08-31,10514,1.26,3634
100710,2026-08-31,105487,1.20,3634
224849,2026-08-31,397784,1.19,3634
106076,2026-08-31,163216,1.18,3634
100550,2026-08-31,80000,1.16,3634
207679,2026-08-31,1073184,1.13,3634
221554,2026-08-31,2774255,1.06,3634
228049,2026-08-31,325000,1.04,3634
232353,2026-08-31,772598,1.03,3634
216156,2026-08-31,60000,0.98,3634
237742,2026-08-31,296639,0.93,3634
100488,2026-08-31,10000,0.93,3634
117334,2026-08-31,1512778,0.93,3634
311742,2026-08-31,115000,0.92,3634
103806,2026-08-31,100000,0.92,3634
305013,2026-08-31,6463246,0.85,3634
122113,2026-08-31,75460,0.85,3634
100480,2026-08-31,45000,0.82,3634
105790,2026-08-31,53000,0.76,3634
273811,2026-08-31,241437,0.66,3634
297629,2026-08-31,386440,0.63,3634
320028,2026-08-31,49181,0.57,3634
100477,2026-08-31,900000,0.57,3634
221194,2026-08-31,122329,0.56,3634
132523,2026-08-31,375000,0.55,3634
106820,2026-08-31,21180,0.53,3634
107815,2026-08-31,19779,0.52,3634
100238,2026-08-31,111515,0.32,3634
100295,2026-08-31,300000,0.30,3634
301912,2026-08-31,84483,0.25,3634
322950,2026-08-31,22472,0.24,3634
217126,2026-08-31,1046569,0.15,3634
132174,2026-08-31,1760300,9.26,3281
100180,2026-08-31,2171900,5.57,3281
132454,2026-08-31,845000,5.54,3281
100325,2026-08-31,1050000,4.85,3281
100034,2026-08-31,850000,3.25,3281
100112,2026-08-31,821000,3.15,3281
100209,2026-08-31,758248,3.11,3281
100247,2026-08-31,2000000,3.03,3281
117334,2026-08-31,4850000,2.99,3281
132215,2026-08-31,620000,2.92,3281
132540,2026-08-31,301873,2.62,3281
124715,2026-08-31,350000,2.51,3281
100520,2026-08-31,200000,2.37,3281
271875,2026-08-31,460000,2.36,3281
218071,2026-08-31,600000,2.26,3281
132755,2026-08-31,380000,2.24,3281
211840,2026-08-31,250000,2.19,3281
222055,2026-08-31,113000,2.14,3281
100228,2026-08-31,430000,2.03,3281
132725,2026-08-31,25000,1.82,3281
112599,2026-08-31,173430,1.79,3281
252306,2026-08-31,1500000,1.78,3281
100696,2026-08-31,244814,1.74,3281
100103,2026-08-31,1000000,1.60,3281
226611,2026-08-31,3424408,1.56,3281
132555,2026-08-31,1305000,1.55,3281
100087,2026-08-31,291925,1.49,3281
100510,2026-08-31,100000,1.46,3281
208364,2026-08-31,129820,1.44,3281
208280,2026-08-31,150000,1.42,3281
322541,2026-08-31,2000000,1.39,3281
208361,2026-08-31,169648,1.35,3281
100425,2026-08-31,900000,1.31,3281
132898,2026-08-31,1333333,1.27,3281
209967,2026-08-31,900000,1.27,3281
105533,2026-08-31,602938,1.25,3281
100825,2026-08-31,62718,1.19,3281
254493,2026-08-31,160000,1.09,3281
111243,2026-08-31,150000,1.01,3281
100820,2026-08-31,100000,0.96,3281
132175,2026-08-31,200000,0.85,3281
100550,2026-08-31,57512,0.84,3281
320350,2026-08-31,1000000,0.60,3281
117174,2026-08-31,4500,0.58,3281
100002,2026-08-31,20000,0.55,3281
132174,2026-08-31,1358000,7.43,50461
200132,2026-08-31,154478,7.05,50461
100790,2026-08-31,1014500,5.71,50461
131642,2026-08-31,1290249,3.98,50461
210072,2026-08-31,65800,3.68,50461
100480,2026-08-31,182982,3.51,50461
132541,2026-08-31,396000,2.96,50461
132343,2026-08-31,174264,2.85,50461
132808,2026-08-31,294703,2.73,50461
210590,2026-08-31,105000,2.21,50461
132210,2026-08-31,2490000,2.15,50461
132331,2026-08-31,153000,2.07,50461
106076,2026-08-31,271600,2.07,50461
124715,2026-08-31,275000,2.05,50461
132488,2026-08-31,57300,2.04,50461
100002,2026-08-31,70404,2.02,50461
100180,2026-08-31,750000,2.00,50461
100550,2026-08-31,131000,1.99,50461
217376,2026-08-31,1260000,1.98,50461
100049,2026-08-31,1261857,1.97,50461
207901,2026-08-31,157600,1.95,50461
108869,2026-08-31,58000,1.94,50461
100112,2026-08-31,484500,1.93,50461
208977,2026-08-31,967000,1.89,50461
119600,2026-08-31,455499,1.85,50461
132683,2026-08-31,113588,1.82,50461
249675,2026-08-31,149185,1.73,50461
208280,2026-08-31,165300,1.63,50461
132466,2026-08-31,32300,1.52,50461
215367,2026-08-31,800000,1.49,50461
132281,2026-08-31,300000,1.48,50461
237742,2026-08-31,398494,1.31,50461
209550,2026-08-31,868100,1.31,50461
208766,2026-08-31,88500,1.13,50461
323597,2026-08-31,6521297,1.11,50461
100114,2026-08-31,57400,1.10,50461
228049,2026-08-31,325337,1.09,50461
132725,2026-08-31,14000,1.06,50461
247454,2026-08-31,1500000,1.05,50461
214179,2026-08-31,315000,0.96,50461
105200,2026-08-31,32000,0.96,50461
321331,2026-08-31,470000,0.94,50461
313354,2026-08-31,308541,0.67,50461
252306,2026-08-31,475000,0.59,50461
100188,2026-08-31,230000,0.52,50461
223409,2026-08-31,7011,0.04,50461
240920,2026-08-31,18041,0.04,50461
279017,2026-08-31,15600,1.90,50461
225213,2026-08-31,13000,1.03,50461
100325,2026-08-31,975926,4.79,45373
235506,2026-08-31,2042366,4.57,45373
132215,2026-08-31,777895,3.89,45373
132286,2026-08-31,833532,3.82,45373
100180,2026-08-31,1272264,3.47,45373
220350,2026-08-31,2700537,3.33,45373
254493,2026-08-31,434416,3.13,45373
100510,2026-08-31,187454,2.91,45373
289108,2026-08-31,1640254,2.88,45373
100480,2026-08-31,131105,2.57,45373
111218,2026-08-31,577859,2.46,45373
225850,2026-08-31,7771148,2.43,45373
100425,2026-08-31,1561149,2.41,45373
208238,2026-08-31,310791,2.41,45373
271875,2026-08-31,429918,2.34,45373
120111,2026-08-31,223183,2.27,45373
208883,2026-08-31,315000,2.08,45373
131642,2026-08-31,640000,2.02,45373
108869,2026-08-31,57747,1.97,45373
100660,2026-08-31,168000,1.97,45373
100493,2026-08-31,242000,1.96,45373
100312,2026-08-31,2191206,1.95,45373
324996,2026-08-31,1161523,1.94,45373
100470,2026-08-31,2656742,1.88,45373
100260,2026-08-31,547370,1.85,45373
249675,2026-08-31,147781,1.75,45373
218763,2026-08-31,234860,1.75,45373
287433,2026-08-31,1058048,1.63,45373
205198,2026-08-31,210000,1.63,45373
216147,2026-08-31,1263808,1.55,45373
132921,2026-08-31,248161,1.52,45373
209550,2026-08-31,981792,1.51,45373
100488,2026-08-31,14033,1.39,45373
132772,2026-08-31,1658000,1.39,45373
217379,2026-08-31,228545,1.38,45373
217389,2026-08-31,641660,1.34,45373
215690,2026-08-31,177352,1.23,45373
228974,2026-08-31,269000,1.21,45373
109488,2026-08-31,449070,1.21,45373
213046,2026-08-31,901733,1.11,45373
210072,2026-08-31,19500,1.11,45373
322113,2026-08-31,517650,1.10,45373
278701,2026-08-31,507469,1.04,45373
106285,2026-08-31,67929,1.04,45373
100696,2026-08-31,125000,0.95,45373
100103,2026-08-31,550000,0.94,45373
225051,2026-08-31,331521,0.82,45373
100387,2026-08-31,7782,0.69,45373
225154,2026-08-31,19525,0.57,45373
223666,2026-08-31,79351,0.18,45373
100180,2026-08-31,6108766,17.02,34434
132174,2026-08-31,2599267,14.85,34434
100112,2026-08-31,2464965,10.27,34434
100247,2026-08-31,5993199,9.88,34434
132215,2026-08-31,1799636,9.19,34434
100469,2026-08-31,5099372,7.15,34434
132187,2026-08-31,1362715,5.44,34434
286335,2026-08-31,1129496,4.82,34434
278580,2026-08-31,13840093,4.67,34434
132134,2026-08-31,3706606,3.47,34434
132461,2026-08-31,7512215,3.37,34434
132648,2026-08-31,37147249,3.33,34434
132483,2026-08-31,6667662,3.32,34434
132477,2026-08-31,4273407,3.17,34434
132174,2026-08-31,1620000,9.47,45685
100180,2026-08-31,2650000,7.55,45685
100325,2026-08-31,1160000,5.96,45685
252306,2026-08-31,4500000,5.94,45685
100510,2026-08-31,300000,4.88,45685
100112,2026-08-31,1050000,4.47,45685
100034,2026-08-31,950000,4.04,45685
132541,2026-08-31,500000,3.99,45685
132454,2026-08-31,500000,3.64,45685
100520,2026-08-31,269379,3.55,45685
111218,2026-08-31,730000,3.26,45685
216156,2026-08-31,170000,3.10,45685
132331,2026-08-31,207781,3.01,45685
100228,2026-08-31,550000,2.89,45685
124804,2026-08-31,385000,2.66,45685
132500,2026-08-31,46277,2.52,45685
323093,2026-08-31,3000000,2.48,45685
322918,2026-08-31,1300000,2.46,45685
100800,2026-08-31,574725,2.40,45685
254493,2026-08-31,317000,2.39,45685
103100,2026-08-31,300000,2.29,45685
117354,2026-08-31,435000,2.18,45685
219494,2026-08-31,110000,2.12,45685
100093,2026-08-31,545000,2.01,45685
279664,2026-08-31,325000,1.93,45685
112599,2026-08-31,160000,1.84,45685
100387,2026-08-31,19000,1.77,45685
209867,2026-08-31,2000000,1.59,45685
228974,2026-08-31,285260,1.35,45685
100520,2026-08-31,709724,9.50,2644
252306,2026-08-31,5667328,7.58,2644
100696,2026-08-31,783115,6.28,2644
200132,2026-08-31,90090,4.46,2644
100251,2026-08-31,309679,3.64,2644
100114,2026-08-31,171828,3.58,2644
132343,2026-08-31,199865,3.54,2644
100820,2026-08-31,322000,3.48,2644
302988,2026-08-31,2353610,3.35,2644
100825,2026-08-31,155308,3.32,2644
222055,2026-08-31,146597,3.13,2644
209550,2026-08-31,1824923,2.98,2644
277169,2026-08-31,870769,2.90,2644
132424,2026-08-31,701355,2.58,2644
132432,2026-08-31,411258,2.50,2644
132478,2026-08-31,445683,2.38,2644
131335,2026-08-31,1092134,2.36,2644
303107,2026-08-31,2149174,2.05,2644
208280,2026-08-31,185000,1.98,2644
132500,2026-08-31,34929,1.93,2644
208607,2026-08-31,278519,1.93,2644
254493,2026-08-31,252803,1.93,2644
100875,2026-08-31,1710288,1.78,2644
223595,2026-08-31,110934,1.76,2644
132454,2026-08-31,230056,1.70,2644
132827,2026-08-31,10311,1.51,2644
215367,2026-08-31,657039,1.33,2644
109480,2026-08-31,572847,1.16,2644
105200,2026-08-31,33174,1.08,2644
293862,2026-08-31,927681,1.07,2644
100331,2026-08-31,154354,1.06,2644
207673,2026-08-31,1239014,0.97,2644
208764,2026-08-31,396446,0.96,2644
100575,2026-08-31,194361,0.95,2644
105533,2026-08-31,407640,0.95,2644
100800,2026-08-31,217026,0.92,2644
100830,2026-08-31,118018,0.91,2644
274045,2026-08-31,150470,0.87,2644
100096,2026-08-31,430730,0.67,2644
322541,2026-08-31,787402,0.62,2644
131162,2026-08-31,287914,0.43,2644
303146,2026-08-31,199017,0.27,2644
231440,2026-08-31,82915,0.21,2644
279664,2026-08-31,21198,0.13,2644
132488,2026-08-31,118572,4.74,45529
132343,2026-08-31,219216,4.02,45529
322918,2026-08-31,1949019,3.88,45529
219494,2026-08-31,177034,3.59,45529
209867,2026-08-31,3872184,3.24,45529
111243,2026-08-31,403722,3.17,45529
117334,2026-08-31,4122475,2.97,45529
100420,2026-08-31,136862,2.93,45529
100480,2026-08-31,126040,2.72,45529
100547,2026-08-31,1891296,2.59,45529
100850,2026-08-31,819449,2.56,45529
223595,2026-08-31,150378,2.48,45529
100093,2026-08-31,639886,2.48,45529
100825,2026-08-31,109903,2.44,45529
100400,2026-08-31,1556176,2.28,45529
209550,2026-08-31,1275945,2.16,45529
208280,2026-08-31,190264,2.11,45529
100331,2026-08-31,289171,2.06,45529
130965,2026-08-31,3486693,2.05,45529
100490,2026-08-31,40403,1.99,45529
132725,2026-08-31,22733,1.93,45529
132810,2026-08-31,1358823,1.93,45529
132155,2026-08-31,2517198,1.89,45529
100295,2026-08-31,1582488,1.86,45529
271875,2026-08-31,306472,1.84,45529
132868,2026-08-31,598660,1.75,45529
132134,2026-08-31,1731298,1.75,45529
132286,2026-08-31,345681,1.74,45529
132432,2026-08-31,275666,1.74,45529
100530,2026-08-31,8093,1.71,45529
132483,2026-08-31,3136399,1.68,45529
216156,2026-08-31,86667,1.66,45529
289554,2026-08-31,312864,1.61,45529
200055,2026-08-31,1165624,1.59,45529
100002,2026-08-31,48971,1.58,45529
132461,2026-08-31,3213952,1.55,45529
132477,2026-08-31,1803205,1.44,45529
132424,2026-08-31,375038,1.43,45529
100550,2026-08-31,82492,1.41,45529
219442,2026-08-31,258892,1.31,45529
221790,2026-08-31,100076,1.26,45529
208361,2026-08-31,133034,1.24,45529
100387,2026-08-31,12482,1.22,45529
132321,2026-08-31,233474,1.15,45529
100188,2026-08-31,448781,1.13,45529
320028,2026-08-31,82532,1.13,45529
100425,2026-08-31,581810,0.99,45529
219700,2026-08-31,70897,0.74,45529
210850,2026-08-31,469742,0.73,45529
217280,2026-08-31,1877107,0.66,45529
132488,2026-08-31,116511,4.73,37338
132343,2026-08-31,215357,4.01,37338
322918,2026-08-31,1914721,3.87,37338
219494,2026-08-31,173919,3.58,37338
209867,2026-08-31,3804028,3.23,37338
111243,2026-08-31,396614,3.16,37338
117334,2026-08-31,4050140,2.97,37338
100420,2026-08-31,134480,2.92,37338
100480,2026-08-31,123839,2.71,37338
100547,2026-08-31,1858007,2.58,37338
100850,2026-08-31,805050,2.55,37338
223595,2026-08-31,147732,2.47,37338
100093,2026-08-31,628619,2.47,37338
100825,2026-08-31,107990,2.43,37338
100400,2026-08-31,1529105,2.28,37338
209550,2026-08-31,1253484,2.15,37338
208280,2026-08-31,186913,2.10,37338
100331,2026-08-31,284079,2.06,37338
130965,2026-08-31,3425319,2.05,37338
100490,2026-08-31,39694,1.98,37338
132725,2026-08-31,22332,1.93,37338
132810,2026-08-31,1334907,1.93,37338
132155,2026-08-31,2472890,1.88,37338
100295,2026-08-31,1554633,1.86,37338
271875,2026-08-31,301077,1.83,37338
132868,2026-08-31,588123,1.74,37338
132134,2026-08-31,1700824,1.74,37338
132286,2026-08-31,339599,1.74,37338
132432,2026-08-31,270815,1.73,37338
100530,2026-08-31,7952,1.71,37338
132483,2026-08-31,3081190,1.68,37338
216156,2026-08-31,85144,1.66,37338
289554,2026-08-31,307356,1.60,37338
200055,2026-08-31,1145105,1.59,37338
100002,2026-08-31,48110,1.58,37338
132461,2026-08-31,3157382,1.55,37338
132477,2026-08-31,1771467,1.43,37338
132424,2026-08-31,368435,1.43,37338
100550,2026-08-31,81041,1.40,37338
219442,2026-08-31,254332,1.31,37338
221790,2026-08-31,98315,1.26,37338
208361,2026-08-31,130719,1.24,37338
100387,2026-08-31,12261,1.22,37338
132321,2026-08-31,229364,1.14,37338
100188,2026-08-31,440880,1.13,37338
320028,2026-08-31,81080,1.12,37338
100425,2026-08-31,571568,0.98,37338
219700,2026-08-31,69648,0.74,37338
210850,2026-08-31,461476,0.73,37338
217280,2026-08-31,1844066,0.66,37338
132725,2026-08-31,60300,5.38,15380
132174,2026-08-31,792000,5.11,15380
252306,2026-08-31,2700000,3.93,15380
100325,2026-08-31,648000,3.67,15380
208766,2026-08-31,243000,3.66,15380
132497,2026-08-31,153000,3.04,15380
254493,2026-08-31,306000,2.54,15380
228974,2026-08-31,459000,2.39,15380
211337,2026-08-31,54000,2.26,15380
274045,2026-08-31,342000,2.15,15380
100247,2026-08-31,1152000,2.14,15380
210072,2026-08-31,32400,2.13,15380
190003,2026-08-31,1384000,2.13,15380
100086,2026-08-31,1080000,2.11,15380
124715,2026-08-31,234000,2.06,15380
318618,2026-08-31,999000,2.04,15380
100114,2026-08-31,90000,2.04,15380
132921,2026-08-31,288000,2.04,15380
209078,2026-08-31,369000,1.92,15380
207901,2026-08-31,126000,1.83,15380
219300,2026-08-31,1017000,1.81,15380
100790,2026-08-31,270000,1.79,15380
208883,2026-08-31,234000,1.78,15380
322541,2026-08-31,2079000,1.77,15380
100800,2026-08-31,383000,1.76,15380
105283,2026-08-31,549784,1.74,15380
294388,2026-08-31,222600,1.70,15380
311742,2026-08-31,171246,1.70,15380
132281,2026-08-31,288000,1.68,15380
200091,2026-08-31,764663,1.64,15380
209232,2026-08-31,540000,1.50,15380
108869,2026-08-31,36000,1.42,15380
221790,2026-08-31,106000,1.40,15380
209867,2026-08-31,1548000,1.36,15380
100300,2026-08-31,90000,1.35,15380
100164,2026-08-31,253496,1.28,15380
106076,2026-08-31,135000,1.21,15380
271875,2026-08-31,180000,1.13,15380
111218,2026-08-31,216000,1.06,15380
209068,2026-08-31,598750,1.01,15380
100260,2026-08-31,252000,0.98,15380
132500,2026-08-31,16200,0.97,15380
132540,2026-08-31,90000,0.96,15380
100488,2026-08-31,8100,0.93,15380
221842,2026-08-31,144000,0.87,15380
209550,2026-08-31,468000,0.83,15380
122163,2026-08-31,537444,0.83,15380
131213,2026-08-31,450000,0.68,15380
324996,2026-08-31,333000,0.64,15380
104067,2026-08-31,297000,0.61,15380
208727,2026-08-31,145168,0.59,15380
100660,2026-08-31,42750,0.58,15380
217842,2026-08-31,192000,0.52,15380
132725,2026-08-31,53100,4.74,15379
132174,2026-08-31,684000,4.42,15379
252306,2026-08-31,2304000,3.36,15379
100325,2026-08-31,576000,3.27,15379
208766,2026-08-31,207000,3.13,15379
132497,2026-08-31,126000,2.51,15379
228974,2026-08-31,405000,2.11,15379
254493,2026-08-31,252000,2.10,15379
190003,2026-08-31,1260000,1.95,15379
105283,2026-08-31,609786,1.94,15379
211337,2026-08-31,45000,1.89,15379
100086,2026-08-31,927000,1.81,15379
100247,2026-08-31,963000,1.79,15379
274045,2026-08-31,278100,1.75,15379
124715,2026-08-31,198000,1.75,15379
100800,2026-08-31,374000,1.72,15379
210072,2026-08-31,26100,1.72,15379
132921,2026-08-31,243000,1.72,15379
100114,2026-08-31,75600,1.71,15379
209078,2026-08-31,315000,1.64,15379
207901,2026-08-31,108000,1.57,15379
219300,2026-08-31,873000,1.56,15379
100790,2026-08-31,234000,1.56,15379
208883,2026-08-31,198000,1.51,15379
322541,2026-08-31,1755000,1.50,15379
318618,2026-08-31,729000,1.49,15379
200091,2026-08-31,680351,1.46,15379
311742,2026-08-31,146250,1.45,15379
284650,2026-08-31,402000,1.43,15379
132281,2026-08-31,243000,1.42,15379
294388,2026-08-31,172400,1.32,15379
209232,2026-08-31,468000,1.30,15379
221790,2026-08-31,94000,1.24,15379
100164,2026-08-31,241000,1.21,15379
108869,2026-08-31,29700,1.17,15379
100300,2026-08-31,72000,1.08,15379
209867,2026-08-31,1121715,0.99,15379
271875,2026-08-31,144000,0.91,15379
111218,2026-08-31,180000,0.89,15379
132540,2026-08-31,81000,0.86,15379
209068,2026-08-31,505187,0.85,15379
132500,2026-08-31,13500,0.81,15379
100260,2026-08-31,207000,0.81,15379
209550,2026-08-31,387000,0.69,15379
106076,2026-08-31,71646,0.64,15379
122163,2026-08-31,396475,0.61,15379
208727,2026-08-31,143217,0.59,15379
131213,2026-08-31,360000,0.54,15379
104067,2026-08-31,261000,0.53,15379
100660,2026-08-31,38600,0.52,15379
324996,2026-08-31,270000,0.52,15379
217842,2026-08-31,175500,0.48,15379
221842,2026-08-31,31070,0.19,15379
208883,2026-08-31,445203,3.43,49111
132259,2026-08-31,37156,2.95,49111
111072,2026-08-31,251574,2.60,49111
209078,2026-08-31,466958,2.46,49111
132843,2026-08-31,599062,2.44,49111
132892,2026-08-31,519137,2.43,49111
242461,2026-08-31,1316733,2.42,49111
132541,2026-08-31,268692,2.39,49111
228974,2026-08-31,449887,2.37,49111
103100,2026-08-31,277146,2.36,49111
100660,2026-08-31,168366,2.30,49111
132539,2026-08-31,401380,2.30,49111
214179,2026-08-31,615221,2.24,49111
294388,2026-08-31,271607,2.09,49111
105790,2026-08-31,115138,2.07,49111
131642,2026-08-31,551920,2.03,49111
132827,2026-08-31,11648,1.87,49111
132754,2026-08-31,4390576,1.84,49111
190059,2026-08-31,178519,1.78,49111
275316,2026-08-31,131996,1.77,49111
132889,2026-08-31,333103,1.76,49111
132497,2026-08-31,84192,1.69,49111
190071,2026-08-31,82841,1.69,49111
278580,2026-08-31,4371665,1.69,49111
208766,2026-08-31,109970,1.68,49111
322541,2026-08-31,1810200,1.56,49111
122275,2026-08-31,74325,1.48,49111
293862,2026-08-31,1168300,1.48,49111
207872,2026-08-31,211713,1.47,49111
100420,2026-08-31,64504,1.47,49111
215477,2026-08-31,112186,1.45,49111
320028,2026-08-31,96098,1.39,49111
232793,2026-08-31,97352,1.38,49111
124000,2026-08-31,642404,1.34,49111
322366,2026-08-31,2490875,1.30,49111
100495,2026-08-31,95113,1.28,49111
132630,2026-08-31,361992,1.27,49111
304549,2026-08-31,192682,1.24,49111
317635,2026-08-31,2466760,1.22,49111
222554,2026-08-31,58126,1.18,49111
286335,2026-08-31,237300,1.16,49111
289108,2026-08-31,520938,1.07,49111
100271,2026-08-31,150678,1.06,49111
254493,2026-08-31,122900,1.03,49111
208801,2026-08-31,2462723,0.95,49111
307332,2026-08-31,976439,0.94,49111
132922,2026-08-31,1623719,0.93,49111
100480,2026-08-31,40380,0.92,49111
284503,2026-08-31,307250,0.91,49111
210039,2026-08-31,135043,0.88,49111
249675,2026-08-31,62546,0.87,49111
100850,2026-08-31,260000,0.86,49111
132163,2026-08-31,390300,0.84,49111
308764,2026-08-31,382101,0.82,49111
132210,2026-08-31,797953,0.82,49111
310018,2026-08-31,35074,0.82,49111
217757,2026-08-31,150627,0.78,49111
100530,2026-08-31,3450,0.77,49111
132867,2026-08-31,765110,0.76,49111
275266,2026-08-31,627000,0.73,49111
274045,2026-08-31,111974,0.71,49111
210036,2026-08-31,192520,0.68,49111
210284,2026-08-31,238041,0.65,49111
319926,2026-08-31,489332,0.63,49111
218763,2026-08-31,72215,0.63,49111
318678,2026-08-31,804494,0.58,49111
317201,2026-08-31,201076,0.51,49111
283206,2026-08-31,189000,0.51,49111
200515,2026-08-31,43932,0.50,49111
132375,2026-08-31,157158,0.45,49111
223788,2026-08-31,27846,0.36,49111
228017,2026-08-31,39848,0.23,49111
132174,2026-08-31,800000,5.34,49884
100180,2026-08-31,1400000,4.56,49884
100247,2026-08-31,2049998,3.95,49884
132215,2026-08-31,450000,2.69,49884
293862,2026-08-31,2068530,2.68,49884
132757,2026-08-31,45000,2.25,49884
200091,2026-08-31,1000000,2.22,49884
132541,2026-08-31,230000,2.10,49884
100325,2026-08-31,340000,1.99,49884
100510,2026-08-31,100000,1.86,49884
287237,2026-08-31,5500000,1.75,49884
132777,2026-08-31,285411,1.72,49884
210174,2026-08-31,1050000,1.71,49884
132454,2026-08-31,200000,1.66,49884
132538,2026-08-31,31000,1.63,49884
100103,2026-08-31,800000,1.63,49884
267543,2026-08-31,307325,1.58,49884
122205,2026-08-31,1000000,1.58,49884
100092,2026-08-31,70000,1.55,49884
223430,2026-08-31,609633,1.53,49884
132689,2026-08-31,275000,1.53,49884
132540,2026-08-31,138301,1.52,49884
132522,2026-08-31,1100000,1.52,49884
218756,2026-08-31,469713,1.47,49884
229238,2026-08-31,195621,1.44,49884
274045,2026-08-31,220000,1.43,49884
100483,2026-08-31,180000,1.42,49884
211385,2026-08-31,170000,1.36,49884
279664,2026-08-31,198277,1.35,49884
132508,2026-08-31,394408,1.27,49884
215367,2026-08-31,540000,1.23,49884
109480,2026-08-31,537687,1.23,49884
132331,2026-08-31,73679,1.22,49884
132898,2026-08-31,1000000,1.21,49884
324996,2026-08-31,600000,1.20,49884
237742,2026-08-31,296911,1.19,49884
132162,2026-08-31,625000,1.14,49884
100034,2026-08-31,231834,1.13,49884
211840,2026-08-31,100000,1.11,49884
107815,2026-08-31,33000,1.11,49884
123025,2026-08-31,157927,1.10,49884
132683,2026-08-31,56000,1.09,49884
124804,2026-08-31,137251,1.08,49884
218771,2026-08-31,50000,1.06,49884
208364,2026-08-31,74643,1.05,49884
124404,2026-08-31,694787,1.03,49884
111218,2026-08-31,200000,1.02,49884
213838,2026-08-31,135000,1.01,49884
132500,2026-08-31,16210,1.01,49884
100067,2026-08-31,140000,0.94,49884
217842,2026-08-31,328575,0.93,49884
305013,2026-08-31,5447676,0.92,49884
100620,2026-08-31,150000,0.90,49884
218763,2026-08-31,100000,0.89,49884
219300,2026-08-31,478560,0.88,49884
100570,2026-08-31,600000,0.85,49884
132296,2026-08-31,70000,0.80,49884
112599,2026-08-31,60000,0.79,49884
269404,2026-08-31,60000,0.77,49884
208727,2026-08-31,173070,0.73,49884
200094,2026-08-31,841627,0.73,49884
224880,2026-08-31,663336,0.69,49884
105283,2026-08-31,193852,0.64,49884
223409,2026-08-31,92786,0.63,49884
318597,2026-08-31,299705,0.53,49884
301912,2026-08-31,135000,0.51,49884
132720,2026-08-31,287180,0.49,49884
233156,2026-08-31,200000,0.45,49884
132454,2026-08-31,1487795,12.73,3582
100510,2026-08-31,477110,9.11,3582
100325,2026-08-31,1407524,8.49,3582
132538,2026-08-31,78761,4.26,3582
132921,2026-08-31,551910,4.15,3582
222055,2026-08-31,142928,3.53,3582
100312,2026-08-31,3081565,3.37,3582
132555,2026-08-31,2145711,3.32,3582
132215,2026-08-31,453281,2.78,3582
219494,2026-08-31,102200,2.32,3582
200020,2026-08-31,738680,2.29,3582
132174,2026-08-31,313782,2.15,3582
132667,2026-08-31,8971159,2.01,3582
200043,2026-08-31,734374,1.70,3582
122205,2026-08-31,994916,1.62,3582
100480,2026-08-31,66156,1.59,3582
237742,2026-08-31,368756,1.52,3582
324996,2026-08-31,643594,1.32,3582
280713,2026-08-31,1154255,1.29,3582
132898,2026-08-31,1006983,1.25,3582
112599,2026-08-31,91369,1.23,3582
226076,2026-08-31,448054,1.22,3582
249927,2026-08-31,951981,1.11,3582
132757,2026-08-31,21613,1.11,3582
218067,2026-08-31,584020,1.08,3582
100049,2026-08-31,542350,1.06,3582
223658,2026-08-31,278002,1.02,3582
100547,2026-08-31,624947,0.96,3582
105283,2026-08-31,277276,0.94,3582
123395,2026-08-31,5623,0.88,3582
100067,2026-08-31,123415,0.85,3582
106076,2026-08-31,88133,0.84,3582
251940,2026-08-31,201713,0.83,3582
100483,2026-08-31,99261,0.81,3582
200091,2026-08-31,328230,0.75,3582
200094,2026-08-31,821561,0.73,3582
322918,2026-08-31,289532,0.64,3582
100387,2026-08-31,5699,0.62,3582
208661,2026-08-31,123041,0.62,3582
282626,2026-08-31,265348,0.61,3582
100493,2026-08-31,61073,0.61,3582
211337,2026-08-31,12011,0.54,3582
322950,2026-08-31,37637,0.53,3582
132868,2026-08-31,161648,0.53,3582
222961,2026-08-31,49964,0.50,3582
200515,2026-08-31,39570,0.47,3582
209867,2026-08-31,477649,0.45,3582
200115,2026-08-31,105013,0.41,3582
269404,2026-08-31,30584,0.40,3582
100228,2026-08-31,62000,0.38,3582
287433,2026-08-31,184753,0.35,3582
232353,2026-08-31,198516,0.35,3582
113097,2026-08-31,63432,0.32,3582
113519,2026-08-31,61213,0.32,3582
100550,2026-08-31,15858,0.30,3582
131344,2026-08-31,81248,0.20,3582
100104,2026-08-31,107865,0.19,3582
267543,2026-08-31,34890,0.18,3582
132522,2026-08-31,121417,0.17,3582
100472,2026-08-31,22754,0.17,3582
277614,2026-08-31,95620,0.13,3582
100233,2026-08-31,20594,0.12,3582
208433,2026-08-31,11282,0.11,3582
280362,2026-08-31,492985,0.09,3582
325089,2026-08-31,317327,0.22,3582
132174,2026-08-31,1310212,9.03,45141
100325,2026-08-31,1041335,6.31,45141
100112,2026-08-31,1038000,5.22,45141
100510,2026-08-31,266500,5.11,45141
100300,2026-08-31,305396,4.88,45141
132215,2026-08-31,760000,4.69,45141
200132,2026-08-31,80000,4.60,45141
100034,2026-08-31,867000,4.35,45141
132755,2026-08-31,465000,3.59,45141
100180,2026-08-31,1035000,3.48,45141
132187,2026-08-31,675000,3.25,45141
124715,2026-08-31,335000,3.15,45141
223595,2026-08-31,170000,3.14,45141
132555,2026-08-31,1847000,2.87,45141
132921,2026-08-31,378000,2.86,45141
132822,2026-08-31,41640000,2.83,45141
132523,2026-08-31,1445000,2.82,45141
100209,2026-08-31,476201,2.56,45141
100228,2026-08-31,412000,2.55,45141
122074,2026-08-31,723000,2.15,45141
132868,2026-08-31,632000,2.07,45141
100124,2026-08-31,375000,2.05,45141
219494,2026-08-31,85600,1.95,45141
100260,2026-08-31,463084,1.93,45141
100251,2026-08-31,141000,1.93,45141
209967,2026-08-31,903767,1.67,45141
222055,2026-08-31,65000,1.61,45141
111072,2026-08-31,146469,1.60,45141
223586,2026-08-31,540000,1.48,45141
219300,2026-08-31,712000,1.36,45141
131642,2026-08-31,1121951,4.52,48491
100420,2026-08-31,175816,4.38,48491
100790,2026-08-31,583967,4.29,48491
100469,2026-08-31,2323453,4.07,48491
100300,2026-08-31,244334,4.05,48491
108869,2026-08-31,92457,4.04,48491
100112,2026-08-31,687020,3.58,48491
271867,2026-08-31,377916,3.56,48491
124715,2026-08-31,357597,3.49,48491
100440,2026-08-31,696401,3.47,48491
100470,2026-08-31,3287212,2.98,48491
132296,2026-08-31,240882,2.94,48491
132286,2026-08-31,498628,2.92,48491
105200,2026-08-31,72205,2.82,48491
132538,2026-08-31,49240,2.77,48491
100480,2026-08-31,107795,2.70,48491
132504,2026-08-31,62521,2.66,48491
211337,2026-08-31,56808,2.64,48491
221033,2026-08-31,707970,2.63,48491
100295,2026-08-31,1920082,2.62,48491
220350,2026-08-31,1643939,2.59,48491
190059,2026-08-31,235939,2.58,48491
100103,2026-08-31,1143116,2.49,48491
132683,2026-08-31,114477,2.39,48491
100493,2026-08-31,230232,2.38,48491
100257,2026-08-31,221005,2.38,48491
132525,2026-08-31,5514713,2.22,48491
132497,2026-08-31,95236,2.10,48491
132321,2026-08-31,321571,1.83,48491
302988,2026-08-31,984423,1.69,48491
294388,2026-08-31,169822,1.43,48491
111218,2026-08-31,259582,1.42,48491
289108,2026-08-31,554974,1.24,48491
117569,2026-08-31,41011,1.16,48491
126371,2026-08-31,2350625,1.02,48491
200132,2026-08-31,16393,0.98,48491
100113,2026-08-31,995328,0.95,48491
212427,2026-08-31,31893,0.84,48491
132234,2026-08-31,421813,0.79,48491
132134,2026-08-31,1,0.00,48491
100510,2026-08-31,349889,7.00,3254
132555,2026-08-31,2325000,3.76,3254
271875,2026-08-31,522143,3.66,3254
132921,2026-08-31,460000,3.62,3254
222055,2026-08-31,140000,3.62,3254
100260,2026-08-31,696000,3.03,3254
100103,2026-08-31,1275000,2.79,3254
132538,2026-08-31,47300,2.68,3254
112599,2026-08-31,173430,2.45,3254
209867,2026-08-31,2500000,2.45,3254
100002,2026-08-31,61500,2.32,3254
200515,2026-08-31,178200,2.23,3254
208433,2026-08-31,207156,2.19,3254
223666,2026-08-31,700000,2.04,3254
216147,2026-08-31,1287548,2.03,3254
100425,2026-08-31,1000000,1.98,3254
105790,2026-08-31,92500,1.84,3254
132683,2026-08-31,87041,1.83,3254
222554,2026-08-31,80970,1.81,3254
106076,2026-08-31,176700,1.77,3254
209967,2026-08-31,903458,1.74,3254
103100,2026-08-31,182000,1.71,3254
132898,2026-08-31,1293333,1.69,3254
237831,2026-08-31,994672,1.67,3254
251940,2026-08-31,377647,1.64,3254
100550,2026-08-31,78880,1.57,3254
220018,2026-08-31,167000,1.54,3254
109496,2026-08-31,250000,1.52,3254
120111,2026-08-31,115496,1.51,3254
132868,2026-08-31,440000,1.50,3254
122287,2026-08-31,208159,1.44,3254
132779,2026-08-31,226583,1.36,3254
123395,2026-08-31,8170,1.35,3254
100400,2026-08-31,775000,1.33,3254
218067,2026-08-31,673750,1.30,3254
320028,2026-08-31,78880,1.26,3254
122113,2026-08-31,80323,1.25,3254
322950,2026-08-31,80000,1.18,3254
316572,2026-08-31,542456,1.15,3254
237742,2026-08-31,255560,1.11,3254
200057,2026-08-31,747556,1.06,3254
117174,2026-08-31,5810,1.02,3254
100410,2026-08-31,158000,1.00,3254
200094,2026-08-31,1040462,0.97,3254
256247,2026-08-31,816702,0.86,3254
225998,2026-08-31,310658,0.84,3254
207837,2026-08-31,468988,0.73,3254
123457,2026-08-31,22900,0.72,3254
205702,2026-08-31,427235,0.68,3254
200025,2026-08-31,172687,0.68,3254
200046,2026-08-31,1123700,0.67,3254
100472,2026-08-31,80000,0.61,3254
311638,2026-08-31,560000,0.52,3254
132174,2026-08-31,527451,4.16,45733
100469,2026-08-31,1785000,3.45,45733
209024,2026-08-31,189154,3.00,45733
113097,2026-08-31,470819,2.73,45733
132400,2026-08-31,1672865,2.64,45733
101423,2026-08-31,145640,2.59,45733
302921,2026-08-31,191109,2.58,45733
215216,2026-08-31,42132,2.56,45733
190003,2026-08-31,1323471,2.50,45733
132343,2026-08-31,100250,2.36,45733
104067,2026-08-31,945000,2.36,45733
294388,2026-08-31,250000,2.33,45733
324996,2026-08-31,982134,2.32,45733
221790,2026-08-31,143464,2.32,45733
218764,2026-08-31,704058,2.31,45733
209147,2026-08-31,290527,2.30,45733
100420,2026-08-31,80246,2.21,45733
132331,2026-08-31,108516,2.12,45733
302988,2026-08-31,1100000,2.09,45733
132286,2026-08-31,317533,2.05,45733
123704,2026-08-31,213914,2.03,45733
218533,2026-08-31,178773,1.85,45733
100228,2026-08-31,260000,1.84,45733
100093,2026-08-31,365000,1.81,45733
100440,2026-08-31,318042,1.75,45733
132843,2026-08-31,339518,1.67,45733
111218,2026-08-31,275000,1.66,45733
132525,2026-08-31,3587200,1.60,45733
304549,2026-08-31,198218,1.55,45733
207959,2026-08-31,310034,1.52,45733
103100,2026-08-31,144127,1.49,45733
105200,2026-08-31,34000,1.47,45733
132814,2026-08-31,300000,1.46,45733
210590,2026-08-31,47500,1.44,45733
308764,2026-08-31,550479,1.44,45733
132644,2026-08-31,50161,1.40,45733
252306,2026-08-31,735774,1.31,45733
100510,2026-08-31,59461,1.30,45733
190059,2026-08-31,106957,1.29,45733
100049,2026-08-31,570000,1.28,45733
233063,2026-08-31,350000,1.26,45733
289108,2026-08-31,467908,1.16,45733
132538,2026-08-31,17461,1.08,45733
100413,2026-08-31,1828197,1.07,45733
284650,2026-08-31,245446,1.07,45733
220350,2026-08-31,600145,1.04,45733
323093,2026-08-31,925840,1.03,45733
132754,2026-08-31,2000000,1.02,45733
100034,2026-08-31,170000,0.97,45733
131642,2026-08-31,210000,0.93,45733
100126,2026-08-31,28381,0.89,45733
100425,2026-08-31,390901,0.85,45733
190071,2026-08-31,34410,0.85,45733
226625,2026-08-31,493261,0.81,45733
100295,2026-08-31,468027,0.71,45733
132784,2026-08-31,100000,0.68,45733
100241,2026-08-31,504,0.01,45733
219464,2026-08-31,41719,1.39,45733
112599,2026-08-31,60000,0.94,51065
210039,2026-08-31,115960,0.92,51065
102355,2026-08-31,60000,0.75,51065
100530,2026-08-31,2000,0.55,51065
124715,2026-08-31,50000,0.54,51065
132488,2026-08-31,10000,0.52,51065
132504,2026-08-31,10000,0.48,51065
208361,2026-08-31,22000,0.27,51065
100520,2026-08-31,654975,11.89,48291
252306,2026-08-31,4587920,8.33,48291
105200,2026-08-31,167274,7.36,48291
132343,2026-08-31,305891,7.35,48291
200132,2026-08-31,78193,5.25,48291
249675,2026-08-31,270728,4.63,48291
213597,2026-08-31,977072,3.85,48291
214084,2026-08-31,163350,3.63,48291
322918,2026-08-31,1388935,3.62,48291
132500,2026-08-31,46809,3.51,48291
100530,2026-08-31,12000,3.32,48291
211740,2026-08-31,233840,3.12,48291
117334,2026-08-31,3083121,2.91,48291
222055,2026-08-31,98922,2.86,48291
214179,2026-08-31,593474,2.67,48291
293862,2026-08-31,1382050,2.16,48291
113519,2026-08-31,330970,2.03,48291
208361,2026-08-31,161524,1.97,48291
100477,2026-08-31,1844568,1.79,48291
302921,2026-08-31,122867,1.69,48291
215216,2026-08-31,24658,1.53,48291
211595,2026-08-31,1155930,1.49,48291
209063,2026-08-31,289164,1.35,48291
115030,2026-08-31,248583,1.31,48291
131344,2026-08-31,450000,1.27,48291
294388,2026-08-31,126044,1.20,48291
132921,2026-08-31,132061,1.16,48291
209587,2026-08-31,620000,1.04,48291
105714,2026-08-31,116529,0.93,48291
323093,2026-08-31,720765,0.82,48291
215477,2026-08-31,50131,0.80,48291
269404,2026-08-31,40215,0.62,48291
100182,2026-08-31,12832,0.39,48291
304682,2026-08-31,322067,3.13,45616
214084,2026-08-31,131242,2.94,45616
221645,2026-08-31,677329,2.85,45616
132504,2026-08-31,58077,2.81,45616
249675,2026-08-31,150549,2.59,45616
209147,2026-08-31,302242,2.46,45616
229238,2026-08-31,268943,2.40,45616
132210,2026-08-31,1859998,2.38,45616
190003,2026-08-31,1179325,2.29,45616
211740,2026-08-31,167847,2.26,45616
100420,2026-08-31,76115,2.15,45616
274066,2026-08-31,659783,2.09,45616
208766,2026-08-31,102171,1.94,45616
223788,2026-08-31,119602,1.93,45616
228974,2026-08-31,249413,1.63,45616
223478,2026-08-31,1281925,1.62,45616
239342,2026-08-31,240000,1.62,45616
223658,2026-08-31,363908,1.58,45616
294388,2026-08-31,162482,1.56,45616
274041,2026-08-31,537755,1.54,45616
311742,2026-08-31,122742,1.53,45616
293537,2026-08-31,217434,1.51,45616
132144,2026-08-31,112295,1.50,45616
132644,2026-08-31,51818,1.48,45616
210036,2026-08-31,331320,1.44,45616
317635,2026-08-31,2249478,1.39,45616
119600,2026-08-31,225505,1.36,45616
315904,2026-08-31,5175168,1.36,45616
111196,2026-08-31,306094,1.36,45616
302921,2026-08-31,97374,1.35,45616
322716,2026-08-31,416573,1.35,45616
132725,2026-08-31,11462,1.28,45616
252306,2026-08-31,691055,1.26,45616
132497,2026-08-31,50442,1.26,45616
100249,2026-08-31,277862,1.25,45616
131344,2026-08-31,430599,1.23,45616
100271,2026-08-31,138455,1.21,45616
132889,2026-08-31,182896,1.20,45616
320350,2026-08-31,1287170,1.20,45616
233063,2026-08-31,318253,1.18,45616
228049,2026-08-31,234228,1.17,45616
100086,2026-08-31,475000,1.17,45616
208883,2026-08-31,119904,1.15,45616
222554,2026-08-31,43684,1.10,45616
226076,2026-08-31,337156,1.09,45616
223409,2026-08-31,129659,1.07,45616
122205,2026-08-31,555287,1.06,45616
190071,2026-08-31,41855,1.06,45616
286335,2026-08-31,173820,1.05,45616
122113,2026-08-31,59938,1.05,45616
100488,2026-08-31,7272,1.05,45616
132174,2026-08-31,127600,1.03,45616
208763,2026-08-31,25919,1.02,45616
287237,2026-08-31,2597614,1.00,45616
323819,2026-08-31,1286824,1.00,45616
132286,2026-08-31,147640,0.98,45616
100209,2026-08-31,151794,0.96,45616
100067,2026-08-31,116570,0.95,45616
250870,2026-08-31,95000,0.92,45616
235955,2026-08-31,141318,0.92,45616
293602,2026-08-31,273210,0.90,45616
242153,2026-08-31,338650,0.81,45616
124372,2026-08-31,140765,0.76,45616
304684,2026-08-31,264549,0.73,45616
190021,2026-08-31,103363,0.72,45616
313296,2026-08-31,461253,0.67,45616
200020,2026-08-31,181562,0.66,45616
131531,2026-08-31,88806,0.59,45616
100680,2026-08-31,11720,0.31,45616
126783,2026-08-31,211,0.01,45616
214179,2026-08-31,363182,1.65,46937
294388,2026-08-31,155410,1.49,46937
190003,2026-08-31,765188,1.49,46937
132504,2026-08-31,29816,1.45,46937
132144,2026-08-31,106152,1.42,46937
111072,2026-08-31,97538,1.26,46937
289108,2026-08-31,453710,1.16,46937
100183,2026-08-31,829533,1.16,46937
207950,2026-08-31,144301,1.13,46937
209068,2026-08-31,500636,1.07,46937
235355,2026-08-31,64546,1.04,46937
132210,2026-08-31,779841,1.00,46937
217757,2026-08-31,152271,0.98,46937
132805,2026-08-31,481269,0.96,46937
221033,2026-08-31,216551,0.92,46937
209147,2026-08-31,111763,0.91,46937
124558,2026-08-31,6986,0.90,46937
226156,2026-08-31,72318,0.89,46937
221645,2026-08-31,209995,0.89,46937
210036,2026-08-31,194651,0.85,46937
131213,2026-08-31,444594,0.85,46937
209902,2026-08-31,526260,0.84,46937
222961,2026-08-31,67449,0.79,46937
113599,2026-08-31,265836,0.78,46937
225154,2026-08-31,17702,0.75,46937
124000,2026-08-31,288212,0.75,46937
232793,2026-08-31,42009,0.74,46937
215216,2026-08-31,11808,0.74,46937
122287,2026-08-31,91961,0.72,46937
100003,2026-08-31,101686,0.72,46937
132300,2026-08-31,66895,0.70,46937
100184,2026-08-31,190258,0.70,46937
280713,2026-08-31,520385,0.69,46937
218763,2026-08-31,63129,0.68,46937
132636,2026-08-31,188388,0.68,46937
279527,2026-08-31,739011,0.68,46937
104973,2026-08-31,80330,0.67,46937
209420,2026-08-31,139144,0.65,46937
222554,2026-08-31,24424,0.62,46937
208089,2026-08-31,62609,0.61,46937
122074,2026-08-31,174046,0.61,46937
244937,2026-08-31,4906,0.61,46937
307332,2026-08-31,503831,0.60,46937
217400,2026-08-31,190033,0.60,46937
218533,2026-08-31,55969,0.60,46937
305799,2026-08-31,108300,0.59,46937
100620,2026-08-31,80286,0.58,46937
113375,2026-08-31,93560,0.58,46937
275316,2026-08-31,34332,0.57,46937
200020,2026-08-31,150141,0.55,46937
132482,2026-08-31,117552,0.54,46937
106401,2026-08-31,55608,0.54,46937
318188,2026-08-31,63702,0.54,46937
115030,2026-08-31,98197,0.52,46937
223187,2026-08-31,25339,0.52,46937
200515,2026-08-31,36720,0.52,46937
323093,2026-08-31,451152,0.52,46937
122113,2026-08-31,29077,0.51,46937
235955,2026-08-31,78142,0.51,46937
220741,2026-08-31,622045,0.51,46937
304549,2026-08-31,63074,0.51,46937
100260,2026-08-31,102392,0.50,46937
100008,2026-08-31,99193,0.50,46937
315904,2026-08-31,1865234,0.49,46937
124208,2026-08-31,166662,0.49,46937
132514,2026-08-31,568205,0.48,46937
278701,2026-08-31,156908,0.47,46937
100233,2026-08-31,67075,0.47,46937
100027,2026-08-31,12896,0.46,46937
229238,2026-08-31,51284,0.46,46937
100770,2026-08-31,126764,0.46,46937
131595,2026-08-31,313090,0.45,46937
310018,2026-08-31,15269,0.44,46937
209024,2026-08-31,26661,0.44,46937
210949,2026-08-31,21893,0.44,46937
224623,2026-08-31,643798,0.43,46937
100144,2026-08-31,61330,0.43,46937
100645,2026-08-31,54288,0.43,46937
222264,2026-08-31,130763,0.42,46937
305013,2026-08-31,2059369,0.42,46937
296367,2026-08-31,1827601,0.42,46937
115055,2026-08-31,123618,0.42,46937
100084,2026-08-31,510743,0.42,46937
132175,2026-08-31,63484,0.42,46937
105714,2026-08-31,51327,0.41,46937
117146,2026-08-31,147577,0.41,46937
208801,2026-08-31,838739,0.40,46937
250870,2026-08-31,41587,0.40,46937
100870,2026-08-31,387564,0.40,46937
251791,2026-08-31,286907,0.40,46937
211595,2026-08-31,305241,0.40,46937
132689,2026-08-31,57779,0.39,46937
105537,2026-08-31,743718,0.39,46937
216065,2026-08-31,69043,0.38,46937
100033,2026-08-31,3902,0.38,46937
132809,2026-08-31,256662,0.38,46937
100125,2026-08-31,83306,0.37,46937
190032,2026-08-31,37353,0.37,46937
287433,2026-08-31,163252,0.37,46937
200017,2026-08-31,33045,0.37,46937
132627,2026-08-31,3943721,0.36,46937
113023,2026-08-31,112340,0.36,46937
267465,2026-08-31,56937,0.35,46937
209979,2026-08-31,59056,0.35,46937
132527,2026-08-31,83415,0.35,46937
119600,2026-08-31,57195,0.35,46937
209373,2026-08-31,154004,0.35,46937
200048,2026-08-31,3177347,0.34,46937
124816,2026-08-31,72778,0.34,46937
100038,2026-08-31,88146,0.34,46937
208196,2026-08-31,23728,0.34,46937
302427,2026-08-31,39689,0.34,46937
297629,2026-08-31,131799,0.34,46937
117271,2026-08-31,91280,0.34,46937
100048,2026-08-31,30976,0.34,46937
221842,2026-08-31,43913,0.33,46937
100378,2026-08-31,188633,0.33,46937
132178,2026-08-31,221866,0.33,46937
131162,2026-08-31,159593,0.32,46937
100878,2026-08-31,16944,0.32,46937
229820,2026-08-31,47400,0.32,46937
130019,2026-08-31,65232,0.32,46937
100680,2026-08-31,12275,0.32,46937
100040,2026-08-31,42410,0.32,46937
274045,2026-08-31,40388,0.32,46937
222255,2026-08-31,43769,0.32,46937
241214,2026-08-31,350007,0.31,46937
109496,2026-08-31,45034,0.31,46937
221809,2026-08-31,781081,0.31,46937
226076,2026-08-31,94768,0.31,46937
131768,2026-08-31,30940,0.30,46937
111196,2026-08-31,68263,0.30,46937
131358,2026-08-31,69019,0.30,46937
132209,2026-08-31,361258,0.30,46937
100110,2026-08-31,38963,0.30,46937
200115,2026-08-31,64888,0.30,46937
308764,2026-08-31,110318,0.30,46937
207959,2026-08-31,57868,0.29,46937
200039,2026-08-31,2349723,0.29,46937
208099,2026-08-31,27869,0.29,46937
209344,2026-08-31,99435,0.29,46937
210284,2026-08-31,83769,0.29,46937
322366,2026-08-31,438296,0.29,46937
114162,2026-08-31,257512,0.28,46937
294914,2026-08-31,194989,0.28,46937
132783,2026-08-31,111465,0.28,46937
271581,2026-08-31,73021,0.28,46937
100238,2026-08-31,61737,0.28,46937
100085,2026-08-31,120502,0.28,46937
208661,2026-08-31,46134,0.28,46937
109631,2026-08-31,67337,0.27,46937
100294,2026-08-31,327727,0.27,46937
304682,2026-08-31,27835,0.27,46937
132734,2026-08-31,198936,0.27,46937
100106,2026-08-31,539412,0.27,46937
107815,2026-08-31,6588,0.27,46937
208045,2026-08-31,344929,0.27,46937
213597,2026-08-31,65101,0.26,46937
102986,2026-08-31,80949,0.26,46937
215690,2026-08-31,25640,0.26,46937
132221,2026-08-31,157321,0.26,46937
301578,2026-08-31,67920,0.26,46937
320350,2026-08-31,273206,0.26,46937
100840,2026-08-31,160501,0.25,46937
132784,2026-08-31,36069,0.25,46937
106590,2026-08-31,142131,0.25,46937
303107,2026-08-31,191710,0.25,46937
100710,2026-08-31,13975,0.25,46937
132714,2026-08-31,105075,0.24,46937
290269,2026-08-31,24826,0.24,46937
308021,2026-08-31,933268,0.24,46937
213429,2026-08-31,402328,0.24,46937
104067,2026-08-31,92295,0.24,46937
132439,2026-08-31,33156,0.24,46937
132885,2026-08-31,1383001,0.23,46937
190024,2026-08-31,50462,0.23,46937
131335,2026-08-31,77946,0.23,46937
100116,2026-08-31,454175,0.23,46937
106285,2026-08-31,10328,0.23,46937
221661,2026-08-31,87149,0.23,46937
320627,2026-08-31,470333,0.23,46937
225850,2026-08-31,501213,0.23,46937
267615,2026-08-31,32291,0.23,46937
124742,2026-08-31,16151,0.23,46937
132756,2026-08-31,103301,0.23,46937
123405,2026-08-31,311854,0.22,46937
220869,2026-08-31,40620,0.22,46937
123598,2026-08-31,136989,0.22,46937
132400,2026-08-31,134359,0.22,46937
321331,2026-08-31,73660,0.22,46937
210039,2026-08-31,26851,0.22,46937
132388,2026-08-31,1182781,0.21,46937
130007,2026-08-31,101323,0.21,46937
109488,2026-08-31,54015,0.21,46937
132181,2026-08-31,67033,0.21,46937
210859,2026-08-31,66852,0.21,46937
132733,2026-08-31,80027,0.21,46937
317201,2026-08-31,65358,0.21,46937
100405,2026-08-31,51093,0.21,46937
104614,2026-08-31,74477,0.21,46937
132762,2026-08-31,33342,0.21,46937
200057,2026-08-31,126616,0.20,46937
100043,2026-08-31,51706,0.20,46937
213046,2026-08-31,108558,0.20,46937
294253,2026-08-31,182850,0.19,46937
209232,2026-08-31,53144,0.19,46937
103310,2026-08-31,113008,0.19,46937
287490,2026-08-31,333742,0.18,46937
123367,2026-08-31,32103,0.18,46937
311742,2026-08-31,14597,0.18,46937
301912,2026-08-31,38655,0.18,46937
123596,2026-08-31,263956,0.18,46937
316052,2026-08-31,116889,0.18,46937
226328,2026-08-31,24539,0.17,46937
217396,2026-08-31,190882,0.17,46937
209492,2026-08-31,34095,0.17,46937
105700,2026-08-31,71200,0.16,46937
229852,2026-08-31,175314,0.16,46937
132163,2026-08-31,58535,0.16,46937
316659,2026-08-31,82305,0.16,46937
213672,2026-08-31,51771,0.15,46937
200019,2026-08-31,86788,0.15,46937
226611,2026-08-31,216054,0.15,46937
231440,2026-08-31,43367,0.15,46937
220674,2026-08-31,110018,0.15,46937
216147,2026-08-31,81181,0.14,46937
210591,2026-08-31,476767,0.14,46937
121064,2026-08-31,1012299,0.14,46937
306733,2026-08-31,31736,0.14,46937
100109,2026-08-31,142786,0.14,46937
307329,2026-08-31,41290,0.13,46937
209097,2026-08-31,108520,0.13,46937
281585,2026-08-31,98127,0.13,46937
126612,2026-08-31,4792,0.13,46937
132505,2026-08-31,920978,0.13,46937
255331,2026-08-31,13387,0.12,46937
123610,2026-08-31,78034,0.12,46937
101425,2026-08-31,14030,0.12,46937
130005,2026-08-31,55718,0.12,46937
132605,2026-08-31,32643,0.11,46937
209038,2026-08-31,70790,0.11,46937
228017,2026-08-31,14770,0.11,46937
232353,2026-08-31,49106,0.10,46937
319986,2026-08-31,57278,0.09,46937
232592,2026-08-31,58604,0.09,46937
132371,2026-08-31,407138,0.09,46937
132748,2026-08-31,53859,0.09,46937
303322,2026-08-31,14023,0.08,46937
132726,2026-08-31,24231,0.08,46937
113377,2026-08-31,122532,0.04,46937
124715,2026-08-31,1840784,20.75,45584
132488,2026-08-31,220941,11.88,45584
100087,2026-08-31,978190,7.83,45584
271867,2026-08-31,676401,7.36,45584
100420,2026-08-31,254999,7.34,45584
100124,2026-08-31,1059711,6.95,45584
100257,2026-08-31,422174,5.25,45584
124804,2026-08-31,481186,4.69,45584
132296,2026-08-31,261749,3.69,45584
212427,2026-08-31,101737,3.08,45584
132523,2026-08-31,1240315,2.90,45584
132321,2026-08-31,434941,2.87,45584
124494,2026-08-31,241488,2.71,45584
211840,2026-08-31,196801,2.70,45584
235355,2026-08-31,138524,2.27,45584
209147,2026-08-31,239870,1.99,45584
132300,2026-08-31,143561,1.54,45584
132331,2026-08-31,73229,1.50,45584
100488,2026-08-31,9055,1.33,45584
307332,2026-08-31,1081282,1.32,45584
132174,2026-08-31,932220,7.72,44148
100180,2026-08-31,1736618,7.02,44148
132215,2026-08-31,835000,6.18,44148
132538,2026-08-31,77240,5.04,44148
100325,2026-08-31,672884,4.90,44148
100209,2026-08-31,658352,4.25,44148
132454,2026-08-31,408500,4.22,44148
210217,2026-08-31,1008833,4.22,44148
132555,2026-08-31,2233502,4.17,44148
100520,2026-08-31,216100,4.04,44148
211385,2026-08-31,388000,3.85,44148
100510,2026-08-31,163000,3.76,44148
117354,2026-08-31,503619,3.57,44148
208238,2026-08-31,268116,3.08,44148
100696,2026-08-31,255000,2.86,44148
132286,2026-08-31,405000,2.75,44148
217389,2026-08-31,859723,2.66,44148
223586,2026-08-31,740000,2.43,44148
217376,2026-08-31,882599,2.10,44148
100483,2026-08-31,198552,1.95,44148
235506,2026-08-31,580000,1.92,44148
109488,2026-08-31,472920,1.89,44148
124715,2026-08-31,160000,1.81,44148
117334,2026-08-31,1800000,1.75,44148
293862,2026-08-31,1070000,1.72,44148
200094,2026-08-31,1569023,1.68,44148
132827,2026-08-31,8000,1.63,44148
225154,2026-08-31,30000,1.30,44148
294388,2026-08-31,234615,2.32,50211
323260,2026-08-31,1495211,2.23,50211
275316,2026-08-31,112080,1.93,50211
222554,2026-08-31,67893,1.77,50211
267389,2026-08-31,775146,1.70,50211
208883,2026-08-31,164460,1.63,50211
218763,2026-08-31,141525,1.58,50211
307332,2026-08-31,1265497,1.56,50211
132805,2026-08-31,757989,1.56,50211
274066,2026-08-31,476725,1.56,50211
223658,2026-08-31,347672,1.56,50211
103100,2026-08-31,140495,1.54,50211
100660,2026-08-31,82358,1.45,50211
132375,2026-08-31,389327,1.44,50211
303180,2026-08-31,68071,1.44,50211
105890,2026-08-31,56887,1.44,50211
132630,2026-08-31,319066,1.43,50211
132827,2026-08-31,6953,1.43,50211
132163,2026-08-31,518516,1.43,50211
293862,2026-08-31,871700,1.42,50211
210217,2026-08-31,329044,1.39,50211
249675,2026-08-31,77658,1.38,50211
132259,2026-08-31,12975,1.32,50211
304549,2026-08-31,159283,1.32,50211
113375,2026-08-31,200900,1.28,50211
132210,2026-08-31,956862,1.26,50211
100403,2026-08-31,181727,1.26,50211
308764,2026-08-31,452785,1.25,50211
208433,2026-08-31,101695,1.25,50211
132144,2026-08-31,89895,1.24,50211
132757,2026-08-31,19442,1.22,50211
132892,2026-08-31,203293,1.22,50211
215216,2026-08-31,18866,1.22,50211
274083,2026-08-31,405410,1.21,50211
322541,2026-08-31,1081700,1.20,50211
100420,2026-08-31,40841,1.19,50211
105790,2026-08-31,51201,1.18,50211
289108,2026-08-31,438250,1.15,50211
218067,2026-08-31,498230,1.12,50211
132889,2026-08-31,162121,1.10,50211
132754,2026-08-31,2030898,1.10,50211
217757,2026-08-31,163660,1.08,50211
100210,2026-08-31,38185,1.07,50211
232793,2026-08-31,57521,1.05,50211
290882,2026-08-31,353780,1.03,50211
284503,2026-08-31,270117,1.03,50211
301987,2026-08-31,126517,1.02,50211
321747,2026-08-31,258897,1.02,50211
210284,2026-08-31,287105,1.01,50211
208801,2026-08-31,1971834,0.98,50211
274045,2026-08-31,119313,0.97,50211
319926,2026-08-31,585588,0.97,50211
132796,2026-08-31,80657,0.97,50211
275266,2026-08-31,649000,0.96,50211
210036,2026-08-31,213600,0.96,50211
208766,2026-08-31,48725,0.95,50211
132922,2026-08-31,1294124,0.95,50211
130367,2026-08-31,332004,0.91,50211
132762,2026-08-31,138757,0.89,50211
210039,2026-08-31,104509,0.87,50211
250958,2026-08-31,188679,0.86,50211
317201,2026-08-31,262843,0.86,50211
215605,2026-08-31,983053,0.85,50211
122275,2026-08-31,33155,0.85,50211
213597,2026-08-31,204842,0.84,50211
132867,2026-08-31,654560,0.84,50211
228974,2026-08-31,123200,0.83,50211
310018,2026-08-31,27557,0.82,50211
124000,2026-08-31,302934,0.81,50211
132313,2026-08-31,375012,0.79,50211
254493,2026-08-31,70600,0.76,50211
322366,2026-08-31,1095357,0.73,50211
229238,2026-08-31,76821,0.71,50211
278580,2026-08-31,1408969,0.70,50211
212793,2026-08-31,215279,0.69,50211
200515,2026-08-31,47118,0.69,50211
228017,2026-08-31,91786,0.69,50211
231440,2026-08-31,183345,0.65,50211
119600,2026-08-31,102600,0.64,50211
122113,2026-08-31,32731,0.59,50211
296214,2026-08-31,938184,0.53,50211
267615,2026-08-31,69445,0.50,50211
223788,2026-08-31,29285,0.49,50211
222414,2026-08-31,73179,0.46,50211
305799,2026-08-31,76973,0.43,50211
232592,2026-08-31,261270,0.41,50211
207872,2026-08-31,44854,0.40,50211
215690,2026-08-31,38340,0.40,50211
234556,2026-08-31,258100,0.36,50211
271581,2026-08-31,86366,0.34,50211
200057,2026-08-31,199958,0.33,50211
100271,2026-08-31,29000,0.26,50211
132843,2026-08-31,50000,0.26,50211
123025,2026-08-31,29813,0.26,50211
100180,2026-08-31,2371509,9.85,3247
132174,2026-08-31,1109416,9.45,3247
100325,2026-08-31,1046223,7.83,3247
132454,2026-08-31,470928,5.00,3247
100510,2026-08-31,181261,4.30,3247
100112,2026-08-31,640133,3.98,3247
100209,2026-08-31,543195,3.61,3247
132215,2026-08-31,444763,3.39,3247
100247,2026-08-31,1140209,2.80,3247
100520,2026-08-31,138261,2.66,3247
100034,2026-08-31,415077,2.57,3247
100875,2026-08-31,1492864,2.23,3247
132540,2026-08-31,158115,2.22,3247
252306,2026-08-31,1119613,2.15,3247
100114,2026-08-31,63939,1.91,3247
124715,2026-08-31,163984,1.91,3247
132500,2026-08-31,20203,1.60,3247
100696,2026-08-31,137395,1.58,3247
111218,2026-08-31,216888,1.41,3247
132555,2026-08-31,734198,1.41,3247
100470,2026-08-31,1280141,1.38,3247
100049,2026-08-31,554686,1.35,3247
100440,2026-08-31,224231,1.33,3247
132281,2026-08-31,163273,1.26,3247
132538,2026-08-31,18326,1.23,3247
200132,2026-08-31,17151,1.22,3247
100300,2026-08-31,58432,1.15,3247
100228,2026-08-31,145256,1.11,3247
100820,2026-08-31,70034,1.09,3247
132898,2026-08-31,701322,1.08,3247
222055,2026-08-31,35054,1.08,3247
132921,2026-08-31,114251,1.07,3247
205198,2026-08-31,89655,1.06,3247
105200,2026-08-31,21343,0.99,3247
100790,2026-08-31,111041,0.97,3247
132755,2026-08-31,98354,0.94,3247
219300,2026-08-31,370953,0.87,3247
100251,2026-08-31,51532,0.87,3247
108869,2026-08-31,15937,0.83,3247
100312,2026-08-31,601579,0.82,3247
112599,2026-08-31,44689,0.75,3247
100087,2026-08-31,87141,0.72,3247
229365,2026-08-31,508132,0.72,3247
211385,2026-08-31,69584,0.71,3247
218071,2026-08-31,115257,0.70,3247
100124,2026-08-31,94403,0.64,3247
100800,2026-08-31,100852,0.61,3247
100570,2026-08-31,323661,0.59,3247
217389,2026-08-31,166598,0.53,3247
107685,2026-08-31,419412,0.45,3247
132174,2026-08-31,555000,4.83,30399
100180,2026-08-31,1119296,4.75,30399
100510,2026-08-31,135584,3.28,30399
100112,2026-08-31,478460,3.03,30399
132500,2026-08-31,32600,2.64,30399
132538,2026-08-31,33400,2.29,30399
132215,2026-08-31,291300,2.27,30399
100247,2026-08-31,835000,2.10,30399
320350,2026-08-31,2019515,2.02,30399
132343,2026-08-31,70000,1.82,30399
100034,2026-08-31,281000,1.78,30399
237831,2026-08-31,827500,1.68,30399
233063,2026-08-31,421063,1.67,30399
132504,2026-08-31,32000,1.66,30399
132488,2026-08-31,28800,1.63,30399
228049,2026-08-31,305000,1.63,30399
208361,2026-08-31,120000,1.58,30399
122113,2026-08-31,84000,1.58,30399
207950,2026-08-31,188000,1.58,30399
226611,2026-08-31,2021010,1.52,30399
105790,2026-08-31,61400,1.47,30399
214179,2026-08-31,299732,1.46,30399
239342,2026-08-31,188236,1.36,30399
302988,2026-08-31,640024,1.34,30399
205198,2026-08-31,109000,1.32,30399
100820,2026-08-31,83000,1.32,30399
200515,2026-08-31,81790,1.24,30399
215367,2026-08-31,415000,1.23,30399
132755,2026-08-31,122000,1.19,30399
100331,2026-08-31,117000,1.18,30399
132541,2026-08-31,97500,1.16,30399
100850,2026-08-31,260000,1.15,30399
106076,2026-08-31,88694,1.07,30399
100411,2026-08-31,45500,1.06,30399
100038,2026-08-31,250000,1.04,30399
117174,2026-08-31,4600,0.98,30399
220018,2026-08-31,85971,0.96,30399
100002,2026-08-31,19931,0.91,30399
222055,2026-08-31,29000,0.91,30399
109480,2026-08-31,300000,0.89,30399
132523,2026-08-31,345000,0.85,30399
132868,2026-08-31,205000,0.85,30399
208238,2026-08-31,70000,0.84,30399
100575,2026-08-31,115000,0.82,30399
132779,2026-08-31,110000,0.80,30399
216156,2026-08-31,28000,0.76,30399
113519,2026-08-31,114868,0.76,30399
210258,2026-08-31,245000,0.76,30399
113375,2026-08-31,110000,0.73,30399
132827,2026-08-31,3400,0.73,30399
218756,2026-08-31,150000,0.61,30399
317832,2026-08-31,1551104,0.55,30399
100133,2026-08-31,14065,0.51,30399
100233,2026-08-31,54005,0.40,30399
100180,2026-08-31,440000,1.90,3631
132174,2026-08-31,185000,1.63,3631
132454,2026-08-31,92500,1.02,3631
100247,2026-08-31,390000,0.99,3631
132215,2026-08-31,122000,0.96,3631
100209,2026-08-31,125000,0.86,3631
100112,2026-08-31,130000,0.84,3631
100520,2026-08-31,39000,0.78,3631
132755,2026-08-31,63500,0.63,3631
100325,2026-08-31,79000,0.61,3631
132500,2026-08-31,6250,0.51,3631
132898,2026-08-31,280000,0.45,3631
126299,2026-08-31,29872,0.44,3631
132187,2026-08-31,70000,0.43,3631
100087,2026-08-31,50000,0.43,3631
103100,2026-08-31,37000,0.43,3631
200020,2026-08-31,104309,0.42,3631
132720,2026-08-31,176000,0.40,3631
100470,2026-08-31,350000,0.39,3631
132843,2026-08-31,66000,0.36,3631
105200,2026-08-31,7500,0.36,3631
124715,2026-08-31,30000,0.36,3631
132777,2026-08-31,45000,0.36,3631
280713,2026-08-31,250000,0.36,3631
132868,2026-08-31,82000,0.34,3631
219300,2026-08-31,124000,0.30,3631
132296,2026-08-31,20000,0.30,3631
124372,2026-08-31,51000,0.30,3631
235506,2026-08-31,79998,0.28,3631
112599,2026-08-31,16000,0.28,3631
117334,2026-08-31,265000,0.27,3631
100049,2026-08-31,105000,0.26,3631
100469,2026-08-31,120000,0.26,3631
293380,2026-08-31,23000,0.26,3631
216156,2026-08-31,9300,0.26,3631
132689,2026-08-31,34820,0.26,3631
100096,2026-08-31,110000,0.25,3631
100312,2026-08-31,180000,0.25,3631
132683,2026-08-31,9586,0.25,3631
237831,2026-08-31,120000,0.25,3631
217389,2026-08-31,75000,0.25,3631
209550,2026-08-31,100000,0.24,3631
100620,2026-08-31,30616,0.24,3631
132162,2026-08-31,97000,0.23,3631
100233,2026-08-31,30000,0.23,3631
303107,2026-08-31,155303,0.22,3631
100510,2026-08-31,9000,0.22,3631
269404,2026-08-31,12863,0.22,3631
132443,2026-08-31,6099,0.21,3631
208661,2026-08-31,32142,0.21,3631
100547,2026-08-31,105000,0.21,3631
219494,2026-08-31,7000,0.20,3631
293862,2026-08-31,115000,0.20,3631
100570,2026-08-31,100000,0.19,3631
131162,2026-08-31,81408,0.18,3631
100182,2026-08-31,5400,0.18,3631
200094,2026-08-31,144822,0.17,3631
100875,2026-08-31,100000,0.16,3631
123642,2026-08-31,10500,0.15,3631
122205,2026-08-31,65000,0.14,3631
320627,2026-08-31,214288,0.11,3631
290269,2026-08-31,10003,0.11,3631
132757,2026-08-31,769,0.05,3631
217811,2026-08-31,869800,0.00,3631
123153,2026-08-31,525700,0.00,3631
100451,2026-08-31,132250,0.00,3631
117159,2026-08-31,110100,0.00,3631
114472,2026-08-31,170000,0.00,3631
100325,2026-08-31,1368204,10.85,49209
100510,2026-08-31,200740,5.04,49209
100520,2026-08-31,218048,4.44,49209
112599,2026-08-31,237352,4.21,49209
100300,2026-08-31,199044,4.17,49209
100034,2026-08-31,600077,3.94,49209
271875,2026-08-31,386081,3.40,49209
269404,2026-08-31,190767,3.29,49209
132144,2026-08-31,213850,3.18,49209
132755,2026-08-31,296181,2.99,49209
210850,2026-08-31,1102551,2.52,49209
100101,2026-08-31,720914,2.49,49209
100228,2026-08-31,305263,2.48,49209
100425,2026-08-31,898470,2.24,49209
216156,2026-08-31,79146,2.23,49209
100878,2026-08-31,104207,2.21,49209
132921,2026-08-31,223617,2.21,49209
120056,2026-08-31,25209,2.07,49209
100093,2026-08-31,353950,2.01,49209
100470,2026-08-31,1740934,1.99,49209
100251,2026-08-31,111236,1.99,49209
132809,2026-08-31,1144363,1.88,49209
132754,2026-08-31,3011225,1.75,49209
132286,2026-08-31,230229,1.71,49209
208238,2026-08-31,121133,1.52,49209
100710,2026-08-31,75866,1.49,49209
100040,2026-08-31,172469,1.45,49209
100493,2026-08-31,109873,1.44,49209
288401,2026-08-31,1177712,1.32,49209
132221,2026-08-31,682667,1.24,49209
100027,2026-08-31,31166,1.24,49209
215367,2026-08-31,381297,1.17,49209
132540,2026-08-31,75573,1.13,49209
106590,2026-08-31,515795,1.02,49209
100770,2026-08-31,244748,0.98,49209
100570,2026-08-31,505537,0.97,49209
289554,2026-08-31,124339,0.94,49209
100241,2026-08-31,79149,0.93,49209
105283,2026-08-31,210010,0.93,49209
324996,2026-08-31,337845,0.91,49209
100940,2026-08-31,912390,0.89,49209
208461,2026-08-31,257158,0.83,49209
237831,2026-08-31,381100,0.80,49209
111072,2026-08-31,52800,0.75,49209
268618,2026-08-31,32258,0.72,49209
113375,2026-08-31,91389,0.63,49209
100295,2026-08-31,280159,0.48,49209
132174,2026-08-31,925000,8.46,45670
100180,2026-08-31,837000,3.73,45670
100034,2026-08-31,489000,3.25,45670
132454,2026-08-31,270000,3.08,45670
100510,2026-08-31,90942,2.31,45670
252306,2026-08-31,1030000,2.13,45670
100247,2026-08-31,790000,2.08,45670
132215,2026-08-31,254000,2.08,45670
132187,2026-08-31,301509,1.93,45670
132343,2026-08-31,69100,1.89,45670
132539,2026-08-31,230974,1.85,45670
100325,2026-08-31,230000,1.85,45670
100469,2026-08-31,775000,1.74,45670
124715,2026-08-31,130000,1.62,45670
132755,2026-08-31,149000,1.53,45670
219691,2026-08-31,155000,1.47,45670
132541,2026-08-31,116000,1.45,45670
100420,2026-08-31,45000,1.43,45670
132921,2026-08-31,140000,1.40,45670
210850,2026-08-31,601553,1.39,45670
132777,2026-08-31,167824,1.39,45670
132500,2026-08-31,16200,1.38,45670
209068,2026-08-31,570000,1.36,45670
211337,2026-08-31,22800,1.35,45670
100251,2026-08-31,74215,1.34,45670
100312,2026-08-31,900000,1.31,45670
124558,2026-08-31,9000,1.30,45670
111218,2026-08-31,181353,1.27,45670
210590,2026-08-31,35000,1.23,45670
200132,2026-08-31,16040,1.22,45670
126371,2026-08-31,2200000,1.22,45670
208766,2026-08-31,57000,1.22,45670
132178,2026-08-31,730000,1.20,45670
100114,2026-08-31,35700,1.15,45670
100400,2026-08-31,515000,1.12,45670
228049,2026-08-31,198086,1.11,45670
124208,2026-08-31,335000,1.11,45670
208238,2026-08-31,86326,1.09,45670
301578,2026-08-31,251607,1.07,45670
218763,2026-08-31,87471,1.06,45670
287433,2026-08-31,420000,1.06,45670
100300,2026-08-31,50000,1.06,45670
132321,2026-08-31,143877,1.05,45670
232793,2026-08-31,51585,1.03,45670
208607,2026-08-31,94195,1.01,45670
113375,2026-08-31,139474,0.97,45670
132822,2026-08-31,10400000,0.94,45670
222055,2026-08-31,28000,0.92,45670
100470,2026-08-31,785000,0.91,45670
100575,2026-08-31,120902,0.91,45670
132667,2026-08-31,3000000,0.90,45670
280713,2026-08-31,600000,0.89,45670
132830,2026-08-31,89713,0.86,45670
209550,2026-08-31,340000,0.86,45670
221033,2026-08-31,173711,0.83,45670
317635,2026-08-31,1152000,0.80,45670
211595,2026-08-31,534965,0.78,45670
200115,2026-08-31,151439,0.78,45670
279527,2026-08-31,754252,0.78,45670
112599,2026-08-31,42698,0.77,45670
132497,2026-08-31,27000,0.76,45670
311742,2026-08-31,52538,0.74,45670
208763,2026-08-31,16000,0.71,45670
122074,2026-08-31,179556,0.71,45670
293665,2026-08-31,227172,0.65,45670
211840,2026-08-31,41280,0.63,45670
222961,2026-08-31,40000,0.53,45670
316574,2026-08-31,152684,0.52,45670
111072,2026-08-31,35377,0.51,45670
105790,2026-08-31,20000,0.51,45670
132889,2026-08-31,67928,0.50,45670
273811,2026-08-31,84750,0.41,45670
124715,2026-08-31,665178,8.43,33729
210217,2026-08-31,1344012,6.30,33729
132488,2026-08-31,93472,5.65,33729
100488,2026-08-31,32924,5.44,33729
274045,2026-08-31,495081,4.47,33729
108869,2026-08-31,76013,4.32,33729
100087,2026-08-31,473861,4.27,33729
100124,2026-08-31,570312,4.21,33729
218071,2026-08-31,571483,3.80,33729
132843,2026-08-31,569351,3.30,33729
100257,2026-08-31,233454,3.26,33729
209373,2026-08-31,1179871,3.02,33729
106285,2026-08-31,118817,3.01,33729
100680,2026-08-31,97680,2.92,33729
211840,2026-08-31,188404,2.91,33729
100660,2026-08-31,139758,2.72,33729
100126,2026-08-31,67994,2.51,33729
209147,2026-08-31,258078,2.41,33729
212427,2026-08-31,69058,2.35,33729
228049,2026-08-31,374406,2.14,33729
131599,2026-08-31,975769,2.10,33729
279664,2026-08-31,177820,1.68,33729
218763,2026-08-31,134222,1.66,33729
221033,2026-08-31,329708,1.59,33729
209344,2026-08-31,479951,1.59,33729
132331,2026-08-31,68052,1.57,33729
232793,2026-08-31,73399,1.48,33729
273811,2026-08-31,253500,1.24,33729
235506,2026-08-31,297347,1.11,33729
107815,2026-08-31,23237,1.09,33729
132523,2026-08-31,376338,0.99,33729
123642,2026-08-31,63066,0.95,33729
124494,2026-08-31,71536,0.90,33729
322180,2026-08-31,125804,0.87,33729
274041,2026-08-31,215225,0.71,33729
209370,2026-08-31,101220,0.64,33729
315602,2026-08-31,19836,0.52,33729
217389,2026-08-31,145063,0.50,33729
227768,2026-08-31,631193,0.49,33729
130019,2026-08-31,45049,0.25,33729
100420,2026-08-31,3740,0.12,33729
132174,2026-08-31,206000,1.99,422
100180,2026-08-31,300000,1.42,422
100440,2026-08-31,190000,1.28,422
132454,2026-08-31,90000,1.09,422
205198,2026-08-31,75000,1.01,422
100469,2026-08-31,350000,0.83,422
302921,2026-08-31,50000,0.83,422
100112,2026-08-31,100000,0.71,422
132843,2026-08-31,113000,0.68,422
132215,2026-08-31,77000,0.67,422
124715,2026-08-31,50000,0.66,422
100325,2026-08-31,75000,0.64,422
132755,2026-08-31,55000,0.60,422
132538,2026-08-31,7500,0.57,422
235506,2026-08-31,136200,0.53,422
200132,2026-08-31,6443,0.52,422
223658,2026-08-31,100000,0.52,422
132523,2026-08-31,176259,0.48,422
132921,2026-08-31,40000,0.42,422
100510,2026-08-31,15409,0.42,422
108869,2026-08-31,7000,0.41,422
100480,2026-08-31,12200,0.41,422
100034,2026-08-31,55000,0.39,422
100209,2026-08-31,50000,0.38,422
223595,2026-08-31,14000,0.36,422
225154,2026-08-31,7000,0.36,422
100520,2026-08-31,15000,0.33,422
252306,2026-08-31,150000,0.33,422
287490,2026-08-31,436442,0.29,422
132424,2026-08-31,42000,0.25,422
111072,2026-08-31,15840,0.24,422
100271,2026-08-31,22500,0.24,422
211385,2026-08-31,20011,0.23,422
208607,2026-08-31,19512,0.22,422
124200,2026-08-31,20000,0.18,422
132555,2026-08-31,75000,0.16,422
100488,2026-08-31,900,0.15,422
223478,2026-08-31,101910,0.15,422
100238,2026-08-31,28200,0.15,422
200054,2026-08-31,50000,0.12,422
100875,2026-08-31,47095,0.08,422
322541,2026-08-31,55524,0.07,422
223586,2026-08-31,9117,0.04,422
223409,2026-08-31,1402,0.01,422
217689,2026-08-31,15000,0.00,422
100790,2026-08-31,446718,4.49,49528
100247,2026-08-31,1576441,4.44,49528
132174,2026-08-31,451314,4.41,49528
100114,2026-08-31,110135,3.77,49528
100049,2026-08-31,1302839,3.63,49528
132540,2026-08-31,221078,3.56,49528
100875,2026-08-31,1843350,3.16,49528
100180,2026-08-31,624349,2.97,49528
100825,2026-08-31,72984,2.57,49528
100209,2026-08-31,336914,2.57,49528
222055,2026-08-31,71310,2.51,49528
100830,2026-08-31,182307,2.32,49528
100188,2026-08-31,575231,2.30,49528
132281,2026-08-31,254380,2.24,49528
286335,2026-08-31,277043,2.02,49528
219300,2026-08-31,610619,1.65,49528
132827,2026-08-31,6668,1.60,49528
131642,2026-08-31,289258,1.59,49528
219494,2026-08-31,48353,1.56,49528
100251,2026-08-31,78836,1.52,49528
100182,2026-08-31,40872,1.50,49528
100480,2026-08-31,42589,1.46,49528
208280,2026-08-31,81580,1.44,49528
210590,2026-08-31,38092,1.43,49528
132725,2026-08-31,10386,1.40,49528
132667,2026-08-31,4315139,1.38,49528
211337,2026-08-31,20397,1.29,49528
100469,2026-08-31,523573,1.25,49528
208361,2026-08-31,80970,1.20,49528
132466,2026-08-31,13718,1.16,49528
208766,2026-08-31,46800,1.07,49528
111218,2026-08-31,141160,1.05,49528
132215,2026-08-31,115083,1.00,49528
100002,2026-08-31,18843,0.97,49528
100477,2026-08-31,776572,0.92,49528
100470,2026-08-31,705493,0.87,49528
210036,2026-08-31,161540,0.85,49528
209078,2026-08-31,106633,0.84,49528
100440,2026-08-31,122891,0.84,49528
208412,2026-08-31,224930,0.73,49528
100112,2026-08-31,90253,0.64,49528
218763,2026-08-31,47451,0.62,49528
324996,2026-08-31,204822,0.60,49528
132343,2026-08-31,19709,0.57,49528
100300,2026-08-31,23651,0.54,49528
124715,2026-08-31,39679,0.53,49528
132134,2026-08-31,328730,0.53,49528
190003,2026-08-31,211955,0.49,49528
100696,2026-08-31,34942,0.46,49528
190059,2026-08-31,30582,0.46,49528
211385,2026-08-31,38638,0.45,49528
132500,2026-08-31,4944,0.45,49528
132538,2026-08-31,5779,0.44,49528
132210,2026-08-31,286108,0.44,49528
208763,2026-08-31,9215,0.44,49528
132454,2026-08-31,34784,0.42,49528
226076,2026-08-31,108572,0.42,49528
100325,2026-08-31,47870,0.41,49528
132504,2026-08-31,6996,0.41,49528
105200,2026-08-31,7476,0.40,49528
132331,2026-08-31,16459,0.40,49528
132814,2026-08-31,64523,0.39,49528
131162,2026-08-31,155321,0.38,49528
223658,2026-08-31,72292,0.38,49528
242461,2026-08-31,131110,0.36,49528
132720,2026-08-31,135285,0.34,49528
100331,2026-08-31,29348,0.33,49528
100295,2026-08-31,173701,0.32,49528
287237,2026-08-31,684163,0.32,49528
100124,2026-08-31,40721,0.32,49528
200017,2026-08-31,23196,0.31,49528
100420,2026-08-31,8648,0.29,49528
100800,2026-08-31,40557,0.28,49528
108869,2026-08-31,4475,0.27,49528
100271,2026-08-31,24288,0.26,49528
100387,2026-08-31,1257,0.20,49528
100290,2026-08-31,197,0.18,49528
221790,2026-08-31,8505,0.17,49528
100096,2026-08-31,65456,0.17,49528
302921,2026-08-31,7274,0.12,49528
100820,2026-08-31,3108,0.06,49528
217126,2026-08-31,161702,0.04,49528
324997,2026-08-31,161702,0.04,49528
226019,2026-08-31,161702,0.04,49528
210072,2026-08-31,317,0.03,49528
294320,2026-08-31,2229,0.01,49528
100180,2026-08-31,2068635,9.86,407
132174,2026-08-31,967729,9.46,407
100325,2026-08-31,912606,7.83,407
132454,2026-08-31,410784,5.00,407
100510,2026-08-31,158112,4.30,407
100112,2026-08-31,558379,3.98,407
100209,2026-08-31,473821,3.61,407
132215,2026-08-31,387961,3.39,407
100247,2026-08-31,994588,2.80,407
100520,2026-08-31,120603,2.66,407
100034,2026-08-31,362066,2.57,407
100875,2026-08-31,1302205,2.24,407
132540,2026-08-31,137922,2.22,407
252306,2026-08-31,976623,2.15,407
100114,2026-08-31,55773,1.91,407
124715,2026-08-31,143041,1.91,407
132500,2026-08-31,17622,1.60,407
100696,2026-08-31,119848,1.58,407
111218,2026-08-31,189188,1.41,407
132555,2026-08-31,640431,1.41,407
100470,2026-08-31,1116649,1.38,407
100049,2026-08-31,483845,1.35,407
100440,2026-08-31,195594,1.33,407
132281,2026-08-31,142421,1.26,407
132538,2026-08-31,15985,1.23,407
200132,2026-08-31,14961,1.22,407
100300,2026-08-31,50969,1.15,407
100228,2026-08-31,126705,1.11,407
100820,2026-08-31,61054,1.09,407
132898,2026-08-31,611754,1.08,407
222055,2026-08-31,30577,1.08,407
132921,2026-08-31,99659,1.07,407
205198,2026-08-31,78205,1.06,407
105200,2026-08-31,18617,1.00,407
100790,2026-08-31,96803,0.97,407
132755,2026-08-31,85792,0.94,407
219300,2026-08-31,323577,0.87,407
100251,2026-08-31,44951,0.87,407
108869,2026-08-31,13901,0.83,407
100312,2026-08-31,524749,0.82,407
112599,2026-08-31,38982,0.75,407
100087,2026-08-31,76011,0.72,407
229365,2026-08-31,443236,0.72,407
211385,2026-08-31,60697,0.71,407
218071,2026-08-31,100537,0.70,407
100124,2026-08-31,82347,0.64,407
100800,2026-08-31,87972,0.61,407
100570,2026-08-31,282325,0.59,407
217389,2026-08-31,145321,0.53,407
107685,2026-08-31,365847,0.45,407
100825,2026-08-31,155586,5.54,301
100112,2026-08-31,671696,4.83,301
132174,2026-08-31,460000,4.54,301
111218,2026-08-31,554716,4.17,301
252306,2026-08-31,1400000,3.11,301
100547,2026-08-31,1401970,3.08,301
216156,2026-08-31,100000,3.08,301
315904,2026-08-31,8537095,2.72,301
132129,2026-08-31,649678,2.44,301
207872,2026-08-31,228944,2.40,301
208461,2026-08-31,660000,2.33,301
324996,2026-08-31,749026,2.21,301
271875,2026-08-31,227739,2.19,301
251791,2026-08-31,1274012,2.15,301
287433,2026-08-31,763968,2.08,301
132830,2026-08-31,193677,2.00,301
100034,2026-08-31,250144,1.79,301
100104,2026-08-31,720000,1.79,301
219300,2026-08-31,636155,1.73,301
208361,2026-08-31,108292,1.62,301
322918,2026-08-31,500000,1.60,301
100440,2026-08-31,225000,1.55,301
322541,2026-08-31,1000000,1.30,301
219494,2026-08-31,36050,1.17,301
132234,2026-08-31,450000,1.16,301
100103,2026-08-31,387191,1.16,301
132286,2026-08-31,140000,1.13,301
213838,2026-08-31,100000,1.11,301
132210,2026-08-31,676605,1.05,301
124804,2026-08-31,89879,1.05,301
111072,2026-08-31,65427,1.02,301
217757,2026-08-31,129526,1.01,301
214084,2026-08-31,37000,1.01,301
100038,2026-08-31,212387,1.00,301
100420,2026-08-31,28050,0.96,301
211385,2026-08-31,78000,0.92,301
235955,2026-08-31,115885,0.92,301
100425,2026-08-31,336000,0.91,301
132754,2026-08-31,1400000,0.89,301
207959,2026-08-31,138162,0.85,301
200132,2026-08-31,10000,0.82,301
211740,2026-08-31,50000,0.82,301
215477,2026-08-31,41937,0.82,301
105790,2026-08-31,25500,0.69,301
304684,2026-08-31,177912,0.60,301
209902,2026-08-31,300000,0.58,301
229238,2026-08-31,50000,0.54,301
113097,2026-08-31,69000,0.50,301
222264,2026-08-31,123423,0.49,301
226625,2026-08-31,234562,0.48,301
221842,2026-08-31,49485,0.46,301
295732,2026-08-31,421228,0.45,301
307332,2026-08-31,300000,0.44,301
295872,2026-08-31,13454,0.43,301
233063,2026-08-31,95000,0.43,301
218764,2026-08-31,100000,0.41,301
215367,2026-08-31,120000,0.40,301
210072,2026-08-31,4000,0.40,301
209147,2026-08-31,40000,0.40,301
218763,2026-08-31,29918,0.39,301
235355,2026-08-31,20000,0.39,301
132432,2026-08-31,37000,0.37,301
323093,2026-08-31,267000,0.37,301
100210,2026-08-31,10952,0.36,301
235506,2026-08-31,89556,0.35,301
208433,2026-08-31,24000,0.35,301
210949,2026-08-31,14000,0.34,301
124200,2026-08-31,37410,0.34,301
311742,2026-08-31,22000,0.33,301
209232,2026-08-31,78000,0.33,301
106076,2026-08-31,23743,0.33,301
100241,2026-08-31,24618,0.32,301
122205,2026-08-31,135068,0.31,301
269404,2026-08-31,16292,0.31,301
226076,2026-08-31,78166,0.31,301
232353,2026-08-31,117670,0.30,301
100251,2026-08-31,15000,0.29,301
132683,2026-08-31,9982,0.29,301
222961,2026-08-31,20112,0.29,301
232793,2026-08-31,13000,0.28,301
209550,2026-08-31,98000,0.27,301
283206,2026-08-31,64989,0.26,301
218241,2026-08-31,11000,3.60,301
208883,2026-08-31,427441,4.98,49245
252306,2026-08-31,1810959,4.03,49245
132921,2026-08-31,352417,3.81,49245
132174,2026-08-31,372882,3.68,49245
100114,2026-08-31,93334,3.23,49245
100034,2026-08-31,397380,2.85,49245
112599,2026-08-31,144285,2.80,49245
103100,2026-08-31,205515,2.65,49245
100180,2026-08-31,545524,2.63,49245
100510,2026-08-31,92047,2.53,49245
100049,2026-08-31,896062,2.52,49245
132541,2026-08-31,179601,2.42,49245
222055,2026-08-31,67530,2.40,49245
100112,2026-08-31,308453,2.22,49245
100420,2026-08-31,64513,2.22,49245
208766,2026-08-31,85925,1.98,49245
108869,2026-08-31,32556,1.97,49245
100480,2026-08-31,56168,1.95,49245
132259,2026-08-31,15942,1.92,49245
111243,2026-08-31,143896,1.81,49245
132843,2026-08-31,286706,1.76,49245
132725,2026-08-31,12700,1.73,49245
228974,2026-08-31,211731,1.69,49245
100325,2026-08-31,184997,1.60,49245
132889,2026-08-31,191486,1.53,49245
100660,2026-08-31,72221,1.50,49245
322541,2026-08-31,1146200,1.49,49245
132539,2026-08-31,171532,1.49,49245
111072,2026-08-31,90981,1.42,49245
242461,2026-08-31,511083,1.42,49245
209078,2026-08-31,177212,1.41,49245
132892,2026-08-31,196062,1.39,49245
100495,2026-08-31,67921,1.38,49245
105790,2026-08-31,49401,1.35,49245
131642,2026-08-31,237499,1.32,49245
132827,2026-08-31,5160,1.25,49245
132215,2026-08-31,139441,1.23,49245
296765,2026-08-31,5302,1.22,49245
132754,2026-08-31,1890651,1.20,49245
132454,2026-08-31,95433,1.17,49245
322366,2026-08-31,1474852,1.16,49245
293862,2026-08-31,599560,1.15,49245
208364,2026-08-31,53283,1.11,49245
111218,2026-08-31,144369,1.09,49245
122275,2026-08-31,31927,0.96,49245
100182,2026-08-31,25700,0.95,49245
320028,2026-08-31,41886,0.92,49245
132868,2026-08-31,191371,0.90,49245
190059,2026-08-31,57079,0.86,49245
100530,2026-08-31,2280,0.77,49245
223586,2026-08-31,193200,0.76,49245
208280,2026-08-31,41834,0.74,49245
132555,2026-08-31,327245,0.73,49245
219300,2026-08-31,258105,0.70,49245
215477,2026-08-31,35014,0.68,49245
132898,2026-08-31,375620,0.67,49245
317635,2026-08-31,873238,0.66,49245
100850,2026-08-31,95611,0.48,49245
271875,2026-08-31,46730,0.45,49245
100002,2026-08-31,7419,0.38,49245
100180,2026-08-31,3325000,16.24,3439
132174,2026-08-31,1151000,11.53,3439
100112,2026-08-31,1393490,10.17,3439
132215,2026-08-31,1135000,10.16,3439
100247,2026-08-31,3250000,9.39,3439
100034,2026-08-31,707388,5.15,3439
111218,2026-08-31,527975,4.04,3439
287237,2026-08-31,7800000,3.71,3439
211385,2026-08-31,277000,3.32,3439
208766,2026-08-31,102000,2.39,3439
111243,2026-08-31,133756,1.71,3439
267615,2026-08-31,195000,1.69,3439
100271,2026-08-31,156000,1.69,3439
217379,2026-08-31,150000,1.62,3439
205198,2026-08-31,116000,1.61,3439
217389,2026-08-31,390000,1.46,3439
217376,2026-08-31,390000,1.12,3439
132525,2026-08-31,1850000,1.05,3439
305799,2026-08-31,154682,1.03,3439
242461,2026-08-31,349979,0.99,3439
322541,2026-08-31,650000,0.86,3439
210174,2026-08-31,351860,0.86,3439
132187,2026-08-31,118468,0.83,3439
318597,2026-08-31,280000,0.74,3439
190071,2026-08-31,21654,0.68,3439
274038,2026-08-31,107424,0.48,3439
104973,2026-08-31,45000,0.46,3439
208364,2026-08-31,20000,0.42,3439
207901,2026-08-31,15000,0.34,3439
286335,2026-08-31,34514,0.26,3439
221842,2026-08-31,16553,0.16,3439
254493,2026-08-31,5000,0.06,3439
218756,2026-08-31,5994,0.03,3439
124715,2026-08-31,600000,8.25,3646
132488,2026-08-31,94707,6.21,3646
132331,2026-08-31,190000,4.74,3646
235355,2026-08-31,185000,3.70,3646
100124,2026-08-31,453143,3.62,3646
212427,2026-08-31,89000,3.29,3646
108869,2026-08-31,53000,3.27,3646
218071,2026-08-31,430000,3.10,3646
100257,2026-08-31,203834,3.09,3646
124742,2026-08-31,174819,3.05,3646
124494,2026-08-31,210026,2.87,3646
279664,2026-08-31,274290,2.81,3646
228049,2026-08-31,423347,2.62,3646
132843,2026-08-31,375000,2.36,3646
274045,2026-08-31,230000,2.25,3646
124404,2026-08-31,1000000,2.23,3646
132296,2026-08-31,129558,2.23,3646
297629,2026-08-31,700000,2.21,3646
277614,2026-08-31,1060000,2.17,3646
124804,2026-08-31,176850,2.10,3646
100126,2026-08-31,50000,2.00,3646
221033,2026-08-31,360000,1.89,3646
209147,2026-08-31,177465,1.79,3646
218763,2026-08-31,120205,1.61,3646
235506,2026-08-31,386904,1.56,3646
112529,2026-08-31,841690,1.54,3646
100087,2026-08-31,150000,1.46,3646
239342,2026-08-31,170000,1.42,3646
132523,2026-08-31,497979,1.42,3646
302427,2026-08-31,132328,1.39,3646
255003,2026-08-31,186414,1.28,3646
222255,2026-08-31,135000,1.21,3646
224849,2026-08-31,200000,1.16,3646
273811,2026-08-31,212525,1.12,3646
100680,2026-08-31,34332,1.11,3646
307329,2026-08-31,247036,0.99,3646
317079,2026-08-31,727219,0.98,3646
208099,2026-08-31,69279,0.89,3646
308020,2026-08-31,150000,0.88,3646
315602,2026-08-31,24168,0.69,3646
124372,2026-08-31,101402,0.68,3646
130019,2026-08-31,89675,0.55,3646
209373,2026-08-31,163132,0.45,3646
100112,2026-08-31,285000,2.12,49692
100180,2026-08-31,391300,1.94,49692
132215,2026-08-31,209375,1.91,49692
132454,2026-08-31,121125,1.54,49692
100520,2026-08-31,53800,1.24,49692
229365,2026-08-31,726150,1.23,49692
100325,2026-08-31,131000,1.17,49692
100875,2026-08-31,643425,1.15,49692
112599,2026-08-31,55929,1.12,49692
100696,2026-08-31,79800,1.10,49692
132174,2026-08-31,107100,1.09,49692
100440,2026-08-31,151900,1.08,49692
100470,2026-08-31,819500,1.06,49692
244005,2026-08-31,412645,0.97,49692
132921,2026-08-31,80750,0.90,49692
217389,2026-08-31,222200,0.85,49692
132540,2026-08-31,47700,0.80,49692
132648,2026-08-31,4509500,0.72,49692
126247,2026-08-31,154800,0.72,49692
100034,2026-08-31,88500,0.66,49692
209967,2026-08-31,219300,0.60,49692
100477,2026-08-31,435000,0.54,49692
208280,2026-08-31,27300,0.50,49692
100800,2026-08-31,64900,0.47,49692
100480,2026-08-31,12400,0.44,49692
100182,2026-08-31,11250,0.43,49692
100228,2026-08-31,45900,0.42,49692
132296,2026-08-31,23250,0.40,49692
100247,2026-08-31,134000,0.39,49692
280713,2026-08-31,230050,0.38,49692
100253,2026-08-31,99000,0.37,49692
211385,2026-08-31,28125,0.34,49692
100113,2026-08-31,230300,0.31,49692
100570,2026-08-31,142400,0.31,49692
100420,2026-08-31,8250,0.29,49692
100087,2026-08-31,29325,0.29,49692
100510,2026-08-31,9625,0.27,49692
132134,2026-08-31,155025,0.26,49692
124804,2026-08-31,20900,0.25,49692
100400,2026-08-31,101500,0.25,49692
222055,2026-08-31,6150,0.23,49692
279527,2026-08-31,190800,0.22,49692
132538,2026-08-31,2600,0.21,49692
132555,2026-08-31,90000,0.21,49692
100425,2026-08-31,70800,0.20,49692
219494,2026-08-31,5850,0.20,49692
271875,2026-08-31,19575,0.19,49692
100850,2026-08-31,37000,0.19,49692
132343,2026-08-31,6125,0.19,49692
132868,2026-08-31,38000,0.18,49692
278580,2026-08-31,287525,0.17,49692
132500,2026-08-31,1800,0.17,49692
105200,2026-08-31,2600,0.14,49692
286335,2026-08-31,19000,0.14,49692
112070,2026-08-31,35230,0.14,49692
100257,2026-08-31,8925,0.14,49692
100312,2026-08-31,78750,0.13,49692
209550,2026-08-31,38250,0.11,49692
217376,2026-08-31,33600,0.10,49692
132898,2026-08-31,49400,0.09,49692
208801,2026-08-31,149500,0.09,49692
100469,2026-08-31,35000,0.09,49692
221809,2026-08-31,166400,0.08,49692
132234,2026-08-31,30000,0.08,49692
108869,2026-08-31,1250,0.08,49692
132810,2026-08-31,31200,0.07,49692
132754,2026-08-31,104625,0.07,49692
209370,2026-08-31,8342,0.06,49692
100103,2026-08-31,18375,0.06,49692
132483,2026-08-31,60750,0.05,49692
132432,2026-08-31,4400,0.05,49692
100271,2026-08-31,4000,0.04,49692
322345,2026-08-31,112182,0.04,49692
126371,2026-08-31,60750,0.04,49692
132321,2026-08-31,3600,0.03,49692
130965,2026-08-31,29250,0.03,49692
132725,2026-08-31,200,0.03,49692
218071,2026-08-31,3675,0.03,49692
100830,2026-08-31,1925,0.03,49692
100300,2026-08-31,1000,0.02,49692
122275,2026-08-31,750,0.02,49692
190059,2026-08-31,1400,0.02,49692
208461,2026-08-31,5375,0.02,49692
132843,2026-08-31,2325,0.01,49692
111218,2026-08-31,1650,0.01,49692
222264,2026-08-31,2850,0.01,49692
100104,2026-08-31,4050,0.01,49692
132149,2026-08-31,10400,0.01,49692
100188,2026-08-31,2450,0.01,49692
294320,2026-08-31,2325,0.01,49692
211337,2026-08-31,125,0.01,49692
132461,2026-08-31,8000,0.01,49692
132286,2026-08-31,625,0.01,49692
289554,2026-08-31,600,0.01,49692
132539,2026-08-31,550,0.00,49692
100096,2026-08-31,1250,0.00,49692
100368,2026-08-31,1075,0.00,49692
132538,2026-08-31,70000,5.69,33731
324996,2026-08-31,1700000,5.25,33731
271875,2026-08-31,488378,4.91,33731
100470,2026-08-31,3300000,4.32,33731
100425,2026-08-31,1400000,3.99,33731
100325,2026-08-31,420000,3.81,33731
100312,2026-08-31,2200000,3.62,33731
209867,2026-08-31,2500000,3.51,33731
100547,2026-08-31,1500000,3.45,33731
132555,2026-08-31,1400000,3.25,33731
132286,2026-08-31,360000,3.05,33731
114167,2026-08-31,400000,2.90,33731
100228,2026-08-31,300000,2.78,33731
100188,2026-08-31,600000,2.54,33731
132504,2026-08-31,40000,2.46,33731
208433,2026-08-31,150000,2.27,33731
223666,2026-08-31,500000,2.09,33731
100444,2026-08-31,459794,2.00,33731
209344,2026-08-31,524877,1.93,33731
216369,2026-08-31,3500000,1.91,33731
318618,2026-08-31,535145,1.75,33731
219300,2026-08-31,600000,1.71,33731
208661,2026-08-31,225000,1.71,33731
100104,2026-08-31,650000,1.69,33731
100300,2026-08-31,70000,1.67,33731
208690,2026-08-31,892478,1.57,33731
126371,2026-08-31,2500000,1.56,33731
100400,2026-08-31,595000,1.47,33731
237742,2026-08-31,231220,1.44,33731
100440,2026-08-31,195000,1.41,33731
112070,2026-08-31,350000,1.40,33731
124208,2026-08-31,364261,1.36,33731
232353,2026-08-31,500000,1.32,33731
100870,2026-08-31,1000000,1.31,33731
205702,2026-08-31,565698,1.29,33731
100084,2026-08-31,1200000,1.24,33731
216147,2026-08-31,546490,1.24,33731
190059,2026-08-31,73918,1.17,33731
132898,2026-08-31,600000,1.12,33731
200091,2026-08-31,319912,1.10,33731
130965,2026-08-31,1100000,1.09,33731
132508,2026-08-31,175600,0.87,33731
100387,2026-08-31,5165,0.85,33731
120111,2026-08-31,43155,0.81,33731
103806,2026-08-31,41000,0.74,33731
100325,2026-08-31,366616,3.34,30774
100480,2026-08-31,85582,3.12,30774
214084,2026-08-31,100000,2.87,30774
100520,2026-08-31,114570,2.68,30774
211740,2026-08-31,142035,2.44,30774
100440,2026-08-31,326000,2.36,30774
214179,2026-08-31,377106,2.19,30774
132286,2026-08-31,256435,2.18,30774
223658,2026-08-31,392000,2.17,30774
130549,2026-08-31,314865,2.13,30774
100493,2026-08-31,139474,2.09,30774
294388,2026-08-31,170000,2.08,30774
113097,2026-08-31,263148,2.01,30774
100049,2026-08-31,678274,2.01,30774
132497,2026-08-31,62500,2.00,30774
117334,2026-08-31,1626526,1.98,30774
209147,2026-08-31,189073,1.97,30774
209063,2026-08-31,320856,1.93,30774
210072,2026-08-31,18000,1.91,30774
324996,2026-08-31,603750,1.87,30774
215477,2026-08-31,91335,1.87,30774
132331,2026-08-31,70000,1.80,30774
208361,2026-08-31,113934,1.79,30774
200132,2026-08-31,20158,1.74,30774
132683,2026-08-31,56635,1.72,30774
132343,2026-08-31,55000,1.70,30774
113375,2026-08-31,207819,1.64,30774
132144,2026-08-31,90040,1.54,30774
215216,2026-08-31,18720,1.50,30774
122287,2026-08-31,149000,1.49,30774
100252,2026-08-31,10000,1.35,30774
132432,2026-08-31,125000,1.33,30774
100087,2026-08-31,130000,1.31,30774
277169,2026-08-31,222358,1.30,30774
124715,2026-08-31,91238,1.29,30774
100820,2026-08-31,64582,1.22,30774
233063,2026-08-31,249870,1.18,30774
100241,2026-08-31,85174,1.15,30774
100547,2026-08-31,490000,1.13,30774
211840,2026-08-31,64000,1.10,30774
100295,2026-08-31,550000,1.09,30774
100002,2026-08-31,20000,1.09,30774
307332,2026-08-31,708920,1.08,30774
269404,2026-08-31,50000,0.99,30774
100210,2026-08-31,28550,0.99,30774
132830,2026-08-31,90000,0.98,30774
132630,2026-08-31,175000,0.98,30774
112599,2026-08-31,46925,0.96,30774
100575,2026-08-31,110200,0.94,30774
103806,2026-08-31,50000,0.91,30774
100411,2026-08-31,32507,0.90,30774
100067,2026-08-31,86200,0.90,30774
100550,2026-08-31,30000,0.86,30774
106767,2026-08-31,57147,0.82,30774
126371,2026-08-31,1263090,0.79,30774
100425,2026-08-31,274000,0.78,30774
209867,2026-08-31,528122,0.75,30774
200054,2026-08-31,300000,0.74,30774
132523,2026-08-31,237970,0.70,30774
322113,2026-08-31,172550,0.68,30774
122205,2026-08-31,267500,0.66,30774
318188,2026-08-31,59397,0.64,30774
282626,2026-08-31,150000,0.52,30774
123642,2026-08-31,30000,0.51,30774
220869,2026-08-31,69444,0.49,30774
267465,2026-08-31,46994,0.37,30774
132259,2026-08-31,2523,0.32,30774
242153,2026-08-31,101859,0.31,30774
217126,2026-08-31,550000,0.15,30774
324997,2026-08-31,550000,0.14,30774
237742,2026-08-31,5873,0.04,30774
321652,2026-08-31,17455,0.03,30774
219494,2026-08-31,623202,21.40,49044
100049,2026-08-31,6583750,19.52,49044
100493,2026-08-31,924700,13.92,49044
132725,2026-08-31,84508,12.15,49044
219700,2026-08-31,263558,4.67,49044
208763,2026-08-31,74431,3.75,49044
132493,2026-08-31,293597,3.50,49044
222554,2026-08-31,104598,3.38,49044
219691,2026-08-31,293643,3.17,49044
212705,2026-08-31,319743,2.92,49044
190032,2026-08-31,159972,2.04,49044
208196,2026-08-31,101622,1.86,49044
100048,2026-08-31,132663,1.84,49044
287382,2026-08-31,560645,1.55,49044
301603,2026-08-31,123205,1.26,49044
105242,2026-08-31,13613,1.17,49044
132395,2026-08-31,62065,0.74,49044
213862,2026-08-31,398922,0.70,49044
208745,2026-08-31,169450,0.50,49044
100325,2026-08-31,418860,3.92,48179
100300,2026-08-31,135000,3.34,48179
132174,2026-08-31,300000,3.20,48179
208461,2026-08-31,794000,3.03,48179
132215,2026-08-31,285000,2.72,48179
132187,2026-08-31,359474,2.68,48179
200132,2026-08-31,26733,2.38,48179
112599,2026-08-31,110000,2.31,48179
209967,2026-08-31,800000,2.28,48179
132755,2026-08-31,186715,2.23,48179
100209,2026-08-31,262703,2.18,48179
132488,2026-08-31,30000,2.08,48179
132822,2026-08-31,19202548,2.02,48179
278580,2026-08-31,3200000,2.02,48179
279527,2026-08-31,1566000,1.88,48179
271875,2026-08-31,176000,1.83,48179
132331,2026-08-31,66686,1.76,48179
100260,2026-08-31,270000,1.74,48179
228049,2026-08-31,260004,1.70,48179
100034,2026-08-31,206670,1.60,48179
132500,2026-08-31,16000,1.59,48179
132296,2026-08-31,86738,1.58,48179
100233,2026-08-31,167666,1.53,48179
219691,2026-08-31,136361,1.51,48179
132555,2026-08-31,623333,1.50,48179
100425,2026-08-31,500000,1.47,48179
200055,2026-08-31,620000,1.47,48179
111218,2026-08-31,180000,1.46,48179
324996,2026-08-31,450000,1.44,48179
132523,2026-08-31,462500,1.40,48179
132321,2026-08-31,163722,1.39,48179
115030,2026-08-31,189920,1.33,48179
219300,2026-08-31,449211,1.32,48179
100084,2026-08-31,1219615,1.31,48179
113375,2026-08-31,160602,1.30,48179
100113,2026-08-31,900000,1.29,48179
100252,2026-08-31,9185,1.28,48179
100878,2026-08-31,50925,1.28,48179
100228,2026-08-31,130000,1.25,48179
100645,2026-08-31,111252,1.15,48179
131213,2026-08-31,450000,1.12,48179
100440,2026-08-31,150000,1.12,48179
100241,2026-08-31,80066,1.12,48179
100469,2026-08-31,420000,1.10,48179
315904,2026-08-31,3021008,1.04,48179
126299,2026-08-31,57000,1.01,48179
287237,2026-08-31,2000000,1.01,48179
132461,2026-08-31,1200000,1.00,48179
100405,2026-08-31,185430,0.99,48179
126371,2026-08-31,1500000,0.97,48179
293380,2026-08-31,70000,0.95,48179
132630,2026-08-31,164205,0.94,48179
219700,2026-08-31,50000,0.91,48179
209127,2026-08-31,115162,0.89,48179
132889,2026-08-31,100000,0.86,48179
104614,2026-08-31,220000,0.80,48179
100800,2026-08-31,100000,0.76,48179
100730,2026-08-31,587499,0.74,48179
132134,2026-08-31,400000,0.70,48179
105700,2026-08-31,220071,0.66,48179
255331,2026-08-31,55165,0.64,48179
132155,2026-08-31,455226,0.59,48179
100150,2026-08-31,12024,0.57,48179
208196,2026-08-31,30000,0.56,48179
124804,2026-08-31,36132,0.45,48179
132356,2026-08-31,153176,0.33,48179
100655,2026-08-31,3929,0.21,48179
208883,2026-08-31,279764,3.53,47089
307061,2026-08-31,175000,3.05,47089
100163,2026-08-31,187151,2.90,47089
278580,2026-08-31,4549993,2.88,47089
132525,2026-08-31,4617515,2.79,47089
131642,2026-08-31,454981,2.74,47089
132541,2026-08-31,175000,2.55,47089
269404,2026-08-31,123278,2.52,47089
100493,2026-08-31,161258,2.50,47089
100477,2026-08-31,1919314,2.48,47089
132296,2026-08-31,133723,2.44,47089
132892,2026-08-31,298427,2.29,47089
208766,2026-08-31,90000,2.25,47089
232793,2026-08-31,91645,2.13,47089
214179,2026-08-31,340071,2.03,47089
124000,2026-08-31,562061,1.92,47089
124804,2026-08-31,143836,1.82,47089
126299,2026-08-31,100627,1.80,47089
215477,2026-08-31,84039,1.77,47089
132644,2026-08-31,46352,1.75,47089
228974,2026-08-31,200088,1.73,47089
304549,2026-08-31,160000,1.69,47089
103806,2026-08-31,85049,1.60,47089
210072,2026-08-31,14600,1.59,47089
100103,2026-08-31,470000,1.53,47089
286335,2026-08-31,185000,1.48,47089
100101,2026-08-31,360000,1.47,47089
213838,2026-08-31,120000,1.44,47089
322541,2026-08-31,1001667,1.41,47089
297249,2026-08-31,274688,1.38,47089
233063,2026-08-31,280000,1.36,47089
100411,2026-08-31,46741,1.34,47089
211840,2026-08-31,75199,1.34,47089
132497,2026-08-31,40000,1.32,47089
275316,2026-08-31,57000,1.25,47089
288853,2026-08-31,275250,1.25,47089
100655,2026-08-31,23778,1.25,47089
318188,2026-08-31,107904,1.21,47089
111072,2026-08-31,71090,1.20,47089
209344,2026-08-31,305067,1.16,47089
254493,2026-08-31,83892,1.16,47089
132259,2026-08-31,8828,1.15,47089
221877,2026-08-31,59285,1.14,47089
302988,2026-08-31,400000,1.03,47089
100182,2026-08-31,25000,1.00,47089
296765,2026-08-31,3950,0.98,47089
212427,2026-08-31,25000,0.98,47089
200115,2026-08-31,161425,0.97,47089
100850,2026-08-31,170000,0.92,47089
132720,2026-08-31,328200,0.90,47089
240461,2026-08-31,220000,0.87,47089
100086,2026-08-31,265000,0.86,47089
210949,2026-08-31,30990,0.81,47089
132234,2026-08-31,280000,0.79,47089
100104,2026-08-31,276364,0.74,47089
100877,2026-08-31,225000,0.73,47089
207901,2026-08-31,30000,0.72,47089
130475,2026-08-31,96135,0.70,47089
287433,2026-08-31,215324,0.64,47089
216065,2026-08-31,85227,0.62,47089
213327,2026-08-31,453549,0.61,47089
123457,2026-08-31,12930,0.61,47089
132504,2026-08-31,9138,0.58,47089
324034,2026-08-31,1377716,0.58,47089
297629,2026-08-31,149278,0.50,47089
322252,2026-08-31,377316,0.47,47089
237831,2026-08-31,180778,0.45,47089
293862,2026-08-31,200000,0.41,47089
106395,2026-08-31,28310,0.40,47089
289108,2026-08-31,110000,0.37,47089
215605,2026-08-31,218643,0.24,47089
132174,2026-08-31,478000,5.16,49235
100180,2026-08-31,726000,3.82,49235
100325,2026-08-31,367000,3.48,49235
132215,2026-08-31,346000,3.34,49235
132921,2026-08-31,258888,3.06,49235
132454,2026-08-31,224548,3.02,49235
252306,2026-08-31,1150000,2.80,49235
132755,2026-08-31,222000,2.69,49235
100520,2026-08-31,105000,2.56,49235
254493,2026-08-31,179630,2.50,49235
218763,2026-08-31,171217,2.46,49235
210072,2026-08-31,20755,2.29,49235
317635,2026-08-31,2762115,2.27,49235
132500,2026-08-31,21500,2.16,49235
294388,2026-08-31,165592,2.11,49235
209068,2026-08-31,660000,1.87,49235
304682,2026-08-31,139421,1.81,49235
117334,2026-08-31,1412500,1.79,49235
200515,2026-08-31,92442,1.74,49235
190003,2026-08-31,652076,1.68,49235
235506,2026-08-31,384420,1.66,49235
213046,2026-08-31,691242,1.65,49235
293862,2026-08-31,764677,1.60,49235
205198,2026-08-31,100000,1.50,49235
100209,2026-08-31,175711,1.48,49235
132809,2026-08-31,733363,1.44,49235
132134,2026-08-31,800000,1.42,49235
232793,2026-08-31,60000,1.41,49235
100247,2026-08-31,450000,1.40,49235
106590,2026-08-31,583444,1.37,49235
271875,2026-08-31,124731,1.31,49235
210217,2026-08-31,236598,1.29,49235
284650,2026-08-31,209429,1.25,49235
209147,2026-08-31,114131,1.24,49235
273811,2026-08-31,217500,1.23,49235
229238,2026-08-31,103477,1.23,49235
215216,2026-08-31,14055,1.17,49235
214179,2026-08-31,190000,1.15,49235
221033,2026-08-31,195700,1.10,49235
302427,2026-08-31,96940,1.09,49235
209979,2026-08-31,139338,1.09,49235
100420,2026-08-31,28009,1.05,49235
124372,2026-08-31,144093,1.04,49235
124804,2026-08-31,80000,1.02,49235
200017,2026-08-31,68952,1.01,49235
113375,2026-08-31,115433,0.95,49235
100480,2026-08-31,25000,0.95,49235
100575,2026-08-31,100000,0.89,49235
209373,2026-08-31,277220,0.83,49235
100112,2026-08-31,100000,0.79,49235
112599,2026-08-31,34686,0.74,49235
218771,2026-08-31,21000,0.72,49235
307332,2026-08-31,400000,0.64,49235
117354,2026-08-31,50000,0.46,49235
100093,2026-08-31,50000,0.34,49235
104067,2026-08-31,97160,0.33,49235
208607,2026-08-31,25000,0.32,49235
323093,2026-08-31,112590,0.17,49235
317079,2026-08-31,50251,0.07,49235
274045,2026-08-31,391,0.00,49235
208766,2026-08-31,222791,5.71,49162
271867,2026-08-31,390532,5.64,49162
111218,2026-08-31,621059,5.20,49162
100440,2026-08-31,648023,4.96,49162
100480,2026-08-31,113916,4.38,49162
122275,2026-08-31,125257,4.20,49162
209867,2026-08-31,2754437,4.11,49162
207901,2026-08-31,162831,4.03,49162
100469,2026-08-31,1399655,3.76,49162
100103,2026-08-31,1036492,3.46,49162
100493,2026-08-31,195981,3.11,49162
100093,2026-08-31,420060,2.90,49162
296765,2026-08-31,11178,2.84,49162
100420,2026-08-31,70174,2.68,49162
271875,2026-08-31,250919,2.68,49162
132234,2026-08-31,918276,2.64,49162
211337,2026-08-31,36555,2.60,49162
100183,2026-08-31,1291088,2.42,49162
294388,2026-08-31,184287,2.39,49162
132822,2026-08-31,18489950,2.00,49162
100002,2026-08-31,32213,1.85,49162
132144,2026-08-31,99762,1.80,49162
132296,2026-08-31,88993,1.66,49162
117569,2026-08-31,37624,1.63,49162
100113,2026-08-31,1094607,1.61,49162
132504,2026-08-31,23968,1.57,49162
132259,2026-08-31,10536,1.41,49162
190003,2026-08-31,518499,1.36,49162
232793,2026-08-31,56380,1.34,49162
242461,2026-08-31,419686,1.30,49162
222961,2026-08-31,79063,1.25,49162
226156,2026-08-31,69676,1.16,49162
113599,2026-08-31,246380,0.98,49162
100411,2026-08-31,32567,0.96,49162
209147,2026-08-31,84548,0.93,49162
132525,2026-08-31,1272784,0.79,49162
215216,2026-08-31,9137,0.77,49162
132482,2026-08-31,101559,0.63,49162
304549,2026-08-31,56467,0.61,49162
100620,2026-08-31,60557,0.59,49162
310018,2026-08-31,13176,0.52,49162
209024,2026-08-31,21859,0.48,49162
113683,2026-08-31,231793,0.47,49162
229820,2026-08-31,49768,0.46,49162
100144,2026-08-31,47236,0.44,49162
211595,2026-08-31,245329,0.43,49162
209068,2026-08-31,137097,0.39,49162
209979,2026-08-31,47859,0.38,49162
308764,2026-08-31,83953,0.30,49162
132181,2026-08-31,45040,0.19,49162
207901,2026-08-31,123569,3.14,45376
100469,2026-08-31,744145,2.05,45376
208766,2026-08-31,77142,2.03,45376
271867,2026-08-31,117655,1.74,45376
208883,2026-08-31,127312,1.69,45376
100182,2026-08-31,39257,1.66,45376
132541,2026-08-31,105242,1.62,45376
132187,2026-08-31,199171,1.57,45376
254493,2026-08-31,104641,1.52,45376
100103,2026-08-31,440814,1.51,45376
210072,2026-08-31,12546,1.44,45376
286335,2026-08-31,171214,1.44,45376
210590,2026-08-31,32861,1.42,45376
132667,2026-08-31,3672269,1.35,45376
278580,2026-08-31,2006319,1.33,45376
100493,2026-08-31,80602,1.31,45376
122275,2026-08-31,37470,1.29,45376
100257,2026-08-31,73436,1.24,45376
217376,2026-08-31,383235,1.24,45376
211337,2026-08-31,16171,1.18,45376
132777,2026-08-31,115782,1.18,45376
100477,2026-08-31,865258,1.18,45376
209967,2026-08-31,389625,1.17,45376
302988,2026-08-31,413140,1.12,45376
124804,2026-08-31,83701,1.11,45376
132843,2026-08-31,157583,1.11,45376
131642,2026-08-31,160065,1.02,45376
296765,2026-08-31,3847,1.00,45376
100271,2026-08-31,80206,0.98,45376
190059,2026-08-31,55046,0.95,45376
132648,2026-08-31,5311515,0.94,45376
293862,2026-08-31,429184,0.94,45376
132822,2026-08-31,8325177,0.92,45376
217379,2026-08-31,73489,0.89,45376
132296,2026-08-31,45532,0.87,45376
103806,2026-08-31,43917,0.87,45376
103100,2026-08-31,56453,0.83,45376
117569,2026-08-31,18634,0.83,45376
132497,2026-08-31,23688,0.82,45376
100104,2026-08-31,290389,0.82,45376
132234,2026-08-31,271172,0.80,45376
242461,2026-08-31,249001,0.79,45376
132754,2026-08-31,1076282,0.78,45376
126299,2026-08-31,40028,0.75,45376
208461,2026-08-31,185352,0.75,45376
132814,2026-08-31,106697,0.74,45376
112070,2026-08-31,169584,0.74,45376
117354,2026-08-31,76210,0.73,45376
190071,2026-08-31,20825,0.73,45376
212427,2026-08-31,17695,0.73,45376
317635,2026-08-31,841527,0.72,45376
126371,2026-08-31,1045181,0.71,45376
228974,2026-08-31,78357,0.71,45376
132259,2026-08-31,5110,0.70,45376
132466,2026-08-31,7212,0.70,45376
269404,2026-08-31,32309,0.70,45376
132523,2026-08-31,215743,0.69,45376
216369,2026-08-31,1137977,0.68,45376
100113,2026-08-31,437165,0.66,45376
213838,2026-08-31,51009,0.64,45376
124494,2026-08-31,42005,0.64,45376
211840,2026-08-31,34236,0.64,45376
220350,2026-08-31,257986,0.64,45376
208238,2026-08-31,40897,0.64,45376
100575,2026-08-31,68948,0.64,45376
100290,2026-08-31,614,0.64,45376
200091,2026-08-31,164927,0.62,45376
100830,2026-08-31,39771,0.58,45376
221877,2026-08-31,28946,0.58,45376
132720,2026-08-31,200080,0.58,45376
112455,2026-08-31,39354,0.55,45376
132539,2026-08-31,55003,0.54,45376
132779,2026-08-31,57498,0.54,45376
226720,2026-08-31,116196,0.54,45376
109930,2026-08-31,19474,0.54,45376
106395,2026-08-31,36151,0.53,45376
132827,2026-08-31,1907,0.53,45376
132522,2026-08-31,226602,0.53,45376
100096,2026-08-31,178559,0.53,45376
233063,2026-08-31,101377,0.52,45376
132508,2026-08-31,94709,0.51,45376
220018,2026-08-31,35594,0.51,45376
132644,2026-08-31,12656,0.50,45376
209078,2026-08-31,54216,0.49,45376
210258,2026-08-31,119437,0.48,45376
237831,2026-08-31,180422,0.47,45376
100483,2026-08-31,35515,0.47,45376
100086,2026-08-31,137575,0.47,45376
295872,2026-08-31,12751,0.46,45376
215367,2026-08-31,118361,0.45,45376
123642,2026-08-31,24499,0.45,45376
225051,2026-08-31,89674,0.45,45376
100067,2026-08-31,39236,0.44,45376
132830,2026-08-31,36985,0.44,45376
102355,2026-08-31,24295,0.43,45376
318678,2026-08-31,338849,0.42,45376
131344,2026-08-31,104393,0.41,45376
208607,2026-08-31,30875,0.41,45376
228347,2026-08-31,83885,0.40,45376
132149,2026-08-31,367468,0.40,45376
132525,2026-08-31,615728,0.39,45376
132683,2026-08-31,11741,0.39,45376
132892,2026-08-31,47302,0.38,45376
100253,2026-08-31,90917,0.38,45376
105790,2026-08-31,12173,0.38,45376
132331,2026-08-31,12737,0.35,45376
100411,2026-08-31,11717,0.35,45376
208364,2026-08-31,14789,0.35,45376
243036,2026-08-31,80049,0.35,45376
322541,2026-08-31,232725,0.35,45376
293380,2026-08-31,24044,0.35,45376
208412,2026-08-31,91223,0.34,45376
218756,2026-08-31,64163,0.34,45376
109480,2026-08-31,86200,0.33,45376
100877,2026-08-31,97602,0.33,45376
210174,2026-08-31,120107,0.33,45376
100488,2026-08-31,1575,0.32,45376
123457,2026-08-31,6366,0.31,45376
132889,2026-08-31,33634,0.31,45376
219691,2026-08-31,25595,0.30,45376
279664,2026-08-31,25894,0.30,45376
100660,2026-08-31,12516,0.30,45376
100408,2026-08-31,10411,0.29,45376
314935,2026-08-31,35793,0.29,45376
100368,2026-08-31,104756,0.28,45376
209037,2026-08-31,171656,0.28,45376
100092,2026-08-31,7374,0.28,45376
212705,2026-08-31,27871,0.27,45376
207872,2026-08-31,22744,0.27,45376
207673,2026-08-31,167931,0.25,45376
215477,2026-08-31,10663,0.24,45376
268618,2026-08-31,8344,0.23,45376
100495,2026-08-31,10046,0.23,45376
113683,2026-08-31,110109,0.23,45376
294320,2026-08-31,49595,0.22,45376
132478,2026-08-31,21839,0.22,45376
123395,2026-08-31,855,0.22,45376
228460,2026-08-31,334811,0.22,45376
208414,2026-08-31,240582,0.22,45376
213327,2026-08-31,151758,0.21,45376
100163,2026-08-31,12351,0.20,45376
101301,2026-08-31,39466,0.20,45376
317139,2026-08-31,280901,0.19,45376
132129,2026-08-31,44859,0.19,45376
228049,2026-08-31,26918,0.19,45376
117174,2026-08-31,667,0.18,45376
100410,2026-08-31,18133,0.18,45376
100164,2026-08-31,13050,0.11,45376
220512,2026-08-31,216297,0.11,45376
217385,2026-08-31,72777,0.11,45376
100420,2026-08-31,118001,4.63,46717
200132,2026-08-31,44143,4.15,46717
108869,2026-08-31,57577,3.97,46717
100790,2026-08-31,339884,3.94,46717
132555,2026-08-31,1524337,3.86,46717
131642,2026-08-31,607126,3.85,46717
132174,2026-08-31,342110,3.85,46717
100440,2026-08-31,483583,3.80,46717
100469,2026-08-31,1336358,3.69,46717
100300,2026-08-31,141215,3.69,46717
124715,2026-08-31,237611,3.65,46717
100228,2026-08-31,345866,3.50,46717
100480,2026-08-31,87812,3.47,46717
100114,2026-08-31,85164,3.36,46717
211385,2026-08-31,249390,3.36,46717
100331,2026-08-31,250269,3.27,46717
100257,2026-08-31,191101,3.24,46717
100112,2026-08-31,392308,3.22,46717
132454,2026-08-31,227057,3.19,46717
132343,2026-08-31,94276,3.17,46717
105200,2026-08-31,50716,3.12,46717
100825,2026-08-31,72001,2.93,46717
100325,2026-08-31,283900,2.81,46717
100820,2026-08-31,135265,2.78,46717
132538,2026-08-31,30078,2.67,46717
219300,2026-08-31,858008,2.67,46717
132500,2026-08-31,25081,2.63,46717
132321,2026-08-31,286960,2.58,46717
100800,2026-08-31,313587,2.52,46717
100271,2026-08-31,190452,2.32,46717
210949,2026-08-31,234866,6.55,45096
132454,2026-08-31,285000,4.04,45096
111218,2026-08-31,407163,3.53,45096
132174,2026-08-31,300000,3.41,45096
323093,2026-08-31,1815925,2.92,45096
218771,2026-08-31,75011,2.70,45096
132477,2026-08-31,1685900,2.49,45096
322541,2026-08-31,1505504,2.26,45096
132215,2026-08-31,220123,2.24,45096
132525,2026-08-31,3446309,2.21,45096
287237,2026-08-31,4035407,2.18,45096
324996,2026-08-31,594467,2.02,45096
132504,2026-08-31,29701,2.01,45096
100209,2026-08-31,220127,1.95,45096
322918,2026-08-31,513614,1.89,45096
209232,2026-08-31,367177,1.80,45096
209068,2026-08-31,583230,1.73,45096
132541,2026-08-31,110000,1.71,45096
209967,2026-08-31,550000,1.67,45096
215216,2026-08-31,18391,1.61,45096
100520,2026-08-31,60000,1.54,45096
209550,2026-08-31,482118,1.51,45096
205198,2026-08-31,88630,1.40,45096
252306,2026-08-31,539751,1.38,45096
249675,2026-08-31,56828,1.37,45096
100425,2026-08-31,435633,1.37,45096
113375,2026-08-31,157329,1.36,45096
278701,2026-08-31,320200,1.34,45096
304682,2026-08-31,94312,1.29,45096
217389,2026-08-31,300000,1.27,45096
132523,2026-08-31,392670,1.26,45096
211595,2026-08-31,655027,1.19,45096
100800,2026-08-31,146472,1.19,45096
228049,2026-08-31,170020,1.19,45096
100878,2026-08-31,43401,1.16,45096
132331,2026-08-31,40800,1.15,45096
322366,2026-08-31,1213180,1.10,45096
113519,2026-08-31,126628,1.09,45096
293862,2026-08-31,496934,1.09,45096
217379,2026-08-31,88929,1.09,45096
271875,2026-08-31,98081,1.09,45096
100325,2026-08-31,107332,1.07,45096
112599,2026-08-31,46925,1.05,45096
132755,2026-08-31,82000,1.04,45096
132843,2026-08-31,143346,1.02,45096
274066,2026-08-31,227226,1.01,45096
223586,2026-08-31,221208,1.00,45096
100027,2026-08-31,19150,0.96,45096
111072,2026-08-31,52800,0.95,45096
303157,2026-08-31,126565,0.93,45096
322113,2026-08-31,202125,0.87,45096
100300,2026-08-31,32590,0.86,45096
100440,2026-08-31,100310,0.80,45096
126951,2026-08-31,28875,0.78,45096
132889,2026-08-31,80000,0.74,45096
209492,2026-08-31,106972,0.73,45096
132784,2026-08-31,71861,0.71,45096
318188,2026-08-31,57060,0.68,45096
294388,2026-08-31,49625,0.67,45096
132683,2026-08-31,19425,0.65,45096
100101,2026-08-31,140410,0.61,45096
200094,2026-08-31,400000,0.59,45096
132286,2026-08-31,59821,0.56,45096
209587,2026-08-31,216702,0.51,45096
304684,2026-08-31,107357,0.41,45096
208883,2026-08-31,30005,0.40,45096
271867,2026-08-31,420770,6.32,47010
208766,2026-08-31,215407,5.75,47010
100469,2026-08-31,1719734,4.81,47010
100103,2026-08-31,1273205,4.42,47010
122275,2026-08-31,121105,4.23,47010
207901,2026-08-31,157434,4.06,47010
100493,2026-08-31,240617,3.98,47010
296765,2026-08-31,13688,3.63,47010
132234,2026-08-31,1117994,3.35,47010
211337,2026-08-31,44806,3.32,47010
286335,2026-08-31,314744,2.68,47010
132822,2026-08-31,22649680,2.55,47010
124804,2026-08-31,166947,2.25,47010
132187,2026-08-31,281473,2.25,47010
100257,2026-08-31,128924,2.21,47010
131642,2026-08-31,335645,2.16,47010
132296,2026-08-31,109167,2.13,47010
117569,2026-08-31,46343,2.09,47010
100113,2026-08-31,1345077,2.06,47010
209967,2026-08-31,619754,1.89,47010
132843,2026-08-31,261372,1.86,47010
132259,2026-08-31,12973,1.80,47010
208883,2026-08-31,132366,1.78,47010
100477,2026-08-31,1252494,1.73,47010
302988,2026-08-31,613538,1.68,47010
242461,2026-08-31,513811,1.65,47010
132497,2026-08-31,43786,1.54,47010
208461,2026-08-31,361689,1.48,47010
126371,2026-08-31,2070580,1.43,47010
112455,2026-08-31,96458,1.36,47010
132466,2026-08-31,13619,1.34,47010
132523,2026-08-31,384548,1.24,47010
100411,2026-08-31,40097,1.23,47010
220350,2026-08-31,484467,1.22,47010
100271,2026-08-31,96080,1.19,47010
190059,2026-08-31,67334,1.18,47010
132814,2026-08-31,158304,1.12,47010
209078,2026-08-31,119849,1.10,47010
132525,2026-08-31,1567863,1.01,47010
200091,2026-08-31,265482,1.01,47010
132754,2026-08-31,1233874,0.91,47010
132683,2026-08-31,23366,0.78,47010
100483,2026-08-31,52520,0.71,47010
228347,2026-08-31,136651,0.67,47010
132331,2026-08-31,22789,0.64,47010
113683,2026-08-31,285893,0.60,47010
123457,2026-08-31,9826,0.49,47010
132149,2026-08-31,413585,0.46,47010
132508,2026-08-31,83372,0.46,47010
123395,2026-08-31,909,0.24,47010
132174,2026-08-31,519867,5.97,41375
100180,2026-08-31,601262,3.37,41375
100325,2026-08-31,331076,3.34,41375
132215,2026-08-31,270896,2.78,41375
100209,2026-08-31,276281,2.47,41375
132454,2026-08-31,167309,2.39,41375
323093,2026-08-31,1360072,2.21,41375
100112,2026-08-31,257500,2.16,41375
111218,2026-08-31,240000,2.10,41375
100440,2026-08-31,260000,2.08,41375
132144,2026-08-31,110000,2.08,41375
252306,2026-08-31,775000,2.01,41375
117334,2026-08-31,1362500,1.84,41375
209232,2026-08-31,371432,1.84,41375
132755,2026-08-31,140000,1.80,41375
100520,2026-08-31,64456,1.67,41375
100251,2026-08-31,72166,1.64,41375
274045,2026-08-31,144524,1.61,41375
250870,2026-08-31,117495,1.61,41375
100510,2026-08-31,50053,1.60,41375
100420,2026-08-31,39015,1.56,41375
305799,2026-08-31,200000,1.53,41375
100101,2026-08-31,338389,1.48,41375
218764,2026-08-31,300398,1.43,41375
208883,2026-08-31,105000,1.42,41375
100300,2026-08-31,53379,1.42,41375
100103,2026-08-31,400489,1.40,41375
210072,2026-08-31,11861,1.39,41375
209344,2026-08-31,331114,1.35,41375
131344,2026-08-31,329744,1.33,41375
254493,2026-08-31,90000,1.33,41375
200054,2026-08-31,450701,1.23,41375
226625,2026-08-31,507162,1.22,41375
324996,2026-08-31,353688,1.22,41375
100096,2026-08-31,400000,1.20,41375
209550,2026-08-31,380000,1.20,41375
112070,2026-08-31,267810,1.19,41375
132286,2026-08-31,125000,1.18,41375
132187,2026-08-31,146438,1.18,41375
100034,2026-08-31,138420,1.16,41375
219494,2026-08-31,30000,1.14,41375
122113,2026-08-31,45000,1.12,41375
322918,2026-08-31,290000,1.08,41375
216156,2026-08-31,30000,1.08,41375
100271,2026-08-31,85000,1.06,41375
208099,2026-08-31,70960,1.04,41375
213597,2026-08-31,183409,1.03,41375
100425,2026-08-31,325000,1.03,41375
100247,2026-08-31,300000,0.99,41375
126797,2026-08-31,419463,0.96,41375
132921,2026-08-31,75000,0.94,41375
294320,2026-08-31,200000,0.92,41375
132424,2026-08-31,125000,0.89,41375
132630,2026-08-31,140971,0.87,41375
100038,2026-08-31,156257,0.86,41375
302988,2026-08-31,300000,0.83,41375
132478,2026-08-31,78574,0.81,41375
210590,2026-08-31,17403,0.77,41375
100770,2026-08-31,150000,0.76,41375
132175,2026-08-31,79890,0.74,41375
130019,2026-08-31,105213,0.73,41375
218771,2026-08-31,18172,0.66,41375
208045,2026-08-31,539529,0.59,41375
100510,2026-08-31,158116,5.11,413
132454,2026-08-31,315492,4.57,413
100325,2026-08-31,362646,3.70,413
132538,2026-08-31,33994,3.11,413
132555,2026-08-31,1147977,3.00,413
237742,2026-08-31,414583,2.90,413
132754,2026-08-31,3525000,2.64,413
218771,2026-08-31,71186,2.62,413
287433,2026-08-31,759742,2.44,413
222055,2026-08-31,54290,2.27,413
200020,2026-08-31,424842,2.23,413
113097,2026-08-31,246781,2.11,413
100103,2026-08-31,593615,2.10,413
100210,2026-08-31,51301,1.99,413
132644,2026-08-31,47924,1.97,413
219494,2026-08-31,50918,1.95,413
132286,2026-08-31,203000,1.94,413
100241,2026-08-31,125779,1.91,413
108869,2026-08-31,26124,1.86,413
132174,2026-08-31,158175,1.84,413
126797,2026-08-31,782449,1.82,413
132757,2026-08-31,20654,1.80,413
106076,2026-08-31,110672,1.79,413
100112,2026-08-31,188740,1.60,413
223658,2026-08-31,243972,1.52,413
214084,2026-08-31,46146,1.48,413
132784,2026-08-31,145630,1.46,413
132921,2026-08-31,114410,1.46,413
100002,2026-08-31,23502,1.44,413
100049,2026-08-31,423883,1.40,413
100425,2026-08-31,436000,1.40,413
100550,2026-08-31,42603,1.37,413
105790,2026-08-31,41384,1.33,413
113375,2026-08-31,149195,1.32,413
252076,2026-08-31,64970,1.31,413
132683,2026-08-31,38107,1.30,413
122287,2026-08-31,114000,1.28,413
132522,2026-08-31,530000,1.27,413
100104,2026-08-31,435039,1.27,413
215216,2026-08-31,14071,1.26,413
100480,2026-08-31,30712,1.25,413
214179,2026-08-31,190858,1.24,413
132215,2026-08-31,116175,1.21,413
295966,2026-08-31,919239,1.15,413
100440,2026-08-31,130100,1.06,413
222961,2026-08-31,61933,1.04,413
324996,2026-08-31,295220,1.03,413
251791,2026-08-31,485000,0.96,413
282626,2026-08-31,233461,0.91,413
209063,2026-08-31,131759,0.89,413
100411,2026-08-31,28450,0.89,413
200057,2026-08-31,374848,0.86,413
132811,2026-08-31,168433,0.83,413
322113,2026-08-31,187338,0.83,413
237831,2026-08-31,254067,0.69,413
122205,2026-08-31,218950,0.60,413
132259,2026-08-31,2523,0.36,413
239342,2026-08-31,687500,6.73,2750
100470,2026-08-31,4276000,6.38,2750
100228,2026-08-31,500000,5.29,2750
100312,2026-08-31,2266750,4.25,2750
100084,2026-08-31,3170000,3.75,2750
132630,2026-08-31,583507,3.69,2750
100101,2026-08-31,760000,3.42,2750
132538,2026-08-31,34000,3.15,2750
200091,2026-08-31,785000,3.07,2750
126371,2026-08-31,4127919,2.94,2750
301912,2026-08-31,394423,2.62,2750
112070,2026-08-31,540000,2.46,2750
241159,2026-08-31,134685,2.40,2750
226611,2026-08-31,2224816,2.27,2750
241214,2026-08-31,1700000,2.20,2750
100113,2026-08-31,1350000,2.13,2750
106401,2026-08-31,150000,2.12,2750
219300,2026-08-31,650000,2.11,2750
267465,2026-08-31,228093,2.02,2750
324996,2026-08-31,565000,1.99,2750
132898,2026-08-31,930000,1.98,2750
100038,2026-08-31,350000,1.96,2750
303704,2026-08-31,1041690,1.94,2750
100325,2026-08-31,182732,1.89,2750
132508,2026-08-31,316744,1.80,2750
100440,2026-08-31,217600,1.79,2750
100188,2026-08-31,370000,1.78,2750
100104,2026-08-31,600000,1.77,2750
130965,2026-08-31,1500000,1.69,2750
216369,2026-08-31,2700000,1.68,2750
224623,2026-08-31,1650000,1.61,2750
132155,2026-08-31,1100000,1.58,2750
216147,2026-08-31,600000,1.55,2750
106395,2026-08-31,85000,1.31,2750
322716,2026-08-31,274628,1.29,2750
132779,2026-08-31,130000,1.28,2750
119600,2026-08-31,135000,1.18,2750
100425,2026-08-31,325000,1.05,2750
308021,2026-08-31,2300000,0.86,2750
100295,2026-08-31,325000,0.73,2750
102090,2026-08-31,366286,0.47,2750
226019,2026-08-31,325000,0.09,2750
132174,2026-08-31,311700,3.67,48449
100180,2026-08-31,599146,3.44,48449
132454,2026-08-31,143800,2.11,48449
100325,2026-08-31,203820,2.11,48449
132488,2026-08-31,26420,2.03,48449
100112,2026-08-31,205400,1.76,48449
100247,2026-08-31,407325,1.38,48449
218771,2026-08-31,36420,1.36,48449
132215,2026-08-31,123000,1.29,48449
283206,2026-08-31,259404,1.26,48449
124715,2026-08-31,70500,1.13,48449
100209,2026-08-31,120404,1.11,48449
210590,2026-08-31,23800,1.08,48449
132755,2026-08-31,80300,1.06,48449
100510,2026-08-31,31500,1.03,48449
252306,2026-08-31,370000,0.98,48449
208433,2026-08-31,55432,0.96,48449
106395,2026-08-31,61350,0.95,48449
132555,2026-08-31,353200,0.94,48449
100034,2026-08-31,107000,0.92,48449
100470,2026-08-31,605735,0.90,48449
244937,2026-08-31,5035,0.90,48449
100400,2026-08-31,300000,0.84,48449
235355,2026-08-31,34400,0.80,48449
220350,2026-08-31,306300,0.80,48449
111218,2026-08-31,88000,0.79,48449
100300,2026-08-31,28735,0.78,48449
209127,2026-08-31,91368,0.78,48449
228049,2026-08-31,105275,0.76,48449
100520,2026-08-31,26500,0.70,48449
219494,2026-08-31,17700,0.69,48449
208361,2026-08-31,38000,0.68,48449
132804,2026-08-31,23902,0.64,48449
132343,2026-08-31,17800,0.63,48449
132889,2026-08-31,65187,0.62,48449
209078,2026-08-31,65000,0.62,48449
100163,2026-08-31,35994,0.61,48449
132898,2026-08-31,280000,0.60,48449
322918,2026-08-31,153000,0.58,48449
100387,2026-08-31,3079,0.58,48449
100241,2026-08-31,37500,0.58,48449
200091,2026-08-31,145000,0.57,48449
100440,2026-08-31,67800,0.56,48449
132234,2026-08-31,175000,0.54,48449
100210,2026-08-31,13500,0.53,48449
100250,2026-08-31,38640,0.53,48449
100233,2026-08-31,52000,0.52,48449
100049,2026-08-31,154000,0.52,48449
100800,2026-08-31,60976,0.51,48449
132644,2026-08-31,11788,0.49,48449
200025,2026-08-31,75237,0.48,48449
132477,2026-08-31,310000,0.47,48449
211385,2026-08-31,33060,0.47,48449
132155,2026-08-31,308000,0.44,48449
100312,2026-08-31,226500,0.43,48449
100696,2026-08-31,25400,0.40,48449
293601,2026-08-31,100000,0.39,48449
132174,2026-08-31,254930,3.21,45374
132497,2026-08-31,73831,3.09,45374
100510,2026-08-31,82589,2.89,45374
217757,2026-08-31,262933,2.61,45374
100180,2026-08-31,425496,2.61,45374
208766,2026-08-31,80606,2.37,45374
254493,2026-08-31,145000,2.35,45374
100049,2026-08-31,641400,2.30,45374
100112,2026-08-31,237025,2.17,45374
209068,2026-08-31,604665,1.99,45374
304549,2026-08-31,156600,1.95,45374
132343,2026-08-31,51800,1.94,45374
111218,2026-08-31,196770,1.89,45374
132814,2026-08-31,226200,1.76,45374
132898,2026-08-31,714969,1.63,45374
100325,2026-08-31,144000,1.59,45374
218763,2026-08-31,94264,1.58,45374
211337,2026-08-31,19075,1.56,45374
132454,2026-08-31,98916,1.55,45374
100440,2026-08-31,174214,1.53,45374
132555,2026-08-31,530200,1.50,45374
209867,2026-08-31,861000,1.47,45374
117334,2026-08-31,975000,1.44,45374
132892,2026-08-31,157000,1.42,45374
219494,2026-08-31,34000,1.41,45374
223586,2026-08-31,282276,1.41,45374
132921,2026-08-31,97350,1.34,45374
286335,2026-08-31,142252,1.34,45374
122275,2026-08-31,34600,1.33,45374
208364,2026-08-31,49966,1.32,45374
132504,2026-08-31,17000,1.28,45374
221842,2026-08-31,108000,1.27,45374
132540,2026-08-31,61081,1.27,45374
132187,2026-08-31,142078,1.25,45374
200132,2026-08-31,11800,1.24,45374
117569,2026-08-31,24778,1.23,45374
210590,2026-08-31,25410,1.23,45374
216369,2026-08-31,1847000,1.23,45374
122163,2026-08-31,396475,1.19,45374
100209,2026-08-31,119232,1.17,45374
132215,2026-08-31,103400,1.16,45374
271875,2026-08-31,92213,1.13,45374
221790,2026-08-31,41100,1.06,45374
100850,2026-08-31,165240,1.05,45374
210217,2026-08-31,162000,1.03,45374
200115,2026-08-31,138690,0.98,45374
100411,2026-08-31,29080,0.98,45374
100790,2026-08-31,75400,0.98,45374
217376,2026-08-31,261400,0.94,45374
322541,2026-08-31,555000,0.92,45374
274045,2026-08-31,74209,0.91,45374
100620,2026-08-31,79077,0.89,45374
228974,2026-08-31,86034,0.87,45374
225154,2026-08-31,12876,0.85,45374
222055,2026-08-31,18600,0.84,45374
218771,2026-08-31,21000,0.84,45374
100034,2026-08-31,89700,0.82,45374
100875,2026-08-31,354281,0.78,45374
215690,2026-08-31,47705,0.74,45374
132538,2026-08-31,7371,0.73,45374
100400,2026-08-31,236979,0.71,45374
321331,2026-08-31,155000,0.71,45374
219300,2026-08-31,195800,0.68,45374
100084,2026-08-31,525000,0.66,45374
100520,2026-08-31,23300,0.66,45374
117354,2026-08-31,60500,0.65,45374
132522,2026-08-31,244618,0.64,45374
324996,2026-08-31,143000,0.54,45374
100295,2026-08-31,143000,0.34,45374
223409,2026-08-31,26079,0.33,45374
132630,2026-08-31,42110,0.28,45374
284184,2026-08-31,24589,0.19,45374
209370,2026-08-31,2085,0.02,45374
132174,2026-08-31,597308,7.67,3450
100180,2026-08-31,1222110,7.65,3450
132454,2026-08-31,264891,4.24,3450
100034,2026-08-31,438660,4.09,3450
100325,2026-08-31,351249,3.96,3450
132215,2026-08-31,338701,3.89,3450
100209,2026-08-31,341705,3.42,3450
132500,2026-08-31,24205,2.89,3450
252306,2026-08-31,866365,2.51,3450
100247,2026-08-31,646065,2.39,3450
132331,2026-08-31,68178,2.17,3450
132755,2026-08-31,145769,2.09,3450
100510,2026-08-31,57998,2.07,3450
100112,2026-08-31,209622,1.96,3450
103100,2026-08-31,99575,1.67,3450
100790,2026-08-31,116354,1.54,3450
211337,2026-08-31,17853,1.49,3450
215367,2026-08-31,318047,1.39,3450
100228,2026-08-31,120098,1.39,3450
216156,2026-08-31,34244,1.37,3450
100387,2026-08-31,6618,1.36,3450
100114,2026-08-31,30000,1.35,3450
217379,2026-08-31,93943,1.30,3450
117334,2026-08-31,858216,1.29,3450
132541,2026-08-31,70832,1.24,3450
280713,2026-08-31,565215,1.18,3450
111243,2026-08-31,69325,1.14,3450
132538,2026-08-31,10500,1.06,3450
105200,2026-08-31,14587,1.02,3450
218763,2026-08-31,57588,0.98,3450
221033,2026-08-31,145187,0.97,3450
279664,2026-08-31,74136,0.97,3450
100800,2026-08-31,104268,0.95,3450
220018,2026-08-31,55445,0.91,3450
132540,2026-08-31,43003,0.91,3450
254493,2026-08-31,53848,0.89,3450
100233,2026-08-31,78284,0.86,3450
217389,2026-08-31,176321,0.85,3450
100520,2026-08-31,29025,0.84,3450
132555,2026-08-31,287786,0.83,3450
100049,2026-08-31,213053,0.78,3450
324996,2026-08-31,200000,0.77,3450
208727,2026-08-31,90076,0.73,3450
293862,2026-08-31,292607,0.73,3450
132898,2026-08-31,309809,0.72,3450
228465,2026-08-31,111840,0.72,3450
132830,2026-08-31,53168,0.71,3450
132424,2026-08-31,88591,0.70,3450
100820,2026-08-31,29427,0.69,3450
287237,2026-08-31,1097758,0.67,3450
100182,2026-08-31,12654,0.61,3450
117354,2026-08-31,53848,0.59,3450
112599,2026-08-31,22796,0.58,3450
219300,2026-08-31,156006,0.55,3450
123642,2026-08-31,25705,0.54,3450
223595,2026-08-31,14100,0.49,3450
210850,2026-08-31,143796,0.47,3450
100067,2026-08-31,33933,0.44,3450
131344,2026-08-31,95000,0.43,3450
209373,2026-08-31,104851,0.37,3450
249927,2026-08-31,163025,0.36,3450
131642,2026-08-31,40085,0.29,3450
100312,2026-08-31,125000,0.26,3450
100470,2026-08-31,156503,0.25,3450
132375,2026-08-31,42985,0.24,3450
100251,2026-08-31,7726,0.20,3450
100547,2026-08-31,64318,0.18,3450
322918,2026-08-31,1173,0.00,3450
325089,2026-08-31,54341,0.07,3450
132174,2026-08-31,608863,7.84,30757
100180,2026-08-31,813135,5.10,30757
112070,2026-08-31,951210,4.73,30757
100325,2026-08-31,317573,3.59,30757
100247,2026-08-31,801640,2.98,30757
100368,2026-08-31,904075,2.76,30757
132754,2026-08-31,2957400,2.45,30757
132921,2026-08-31,171707,2.42,30757
100112,2026-08-31,239895,2.25,30757
132215,2026-08-31,191885,2.21,30757
100520,2026-08-31,70757,2.06,30757
100034,2026-08-31,215917,2.02,30757
208883,2026-08-31,129179,1.96,30757
112599,2026-08-31,65913,1.67,30757
132822,2026-08-31,13008450,1.65,30757
209068,2026-08-31,479425,1.61,30757
100295,2026-08-31,609950,1.50,30757
132454,2026-08-31,89286,1.43,30757
132538,2026-08-31,11357,1.15,30757
124715,2026-08-31,65331,1.15,30757
100510,2026-08-31,29944,1.07,30757
132483,2026-08-31,945000,1.06,30757
132296,2026-08-31,34125,0.75,30757
100312,2026-08-31,316156,0.65,30757
280713,2026-08-31,302300,0.63,30757
132234,2026-08-31,183750,0.62,30757
100470,2026-08-31,345104,0.56,30757
100209,2026-08-31,55731,0.56,30757
106401,2026-08-31,35000,0.54,30757
209967,2026-08-31,150000,0.52,30757
205198,2026-08-31,26911,0.48,30757
324996,2026-08-31,124826,0.48,30757
100875,2026-08-31,194938,0.44,30757
132555,2026-08-31,150914,0.44,30757
132868,2026-08-31,71250,0.44,30757
132540,2026-08-31,20325,0.43,30757
111072,2026-08-31,21120,0.43,30757
132777,2026-08-31,36000,0.42,30757
223586,2026-08-31,77138,0.39,30757
100049,2026-08-31,95902,0.35,30757
219300,2026-08-31,97803,0.35,30757
222055,2026-08-31,7500,0.35,30757
100440,2026-08-31,37833,0.34,30757
132755,2026-08-31,23304,0.34,30757
117354,2026-08-31,30000,0.33,30757
249927,2026-08-31,150000,0.33,30757
317635,2026-08-31,328828,0.32,30757
304684,2026-08-31,73234,0.32,30757
100251,2026-08-31,11871,0.30,30757
124200,2026-08-31,25250,0.30,30757
311742,2026-08-31,14845,0.29,30757
252306,2026-08-31,90655,0.26,30757
100114,2026-08-31,5416,0.24,30757
131344,2026-08-31,50000,0.23,30757
132523,2026-08-31,56806,0.21,30757
132500,2026-08-31,1713,0.21,30757
100696,2026-08-31,11593,0.20,30757
100400,2026-08-31,59450,0.18,30757
111218,2026-08-31,18256,0.18,30757
209373,2026-08-31,50000,0.18,30757
190059,2026-08-31,8781,0.17,30757
126371,2026-08-31,216000,0.17,30757
132281,2026-08-31,13858,0.16,30757
200132,2026-08-31,1452,0.16,30757
100300,2026-08-31,5020,0.15,30757
215216,2026-08-31,1504,0.15,30757
208361,2026-08-31,7425,0.14,30757
100228,2026-08-31,12354,0.14,30757
100820,2026-08-31,5908,0.14,30757
132898,2026-08-31,59320,0.14,30757
320396,2026-08-31,7573,0.14,30757
105200,2026-08-31,1792,0.13,30757
100790,2026-08-31,9476,0.13,30757
218756,2026-08-31,20250,0.12,30757
100188,2026-08-31,20825,0.11,30757
108869,2026-08-31,1341,0.11,30757
218071,2026-08-31,10000,0.09,30757
211385,2026-08-31,5951,0.09,30757
229365,2026-08-31,42763,0.09,30757
100087,2026-08-31,7245,0.09,30757
100124,2026-08-31,8088,0.08,30757
100570,2026-08-31,29088,0.08,30757
100800,2026-08-31,8454,0.08,30757
325089,2026-08-31,50000,0.07,30757
217389,2026-08-31,10890,0.05,30757
240920,2026-08-31,2255,0.01,30757
107685,2026-08-31,1655,0.00,30757
218240,2026-08-31,66254,6.92,45690
308855,2026-08-31,44207,6.04,45690
325086,2026-08-31,414380,5.99,45690
308056,2026-08-31,105527,5.50,45690
304868,2026-08-31,26902,3.93,45690
308853,2026-08-31,78261,3.83,45690
307350,2026-08-31,69627,3.77,45690
307012,2026-08-31,21038,3.52,45690
321494,2026-08-31,241707,3.51,45690
304865,2026-08-31,7910,3.38,45690
304864,2026-08-31,36446,3.32,45690
304876,2026-08-31,104628,3.24,45690
304889,2026-08-31,121679,3.24,45690
307748,2026-08-31,31948,3.00,45690
323716,2026-08-31,182296,2.62,45690
325085,2026-08-31,765414,2.57,45690
218320,2026-08-31,39503,2.53,45690
313842,2026-08-31,40281,2.47,45690
305214,2026-08-31,66317,2.37,45690
325083,2026-08-31,110786,2.18,45690
305216,2026-08-31,37384,2.16,45690
323715,2026-08-31,328167,1.99,45690
320059,2026-08-31,65460,1.96,45690
304878,2026-08-31,11680,1.86,45690
320060,2026-08-31,273416,1.81,45690
320058,2026-08-31,166588,1.71,45690
320061,2026-08-31,685682,1.69,45690
325084,2026-08-31,115617,1.66,45690
304869,2026-08-31,20461,1.31,45690
305218,2026-08-31,5188,0.33,45690
320063,2026-08-31,11939,0.21,45690
100180,2026-08-31,859724,5.43,19759
132174,2026-08-31,384807,4.99,19759
132540,2026-08-31,225102,4.81,19759
100209,2026-08-31,434177,4.39,19759
100247,2026-08-31,1138480,4.26,19759
100086,2026-08-31,955364,3.75,19759
132755,2026-08-31,242473,3.52,19759
132215,2026-08-31,298293,3.46,19759
210258,2026-08-31,732344,3.38,19759
131344,2026-08-31,729693,3.33,19759
217389,2026-08-31,662276,3.21,19759
100182,2026-08-31,65170,3.17,19759
280713,2026-08-31,1463120,3.08,19759
217400,2026-08-31,600659,3.04,19759
132454,2026-08-31,184962,2.99,19759
132155,2026-08-31,1763025,2.79,19759
100087,2026-08-31,221913,2.79,19759
216147,2026-08-31,980171,2.79,19759
217379,2026-08-31,193532,2.70,19759
107685,2026-08-31,1636426,2.69,19759
100112,2026-08-31,277151,2.62,19759
100253,2026-08-31,543646,2.61,19759
208238,2026-08-31,144214,2.59,19759
100124,2026-08-31,246071,2.53,19759
209979,2026-08-31,226011,2.12,19759
132187,2026-08-31,226269,2.05,19759
225051,2026-08-31,351740,2.02,19759
234556,2026-08-31,867192,1.88,19759
200132,2026-08-31,16143,1.75,19759
100520,2026-08-31,46060,1.35,19759
249927,2026-08-31,511054,1.13,19759
100470,2026-08-31,270154,0.44,19759
325089,2026-08-31,170351,0.20,19759
100420,2026-08-31,208262,9.57,37591
124715,2026-08-31,510815,9.19,37591
108869,2026-08-31,84936,6.85,37591
100087,2026-08-31,404098,5.16,37591
124804,2026-08-31,291254,4.53,37591
132331,2026-08-31,129312,4.22,37591
209147,2026-08-31,317245,4.20,37591
211840,2026-08-31,155574,3.41,37591
100257,2026-08-31,156214,3.10,37591
100488,2026-08-31,12933,3.03,37591
208099,2026-08-31,177757,2.99,37591
132843,2026-08-31,339011,2.79,37591
124494,2026-08-31,151554,2.71,37591
235355,2026-08-31,100517,2.63,37591
132488,2026-08-31,26000,2.23,37591
320396,2026-08-31,116970,2.17,37591
218763,2026-08-31,119756,2.10,37591
218764,2026-08-31,354579,1.94,37591
100126,2026-08-31,35195,1.84,37591
277614,2026-08-31,657040,1.76,37591
212427,2026-08-31,35039,1.69,37591
235506,2026-08-31,293640,1.55,37591
130549,2026-08-31,146964,1.27,37591
307332,2026-08-31,638000,1.24,37591
100680,2026-08-31,28058,1.19,37591
132523,2026-08-31,317179,1.19,37591
315602,2026-08-31,31557,1.18,37591
228049,2026-08-31,141684,1.15,37591
273811,2026-08-31,162425,1.12,37591
302427,2026-08-31,78210,1.08,37591
100124,2026-08-31,98975,1.04,37591
250978,2026-08-31,334736,1.03,37591
124816,2026-08-31,120000,0.92,37591
100660,2026-08-31,32390,0.90,37591
229218,2026-08-31,261527,0.78,37591
124200,2026-08-31,63971,0.77,37591
209373,2026-08-31,189067,0.69,37591
218071,2026-08-31,70000,0.66,37591
130019,2026-08-31,63087,0.50,37591
218205,2026-08-31,493192,8.87,8564
219185,2026-08-31,150743,7.63,8564
300671,2026-08-31,554606,7.08,8564
218135,2026-08-31,5124638,5.44,8564
222589,2026-08-31,559977,4.77,8564
218215,2026-08-31,4393909,3.72,8564
218204,2026-08-31,64184,3.05,8564
300176,2026-08-31,967403,2.99,8564
218141,2026-08-31,331799,2.94,8564
299146,2026-08-31,296125,2.61,8564
218115,2026-08-31,3787725,2.50,8564
218160,2026-08-31,830721,2.35,8564
218275,2026-08-31,357186,2.26,8564
219020,2026-08-31,196285,1.91,8564
280665,2026-08-31,84409,1.81,8564
304922,2026-08-31,223885,1.77,8564
325590,2026-08-31,64608,1.56,8564
218138,2026-08-31,396533,1.34,8564
218351,2026-08-31,319144,1.31,8564
218273,2026-08-31,1124339,1.28,8564
218231,2026-08-31,363567,1.22,8564
218139,2026-08-31,207948,1.18,8564
219333,2026-08-31,78004,1.18,8564
218124,2026-08-31,197194,1.16,8564
300175,2026-08-31,209474,1.14,8564
274615,2026-08-31,142869,1.13,8564
300155,2026-08-31,84931,1.06,8564
324128,2026-08-31,87843,1.02,8564
218317,2026-08-31,77210,1.00,8564
218149,2026-08-31,170983,0.89,8564
224344,2026-08-31,80604,0.87,8564
220849,2026-08-31,87511,0.77,8564
315143,2026-08-31,11051,0.74,8564
322970,2026-08-31,39305,0.69,8564
285509,2026-08-31,345247,0.68,8564
301010,2026-08-31,74515,0.65,8564
218145,2026-08-31,1203983,0.64,8564
301611,2026-08-31,162387,0.61,8564
294356,2026-08-31,138495,0.60,8564
296426,2026-08-31,14696,0.59,8564
219039,2026-08-31,171000,0.57,8564
313462,2026-08-31,25843,0.55,8564
287480,2026-08-31,102575,0.52,8564
305852,2026-08-31,107317,0.52,8564
223816,2026-08-31,73817,0.50,8564
220850,2026-08-31,596619,0.48,8564
306652,2026-08-31,186114,0.47,8564
303826,2026-08-31,310038,0.46,8564
276599,2026-08-31,429814,0.44,8564
305855,2026-08-31,74790,0.40,8564
246090,2026-08-31,105014,0.40,8564
321476,2026-08-31,20514,0.38,8564
218152,2026-08-31,702537,0.38,8564
219036,2026-08-31,199130,0.37,8564
298795,2026-08-31,32949,0.37,8564
287481,2026-08-31,444411,0.37,8564
218246,2026-08-31,99514,0.36,8564
325591,2026-08-31,308072,0.33,8564
219035,2026-08-31,165362,0.33,8564
293113,2026-08-31,549857,0.33,8564
307746,2026-08-31,80668,0.32,8564
304916,2026-08-31,129255,0.31,8564
287856,2026-08-31,88989,0.31,8564
288188,2026-08-31,37373,0.30,8564
218144,2026-08-31,204135,0.29,8564
304917,2026-08-31,59885,0.24,8564
294354,2026-08-31,33567,0.24,8564
304859,2026-08-31,42220,0.23,8564
218147,2026-08-31,110352,0.23,8564
220855,2026-08-31,77398,0.23,8564
284288,2026-08-31,41107,0.21,8564
237055,2026-08-31,129386,0.20,8564
218153,2026-08-31,326109,0.20,8564
218102,2026-08-31,199661,0.19,8564
303827,2026-08-31,123968,0.19,8564
304858,2026-08-31,86439,0.19,8564
322969,2026-08-31,142228,0.18,8564
249970,2026-08-31,44051,0.17,8564
300685,2026-08-31,36490,0.16,8564
324934,2026-08-31,3442,0.15,8564
307745,2026-08-31,105139,0.15,8564
226235,2026-08-31,105127,0.15,8564
301940,2026-08-31,103961,0.14,8564
218128,2026-08-31,42025,0.13,8564
303828,2026-08-31,117878,0.12,8564
299446,2026-08-31,344786,0.12,8564
312347,2026-08-31,71504,0.12,8564
306656,2026-08-31,7038,0.12,8564
301941,2026-08-31,131334,0.09,8564
226230,2026-08-31,34022,0.08,8564
298794,2026-08-31,105859,0.07,8564
218199,2026-08-31,94312,0.07,8564
283647,2026-08-31,243718,0.06,8564
252306,2026-08-31,819968,2.53,48498
200132,2026-08-31,21558,2.46,48498
100114,2026-08-31,48613,2.33,48498
132281,2026-08-31,188702,2.33,48498
132540,2026-08-31,99667,2.25,48498
205198,2026-08-31,118055,2.24,48498
132755,2026-08-31,143816,2.20,48498
111218,2026-08-31,206277,2.15,48498
100790,2026-08-31,152031,2.14,48498
100300,2026-08-31,67203,2.13,48498
100209,2026-08-31,198935,2.12,48498
100520,2026-08-31,68591,2.12,48498
100034,2026-08-31,212116,2.11,48498
100228,2026-08-31,170725,2.10,48498
124715,2026-08-31,112143,2.09,48498
132174,2026-08-31,153027,2.09,48498
107685,2026-08-31,1204713,2.09,48498
105200,2026-08-31,27759,2.07,48498
100440,2026-08-31,215231,2.05,48498
108869,2026-08-31,24518,2.05,48498
100247,2026-08-31,517796,2.04,48498
100112,2026-08-31,203166,2.02,48498
132500,2026-08-31,15866,2.02,48498
229365,2026-08-31,879968,2.00,48498
222055,2026-08-31,40365,1.98,48498
100049,2026-08-31,508278,1.98,48498
132538,2026-08-31,18390,1.98,48498
100820,2026-08-31,78800,1.96,48498
211385,2026-08-31,118912,1.94,48498
100087,2026-08-31,146184,1.94,48498
100325,2026-08-31,160017,1.92,48498
100470,2026-08-31,1105380,1.91,48498
100510,2026-08-31,50268,1.91,48498
100312,2026-08-31,875833,1.91,48498
132454,2026-08-31,111972,1.91,48498
218071,2026-08-31,194319,1.90,48498
100800,2026-08-31,191417,1.87,48498
132215,2026-08-31,151823,1.85,48498
112599,2026-08-31,68476,1.84,48498
217389,2026-08-31,355215,1.81,48498
132555,2026-08-31,588713,1.81,48498
100696,2026-08-31,97416,1.80,48498
219300,2026-08-31,475832,1.80,48498
132898,2026-08-31,722584,1.79,48498
100180,2026-08-31,265000,1.77,48498
100251,2026-08-31,64737,1.75,48498
100570,2026-08-31,601083,1.74,48498
100875,2026-08-31,723954,1.74,48498
132921,2026-08-31,115920,1.74,48498
100124,2026-08-31,158235,1.72,48498
132174,2026-08-31,275000,3.89,49460
100325,2026-08-31,280000,3.48,49460
100378,2026-08-31,865000,2.60,49460
132215,2026-08-31,200000,2.53,49460
132822,2026-08-31,17321783,2.41,49460
200091,2026-08-31,509466,2.39,49460
112599,2026-08-31,83934,2.33,49460
132187,2026-08-31,225980,2.23,49460
208461,2026-08-31,425000,2.15,49460
200132,2026-08-31,18000,2.12,49460
100425,2026-08-31,532500,2.08,49460
269404,2026-08-31,72000,1.95,49460
209967,2026-08-31,506800,1.92,49460
278580,2026-08-31,2150000,1.80,49460
100300,2026-08-31,54354,1.78,49460
132296,2026-08-31,71624,1.73,49460
100113,2026-08-31,900000,1.71,49460
132461,2026-08-31,1443387,1.60,49460
271875,2026-08-31,116300,1.60,49460
124715,2026-08-31,83000,1.60,49460
111218,2026-08-31,146700,1.58,49460
100209,2026-08-31,140742,1.55,49460
217376,2026-08-31,380000,1.54,49460
279527,2026-08-31,965000,1.53,49460
100180,2026-08-31,218475,1.51,49460
132755,2026-08-31,95000,1.50,49460
113375,2026-08-31,137896,1.48,49460
100038,2026-08-31,210000,1.42,49460
218771,2026-08-31,31428,1.41,49460
229365,2026-08-31,600000,1.41,49460
126371,2026-08-31,1560000,1.34,49460
132523,2026-08-31,330000,1.32,49460
100188,2026-08-31,225000,1.30,49460
132757,2026-08-31,12172,1.29,49460
132540,2026-08-31,55000,1.28,49460
132178,2026-08-31,500000,1.27,49460
324996,2026-08-31,300000,1.27,49460
132500,2026-08-31,9600,1.26,49460
132714,2026-08-31,300000,1.21,49460
218067,2026-08-31,317342,1.21,49460
132541,2026-08-31,60000,1.16,49460
100260,2026-08-31,134000,1.15,49460
132321,2026-08-31,99225,1.12,49460
200055,2026-08-31,344723,1.08,49460
212427,2026-08-31,20839,1.08,49460
100878,2026-08-31,31827,1.06,49460
132889,2026-08-31,90000,1.03,49460
105700,2026-08-31,248517,1.00,49460
132281,2026-08-31,77087,0.98,49460
219700,2026-08-31,40000,0.96,49460
109631,2026-08-31,135000,0.96,49460
132636,2026-08-31,150000,0.94,49460
100233,2026-08-31,76814,0.93,49460
100087,2026-08-31,67084,0.92,49460
117300,2026-08-31,459261,0.89,49460
228049,2026-08-31,101203,0.88,49460
132155,2026-08-31,500000,0.86,49460
100252,2026-08-31,4600,0.85,49460
287237,2026-08-31,1250000,0.84,49460
115030,2026-08-31,90638,0.84,49460
219300,2026-08-31,200000,0.78,49460
132630,2026-08-31,101279,0.77,49460
131344,2026-08-31,150000,0.75,49460
132483,2026-08-31,600000,0.74,49460
100241,2026-08-31,38955,0.72,49460
100084,2026-08-31,500000,0.71,49460
208801,2026-08-31,700000,0.59,49460
106401,2026-08-31,30048,0.51,49460
132522,2026-08-31,150000,0.44,49460
132174,2026-08-31,1537394,22.08,36351
100247,2026-08-31,5007505,20.75,36351
132215,2026-08-31,1479008,18.99,36351
100180,2026-08-31,2662335,18.65,36351
100469,2026-08-31,1676329,5.91,36351
132187,2026-08-31,447967,4.50,36351
278580,2026-08-31,4512552,3.83,36351
132648,2026-08-31,11946502,2.69,36351
209068,2026-08-31,420348,1.58,36351
279527,2026-08-31,620499,1.00,36351
100180,2026-08-31,117742,0.85,2649
132174,2026-08-31,55396,0.82,2649
100325,2026-08-31,62676,0.81,2649
286335,2026-08-31,65000,0.72,2649
132454,2026-08-31,26404,0.49,2649
100112,2026-08-31,41931,0.45,2649
100510,2026-08-31,10204,0.42,2649
100209,2026-08-31,33596,0.39,2649
100520,2026-08-31,10459,0.35,2649
132500,2026-08-31,2452,0.34,2649
132215,2026-08-31,25861,0.34,2649
100034,2026-08-31,29110,0.31,2649
132540,2026-08-31,12067,0.29,2649
100875,2026-08-31,105600,0.27,2649
100247,2026-08-31,60255,0.26,2649
200132,2026-08-31,1923,0.24,2649
100114,2026-08-31,4559,0.24,2649
124715,2026-08-31,11797,0.24,2649
100696,2026-08-31,9756,0.20,2649
132187,2026-08-31,18113,0.19,2649
208461,2026-08-31,35000,0.19,2649
100470,2026-08-31,88130,0.17,2649
132555,2026-08-31,51915,0.17,2649
100182,2026-08-31,2838,0.16,2649
100440,2026-08-31,15960,0.16,2649
132538,2026-08-31,1262,0.15,2649
100300,2026-08-31,4237,0.15,2649
132281,2026-08-31,11564,0.15,2649
100228,2026-08-31,10565,0.14,2649
205198,2026-08-31,6610,0.14,2649
100820,2026-08-31,4926,0.13,2649
132488,2026-08-31,1392,0.13,2649
132898,2026-08-31,49794,0.13,2649
105200,2026-08-31,1524,0.12,2649
100790,2026-08-31,7800,0.12,2649
108869,2026-08-31,1115,0.10,2649
100312,2026-08-31,42612,0.10,2649
322918,2026-08-31,19594,0.09,2649
219300,2026-08-31,22894,0.09,2649
211385,2026-08-31,4919,0.09,2649
100087,2026-08-31,5907,0.08,2649
100124,2026-08-31,6635,0.08,2649
100800,2026-08-31,6796,0.07,2649
100825,2026-08-31,1290,0.07,2649
100570,2026-08-31,19594,0.06,2649
107685,2026-08-31,32348,0.06,2649
217389,2026-08-31,10159,0.06,2649
318678,2026-08-31,7560,0.01,2649
208766,2026-08-31,568305,19.72,49234
207901,2026-08-31,503674,16.87,49234
208280,2026-08-31,454191,12.16,49234
228974,2026-08-31,577250,6.92,49234
207950,2026-08-31,396842,5.68,49234
209078,2026-08-31,399412,4.78,49234
226156,2026-08-31,198884,4.48,49234
210036,2026-08-31,535312,4.27,49234
209902,2026-08-31,1447277,4.24,49234
132892,2026-08-31,348469,3.71,49234
208364,2026-08-31,108939,3.41,49234
322541,2026-08-31,1714463,3.36,49234
208089,2026-08-31,172183,3.08,49234
305799,2026-08-31,297839,2.95,49234
224623,2026-08-31,1770519,2.18,49234
209979,2026-08-31,162410,1.74,49234
209492,2026-08-31,93763,0.83,49234
100112,2026-08-31,90000,1.01,210
100510,2026-08-31,17500,0.75,210
132215,2026-08-31,52500,0.72,210
222055,2026-08-31,12500,0.69,210
132174,2026-08-31,40000,0.62,210
132488,2026-08-31,6000,0.60,210
100114,2026-08-31,11000,0.59,210
132343,2026-08-31,12264,0.56,210
100103,2026-08-31,118459,0.56,210
100331,2026-08-31,30000,0.54,210
208766,2026-08-31,14625,0.53,210
100520,2026-08-31,15000,0.52,210
132555,2026-08-31,150000,0.52,210
211840,2026-08-31,20000,0.51,210
287237,2026-08-31,700000,0.51,210
274066,2026-08-31,85000,0.51,210
217757,2026-08-31,40000,0.49,210
100480,2026-08-31,9000,0.49,210
132210,2026-08-31,200000,0.49,210
190003,2026-08-31,130000,0.48,210
279527,2026-08-31,275000,0.48,210
215584,2026-08-31,51636,0.47,210
132497,2026-08-31,9604,0.46,210
100034,2026-08-31,40000,0.45,210
209078,2026-08-31,36000,0.45,210
100104,2026-08-31,115000,0.45,210
242461,2026-08-31,100000,0.43,210
283316,2026-08-31,50000,0.43,210
211385,2026-08-31,22500,0.41,210
123457,2026-08-31,6000,0.41,210
100271,2026-08-31,24294,0.40,210
100049,2026-08-31,90000,0.40,210
111243,2026-08-31,20000,0.39,210
286335,2026-08-31,33800,0.39,210
117569,2026-08-31,6389,0.39,210
322918,2026-08-31,70000,0.35,210
100247,2026-08-31,76000,0.34,210
132500,2026-08-31,2250,0.32,210
132755,2026-08-31,17062,0.29,210
100209,2026-08-31,20000,0.24,210
100257,2026-08-31,10000,0.23,210
317635,2026-08-31,171111,0.20,210
100180,2026-08-31,25000,0.19,210
288451,2026-08-31,3262,0.18,210
296765,2026-08-31,500,0.18,210
100180,2026-08-31,1553097,11.84,12865
132174,2026-08-31,730561,11.39,12865
100325,2026-08-31,689474,9.53,12865
132454,2026-08-31,310448,6.11,12865
100510,2026-08-31,119152,5.16,12865
100112,2026-08-31,423265,4.83,12865
100209,2026-08-31,355406,4.31,12865
132215,2026-08-31,291491,4.02,12865
100247,2026-08-31,750013,3.37,12865
100520,2026-08-31,91234,3.26,12865
100034,2026-08-31,272799,3.12,12865
100875,2026-08-31,983087,2.71,12865
132540,2026-08-31,103230,2.62,12865
252306,2026-08-31,737519,2.60,12865
124715,2026-08-31,110017,2.31,12865
100114,2026-08-31,41614,2.29,12865
100696,2026-08-31,90980,1.95,12865
132500,2026-08-31,13135,1.90,12865
132555,2026-08-31,484158,1.71,12865
100470,2026-08-31,839551,1.66,12865
100049,2026-08-31,364980,1.63,12865
132281,2026-08-31,107842,1.52,12865
132538,2026-08-31,12011,1.49,12865
132898,2026-08-31,464382,1.32,12865
132921,2026-08-31,75127,1.32,12865
100820,2026-08-31,45938,1.27,12865
222055,2026-08-31,22852,1.27,12865
205198,2026-08-31,57083,1.24,12865
132755,2026-08-31,64906,1.13,12865
100251,2026-08-31,33688,1.04,12865
100655,2026-08-31,60361,4.64,48452
132504,2026-08-31,34161,3.19,48452
232793,2026-08-31,85624,2.91,48452
278701,2026-08-31,480005,2.76,48452
273557,2026-08-31,1236593,2.67,48452
101423,2026-08-31,75359,2.65,48452
240461,2026-08-31,410000,2.37,48452
307061,2026-08-31,90000,2.30,48452
223658,2026-08-31,260000,2.17,48452
132630,2026-08-31,255859,2.15,48452
219236,2026-08-31,36627,2.13,48452
294388,2026-08-31,110647,2.04,48452
100163,2026-08-31,85769,1.94,48452
318188,2026-08-31,117919,1.93,48452
213133,2026-08-31,3457997,1.89,48452
132210,2026-08-31,738333,1.82,48452
211595,2026-08-31,676563,1.69,48452
221842,2026-08-31,115000,1.69,48452
225154,2026-08-31,19946,1.64,48452
289858,2026-08-31,80027,1.63,48452
229852,2026-08-31,858499,1.52,48452
121016,2026-08-31,279788,1.41,48452
304549,2026-08-31,90001,1.39,48452
296214,2026-08-31,1302240,1.37,48452
275316,2026-08-31,41500,1.34,48452
215690,2026-08-31,67079,1.30,48452
124558,2026-08-31,5000,1.24,48452
100878,2026-08-31,32808,1.21,48452
130655,2026-08-31,237825,1.19,48452
216065,2026-08-31,109850,1.18,48452
124404,2026-08-31,335366,1.16,48452
132796,2026-08-31,50191,1.12,48452
315904,2026-08-31,2209999,1.12,48452
212793,2026-08-31,185130,1.11,48452
214084,2026-08-31,25000,1.08,48452
132892,2026-08-31,95310,1.07,48452
208433,2026-08-31,45913,1.05,48452
130475,2026-08-31,97326,1.04,48452
221554,2026-08-31,905426,1.04,48452
213672,2026-08-31,180754,1.03,48452
200115,2026-08-31,110000,0.97,48452
100780,2026-08-31,330042,0.96,48452
132209,2026-08-31,592301,0.94,48452
132809,2026-08-31,329299,0.94,48452
252076,2026-08-31,33711,0.91,48452
208045,2026-08-31,600000,0.90,48452
317201,2026-08-31,144857,0.89,48452
297249,2026-08-31,119576,0.88,48452
302921,2026-08-31,32187,0.86,48452
250978,2026-08-31,234773,0.86,48452
324034,2026-08-31,1362819,0.83,48452
221645,2026-08-31,102500,0.83,48452
267465,2026-08-31,70000,0.82,48452
284184,2026-08-31,75373,0.71,48452
213597,2026-08-31,92274,0.71,48452
235594,2026-08-31,210000,0.70,48452
103960,2026-08-31,27549,0.70,48452
229820,2026-08-31,50907,0.67,48452
122163,2026-08-31,176212,0.66,48452
209902,2026-08-31,211701,0.65,48452
130135,2026-08-31,105679,0.65,48452
304683,2026-08-31,36289,0.64,48452
273033,2026-08-31,800000,0.64,48452
215605,2026-08-31,388933,0.63,48452
322950,2026-08-31,19197,0.62,48452
322344,2026-08-31,298569,0.61,48452
235506,2026-08-31,94966,0.59,48452
111072,2026-08-31,23697,0.59,48452
109488,2026-08-31,75750,0.57,48452
322252,2026-08-31,314430,0.57,48452
131120,2026-08-31,1708698,0.52,48452
132309,2026-08-31,76085,0.51,48452
322110,2026-08-31,155060,0.51,48452
100067,2026-08-31,30000,0.47,48452
222264,2026-08-31,75392,0.47,48452
208345,2026-08-31,551465,0.47,48452
123598,2026-08-31,150000,0.47,48452
122287,2026-08-31,30000,0.45,48452
208196,2026-08-31,15500,0.43,48452
226611,2026-08-31,302444,0.41,48452
213499,2026-08-31,130133,0.37,48452
316995,2026-08-31,58035,0.37,48452
100249,2026-08-31,28927,0.25,48452
132174,2026-08-31,257500,4.06,45993
132454,2026-08-31,118000,2.32,45993
100325,2026-08-31,165000,2.28,45993
132187,2026-08-31,206000,2.27,45993
100180,2026-08-31,291201,2.24,45993
252306,2026-08-31,605000,2.15,45993
132215,2026-08-31,150000,2.11,45993
271867,2026-08-31,93261,1.93,45993
132286,2026-08-31,139812,1.81,45993
108869,2026-08-31,18500,1.78,45993
100469,2026-08-31,420000,1.62,45993
100112,2026-08-31,131500,1.51,45993
100034,2026-08-31,129549,1.48,45993
132755,2026-08-31,84000,1.48,45993
100114,2026-08-31,26500,1.46,45993
100520,2026-08-31,39600,1.41,45993
316263,2026-08-31,90000,1.40,45993
100510,2026-08-31,31400,1.38,45993
283206,2026-08-31,206658,1.34,45993
100103,2026-08-31,278000,1.33,45993
100049,2026-08-31,288000,1.29,45993
132296,2026-08-31,48065,1.29,45993
132843,2026-08-31,130000,1.28,45993
208766,2026-08-31,33400,1.23,45993
132525,2026-08-31,1337000,1.19,45993
132488,2026-08-31,11300,1.16,45993
100312,2026-08-31,461000,1.16,45993
132814,2026-08-31,105000,1.02,45993
242461,2026-08-31,230000,1.02,45993
132541,2026-08-31,46500,1.00,45993
100420,2026-08-31,18189,1.00,45993
132500,2026-08-31,6800,1.00,45993
100530,2026-08-31,1800,0.98,45993
100209,2026-08-31,78064,0.96,45993
289108,2026-08-31,191000,0.94,45993
132538,2026-08-31,7600,0.94,45993
219300,2026-08-31,211000,0.92,45993
209979,2026-08-31,80000,0.91,45993
200132,2026-08-31,6936,0.91,45993
211337,2026-08-31,8700,0.89,45993
278580,2026-08-31,930000,0.87,45993
220350,2026-08-31,241197,0.84,45993
132497,2026-08-31,17000,0.83,45993
317635,2026-08-31,636000,0.76,45993
219494,2026-08-31,14500,0.75,45993
293602,2026-08-31,115000,0.74,45993
103100,2026-08-31,35000,0.72,45993
209967,2026-08-31,166000,0.70,45993
131642,2026-08-31,75000,0.67,45993
208280,2026-08-31,20000,0.57,45993
232793,2026-08-31,16472,0.56,45993
100480,2026-08-31,10000,0.55,45993
208461,2026-08-31,98000,0.55,45993
132636,2026-08-31,75675,0.53,45993
132868,2026-08-31,68000,0.51,45993
208661,2026-08-31,40159,0.47,45993
100271,2026-08-31,26500,0.45,45993
293665,2026-08-31,49822,0.24,45993
132174,2026-08-31,609320,9.90,36058
100180,2026-08-31,847000,6.71,36058
132454,2026-08-31,202000,4.09,36058
100034,2026-08-31,308000,3.64,36058
100325,2026-08-31,217500,3.10,36058
100510,2026-08-31,65169,2.95,36058
100209,2026-08-31,203589,2.58,36058
132343,2026-08-31,51752,2.51,36058
100247,2026-08-31,510000,2.39,36058
132215,2026-08-31,156000,2.27,36058
132500,2026-08-31,14900,2.26,36058
100696,2026-08-31,102000,2.24,36058
252306,2026-08-31,575000,2.11,36058
132539,2026-08-31,146000,2.08,36058
223595,2026-08-31,45000,1.96,36058
132187,2026-08-31,161934,1.84,36058
132755,2026-08-31,93000,1.69,36058
100114,2026-08-31,29200,1.67,36058
124715,2026-08-31,73000,1.62,36058
124558,2026-08-31,6000,1.54,36058
211840,2026-08-31,56855,1.54,36058
132777,2026-08-31,104594,1.53,36058
100400,2026-08-31,352000,1.37,36058
222055,2026-08-31,23000,1.35,36058
105200,2026-08-31,15000,1.33,36058
210850,2026-08-31,320909,1.32,36058
111218,2026-08-31,106118,1.32,36058
208238,2026-08-31,58208,1.31,36058
100251,2026-08-31,40000,1.29,36058
216156,2026-08-31,22753,1.15,36058
218763,2026-08-31,53133,1.15,36058
100124,2026-08-31,86000,1.11,36058
208607,2026-08-31,57605,1.09,36058
219494,2026-08-31,20000,1.07,36058
100790,2026-08-31,64150,1.07,36058
100570,2026-08-31,308000,1.06,36058
124208,2026-08-31,180000,1.05,36058
132644,2026-08-31,18235,1.05,36058
132843,2026-08-31,101415,1.03,36058
100660,2026-08-31,30095,1.03,36058
220350,2026-08-31,280000,1.00,36058
106076,2026-08-31,43297,0.98,36058
311742,2026-08-31,38454,0.96,36058
280713,2026-08-31,361000,0.95,36058
209967,2026-08-31,215000,0.93,36058
301578,2026-08-31,122617,0.92,36058
100575,2026-08-31,68986,0.92,36058
131642,2026-08-31,100000,0.92,36058
122074,2026-08-31,127025,0.89,36058
217389,2026-08-31,140000,0.85,36058
293665,2026-08-31,164989,0.83,36058
132667,2026-08-31,1500000,0.80,36058
279527,2026-08-31,421408,0.77,36058
100093,2026-08-31,75000,0.77,36058
100300,2026-08-31,138588,5.52,47577
100440,2026-08-31,443875,5.33,47577
100112,2026-08-31,418991,5.25,47577
100295,2026-08-31,1534199,5.04,47577
100312,2026-08-31,1806200,4.95,47577
132555,2026-08-31,1214082,4.70,47577
219300,2026-08-31,981297,4.66,47577
132898,2026-08-31,1490162,4.64,47577
100570,2026-08-31,1239600,4.52,47577
100547,2026-08-31,1130941,4.33,47577
130965,2026-08-31,2163837,3.56,47577
132805,2026-08-31,641425,2.71,47577
100104,2026-08-31,568158,2.46,47577
221033,2026-08-31,273344,2.44,47577
132810,2026-08-31,612744,2.44,47577
132155,2026-08-31,1077811,2.26,47577
126371,2026-08-31,1976962,2.06,47577
200055,2026-08-31,510400,1.95,47577
132134,2026-08-31,676705,1.91,47577
132187,2026-08-31,155354,1.87,47577
112070,2026-08-31,270661,1.80,47577
132483,2026-08-31,1193204,1.79,47577
100113,2026-08-31,764248,1.76,47577
132234,2026-08-31,387201,1.75,47577
132461,2026-08-31,1247531,1.68,47577
100469,2026-08-31,390506,1.65,47577
132477,2026-08-31,642598,1.43,47577
100620,2026-08-31,68883,1.06,47577
132814,2026-08-31,91688,0.97,47577
200091,2026-08-31,167857,0.96,47577
132522,2026-08-31,262674,0.93,47577
200048,2026-08-31,3723421,0.85,47577
132149,2026-08-31,504213,0.84,47577
105537,2026-08-31,753589,0.83,47577
200039,2026-08-31,3131662,0.82,47577
190003,2026-08-31,191675,0.79,47577
207673,2026-08-31,344681,0.78,47577
132175,2026-08-31,55316,0.77,47577
100253,2026-08-31,116600,0.74,47577
100770,2026-08-31,91153,0.69,47577
100084,2026-08-31,370885,0.64,47577
100294,2026-08-31,358613,0.63,47577
132627,2026-08-31,3070681,0.60,47577
104973,2026-08-31,30213,0.53,47577
100085,2026-08-31,87815,0.43,47577
132525,2026-08-31,414579,0.40,47577
279527,2026-08-31,203890,0.39,47577
132514,2026-08-31,193918,0.34,47577
100870,2026-08-31,135192,0.29,47577
209068,2026-08-31,46545,0.21,47577
252306,2026-08-31,2420459,9.48,48238
132777,2026-08-31,571227,8.96,48238
208883,2026-08-31,301351,6.18,48238
302988,2026-08-31,1353438,5.65,48238
229238,2026-08-31,286592,5.47,48238
303157,2026-08-31,400679,4.49,48238
232793,2026-08-31,115219,4.35,48238
254493,2026-08-31,188203,4.21,48238
215690,2026-08-31,162080,3.48,48238
229414,2026-08-31,738667,3.29,48238
132667,2026-08-31,5094549,2.89,48238
213672,2026-08-31,446267,2.82,48238
301912,2026-08-31,282644,2.78,48238
122205,2026-08-31,642535,2.64,48238
221554,2026-08-31,1881256,2.39,48238
323819,2026-08-31,1403600,2.33,48238
294320,2026-08-31,321609,2.25,48238
289108,2026-08-31,396935,2.16,48238
323093,2026-08-31,797014,1.95,48238
132488,2026-08-31,16670,1.88,48238
303322,2026-08-31,150524,1.82,48238
322541,2026-08-31,759341,1.74,48238
293862,2026-08-31,493747,1.66,48238
132466,2026-08-31,11024,1.65,48238
313296,2026-08-31,528594,1.63,48238
232592,2026-08-31,494687,1.59,48238
320350,2026-08-31,715469,1.43,48238
208763,2026-08-31,16255,1.37,48238
268618,2026-08-31,28714,1.24,48238
304682,2026-08-31,58432,1.22,48238
284232,2026-08-31,228597,1.11,48238
215584,2026-08-31,94208,0.96,48238
132174,2026-08-31,296002,5.18,48543
100180,2026-08-31,493454,4.21,48543
100325,2026-08-31,224891,3.46,48543
100510,2026-08-31,60158,2.93,48543
132454,2026-08-31,113763,2.48,48543
100112,2026-08-31,183574,2.34,48543
252306,2026-08-31,577621,2.28,48543
100034,2026-08-31,174680,2.22,48543
132540,2026-08-31,76610,2.21,48543
132725,2026-08-31,7834,1.90,48543
237831,2026-08-31,457406,1.87,48543
208766,2026-08-31,39405,1.61,48543
132488,2026-08-31,13946,1.59,48543
132644,2026-08-31,25413,1.57,48543
208883,2026-08-31,74922,1.55,48543
132539,2026-08-31,99713,1.53,48543
207872,2026-08-31,81310,1.51,48543
132777,2026-08-31,92843,1.47,48543
211840,2026-08-31,49187,1.43,48543
210072,2026-08-31,7697,1.38,48543
217379,2026-08-31,71795,1.35,48543
286335,2026-08-31,103147,1.35,48543
100209,2026-08-31,98237,1.34,48543
132331,2026-08-31,30000,1.30,48543
100049,2026-08-31,257207,1.28,48543
100520,2026-08-31,32030,1.27,48543
106395,2026-08-31,54577,1.25,48543
222055,2026-08-31,19601,1.23,48543
228049,2026-08-31,114823,1.23,48543
109930,2026-08-31,27778,1.19,48543
131344,2026-08-31,191552,1.18,48543
100469,2026-08-31,269712,1.16,48543
132500,2026-08-31,7083,1.15,48543
215367,2026-08-31,193346,1.15,48543
213838,2026-08-31,58032,1.14,48543
100182,2026-08-31,16545,1.09,48543
132343,2026-08-31,20606,1.08,48543
302988,2026-08-31,255507,1.07,48543
215477,2026-08-31,30940,1.07,48543
209550,2026-08-31,219975,1.06,48543
279664,2026-08-31,59192,1.05,48543
111218,2026-08-31,76536,1.02,48543
208607,2026-08-31,50029,1.02,48543
190071,2026-08-31,18397,1.01,48543
100790,2026-08-31,55620,1.00,48543
221790,2026-08-31,27078,0.97,48543
233063,2026-08-31,118457,0.94,48543
100271,2026-08-31,49389,0.94,48543
100331,2026-08-31,45548,0.93,48543
273811,2026-08-31,98150,0.90,48543
100547,2026-08-31,220002,0.86,48543
103806,2026-08-31,27764,0.86,48543
100067,2026-08-31,48550,0.86,48543
100420,2026-08-31,13765,0.84,48543
215216,2026-08-31,6138,0.83,48543
322180,2026-08-31,61872,0.81,48543
132755,2026-08-31,40892,0.80,48543
132555,2026-08-31,201799,0.80,48543
111243,2026-08-31,35022,0.78,48543
126299,2026-08-31,26657,0.78,48543
100114,2026-08-31,12574,0.77,48543
208364,2026-08-31,20307,0.75,48543
102355,2026-08-31,26628,0.73,48543
228974,2026-08-31,50338,0.71,48543
200091,2026-08-31,122402,0.71,48543
269404,2026-08-31,21256,0.71,48543
117569,2026-08-31,10229,0.71,48543
100477,2026-08-31,333098,0.70,48543
218071,2026-08-31,55872,0.70,48543
132779,2026-08-31,45706,0.67,48543
324034,2026-08-31,961000,0.66,48543
124715,2026-08-31,27303,0.65,48543
211385,2026-08-31,31048,0.65,48543
132810,2026-08-31,145385,0.59,48543
254962,2026-08-31,26598,0.58,48543
223586,2026-08-31,58084,0.40,48543
105790,2026-08-31,7853,0.38,48543
132805,2026-08-31,997047,4.36,1849
132174,2026-08-31,230000,4.09,1849
111218,2026-08-31,300000,4.07,1849
100510,2026-08-31,70000,3.46,1849
100209,2026-08-31,225000,3.12,1849
322918,2026-08-31,471427,2.72,1849
240461,2026-08-31,410934,2.70,1849
132755,2026-08-31,135266,2.69,1849
132454,2026-08-31,120000,2.66,1849
100163,2026-08-31,92579,2.38,1849
130007,2026-08-31,508071,2.36,1849
296214,2026-08-31,1897454,2.28,1849
217376,2026-08-31,390000,1.99,1849
215216,2026-08-31,13104,1.80,1849
100101,2026-08-31,259935,1.77,1849
251791,2026-08-31,576140,1.75,1849
100180,2026-08-31,200000,1.74,1849
121016,2026-08-31,300000,1.72,1849
132892,2026-08-31,135000,1.72,1849
221842,2026-08-31,102957,1.72,1849
212793,2026-08-31,250000,1.71,1849
229852,2026-08-31,850000,1.71,1849
273033,2026-08-31,1850000,1.67,1849
216065,2026-08-31,125376,1.53,1849
318618,2026-08-31,265729,1.50,1849
200132,2026-08-31,10098,1.50,1849
100087,2026-08-31,85000,1.47,1849
228017,2026-08-31,91554,1.46,1849
200115,2026-08-31,143164,1.43,1849
213327,2026-08-31,641516,1.43,1849
209099,2026-08-31,590000,1.30,1849
132215,2026-08-31,80000,1.27,1849
225154,2026-08-31,13500,1.26,1849
132555,2026-08-31,300000,1.20,1849
219494,2026-08-31,20000,1.18,1849
122287,2026-08-31,67890,1.16,1849
100378,2026-08-31,300000,1.14,1849
130135,2026-08-31,160000,1.12,1849
132689,2026-08-31,74681,1.10,1849
132259,2026-08-31,5000,1.08,1849
100144,2026-08-31,70780,1.08,1849
105192,2026-08-31,17000,1.06,1849
241214,2026-08-31,540000,1.06,1849
297629,2026-08-31,172602,0.96,1849
103960,2026-08-31,32188,0.93,1849
208196,2026-08-31,29000,0.91,1849
100188,2026-08-31,122824,0.89,1849
132898,2026-08-31,269838,0.87,1849
250978,2026-08-31,201134,0.83,1849
227347,2026-08-31,39243,0.83,1849
100104,2026-08-31,170263,0.76,1849
100570,2026-08-31,200000,0.76,1849
122163,2026-08-31,176212,0.75,1849
220260,2026-08-31,346711,0.70,1849
220527,2026-08-31,230857,0.68,1849
100238,2026-08-31,65000,0.64,1849
221267,2026-08-31,309106,0.59,1849
223658,2026-08-31,60068,0.57,1849
324034,2026-08-31,814421,0.57,1849
200054,2026-08-31,125000,0.53,1849
252076,2026-08-31,16372,0.51,1849
213499,2026-08-31,151011,0.49,1849
209532,2026-08-31,19884,0.48,1849
124816,2026-08-31,45000,0.46,1849
132483,2026-08-31,285000,0.44,1849
322066,2026-08-31,238622,0.37,1849
131344,2026-08-31,50000,0.31,1849
223586,2026-08-31,43550,0.31,1849
318903,2026-08-31,305032,0.31,1849
100444,2026-08-31,34625,0.26,1849
107717,2026-08-31,18925,0.23,1849
215605,2026-08-31,67986,0.13,1849
200094,2026-08-31,52687,0.12,1849
322110,2026-08-31,28830,0.11,1849
132215,2026-08-31,346794,5.52,35818
100180,2026-08-31,527578,4.58,35818
100520,2026-08-31,103751,4.17,35818
100300,2026-08-31,90066,3.72,35818
100247,2026-08-31,703614,3.62,35818
100112,2026-08-31,274020,3.56,35818
132174,2026-08-31,193155,3.44,35818
132454,2026-08-31,152431,3.38,35818
100510,2026-08-31,50215,2.49,35818
100034,2026-08-31,191542,2.48,35818
132500,2026-08-31,14589,2.42,35818
100325,2026-08-31,108793,1.70,35818
100228,2026-08-31,98550,1.58,35818
209967,2026-08-31,273600,1.30,35818
132540,2026-08-31,43738,1.29,35818
100209,2026-08-31,84306,1.17,35818
111218,2026-08-31,84263,1.15,35818
211385,2026-08-31,52177,1.11,35818
132187,2026-08-31,88487,1.10,35818
124804,2026-08-31,51564,1.08,35818
222055,2026-08-31,16426,1.05,35818
100875,2026-08-31,321674,1.01,35818
132281,2026-08-31,57082,0.92,35818
100312,2026-08-31,302899,0.86,35818
100182,2026-08-31,12564,0.84,35818
217376,2026-08-31,162085,0.83,35818
132898,2026-08-31,255636,0.83,35818
200132,2026-08-31,5525,0.82,35818
100087,2026-08-31,47028,0.81,35818
132868,2026-08-31,91330,0.77,35818
100400,2026-08-31,180921,0.77,35818
132921,2026-08-31,38697,0.76,35818
322918,2026-08-31,130000,0.75,35818
205198,2026-08-31,30000,0.74,35818
132555,2026-08-31,169611,0.68,35818
324996,2026-08-31,115733,0.62,35818
219494,2026-08-31,10350,0.61,35818
107685,2026-08-31,262896,0.59,35818
100124,2026-08-31,35179,0.50,35818
219300,2026-08-31,100376,0.49,35818
100440,2026-08-31,33600,0.42,35818
200055,2026-08-31,62072,0.25,35818
100096,2026-08-31,11250,0.05,35818
100180,2026-08-31,1563665,13.59,45289
132174,2026-08-31,734545,13.09,45289
100325,2026-08-31,788709,12.34,45289
100112,2026-08-31,799246,10.38,45289
100209,2026-08-31,479119,6.66,45289
132215,2026-08-31,325066,5.18,45289
100875,2026-08-31,1593980,4.99,45289
132540,2026-08-31,140998,4.15,45289
100312,2026-08-31,1360075,3.86,45289
100247,2026-08-31,690549,3.55,45289
100570,2026-08-31,810273,3.07,45289
219300,2026-08-31,566641,2.79,45289
132555,2026-08-31,692530,2.78,45289
132281,2026-08-31,156179,2.51,45289
100440,2026-08-31,195610,2.43,45289
100300,2026-08-31,52452,2.17,45289
132898,2026-08-31,608617,1.97,45289
100470,2026-08-31,863900,1.95,45289
205198,2026-08-31,62278,1.54,45289
107685,2026-08-31,385564,0.87,45289
279017,2026-08-31,17698,7.07,19246
312312,2026-08-31,12986,6.35,19246
224342,2026-08-31,20531,6.28,19246
287855,2026-08-31,18782,5.78,19246
218241,2026-08-31,9433,5.64,19246
240763,2026-08-31,8008,5.40,19246
278073,2026-08-31,40691,5.26,19246
237034,2026-08-31,9120,4.92,19246
288744,2026-08-31,19625,4.60,19246
226187,2026-08-31,9396,4.20,19246
278077,2026-08-31,4444,3.08,19246
306654,2026-08-31,6505,3.01,19246
272604,2026-08-31,22699,2.88,19246
254201,2026-08-31,22129,2.77,19246
282023,2026-08-31,7598,2.30,19246
224346,2026-08-31,9960,2.00,19246
302735,2026-08-31,8888,1.92,19246
246392,2026-08-31,4962,1.89,19246
225178,2026-08-31,11269,1.84,19246
239632,2026-08-31,5860,1.78,19246
298305,2026-08-31,4761,1.74,19246
239630,2026-08-31,4496,1.55,19246
287493,2026-08-31,3791,1.28,19246
229887,2026-08-31,3448,1.15,19246
267052,2026-08-31,5107,0.97,19246
298445,2026-08-31,10890,0.93,19246
298777,2026-08-31,8324,0.89,19246
298510,2026-08-31,1653,0.63,19246
295638,2026-08-31,6695,0.60,19246
100180,2026-08-31,595032,5.41,49019
132174,2026-08-31,278362,5.19,49019
100325,2026-08-31,262506,4.30,49019
132454,2026-08-31,118160,2.75,49019
100510,2026-08-31,45480,2.36,49019
100112,2026-08-31,160615,2.18,49019
100209,2026-08-31,136292,1.98,49019
132215,2026-08-31,111595,1.86,49019
100247,2026-08-31,286088,1.54,49019
100520,2026-08-31,34691,1.46,49019
100034,2026-08-31,104147,1.41,49019
100875,2026-08-31,374573,1.23,49019
132540,2026-08-31,39673,1.22,49019
252306,2026-08-31,280921,1.18,49019
100114,2026-08-31,16043,1.05,49019
124715,2026-08-31,41145,1.05,49019
132500,2026-08-31,5069,0.88,49019
100696,2026-08-31,34474,0.87,49019
111218,2026-08-31,54419,0.77,49019
132555,2026-08-31,184217,0.77,49019
100470,2026-08-31,321198,0.76,49019
100049,2026-08-31,139176,0.74,49019
100440,2026-08-31,56262,0.73,49019
132281,2026-08-31,40967,0.69,49019
132538,2026-08-31,4598,0.68,49019
200132,2026-08-31,4304,0.67,49019
207901,2026-08-31,15879,0.67,49019
100300,2026-08-31,14661,0.63,49019
100228,2026-08-31,36446,0.61,49019
132488,2026-08-31,4938,0.60,49019
100820,2026-08-31,17572,0.60,49019
132898,2026-08-31,175968,0.59,49019
222055,2026-08-31,8796,0.59,49019
132921,2026-08-31,28667,0.59,49019
205198,2026-08-31,22495,0.58,49019
105200,2026-08-31,5355,0.55,49019
100790,2026-08-31,27861,0.53,49019
132755,2026-08-31,24678,0.52,49019
132343,2026-08-31,9128,0.51,49019
322918,2026-08-31,81156,0.49,49019
219300,2026-08-31,93075,0.48,49019
100251,2026-08-31,12930,0.48,49019
108869,2026-08-31,3999,0.46,49019
219494,2026-08-31,7372,0.45,49019
100312,2026-08-31,150942,0.45,49019
100469,2026-08-31,95772,0.44,49019
208766,2026-08-31,9913,0.43,49019
112599,2026-08-31,11213,0.41,49019
209867,2026-08-31,161235,0.41,49019
111243,2026-08-31,16811,0.40,49019
100087,2026-08-31,21864,0.40,49019
229365,2026-08-31,127495,0.39,49019
211385,2026-08-31,17459,0.39,49019
218071,2026-08-31,28919,0.39,49019
117334,2026-08-31,171666,0.38,49019
271867,2026-08-31,15119,0.37,49019
100420,2026-08-31,5700,0.37,49019
208883,2026-08-31,16360,0.36,49019
100182,2026-08-31,5044,0.35,49019
100124,2026-08-31,23687,0.35,49019
132541,2026-08-31,13524,0.34,49019
100480,2026-08-31,5249,0.34,49019
100800,2026-08-31,25305,0.34,49019
132187,2026-08-31,25593,0.33,49019
100547,2026-08-31,78752,0.33,49019
254493,2026-08-31,13446,0.32,49019
100850,2026-08-31,34122,0.32,49019
100570,2026-08-31,81209,0.32,49019
100103,2026-08-31,56644,0.32,49019
223595,2026-08-31,6262,0.31,49019
100093,2026-08-31,26644,0.31,49019
100825,2026-08-31,4577,0.31,49019
210072,2026-08-31,1612,0.31,49019
286335,2026-08-31,22001,0.31,49019
210590,2026-08-31,4222,0.30,49019
217389,2026-08-31,41801,0.29,49019
100400,2026-08-31,64811,0.29,49019
132667,2026-08-31,472621,0.29,49019
278580,2026-08-31,257810,0.28,49019
100493,2026-08-31,10357,0.28,49019
122275,2026-08-31,4815,0.27,49019
209550,2026-08-31,53129,0.27,49019
208280,2026-08-31,7922,0.27,49019
100257,2026-08-31,9437,0.26,49019
217376,2026-08-31,49296,0.26,49019
100331,2026-08-31,12041,0.26,49019
130965,2026-08-31,145183,0.26,49019
211337,2026-08-31,2078,0.25,49019
100490,2026-08-31,1682,0.25,49019
132777,2026-08-31,14878,0.25,49019
100477,2026-08-31,111185,0.25,49019
209967,2026-08-31,50067,0.25,49019
107685,2026-08-31,105234,0.25,49019
132725,2026-08-31,947,0.24,49019
132810,2026-08-31,56580,0.24,49019
132155,2026-08-31,104814,0.24,49019
302988,2026-08-31,53171,0.24,49019
124804,2026-08-31,10756,0.24,49019
132843,2026-08-31,20249,0.24,49019
100295,2026-08-31,65893,0.24,49019
271875,2026-08-31,12761,0.23,49019
132868,2026-08-31,24928,0.22,49019
132134,2026-08-31,72090,0.22,49019
132286,2026-08-31,14394,0.22,49019
132432,2026-08-31,11479,0.22,49019
131642,2026-08-31,20568,0.22,49019
100530,2026-08-31,337,0.22,49019
296765,2026-08-31,494,0.21,49019
132483,2026-08-31,130597,0.21,49019
216156,2026-08-31,3609,0.21,49019
100271,2026-08-31,10306,0.21,49019
289554,2026-08-31,13027,0.20,49019
190059,2026-08-31,7073,0.20,49019
200055,2026-08-31,48535,0.20,49019
132648,2026-08-31,682526,0.20,49019
100002,2026-08-31,2039,0.20,49019
293862,2026-08-31,55150,0.20,49019
132822,2026-08-31,1069775,0.20,49019
132461,2026-08-31,133826,0.20,49019
217379,2026-08-31,9443,0.19,49019
132296,2026-08-31,5851,0.19,49019
103806,2026-08-31,5643,0.19,49019
214179,2026-08-31,17422,0.18,49019
132477,2026-08-31,75084,0.18,49019
132424,2026-08-31,15616,0.18,49019
100550,2026-08-31,3435,0.18,49019
103100,2026-08-31,7254,0.18,49019
117569,2026-08-31,2398,0.18,49019
132497,2026-08-31,3044,0.18,49019
100104,2026-08-31,37315,0.17,49019
132234,2026-08-31,34845,0.17,49019
242461,2026-08-31,31997,0.17,49019
132754,2026-08-31,138301,0.17,49019
219442,2026-08-31,10780,0.17,49019
294388,2026-08-31,7455,0.16,49019
190003,2026-08-31,36706,0.16,49019
126299,2026-08-31,5144,0.16,49019
221790,2026-08-31,4167,0.16,49019
132504,2026-08-31,1430,0.16,49019
208461,2026-08-31,23818,0.16,49019
132814,2026-08-31,13732,0.16,49019
112070,2026-08-31,21792,0.16,49019
208361,2026-08-31,5541,0.16,49019
117354,2026-08-31,9793,0.16,49019
132144,2026-08-31,5092,0.16,49019
190071,2026-08-31,2676,0.16,49019
212427,2026-08-31,2274,0.16,49019
100387,2026-08-31,520,0.15,49019
317635,2026-08-31,108305,0.15,49019
126371,2026-08-31,134305,0.15,49019
228974,2026-08-31,10069,0.15,49019
132259,2026-08-31,657,0.15,49019
132466,2026-08-31,927,0.15,49019
269404,2026-08-31,4152,0.15,49019
132523,2026-08-31,27723,0.15,49019
132321,2026-08-31,9722,0.14,49019
216369,2026-08-31,146458,0.14,49019
100188,2026-08-31,18687,0.14,49019
320028,2026-08-31,3437,0.14,49019
100113,2026-08-31,56176,0.14,49019
111072,2026-08-31,4679,0.14,49019
213838,2026-08-31,6555,0.14,49019
124494,2026-08-31,5398,0.14,49019
211840,2026-08-31,4399,0.14,49019
220350,2026-08-31,33151,0.14,49019
208238,2026-08-31,5255,0.14,49019
100575,2026-08-31,8860,0.14,49019
100290,2026-08-31,79,0.14,49019
200091,2026-08-31,21193,0.13,49019
289108,2026-08-31,21764,0.13,49019
100183,2026-08-31,39792,0.13,49019
100425,2026-08-31,24226,0.12,49019
100830,2026-08-31,5119,0.12,49019
207950,2026-08-31,6922,0.12,49019
221877,2026-08-31,3719,0.12,49019
132720,2026-08-31,25710,0.12,49019
209068,2026-08-31,24015,0.12,49019
112455,2026-08-31,5057,0.12,49019
132539,2026-08-31,7068,0.12,49019
132779,2026-08-31,7389,0.12,49019
226720,2026-08-31,14931,0.12,49019
235355,2026-08-31,3096,0.11,49019
109930,2026-08-31,2502,0.11,49019
106395,2026-08-31,4646,0.11,49019
132827,2026-08-31,245,0.11,49019
132522,2026-08-31,29118,0.11,49019
100096,2026-08-31,22945,0.11,49019
233063,2026-08-31,13027,0.11,49019
132210,2026-08-31,37409,0.11,49019
132508,2026-08-31,12170,0.11,49019
220018,2026-08-31,4574,0.11,49019
217757,2026-08-31,7304,0.11,49019
132644,2026-08-31,1626,0.11,49019
132805,2026-08-31,23086,0.11,49019
209078,2026-08-31,6967,0.10,49019
210258,2026-08-31,15372,0.10,49019
237831,2026-08-31,23184,0.10,49019
100483,2026-08-31,4564,0.10,49019
221033,2026-08-31,10388,0.10,49019
209147,2026-08-31,5361,0.10,49019
100086,2026-08-31,17679,0.10,49019
124558,2026-08-31,335,0.10,49019
295872,2026-08-31,1639,0.10,49019
226156,2026-08-31,3469,0.10,49019
221645,2026-08-31,10073,0.10,49019
215367,2026-08-31,15209,0.10,49019
123642,2026-08-31,3148,0.10,49019
225051,2026-08-31,11523,0.10,49019
100067,2026-08-31,5042,0.09,49019
219700,2026-08-31,2952,0.09,49019
210036,2026-08-31,9337,0.09,49019
131213,2026-08-31,21327,0.09,49019
209902,2026-08-31,25244,0.09,49019
132830,2026-08-31,4753,0.09,49019
210850,2026-08-31,19560,0.09,49019
102355,2026-08-31,3122,0.09,49019
318678,2026-08-31,43542,0.09,49019
131344,2026-08-31,13414,0.09,49019
222961,2026-08-31,3235,0.09,49019
208607,2026-08-31,3967,0.09,49019
113599,2026-08-31,12752,0.09,49019
228347,2026-08-31,10779,0.09,49019
132149,2026-08-31,47219,0.09,49019
217280,2026-08-31,78162,0.08,49019
132525,2026-08-31,79121,0.08,49019
225154,2026-08-31,849,0.08,49019
132683,2026-08-31,1509,0.08,49019
124000,2026-08-31,13825,0.08,49019
232793,2026-08-31,2015,0.08,49019
132892,2026-08-31,6078,0.08,49019
215216,2026-08-31,566,0.08,49019
100253,2026-08-31,11683,0.08,49019
105790,2026-08-31,1564,0.08,49019
122287,2026-08-31,4411,0.08,49019
100003,2026-08-31,4878,0.08,49019
132300,2026-08-31,3209,0.08,49019
100184,2026-08-31,9127,0.08,49019
132331,2026-08-31,1637,0.08,49019
280713,2026-08-31,24963,0.08,49019
100411,2026-08-31,1506,0.08,49019
218763,2026-08-31,3028,0.08,49019
132636,2026-08-31,9037,0.07,49019
208364,2026-08-31,1900,0.07,49019
279527,2026-08-31,35450,0.07,49019
243036,2026-08-31,10286,0.07,49019
322541,2026-08-31,29905,0.07,49019
293380,2026-08-31,3090,0.07,49019
104973,2026-08-31,3853,0.07,49019
208412,2026-08-31,11722,0.07,49019
218756,2026-08-31,8245,0.07,49019
209420,2026-08-31,6675,0.07,49019
109480,2026-08-31,11077,0.07,49019
100877,2026-08-31,12542,0.07,49019
210174,2026-08-31,15434,0.07,49019
222554,2026-08-31,1172,0.07,49019
208089,2026-08-31,3003,0.07,49019
122074,2026-08-31,8349,0.07,49019
123457,2026-08-31,818,0.07,49019
100488,2026-08-31,202,0.07,49019
244937,2026-08-31,235,0.07,49019
307332,2026-08-31,24168,0.07,49019
217400,2026-08-31,9116,0.07,49019
218533,2026-08-31,2685,0.07,49019
132889,2026-08-31,4322,0.07,49019
305799,2026-08-31,5195,0.06,49019
100620,2026-08-31,3851,0.06,49019
113375,2026-08-31,4488,0.06,49019
219691,2026-08-31,3289,0.06,49019
275316,2026-08-31,1647,0.06,49019
279664,2026-08-31,3327,0.06,49019
100660,2026-08-31,1608,0.06,49019
100408,2026-08-31,1338,0.06,49019
314935,2026-08-31,4607,0.06,49019
200020,2026-08-31,7202,0.06,49019
132482,2026-08-31,5639,0.06,49019
106401,2026-08-31,2667,0.06,49019
100368,2026-08-31,13461,0.06,49019
318188,2026-08-31,3056,0.06,49019
209037,2026-08-31,22058,0.06,49019
100092,2026-08-31,947,0.06,49019
212705,2026-08-31,3581,0.06,49019
207872,2026-08-31,2922,0.06,49019
115030,2026-08-31,4710,0.06,49019
223187,2026-08-31,1216,0.06,49019
200515,2026-08-31,1761,0.06,49019
323093,2026-08-31,21642,0.06,49019
122113,2026-08-31,1395,0.06,49019
220741,2026-08-31,29839,0.06,49019
235955,2026-08-31,3748,0.06,49019
304549,2026-08-31,3026,0.06,49019
100260,2026-08-31,4912,0.06,49019
100008,2026-08-31,4758,0.05,49019
315904,2026-08-31,89474,0.05,49019
124208,2026-08-31,7995,0.05,49019
207673,2026-08-31,21579,0.05,49019
132514,2026-08-31,27257,0.05,49019
278701,2026-08-31,7527,0.05,49019
100233,2026-08-31,3218,0.05,49019
100027,2026-08-31,619,0.05,49019
215477,2026-08-31,1370,0.05,49019
229238,2026-08-31,2460,0.05,49019
100770,2026-08-31,6081,0.05,49019
268618,2026-08-31,1072,0.05,49019
100495,2026-08-31,1291,0.05,49019
131595,2026-08-31,15019,0.05,49019
310018,2026-08-31,732,0.05,49019
113683,2026-08-31,14149,0.05,49019
209024,2026-08-31,1279,0.05,49019
210949,2026-08-31,1050,0.05,49019
294320,2026-08-31,6373,0.05,49019
224623,2026-08-31,30883,0.05,49019
132478,2026-08-31,2806,0.05,49019
100144,2026-08-31,2942,0.05,49019
123395,2026-08-31,110,0.05,49019
100645,2026-08-31,2604,0.05,49019
222264,2026-08-31,6272,0.05,49019
305013,2026-08-31,98787,0.05,49019
228460,2026-08-31,43023,0.05,49019
296367,2026-08-31,87668,0.05,49019
208414,2026-08-31,30914,0.05,49019
100084,2026-08-31,24500,0.05,49019
115055,2026-08-31,5930,0.05,49019
132175,2026-08-31,3045,0.05,49019
213327,2026-08-31,19501,0.05,49019
105714,2026-08-31,2462,0.05,49019
117146,2026-08-31,7079,0.05,49019
208801,2026-08-31,40234,0.04,49019
250870,2026-08-31,1995,0.04,49019
100870,2026-08-31,18591,0.04,49019
251791,2026-08-31,13763,0.04,49019
211595,2026-08-31,14642,0.04,49019
132689,2026-08-31,2772,0.04,49019
100163,2026-08-31,1587,0.04,49019
105537,2026-08-31,35676,0.04,49019
216065,2026-08-31,3312,0.04,49019
100033,2026-08-31,187,0.04,49019
132809,2026-08-31,12312,0.04,49019
101301,2026-08-31,5071,0.04,49019
317139,2026-08-31,36097,0.04,49019
132129,2026-08-31,5765,0.04,49019
100125,2026-08-31,3996,0.04,49019
190032,2026-08-31,1792,0.04,49019
287433,2026-08-31,7831,0.04,49019
200017,2026-08-31,1585,0.04,49019
132627,2026-08-31,189181,0.04,49019
228049,2026-08-31,3459,0.04,49019
113023,2026-08-31,5389,0.04,49019
117174,2026-08-31,86,0.04,49019
267465,2026-08-31,2731,0.04,49019
209979,2026-08-31,2833,0.04,49019
132527,2026-08-31,4001,0.04,49019
100410,2026-08-31,2330,0.04,49019
119600,2026-08-31,2744,0.04,49019
209373,2026-08-31,7388,0.04,49019
200048,2026-08-31,152420,0.04,49019
124816,2026-08-31,3491,0.04,49019
100038,2026-08-31,4228,0.04,49019
208196,2026-08-31,1138,0.04,49019
302427,2026-08-31,1904,0.04,49019
297629,2026-08-31,6322,0.04,49019
117271,2026-08-31,4379,0.04,49019
100048,2026-08-31,1486,0.04,49019
221842,2026-08-31,2106,0.04,49019
100378,2026-08-31,9049,0.04,49019
131162,2026-08-31,7656,0.04,49019
132178,2026-08-31,10643,0.04,49019
100878,2026-08-31,813,0.04,49019
229820,2026-08-31,2274,0.04,49019
100680,2026-08-31,589,0.04,49019
130019,2026-08-31,3129,0.04,49019
100040,2026-08-31,2034,0.04,49019
274045,2026-08-31,1937,0.04,49019
222255,2026-08-31,2100,0.03,49019
241214,2026-08-31,16790,0.03,49019
109496,2026-08-31,2160,0.03,49019
221809,2026-08-31,37469,0.03,49019
226076,2026-08-31,4546,0.03,49019
131768,2026-08-31,1484,0.03,49019
111196,2026-08-31,3275,0.03,49019
131358,2026-08-31,3311,0.03,49019
132209,2026-08-31,17330,0.03,49019
100110,2026-08-31,1869,0.03,49019
200115,2026-08-31,3113,0.03,49019
308764,2026-08-31,5292,0.03,49019
207959,2026-08-31,2776,0.03,49019
200039,2026-08-31,112715,0.03,49019
208099,2026-08-31,1337,0.03,49019
209344,2026-08-31,4770,0.03,49019
210284,2026-08-31,4018,0.03,49019
322366,2026-08-31,21025,0.03,49019
114162,2026-08-31,12353,0.03,49019
294914,2026-08-31,9353,0.03,49019
132783,2026-08-31,5347,0.03,49019
271581,2026-08-31,3503,0.03,49019
100238,2026-08-31,2961,0.03,49019
100085,2026-08-31,5780,0.03,49019
208661,2026-08-31,2213,0.03,49019
109631,2026-08-31,3230,0.03,49019
100294,2026-08-31,15721,0.03,49019
304682,2026-08-31,1335,0.03,49019
132734,2026-08-31,9543,0.03,49019
100106,2026-08-31,25875,0.03,49019
107815,2026-08-31,316,0.03,49019
208045,2026-08-31,16546,0.03,49019
213597,2026-08-31,3123,0.03,49019
102986,2026-08-31,3883,0.03,49019
215690,2026-08-31,1230,0.03,49019
132221,2026-08-31,7547,0.03,49019
301578,2026-08-31,3258,0.03,49019
320350,2026-08-31,13105,0.03,49019
132784,2026-08-31,1730,0.03,49019
100840,2026-08-31,7699,0.03,49019
106590,2026-08-31,6818,0.03,49019
303107,2026-08-31,9196,0.03,49019
100710,2026-08-31,670,0.03,49019
132714,2026-08-31,5040,0.03,49019
290269,2026-08-31,1191,0.03,49019
308021,2026-08-31,44769,0.03,49019
213429,2026-08-31,19299,0.03,49019
104067,2026-08-31,4427,0.03,49019
132439,2026-08-31,1590,0.03,49019
132885,2026-08-31,66344,0.03,49019
190024,2026-08-31,2421,0.03,49019
131335,2026-08-31,3739,0.03,49019
100116,2026-08-31,21787,0.03,49019
106285,2026-08-31,495,0.03,49019
221661,2026-08-31,4180,0.03,49019
320627,2026-08-31,22562,0.03,49019
267615,2026-08-31,1549,0.03,49019
225850,2026-08-31,24043,0.03,49019
124742,2026-08-31,775,0.03,49019
132756,2026-08-31,4955,0.02,49019
123405,2026-08-31,14959,0.02,49019
220869,2026-08-31,1948,0.02,49019
100164,2026-08-31,1677,0.02,49019
123598,2026-08-31,6571,0.02,49019
132400,2026-08-31,6445,0.02,49019
321331,2026-08-31,3534,0.02,49019
210039,2026-08-31,1288,0.02,49019
132388,2026-08-31,56738,0.02,49019
130007,2026-08-31,4860,0.02,49019
109488,2026-08-31,2591,0.02,49019
132181,2026-08-31,3216,0.02,49019
220512,2026-08-31,27794,0.02,49019
210859,2026-08-31,3207,0.02,49019
132733,2026-08-31,3839,0.02,49019
217385,2026-08-31,9352,0.02,49019
317201,2026-08-31,3135,0.02,49019
100405,2026-08-31,2451,0.02,49019
104614,2026-08-31,3573,0.02,49019
132762,2026-08-31,1599,0.02,49019
200057,2026-08-31,6074,0.02,49019
100043,2026-08-31,2480,0.02,49019
213046,2026-08-31,5208,0.02,49019
294253,2026-08-31,8771,0.02,49019
209232,2026-08-31,2549,0.02,49019
103310,2026-08-31,5421,0.02,49019
287490,2026-08-31,16010,0.02,49019
123367,2026-08-31,1540,0.02,49019
311742,2026-08-31,700,0.02,49019
301912,2026-08-31,1854,0.02,49019
123596,2026-08-31,12662,0.02,49019
316052,2026-08-31,5607,0.02,49019
226328,2026-08-31,1177,0.02,49019
217396,2026-08-31,9156,0.02,49019
209492,2026-08-31,1635,0.02,49019
105700,2026-08-31,3415,0.02,49019
229852,2026-08-31,8409,0.02,49019
132163,2026-08-31,2808,0.02,49019
316659,2026-08-31,3948,0.02,49019
213672,2026-08-31,2483,0.02,49019
200019,2026-08-31,4163,0.02,49019
226611,2026-08-31,10364,0.02,49019
231440,2026-08-31,2080,0.02,49019
220674,2026-08-31,5277,0.02,49019
216147,2026-08-31,3895,0.02,49019
210591,2026-08-31,22871,0.02,49019
121064,2026-08-31,48560,0.02,49019
306733,2026-08-31,1522,0.02,49019
100109,2026-08-31,6849,0.01,49019
307329,2026-08-31,1981,0.01,49019
209097,2026-08-31,5206,0.01,49019
126612,2026-08-31,230,0.01,49019
281585,2026-08-31,4707,0.01,49019
132505,2026-08-31,44178,0.01,49019
255331,2026-08-31,642,0.01,49019
123610,2026-08-31,3743,0.01,49019
101425,2026-08-31,673,0.01,49019
130005,2026-08-31,2673,0.01,49019
132605,2026-08-31,1566,0.01,49019
209038,2026-08-31,3396,0.01,49019
228017,2026-08-31,709,0.01,49019
232353,2026-08-31,2355,0.01,49019
319986,2026-08-31,2748,0.01,49019
232592,2026-08-31,2811,0.01,49019
132371,2026-08-31,19532,0.01,49019
132748,2026-08-31,2583,0.01,49019
303322,2026-08-31,673,0.01,49019
132726,2026-08-31,1162,0.01,49019
113377,2026-08-31,5878,0.00,49019
132174,2026-08-31,481800,9.09,30963
100520,2026-08-31,201800,8.59,30963
100180,2026-08-31,768800,7.07,30963
100247,2026-08-31,918000,4.99,30963
100325,2026-08-31,287000,4.75,30963
132454,2026-08-31,202000,4.75,30963
100477,2026-08-31,1625000,3.70,30963
100300,2026-08-31,79840,3.49,30963
132215,2026-08-31,191875,3.23,30963
100875,2026-08-31,528725,1.75,30963
132555,2026-08-31,360767,1.53,30963
124715,2026-08-31,59050,1.52,30963
100112,2026-08-31,106219,1.46,30963
100470,2026-08-31,605000,1.45,30963
100209,2026-08-31,94860,1.39,30963
210258,2026-08-31,201650,1.35,30963
100510,2026-08-31,23000,1.21,30963
100480,2026-08-31,14000,0.93,30963
252306,2026-08-31,190000,0.81,30963
132500,2026-08-31,4552,0.80,30963
324996,2026-08-31,115000,0.65,30963
132286,2026-08-31,39659,0.61,30963
132810,2026-08-31,140000,0.61,30963
100049,2026-08-31,110000,0.59,30963
286335,2026-08-31,40000,0.56,30963
132540,2026-08-31,15000,0.47,30963
208461,2026-08-31,70000,0.47,30963
217389,2026-08-31,60000,0.42,30963
100295,2026-08-31,115000,0.41,30963
100271,2026-08-31,20000,0.41,30963
318678,2026-08-31,193764,0.40,30963
100251,2026-08-31,10500,0.39,30963
100820,2026-08-31,10000,0.34,30963
132281,2026-08-31,20000,0.34,30963
132755,2026-08-31,16000,0.34,30963
100114,2026-08-31,5000,0.33,30963
100696,2026-08-31,13000,0.33,30963
200132,2026-08-31,1833,0.29,30963
100034,2026-08-31,20000,0.27,30963
132187,2026-08-31,20000,0.26,30963
219300,2026-08-31,45000,0.23,30963
100228,2026-08-31,13500,0.23,30963
100312,2026-08-31,60000,0.18,30963
322918,2026-08-31,28093,0.17,30963
210590,2026-08-31,1827,0.13,30963
105200,2026-08-31,1000,0.10,30963
100425,2026-08-31,13200,0.07,30963
209550,2026-08-31,10200,0.05,30963
132134,2026-08-31,2925,0.01,30963
132174,2026-08-31,304164,5.99,45262
100180,2026-08-31,519767,4.99,45262
100325,2026-08-31,233072,4.03,45262
132454,2026-08-31,124521,3.05,45262
100112,2026-08-31,170570,2.45,45262
100209,2026-08-31,128739,1.98,45262
100034,2026-08-31,130190,1.86,45262
100510,2026-08-31,33515,1.84,45262
252306,2026-08-31,345414,1.53,45262
100114,2026-08-31,21860,1.51,45262
132555,2026-08-31,314476,1.39,45262
132343,2026-08-31,23527,1.38,45262
100520,2026-08-31,29239,1.30,45262
132540,2026-08-31,39726,1.29,45262
132215,2026-08-31,73218,1.29,45262
132725,2026-08-31,4424,1.20,45262
103806,2026-08-31,33977,1.18,45262
209550,2026-08-31,206097,1.12,45262
100093,2026-08-31,86983,1.08,45262
132488,2026-08-31,8291,1.06,45262
213838,2026-08-31,44871,0.99,45262
100228,2026-08-31,54960,0.97,45262
100247,2026-08-31,170860,0.97,45262
100049,2026-08-31,172122,0.97,45262
216156,2026-08-31,15700,0.96,45262
132539,2026-08-31,55737,0.96,45262
317635,2026-08-31,639302,0.96,45262
132779,2026-08-31,58104,0.96,45262
132644,2026-08-31,13587,0.94,45262
124715,2026-08-31,34810,0.94,45262
105200,2026-08-31,8490,0.91,45262
302988,2026-08-31,193120,0.91,45262
217389,2026-08-31,120910,0.89,45262
100469,2026-08-31,180110,0.87,45262
218071,2026-08-31,60918,0.86,45262
100547,2026-08-31,191773,0.84,45262
237831,2026-08-31,175760,0.81,45262
100440,2026-08-31,57850,0.80,45262
210590,2026-08-31,10440,0.79,45262
100488,2026-08-31,2251,0.79,45262
302921,2026-08-31,22920,0.77,45262
132755,2026-08-31,34880,0.77,45262
132286,2026-08-31,47320,0.76,45262
132810,2026-08-31,163828,0.75,45262
132538,2026-08-31,4722,0.73,45262
132432,2026-08-31,35148,0.71,45262
132667,2026-08-31,1089470,0.70,45262
286335,2026-08-31,47430,0.70,45262
217379,2026-08-31,32439,0.69,45262
100480,2026-08-31,9683,0.67,45262
221033,2026-08-31,60402,0.62,45262
100790,2026-08-31,30210,0.61,45262
132500,2026-08-31,3244,0.59,45262
132777,2026-08-31,33330,0.59,45262
208766,2026-08-31,12526,0.58,45262
100420,2026-08-31,8368,0.57,45262
209078,2026-08-31,35390,0.56,45262
269404,2026-08-31,14696,0.55,45262
131642,2026-08-31,43870,0.49,45262
100257,2026-08-31,16300,0.48,45262
111218,2026-08-31,30430,0.46,45262
100820,2026-08-31,11610,0.42,45262
100477,2026-08-31,157950,0.38,45262
223478,2026-08-31,121030,0.37,45262
100875,2026-08-31,97419,0.34,45262
100067,2026-08-31,16972,0.34,45262
122275,2026-08-31,5580,0.34,45262
221790,2026-08-31,8270,0.33,45262
252306,2026-08-31,2069971,9.26,3581
100520,2026-08-31,205244,9.18,3581
100114,2026-08-31,109829,7.64,3581
132500,2026-08-31,29609,5.47,3581
132454,2026-08-31,216255,5.34,3581
105200,2026-08-31,42788,4.64,3581
100251,2026-08-31,104193,4.09,3581
132343,2026-08-31,60480,3.58,3581
100800,2026-08-31,188490,2.67,3581
100875,2026-08-31,733363,2.55,3581
100790,2026-08-31,116506,2.38,3581
223595,2026-08-31,43000,2.29,3581
100182,2026-08-31,30370,2.26,3581
211337,2026-08-31,16907,2.18,3581
100696,2026-08-31,77000,2.07,3581
103100,2026-08-31,75550,1.96,3581
279664,2026-08-31,90000,1.82,3581
132777,2026-08-31,101220,1.81,3581
210072,2026-08-31,8660,1.75,3581
215367,2026-08-31,255000,1.72,3581
100034,2026-08-31,115033,1.66,3581
254493,2026-08-31,59263,1.52,3581
200020,2026-08-31,168097,1.50,3581
100331,2026-08-31,65035,1.50,3581
209550,2026-08-31,266000,1.45,3581
237191,2026-08-31,119150,1.38,3581
132432,2026-08-31,61700,1.25,3581
100180,2026-08-31,129500,1.25,3581
132375,2026-08-31,135082,1.19,3581
208727,2026-08-31,91147,1.14,3581
317635,2026-08-31,743950,1.12,3581
117354,2026-08-31,65193,1.11,3581
109480,2026-08-31,162000,1.10,3581
209232,2026-08-31,108404,0.92,3581
100067,2026-08-31,45800,0.91,3581
228465,2026-08-31,83705,0.83,3581
132830,2026-08-31,40000,0.83,3581
221033,2026-08-31,71253,0.73,3581
223586,2026-08-31,77428,0.61,3581
208280,2026-08-31,14318,0.51,3581
208607,2026-08-31,21562,0.50,3581
323093,2026-08-31,115000,0.32,3581
132497,2026-08-31,4700,0.29,3581
132174,2026-08-31,359354,7.24,26780
100180,2026-08-31,672678,6.61,26780
132454,2026-08-31,148605,3.73,26780
100325,2026-08-31,188731,3.34,26780
100209,2026-08-31,201121,3.16,26780
100034,2026-08-31,209120,3.06,26780
100112,2026-08-31,180600,2.65,26780
100247,2026-08-31,420000,2.44,26780
100510,2026-08-31,43227,2.42,26780
252306,2026-08-31,528949,2.40,26780
100228,2026-08-31,110500,2.00,26780
218071,2026-08-31,117187,1.69,26780
211840,2026-08-31,47224,1.58,26780
100520,2026-08-31,31000,1.41,26780
210072,2026-08-31,6350,1.31,26780
132539,2026-08-31,73775,1.30,26780
132504,2026-08-31,10802,1.30,26780
132343,2026-08-31,21000,1.26,26780
293537,2026-08-31,71218,1.23,26780
105200,2026-08-31,10620,1.17,26780
217379,2026-08-31,50640,1.10,26780
209147,2026-08-31,54264,1.10,26780
100093,2026-08-31,84300,1.07,26780
222554,2026-08-31,15840,0.99,26780
132889,2026-08-31,60000,0.98,26780
132725,2026-08-31,3500,0.97,26780
132538,2026-08-31,5955,0.94,26780
132210,2026-08-31,292060,0.93,26780
100114,2026-08-31,13048,0.92,26780
208766,2026-08-31,19490,0.92,26780
132144,2026-08-31,27700,0.92,26780
223478,2026-08-31,290271,0.91,26780
239342,2026-08-31,52626,0.88,26780
211740,2026-08-31,26052,0.87,26780
209550,2026-08-31,156125,0.87,26780
132259,2026-08-31,3400,0.83,26780
322366,2026-08-31,510462,0.82,26780
286335,2026-08-31,54500,0.82,26780
103806,2026-08-31,23020,0.82,26780
132755,2026-08-31,36000,0.81,26780
221645,2026-08-31,76175,0.80,26780
235955,2026-08-31,48339,0.78,26780
229238,2026-08-31,34200,0.76,26780
317635,2026-08-31,492000,0.75,26780
208883,2026-08-31,31410,0.75,26780
100440,2026-08-31,52900,0.74,26780
100049,2026-08-31,128700,0.74,26780
226611,2026-08-31,420333,0.73,26780
208364,2026-08-31,16928,0.72,26780
217389,2026-08-31,92800,0.70,26780
111243,2026-08-31,26879,0.69,26780
132488,2026-08-31,5200,0.68,26780
132331,2026-08-31,13600,0.68,26780
117334,2026-08-31,283000,0.67,26780
132497,2026-08-31,10500,0.65,26780
324034,2026-08-31,823750,0.65,26780
214179,2026-08-31,57390,0.65,26780
302921,2026-08-31,17900,0.62,26780
311742,2026-08-31,19499,0.60,26780
132779,2026-08-31,35541,0.60,26780
119600,2026-08-31,39933,0.60,26780
131642,2026-08-31,51300,0.58,26780
274041,2026-08-31,81664,0.58,26780
222055,2026-08-31,8000,0.58,26780
131344,2026-08-31,81000,0.57,26780
232793,2026-08-31,13000,0.57,26780
304682,2026-08-31,23400,0.57,26780
213838,2026-08-31,24226,0.55,26780
250870,2026-08-31,22743,0.55,26780
132830,2026-08-31,25800,0.54,26780
254962,2026-08-31,20919,0.53,26780
208607,2026-08-31,21402,0.50,26780
100790,2026-08-31,23600,0.49,26780
105790,2026-08-31,8575,0.48,26780
190071,2026-08-31,7493,0.47,26780
132540,2026-08-31,13806,0.46,26780
210590,2026-08-31,5792,0.45,26780
132810,2026-08-31,95400,0.44,26780
100547,2026-08-31,99000,0.44,26780
228974,2026-08-31,26100,0.42,26780
226076,2026-08-31,53032,0.42,26780
100477,2026-08-31,173300,0.42,26780
100249,2026-08-31,35043,0.39,26780
100067,2026-08-31,18729,0.38,26780
210036,2026-08-31,35000,0.38,26780
229852,2026-08-31,164887,0.37,26780
274066,2026-08-31,45563,0.36,26780
315904,2026-08-31,534500,0.35,26780
313296,2026-08-31,90000,0.32,26780
132174,2026-08-31,120232,2.44,48144
100180,2026-08-31,227090,2.25,48144
111243,2026-08-31,71745,1.86,48144
252306,2026-08-31,346003,1.58,48144
209967,2026-08-31,283870,1.54,48144
322918,2026-08-31,229265,1.51,48144
314935,2026-08-31,99307,1.44,48144
132805,2026-08-31,287142,1.43,48144
132454,2026-08-31,56245,1.42,48144
100034,2026-08-31,92778,1.37,48144
111218,2026-08-31,83083,1.29,48144
132215,2026-08-31,70554,1.28,48144
100850,2026-08-31,123887,1.28,48144
305013,2026-08-31,2475995,1.27,48144
132541,2026-08-31,44950,1.25,48144
316052,2026-08-31,278217,1.04,48144
100247,2026-08-31,174791,1.02,48144
100325,2026-08-31,56448,1.01,48144
132488,2026-08-31,7423,0.98,48144
100003,2026-08-31,53492,0.94,48144
208763,2026-08-31,9212,0.91,48144
209550,2026-08-31,157229,0.88,48144
220519,2026-08-31,128479,0.85,48144
132500,2026-08-31,4309,0.81,48144
213046,2026-08-31,169594,0.76,48144
215690,2026-08-31,30054,0.76,48144
279664,2026-08-31,35418,0.73,48144
100488,2026-08-31,2020,0.73,48144
100228,2026-08-31,38636,0.71,48144
112599,2026-08-31,17343,0.69,48144
324034,2026-08-31,833500,0.66,48144
324996,2026-08-31,102345,0.62,48144
100093,2026-08-31,45981,0.59,48144
207901,2026-08-31,12278,0.56,48144
318188,2026-08-31,24883,0.53,48144
210729,2026-08-31,87851,0.53,48144
208461,2026-08-31,72072,0.52,48144
207933,2026-08-31,121461,0.48,48144
208883,2026-08-31,20019,0.48,48144
287237,2026-08-31,487075,0.47,48144
223430,2026-08-31,57885,0.44,48144
132755,2026-08-31,19306,0.44,48144
318419,2026-08-31,228394,0.42,48144
210949,2026-08-31,8396,0.42,48144
322715,2026-08-31,67851,0.42,48144
100825,2026-08-31,5630,0.41,48144
297249,2026-08-31,40766,0.39,48144
221842,2026-08-31,15169,0.29,48144
100245,2026-08-31,39639,0.25,48144
132636,2026-08-31,20381,0.18,48144
217126,2026-08-31,102345,0.06,48144
100180,2026-08-31,994655,9.84,41017
132174,2026-08-31,465310,9.44,41017
100325,2026-08-31,438805,7.82,41017
132454,2026-08-31,197516,4.99,41017
100510,2026-08-31,76024,4.29,41017
100112,2026-08-31,268483,3.97,41017
100209,2026-08-31,227826,3.60,41017
132215,2026-08-31,186542,3.38,41017
100247,2026-08-31,478225,2.80,41017
100520,2026-08-31,57989,2.66,41017
100034,2026-08-31,174091,2.57,41017
100875,2026-08-31,626135,2.23,41017
132540,2026-08-31,66316,2.22,41017
252306,2026-08-31,469586,2.15,41017
100114,2026-08-31,26817,1.91,41017
124715,2026-08-31,68778,1.91,41017
132500,2026-08-31,8473,1.60,41017
100696,2026-08-31,57626,1.58,41017
111218,2026-08-31,90966,1.41,41017
132555,2026-08-31,307936,1.41,41017
100470,2026-08-31,536915,1.38,41017
100049,2026-08-31,232645,1.35,41017
100440,2026-08-31,94046,1.33,41017
132281,2026-08-31,68480,1.25,41017
132538,2026-08-31,7686,1.23,41017
200132,2026-08-31,7193,1.22,41017
100300,2026-08-31,24507,1.15,41017
100228,2026-08-31,60923,1.11,41017
100820,2026-08-31,29373,1.09,41017
132898,2026-08-31,294147,1.08,41017
222055,2026-08-31,14702,1.07,41017
132921,2026-08-31,47919,1.07,41017
205198,2026-08-31,37603,1.06,41017
105200,2026-08-31,8951,0.99,41017
100790,2026-08-31,46572,0.97,41017
132755,2026-08-31,41251,0.94,41017
219300,2026-08-31,155584,0.87,41017
100251,2026-08-31,21613,0.87,41017
108869,2026-08-31,6684,0.83,41017
100312,2026-08-31,252313,0.82,41017
112599,2026-08-31,18743,0.75,41017
100087,2026-08-31,36548,0.72,41017
229365,2026-08-31,213120,0.72,41017
211385,2026-08-31,29185,0.71,41017
218071,2026-08-31,48341,0.70,41017
100124,2026-08-31,39594,0.64,41017
100800,2026-08-31,42299,0.61,41017
100570,2026-08-31,135749,0.59,41017
217389,2026-08-31,69874,0.53,41017
107685,2026-08-31,175909,0.45,41017
208883,2026-08-31,148147,3.64,1847
132541,2026-08-31,116000,3.29,1847
252306,2026-08-31,600000,2.81,1847
100034,2026-08-31,179040,2.70,1847
132454,2026-08-31,100946,2.61,1847
100325,2026-08-31,133000,2.43,1847
100247,2026-08-31,380000,2.28,1847
108869,2026-08-31,17014,2.16,1847
132174,2026-08-31,100500,2.09,1847
208766,2026-08-31,41421,2.01,1847
287237,2026-08-31,1938585,1.91,1847
132432,2026-08-31,85000,1.81,1847
105200,2026-08-31,15818,1.80,1847
130005,2026-08-31,309812,1.64,1847
100180,2026-08-31,155000,1.57,1847
132215,2026-08-31,83516,1.55,1847
100520,2026-08-31,32985,1.55,1847
209068,2026-08-31,283999,1.54,1847
222264,2026-08-31,182483,1.52,1847
322918,2026-08-31,225000,1.51,1847
222055,2026-08-31,20250,1.51,1847
100420,2026-08-31,20475,1.48,1847
132555,2026-08-31,314418,1.47,1847
132755,2026-08-31,62500,1.45,1847
100510,2026-08-31,24900,1.44,1847
132921,2026-08-31,61500,1.40,1847
123398,2026-08-31,55826,1.38,1847
210258,2026-08-31,184577,1.36,1847
283206,2026-08-31,158542,1.36,1847
132500,2026-08-31,6700,1.30,1847
235506,2026-08-31,154899,1.29,1847
132892,2026-08-31,86000,1.28,1847
112599,2026-08-31,29986,1.23,1847
100493,2026-08-31,40000,1.20,1847
216156,2026-08-31,17500,1.14,1847
228974,2026-08-31,67500,1.13,1847
278701,2026-08-31,142825,1.09,1847
122275,2026-08-31,17000,1.08,1847
219494,2026-08-31,15718,1.08,1847
297249,2026-08-31,108042,1.06,1847
190059,2026-08-31,33252,1.06,1847
100228,2026-08-31,56000,1.05,1847
103806,2026-08-31,27157,0.99,1847
209867,2026-08-31,340000,0.96,1847
132483,2026-08-31,529319,0.96,1847
131642,2026-08-31,77620,0.91,1847
132539,2026-08-31,48000,0.88,1847
320350,2026-08-31,345402,0.82,1847
100188,2026-08-31,96833,0.82,1847
211595,2026-08-31,181818,0.60,1847
122163,2026-08-31,110132,0.55,1847
322252,2026-08-31,188752,0.45,1847
130705,2026-08-31,46872,0.03,1847
132174,2026-08-31,455075,9.52,38073
100180,2026-08-31,736008,7.51,38073
100325,2026-08-31,271000,4.98,38073
132454,2026-08-31,163738,4.27,38073
100510,2026-08-31,59677,3.47,38073
132215,2026-08-31,163000,3.05,38073
252306,2026-08-31,640000,3.02,38073
205198,2026-08-31,97000,2.82,38073
100209,2026-08-31,168438,2.75,38073
100520,2026-08-31,55500,2.62,38073
132343,2026-08-31,41118,2.57,38073
100247,2026-08-31,399000,2.41,38073
124715,2026-08-31,76000,2.17,38073
132755,2026-08-31,84000,1.97,38073
223595,2026-08-31,34000,1.91,38073
100114,2026-08-31,24000,1.76,38073
132187,2026-08-31,118928,1.74,38073
105200,2026-08-31,15000,1.72,38073
271875,2026-08-31,82600,1.68,38073
222055,2026-08-31,22000,1.66,38073
100112,2026-08-31,108000,1.65,38073
132540,2026-08-31,46436,1.60,38073
112599,2026-08-31,38300,1.58,38073
100331,2026-08-31,63000,1.53,38073
111218,2026-08-31,94157,1.50,38073
100251,2026-08-31,34000,1.41,38073
100570,2026-08-31,300000,1.33,38073
208238,2026-08-31,45000,1.30,38073
132488,2026-08-31,9200,1.25,38073
219494,2026-08-31,18000,1.24,38073
103806,2026-08-31,33000,1.22,38073
100696,2026-08-31,42700,1.21,38073
100300,2026-08-31,23000,1.12,38073
210850,2026-08-31,207877,1.10,38073
132461,2026-08-31,650000,1.07,38073
132555,2026-08-31,223206,1.05,38073
117354,2026-08-31,58000,1.04,38073
235355,2026-08-31,25000,1.04,38073
100790,2026-08-31,48000,1.03,38073
218756,2026-08-31,100000,0.98,38073
132500,2026-08-31,5000,0.97,38073
100825,2026-08-31,12800,0.97,38073
209967,2026-08-31,169000,0.95,38073
217389,2026-08-31,120000,0.94,38073
100400,2026-08-31,185000,0.92,38073
100124,2026-08-31,51000,0.85,38073
218071,2026-08-31,55000,0.82,38073
132488,2026-08-31,37800,5.23,48881
100520,2026-08-31,97047,4.65,48881
218771,2026-08-31,64737,4.36,48881
124715,2026-08-31,140000,4.06,48881
100325,2026-08-31,201000,3.75,48881
100440,2026-08-31,237000,3.52,48881
100470,2026-08-31,1265000,3.41,48881
200132,2026-08-31,17341,3.07,48881
100049,2026-08-31,462600,2.80,48881
117334,2026-08-31,1068000,2.66,48881
215216,2026-08-31,15599,2.55,48881
244937,2026-08-31,7470,2.41,48881
132804,2026-08-31,48613,2.33,48881
283206,2026-08-31,261250,2.29,48881
100241,2026-08-31,79083,2.20,48881
228049,2026-08-31,155000,2.02,48881
100530,2026-08-31,2618,1.91,48881
100250,2026-08-31,77162,1.91,48881
209127,2026-08-31,120942,1.86,48881
100300,2026-08-31,35500,1.75,48881
219494,2026-08-31,24500,1.72,48881
238007,2026-08-31,52653,1.60,48881
288451,2026-08-31,20325,1.57,48881
120113,2026-08-31,257584,1.53,48881
100252,2026-08-31,5415,1.50,48881
293601,2026-08-31,211300,1.50,48881
100730,2026-08-31,550000,1.38,48881
208433,2026-08-31,43343,1.35,48881
100228,2026-08-31,70000,1.34,48881
132889,2026-08-31,77414,1.33,48881
200025,2026-08-31,111137,1.28,48881
100493,2026-08-31,41500,1.28,48881
208361,2026-08-31,39000,1.26,48881
105790,2026-08-31,20849,1.22,48881
208977,2026-08-31,160000,1.21,48881
322918,2026-08-31,156500,1.08,48881
100210,2026-08-31,14621,1.04,48881
122275,2026-08-31,15656,1.02,48881
219691,2026-08-31,45000,0.99,48881
106395,2026-08-31,35587,0.99,48881
100233,2026-08-31,54000,0.98,48881
106076,2026-08-31,32983,0.97,48881
132174,2026-08-31,45000,0.96,48881
132234,2026-08-31,170000,0.95,48881
100067,2026-08-31,44300,0.95,48881
250958,2026-08-31,81043,0.94,48881
100087,2026-08-31,45000,0.93,48881
219700,2026-08-31,25000,0.91,48881
100387,2026-08-31,2625,0.89,48881
100068,2026-08-31,4986,0.88,48881
212427,2026-08-31,11048,0.86,48881
209550,2026-08-31,141000,0.82,48881
132174,2026-08-31,370000,9.28,44736
100180,2026-08-31,337224,4.12,44736
132454,2026-08-31,124557,3.89,44736
132215,2026-08-31,164346,3.69,44736
100247,2026-08-31,474450,3.43,44736
132343,2026-08-31,45081,3.38,44736
100112,2026-08-31,170956,3.13,44736
214179,2026-08-31,221683,3.11,44736
100209,2026-08-31,144873,2.83,44736
100034,2026-08-31,146690,2.67,44736
100440,2026-08-31,150000,2.63,44736
252306,2026-08-31,450000,2.55,44736
237191,2026-08-31,165537,2.42,44736
117334,2026-08-31,819316,2.41,44736
111218,2026-08-31,121920,2.33,44736
100520,2026-08-31,41000,2.32,44736
108869,2026-08-31,15117,2.32,44736
286335,2026-08-31,108300,2.03,44736
100696,2026-08-31,53539,1.82,44736
216156,2026-08-31,23000,1.80,44736
100114,2026-08-31,20000,1.76,44736
208364,2026-08-31,32664,1.73,44736
132644,2026-08-31,19103,1.69,44736
132541,2026-08-31,45000,1.54,44736
132540,2026-08-31,36900,1.53,44736
100182,2026-08-31,16117,1.52,44736
209068,2026-08-31,226000,1.48,44736
223595,2026-08-31,21475,1.44,44736
100420,2026-08-31,16000,1.40,44736
209550,2026-08-31,200000,1.38,44736
209967,2026-08-31,200000,1.34,44736
217379,2026-08-31,47766,1.29,44736
100800,2026-08-31,72000,1.29,44736
211840,2026-08-31,30000,1.25,44736
132187,2026-08-31,70000,1.23,44736
320627,2026-08-31,810853,1.21,44736
217757,2026-08-31,58170,1.15,44736
100825,2026-08-31,12000,1.09,44736
132281,2026-08-31,46300,1.05,44736
100575,2026-08-31,50000,1.03,44736
132755,2026-08-31,35800,1.01,44736
105790,2026-08-31,14486,1.00,44736
124715,2026-08-31,29081,1.00,44736
132827,2026-08-31,1500,0.93,44736
132424,2026-08-31,50000,0.78,44736
100257,2026-08-31,20000,0.76,44736
211385,2026-08-31,25000,0.75,44736
226625,2026-08-31,136943,0.72,44736
100087,2026-08-31,27000,0.66,44736
293380,2026-08-31,20000,0.64,44736
113519,2026-08-31,32834,0.63,44736
222055,2026-08-31,4759,0.43,44736
323093,2026-08-31,5455,0.02,44736
132174,2026-08-31,273205,7.03,49115
100180,2026-08-31,445242,5.58,49115
100034,2026-08-31,199464,3.73,49115
100520,2026-08-31,54811,3.18,49115
252306,2026-08-31,540340,3.14,49115
213838,2026-08-31,102332,2.96,49115
254493,2026-08-31,86801,2.88,49115
132541,2026-08-31,79798,2.80,49115
124715,2026-08-31,79827,2.80,49115
215367,2026-08-31,313539,2.75,49115
100112,2026-08-31,140639,2.64,49115
237831,2026-08-31,420598,2.53,49115
210072,2026-08-31,9500,2.49,49115
102355,2026-08-31,60820,2.45,49115
132755,2026-08-31,84462,2.43,49115
132343,2026-08-31,31419,2.41,49115
106401,2026-08-31,75131,2.32,49115
229238,2026-08-31,82150,2.32,49115
279664,2026-08-31,88230,2.31,49115
219494,2026-08-31,27102,2.30,49115
132720,2026-08-31,345912,2.28,49115
124494,2026-08-31,63746,2.23,49115
308764,2026-08-31,257000,2.19,49115
132497,2026-08-31,27466,2.18,49115
302988,2026-08-31,350000,2.16,49115
117334,2026-08-31,682009,2.06,49115
208045,2026-08-31,831871,2.04,49115
287433,2026-08-31,286120,2.03,49115
220350,2026-08-31,353074,2.00,49115
132504,2026-08-31,12287,1.89,49115
226611,2026-08-31,843348,1.88,49115
100251,2026-08-31,36795,1.87,49115
126299,2026-08-31,41085,1.76,49115
131344,2026-08-31,190422,1.72,49115
217400,2026-08-31,170000,1.71,49115
231440,2026-08-31,130000,1.42,49115
105200,2026-08-31,9500,1.34,49115
124000,2026-08-31,155174,1.27,49115
304682,2026-08-31,36797,1.14,49115
317139,2026-08-31,710660,1.12,49115
132540,2026-08-31,125902,5.47,49144
100790,2026-08-31,192018,5.20,49144
100209,2026-08-31,251304,5.16,49144
100049,2026-08-31,640727,4.81,49144
132281,2026-08-31,192472,4.57,49144
200132,2026-08-31,20420,4.48,49144
100696,2026-08-31,120740,4.30,49144
100875,2026-08-31,914509,4.23,49144
210072,2026-08-31,15663,4.21,49144
100825,2026-08-31,42661,4.05,49144
219300,2026-08-31,504093,3.67,49144
100830,2026-08-31,103773,3.56,49144
219494,2026-08-31,40883,3.55,49144
100820,2026-08-31,73582,3.53,49144
100182,2026-08-31,32937,3.25,49144
100188,2026-08-31,285156,3.07,49144
208280,2026-08-31,64332,3.05,49144
131642,2026-08-31,199214,2.96,49144
132725,2026-08-31,8117,2.95,49144
100480,2026-08-31,31943,2.95,49144
210590,2026-08-31,28667,2.90,49144
100331,2026-08-31,86460,2.64,49144
211337,2026-08-31,14573,2.49,49144
132466,2026-08-31,10433,2.37,49144
216156,2026-08-31,28727,2.36,49144
132827,2026-08-31,3448,2.23,49144
117354,2026-08-31,82320,1.85,49144
219700,2026-08-31,38392,1.72,49144
100408,2026-08-31,19908,1.29,49144
294320,2026-08-31,97213,1.03,49144
132174,2026-08-31,326889,8.83,758
100180,2026-08-31,599004,7.89,758
132454,2026-08-31,143229,4.82,758
100325,2026-08-31,186463,4.42,758
100112,2026-08-31,215947,4.25,758
100510,2026-08-31,54352,4.08,758
252306,2026-08-31,519950,3.17,758
100247,2026-08-31,401815,3.13,758
100114,2026-08-31,30190,2.86,758
100034,2026-08-31,133349,2.62,758
132755,2026-08-31,85581,2.59,758
132215,2026-08-31,102810,2.48,758
132343,2026-08-31,27850,2.25,758
132540,2026-08-31,44593,1.99,758
132538,2026-08-31,9302,1.98,758
132555,2026-08-31,317000,1.93,758
132488,2026-08-31,9910,1.74,758
100520,2026-08-31,27860,1.70,758
100228,2026-08-31,65738,1.60,758
100209,2026-08-31,73358,1.55,758
105200,2026-08-31,10170,1.50,758
117334,2026-08-31,459600,1.46,758
124715,2026-08-31,35770,1.32,758
209550,2026-08-31,176599,1.31,758
218071,2026-08-31,65797,1.27,758
222055,2026-08-31,13040,1.27,758
211840,2026-08-31,27263,1.23,758
213838,2026-08-31,39836,1.21,758
100820,2026-08-31,23535,1.16,758
100420,2026-08-31,12030,1.13,758
217379,2026-08-31,38434,1.12,758
111218,2026-08-31,53280,1.10,758
100790,2026-08-31,36602,1.02,758
100875,2026-08-31,213768,1.01,758
208607,2026-08-31,30404,0.96,758
217389,2026-08-31,91178,0.92,758
132432,2026-08-31,32322,0.89,758
132779,2026-08-31,38370,0.87,758
132725,2026-08-31,2307,0.86,758
100093,2026-08-31,50323,0.86,758
132500,2026-08-31,3334,0.84,758
132810,2026-08-31,131030,0.82,758
100440,2026-08-31,41790,0.79,758
100049,2026-08-31,98862,0.76,758
100800,2026-08-31,38840,0.75,758
317635,2026-08-31,343706,0.71,758
221790,2026-08-31,12560,0.69,758
208883,2026-08-31,20961,0.67,758
223586,2026-08-31,58084,0.62,758
273811,2026-08-31,39940,0.57,758
210590,2026-08-31,5330,0.55,758
208364,2026-08-31,8570,0.49,758
132898,2026-08-31,95790,0.47,758
100470,2026-08-31,130090,0.45,758
122275,2026-08-31,4950,0.41,758
252306,2026-08-31,411960,2.53,44741
200132,2026-08-31,10831,2.46,44741
100114,2026-08-31,24424,2.33,44741
132281,2026-08-31,94807,2.33,44741
132540,2026-08-31,50073,2.25,44741
205198,2026-08-31,59312,2.24,44741
132755,2026-08-31,72253,2.20,44741
111218,2026-08-31,103636,2.15,44741
100790,2026-08-31,76382,2.14,44741
100300,2026-08-31,33762,2.13,44741
100209,2026-08-31,99948,2.12,44741
100520,2026-08-31,34461,2.11,44741
100034,2026-08-31,106570,2.11,44741
100228,2026-08-31,85774,2.10,44741
124715,2026-08-31,56341,2.09,44741
132174,2026-08-31,76882,2.09,44741
107685,2026-08-31,605261,2.09,44741
105200,2026-08-31,13946,2.07,44741
100440,2026-08-31,108136,2.05,44741
108869,2026-08-31,12317,2.05,44741
100247,2026-08-31,260145,2.04,44741
100112,2026-08-31,102074,2.02,44741
132500,2026-08-31,7971,2.02,44741
229365,2026-08-31,442106,2.00,44741
222055,2026-08-31,20280,1.98,44741
100049,2026-08-31,255364,1.98,44741
132538,2026-08-31,9239,1.98,44741
100820,2026-08-31,39589,1.96,44741
211385,2026-08-31,59742,1.94,44741
100087,2026-08-31,73444,1.94,44741
100325,2026-08-31,80394,1.92,44741
100470,2026-08-31,555353,1.91,44741
100510,2026-08-31,25254,1.91,44741
100312,2026-08-31,440025,1.91,44741
132454,2026-08-31,56254,1.91,44741
218071,2026-08-31,97629,1.90,44741
100800,2026-08-31,96171,1.87,44741
132215,2026-08-31,76277,1.85,44741
112599,2026-08-31,34402,1.84,44741
217389,2026-08-31,178463,1.81,44741
132555,2026-08-31,295773,1.81,44741
100696,2026-08-31,48941,1.80,44741
219300,2026-08-31,239062,1.80,44741
132898,2026-08-31,363032,1.79,44741
100180,2026-08-31,133139,1.76,44741
100251,2026-08-31,32524,1.75,44741
100570,2026-08-31,301990,1.74,44741
100875,2026-08-31,363719,1.74,44741
132921,2026-08-31,58239,1.73,44741
100124,2026-08-31,79498,1.72,44741
132174,2026-08-31,90000,2.46,36671
100034,2026-08-31,32000,0.58,36671
100180,2026-08-31,173408,2.30,36671
100425,2026-08-31,450,-0.04,36671
100325,2026-08-31,59820,1.40,36671
124715,2026-08-31,20800,0.85,36671
100520,2026-08-31,7000,0.37,36671
100510,2026-08-31,7404,0.56,36671
132483,2026-08-31,0,0.00,36671
132286,2026-08-31,0,0.03,36671
100247,2026-08-31,98000,0.76,36671
132454,2026-08-31,42000,1.44,36671
132488,2026-08-31,7581,1.35,36671
100112,2026-08-31,54550,1.09,36671
218771,2026-08-31,11149,0.97,36671
283206,2026-08-31,78600,0.89,36671
132215,2026-08-31,35500,0.87,36671
100114,2026-08-31,0,-0.01,36671
100250,2026-08-31,23761,0.76,36671
210590,2026-08-31,6986,0.74,36671
244937,2026-08-31,1764,0.74,36671
208433,2026-08-31,17562,0.71,36671
132755,2026-08-31,22750,0.70,36671
132555,2026-08-31,104539,0.65,36671
106395,2026-08-31,17700,0.64,36671
252306,2026-08-31,96500,0.60,36671
100209,2026-08-31,26831,0.57,36671
111218,2026-08-31,27000,0.57,36671
235355,2026-08-31,10200,0.56,36671
132804,2026-08-31,8743,0.54,36671
228049,2026-08-31,31463,0.53,36671
100300,2026-08-31,8180,0.52,36671
100470,2026-08-31,146000,0.51,36671
209078,2026-08-31,22000,0.49,36671
132889,2026-08-31,20567,0.46,36671
219494,2026-08-31,5000,0.45,36671
209127,2026-08-31,22722,0.45,36671
220350,2026-08-31,73600,0.45,36671
100440,2026-08-31,20000,0.38,36671
132343,2026-08-31,5100,0.42,36671
322918,2026-08-31,45000,0.40,36671
132477,2026-08-31,110000,0.39,36671
200091,2026-08-31,42000,0.38,36671
100241,2026-08-31,10567,0.38,36671
208361,2026-08-31,9000,0.37,36671
132644,2026-08-31,3810,0.37,36671
132134,2026-08-31,0,0.00,36671
100210,2026-08-31,4000,0.37,36671
132898,2026-08-31,73000,0.36,36671
132234,2026-08-31,50000,0.36,36671
100049,2026-08-31,46000,0.36,36671
100233,2026-08-31,15000,0.35,36671
100312,2026-08-31,78400,0.34,36671
211385,2026-08-31,10400,0.34,36671
200025,2026-08-31,22483,0.34,36671
100800,2026-08-31,17040,0.33,36671
100696,2026-08-31,8900,0.33,36671
100400,2026-08-31,50000,0.33,36671
100387,2026-08-31,745,0.33,36671
100163,2026-08-31,7918,0.31,36671
293601,2026-08-31,32900,0.30,36671
132155,2026-08-31,86375,0.29,36671
100104,2026-08-31,0,0.00,36671
294388,2026-08-31,8737,0.28,49022
132144,2026-08-31,6246,0.28,49022
132527,2026-08-31,18986,0.27,49022
132175,2026-08-31,12331,0.27,49022
132259,2026-08-31,773,0.26,49022
132541,2026-08-31,6853,0.26,49022
109631,2026-08-31,18564,0.26,49022
303107,2026-08-31,57808,0.26,49022
132488,2026-08-31,1463,0.26,49022
132805,2026-08-31,37196,0.25,49022
208883,2026-08-31,7601,0.25,49022
216065,2026-08-31,13433,0.25,49022
244937,2026-08-31,600,0.25,49022
209024,2026-08-31,4484,0.25,49022
190059,2026-08-31,5845,0.25,49022
208045,2026-08-31,94435,0.25,49022
307332,2026-08-31,61160,0.25,49022
100660,2026-08-31,4269,0.25,49022
320350,2026-08-31,79655,0.25,49022
215216,2026-08-31,1148,0.24,49022
214179,2026-08-31,15770,0.24,49022
100530,2026-08-31,254,0.24,49022
117334,2026-08-31,73916,0.24,49022
132343,2026-08-31,2914,0.24,49022
200132,2026-08-31,1034,0.24,49022
295872,2026-08-31,2680,0.24,49022
132689,2026-08-31,10396,0.24,49022
100106,2026-08-31,141107,0.24,49022
132636,2026-08-31,19419,0.24,49022
100092,2026-08-31,2594,0.24,49022
254493,2026-08-31,6711,0.24,49022
210284,2026-08-31,20746,0.24,49022
100144,2026-08-31,10182,0.24,49022
100378,2026-08-31,40623,0.24,49022
304682,2026-08-31,7285,0.24,49022
100110,2026-08-31,9466,0.24,49022
271867,2026-08-31,6728,0.24,49022
124558,2026-08-31,553,0.24,49022
228049,2026-08-31,14021,0.24,49022
233063,2026-08-31,19549,0.24,49022
114162,2026-08-31,63907,0.24,49022
132783,2026-08-31,27625,0.23,49022
100038,2026-08-31,17634,0.23,49022
132762,2026-08-31,10903,0.23,49022
105714,2026-08-31,8422,0.23,49022
190003,2026-08-31,35104,0.23,49022
208766,2026-08-31,3637,0.23,49022
132504,2026-08-31,1386,0.23,49022
200017,2026-08-31,6120,0.23,49022
132178,2026-08-31,45983,0.23,49022
226720,2026-08-31,19850,0.23,49022
100550,2026-08-31,2996,0.23,49022
100113,2026-08-31,63174,0.23,49022
132286,2026-08-31,10110,0.23,49022
132720,2026-08-31,32345,0.23,49022
310018,2026-08-31,2391,0.23,49022
215367,2026-08-31,24947,0.23,49022
317201,2026-08-31,21303,0.23,49022
235355,2026-08-31,4226,0.23,49022
209147,2026-08-31,8288,0.23,49022
200020,2026-08-31,18904,0.23,49022
252306,2026-08-31,36748,0.23,49022
100183,2026-08-31,49419,0.23,49022
100477,2026-08-31,67758,0.22,49022
322918,2026-08-31,25192,0.22,49022
132539,2026-08-31,9248,0.22,49022
200515,2026-08-31,4546,0.22,49022
208361,2026-08-31,5366,0.22,49022
100182,2026-08-31,2156,0.22,49022
105200,2026-08-31,1445,0.22,49022
100247,2026-08-31,27771,0.22,49022
132477,2026-08-31,61612,0.22,49022
132461,2026-08-31,100146,0.22,49022
100469,2026-08-31,32063,0.22,49022
278580,2026-08-31,132652,0.22,49022
132497,2026-08-31,2596,0.22,49022
100300,2026-08-31,3378,0.22,49022
132725,2026-08-31,575,0.22,49022
124208,2026-08-31,21769,0.22,49022
301912,2026-08-31,13872,0.22,49022
100331,2026-08-31,6751,0.22,49022
100114,2026-08-31,2299,0.22,49022
208607,2026-08-31,6885,0.22,49022
210072,2026-08-31,787,0.22,49022
100710,2026-08-31,3639,0.22,49022
100002,2026-08-31,1523,0.22,49022
100103,2026-08-31,26034,0.22,49022
241214,2026-08-31,74324,0.22,49022
100490,2026-08-31,998,0.22,49022
243036,2026-08-31,20576,0.22,49022
111218,2026-08-31,10371,0.22,49022
132522,2026-08-31,38092,0.22,49022
279664,2026-08-31,7961,0.22,49022
218763,2026-08-31,6027,0.22,49022
302427,2026-08-31,7605,0.22,49022
315904,2026-08-31,251623,0.22,49022
209420,2026-08-31,13899,0.22,49022
268618,2026-08-31,3193,0.22,49022
132281,2026-08-31,9013,0.22,49022
216156,2026-08-31,2588,0.22,49022
132755,2026-08-31,7084,0.22,49022
210590,2026-08-31,2050,0.22,49022
132540,2026-08-31,4778,0.22,49022
223187,2026-08-31,3198,0.22,49022
219691,2026-08-31,7561,0.22,49022
109488,2026-08-31,16933,0.22,49022
132830,2026-08-31,7740,0.22,49022
117569,2026-08-31,2051,0.22,49022
122074,2026-08-31,18235,0.22,49022
100188,2026-08-31,19919,0.22,49022
200091,2026-08-31,23839,0.22,49022
100109,2026-08-31,66994,0.22,49022
124804,2026-08-31,6772,0.22,49022
210039,2026-08-31,7921,0.22,49022
132777,2026-08-31,8852,0.22,49022
293862,2026-08-31,40631,0.22,49022
323093,2026-08-31,55693,0.22,49022
219494,2026-08-31,2367,0.21,49022
222554,2026-08-31,2495,0.21,49022
100048,2026-08-31,5667,0.21,49022
215477,2026-08-31,3922,0.21,49022
213597,2026-08-31,15586,0.21,49022
102355,2026-08-31,4857,0.21,49022
100086,2026-08-31,25069,0.21,49022
100520,2026-08-31,3399,0.21,49022
296367,2026-08-31,266413,0.21,49022
132814,2026-08-31,12599,0.21,49022
100116,2026-08-31,121508,0.21,49022
286335,2026-08-31,10127,0.21,49022
100112,2026-08-31,10356,0.21,49022
132210,2026-08-31,47516,0.21,49022
132174,2026-08-31,7470,0.21,49022
132525,2026-08-31,132318,0.21,49022
132432,2026-08-31,7585,0.21,49022
305799,2026-08-31,11706,0.21,49022
132892,2026-08-31,10874,0.21,49022
228974,2026-08-31,9570,0.21,49022
226156,2026-08-31,5053,0.21,49022
293380,2026-08-31,5969,0.21,49022
100027,2026-08-31,1732,0.21,49022
106401,2026-08-31,6299,0.21,49022
122287,2026-08-31,8094,0.21,49022
100510,2026-08-31,2732,0.21,49022
100294,2026-08-31,74193,0.21,49022
117354,2026-08-31,8856,0.21,49022
100295,2026-08-31,39280,0.21,49022
296765,2026-08-31,324,0.21,49022
132748,2026-08-31,38364,0.21,49022
308021,2026-08-31,244031,0.21,49022
100228,2026-08-31,8428,0.21,49022
205198,2026-08-31,5626,0.21,49022
287490,2026-08-31,114160,0.21,49022
111072,2026-08-31,4884,0.21,49022
100034,2026-08-31,10446,0.21,49022
217757,2026-08-31,9599,0.21,49022
111243,2026-08-31,5936,0.21,49022
123405,2026-08-31,85518,0.21,49022
131213,2026-08-31,32049,0.21,49022
210850,2026-08-31,29546,0.21,49022
229852,2026-08-31,67011,0.21,49022
100790,2026-08-31,7357,0.21,49022
132155,2026-08-31,61310,0.21,49022
100003,2026-08-31,8601,0.21,49022
131768,2026-08-31,6318,0.21,49022
229238,2026-08-31,6932,0.21,49022
132466,2026-08-31,899,0.21,49022
294320,2026-08-31,18926,0.21,49022
107685,2026-08-31,59362,0.21,49022
100209,2026-08-31,9621,0.21,49022
219700,2026-08-31,4456,0.21,49022
267465,2026-08-31,10150,0.21,49022
109930,2026-08-31,3068,0.21,49022
113375,2026-08-31,9862,0.21,49022
217385,2026-08-31,59328,0.21,49022
217396,2026-08-31,71586,0.21,49022
207959,2026-08-31,12310,0.21,49022
126371,2026-08-31,123724,0.21,49022
113599,2026-08-31,21388,0.21,49022
132234,2026-08-31,28817,0.21,49022
100440,2026-08-31,10793,0.21,49022
100547,2026-08-31,34388,0.21,49022
132296,2026-08-31,4562,0.21,49022
124494,2026-08-31,5714,0.21,49022
132331,2026-08-31,3085,0.21,49022
297629,2026-08-31,23964,0.21,49022
287433,2026-08-31,27341,0.21,49022
115055,2026-08-31,18331,0.21,49022
219442,2026-08-31,9166,0.21,49022
302988,2026-08-31,32364,0.21,49022
275316,2026-08-31,3632,0.21,49022
132822,2026-08-31,760326,0.21,49022
132889,2026-08-31,9420,0.21,49022
131344,2026-08-31,21323,0.21,49022
100049,2026-08-31,25641,0.20,49022
212705,2026-08-31,8229,0.20,49022
190032,2026-08-31,5833,0.20,49022
207673,2026-08-31,55557,0.20,49022
100495,2026-08-31,3591,0.20,49022
115030,2026-08-31,11391,0.20,49022
100877,2026-08-31,24693,0.20,49022
100290,2026-08-31,80,0.20,49022
211595,2026-08-31,45258,0.20,49022
100008,2026-08-31,11750,0.20,49022
100493,2026-08-31,4954,0.20,49022
132500,2026-08-31,780,0.20,49022
100033,2026-08-31,595,0.20,49022
132187,2026-08-31,10543,0.20,49022
132483,2026-08-31,83627,0.20,49022
209068,2026-08-31,27822,0.20,49022
132149,2026-08-31,74119,0.20,49022
132215,2026-08-31,7981,0.20,49022
231440,2026-08-31,16899,0.20,49022
224623,2026-08-31,89821,0.20,49022
210036,2026-08-31,13719,0.20,49022
208280,2026-08-31,3953,0.20,49022
132538,2026-08-31,915,0.20,49022
130005,2026-08-31,27896,0.20,49022
100405,2026-08-31,14491,0.20,49022
226328,2026-08-31,8320,0.20,49022
106590,2026-08-31,32974,0.20,49022
100163,2026-08-31,5079,0.20,49022
132809,2026-08-31,39808,0.20,49022
316659,2026-08-31,30590,0.20,49022
209097,2026-08-31,47334,0.20,49022
100238,2026-08-31,13434,0.20,49022
109480,2026-08-31,21499,0.20,49022
100233,2026-08-31,8518,0.20,49022
100820,2026-08-31,3976,0.20,49022
100043,2026-08-31,15390,0.20,49022
123367,2026-08-31,10226,0.20,49022
100093,2026-08-31,11490,0.20,49022
122275,2026-08-31,2337,0.20,49022
132163,2026-08-31,21748,0.20,49022
104614,2026-08-31,21349,0.20,49022
242461,2026-08-31,26338,0.20,49022
229365,2026-08-31,44562,0.20,49022
220350,2026-08-31,33350,0.20,49022
190071,2026-08-31,2357,0.20,49022
225051,2026-08-31,16460,0.20,49022
131595,2026-08-31,40865,0.20,49022
124000,2026-08-31,22409,0.20,49022
221790,2026-08-31,3486,0.20,49022
100125,2026-08-31,13498,0.20,49022
101425,2026-08-31,7022,0.20,49022
100825,2026-08-31,1990,0.20,49022
209232,2026-08-31,16530,0.20,49022
132514,2026-08-31,69275,0.20,49022
108869,2026-08-31,1181,0.20,49022
126299,2026-08-31,4433,0.20,49022
132400,2026-08-31,36379,0.20,49022
132129,2026-08-31,18823,0.20,49022
304549,2026-08-31,7396,0.20,49022
210949,2026-08-31,2903,0.20,49022
117146,2026-08-31,21153,0.20,49022
122113,2026-08-31,3344,0.20,49022
211337,2026-08-31,1103,0.20,49022
210258,2026-08-31,20836,0.20,49022
281585,2026-08-31,45053,0.20,49022
100850,2026-08-31,14319,0.20,49022
228017,2026-08-31,7967,0.20,49022
215690,2026-08-31,5803,0.20,49022
112455,2026-08-31,5760,0.20,49022
308764,2026-08-31,22165,0.20,49022
130965,2026-08-31,76726,0.20,49022
100870,2026-08-31,57279,0.20,49022
100325,2026-08-31,8132,0.20,49022
208099,2026-08-31,5809,0.20,49022
132321,2026-08-31,9276,0.20,49022
124715,2026-08-31,5413,0.20,49022
132300,2026-08-31,5682,0.20,49022
100420,2026-08-31,2111,0.20,49022
100680,2026-08-31,2254,0.20,49022
132627,2026-08-31,631171,0.20,49022
132868,2026-08-31,15661,0.20,49022
100251,2026-08-31,3665,0.20,49022
223595,2026-08-31,2685,0.20,49022
210859,2026-08-31,19356,0.20,49022
222055,2026-08-31,2059,0.20,49022
123598,2026-08-31,36870,0.20,49022
126612,2026-08-31,2144,0.20,49022
208196,2026-08-31,4019,0.19,49022
131642,2026-08-31,12396,0.19,49022
100800,2026-08-31,9580,0.19,49022
105790,2026-08-31,2540,0.19,49022
269404,2026-08-31,3606,0.19,49022
130007,2026-08-31,26161,0.19,49022
132134,2026-08-31,42641,0.19,49022
132648,2026-08-31,444749,0.19,49022
132388,2026-08-31,312212,0.19,49022
132505,2026-08-31,401501,0.19,49022
132885,2026-08-31,326258,0.19,49022
132478,2026-08-31,7797,0.19,49022
207950,2026-08-31,7361,0.19,49022
208364,2026-08-31,3322,0.19,49022
322541,2026-08-31,51599,0.19,49022
132644,2026-08-31,1964,0.19,49022
100260,2026-08-31,11326,0.19,49022
100410,2026-08-31,7721,0.19,49022
216147,2026-08-31,30801,0.19,49022
100425,2026-08-31,24466,0.19,49022
100184,2026-08-31,15662,0.19,49022
103806,2026-08-31,3831,0.19,49022
301578,2026-08-31,14523,0.19,49022
113377,2026-08-31,163815,0.19,49022
200057,2026-08-31,35925,0.19,49022
200048,2026-08-31,520817,0.19,49022
220869,2026-08-31,10113,0.19,49022
219300,2026-08-31,24420,0.19,49022
225154,2026-08-31,1350,0.19,49022
222264,2026-08-31,17493,0.19,49022
213046,2026-08-31,31469,0.19,49022
320028,2026-08-31,3102,0.19,49022
226076,2026-08-31,17305,0.19,49022
314935,2026-08-31,9538,0.19,49022
132733,2026-08-31,21293,0.19,49022
100470,2026-08-31,55852,0.19,49022
132508,2026-08-31,14568,0.19,49022
106285,2026-08-31,2579,0.19,49022
190024,2026-08-31,12454,0.19,49022
209344,2026-08-31,19647,0.19,49022
112070,2026-08-31,17728,0.19,49022
123642,2026-08-31,4144,0.19,49022
100253,2026-08-31,19133,0.19,49022
278701,2026-08-31,19224,0.19,49022
131358,2026-08-31,12969,0.19,49022
228460,2026-08-31,120423,0.19,49022
101301,2026-08-31,15729,0.19,49022
208414,2026-08-31,86135,0.19,49022
235955,2026-08-31,8597,0.19,49022
217280,2026-08-31,118536,0.19,49022
104973,2026-08-31,6627,0.19,49022
208661,2026-08-31,9361,0.19,49022
209373,2026-08-31,25069,0.19,49022
218071,2026-08-31,9621,0.19,49022
274045,2026-08-31,7085,0.19,49022
218533,2026-08-31,5239,0.19,49022
221645,2026-08-31,13035,0.19,49022
132843,2026-08-31,10843,0.19,49022
311742,2026-08-31,4582,0.19,49022
100408,2026-08-31,2844,0.19,49022
213672,2026-08-31,18967,0.19,49022
132221,2026-08-31,34168,0.19,49022
200115,2026-08-31,12246,0.19,49022
255331,2026-08-31,6302,0.19,49022
220674,2026-08-31,41212,0.19,49022
117174,2026-08-31,276,0.19,49022
132734,2026-08-31,41752,0.19,49022
217389,2026-08-31,18940,0.19,49022
100271,2026-08-31,6525,0.19,49022
210174,2026-08-31,28793,0.19,49022
217376,2026-08-31,24151,0.19,49022
217400,2026-08-31,17603,0.19,49022
211385,2026-08-31,5714,0.19,49022
225850,2026-08-31,122030,0.19,49022
208412,2026-08-31,21160,0.19,49022
132181,2026-08-31,17944,0.19,49022
316052,2026-08-31,37469,0.19,49022
100830,2026-08-31,5227,0.19,49022
107815,2026-08-31,1343,0.19,49022
100104,2026-08-31,27242,0.19,49022
100087,2026-08-31,7312,0.19,49022
307329,2026-08-31,17366,0.19,49022
211840,2026-08-31,4148,0.19,49022
212427,2026-08-31,1877,0.19,49022
124742,2026-08-31,3956,0.19,49022
132523,2026-08-31,24046,0.19,49022
100488,2026-08-31,382,0.19,49022
216369,2026-08-31,133306,0.19,49022
113023,2026-08-31,17676,0.19,49022
317139,2026-08-31,111687,0.19,49022
132555,2026-08-31,30203,0.19,49022
208461,2026-08-31,18870,0.19,49022
220018,2026-08-31,5487,0.19,49022
213838,2026-08-31,6209,0.19,49022
208238,2026-08-31,4990,0.19,49022
100040,2026-08-31,7392,0.19,49022
306733,2026-08-31,12784,0.19,49022
317635,2026-08-31,91884,0.19,49022
123610,2026-08-31,36696,0.19,49022
209967,2026-08-31,25948,0.19,49022
207872,2026-08-31,6484,0.19,49022
132371,2026-08-31,258934,0.19,49022
132454,2026-08-31,5430,0.19,49022
100483,2026-08-31,5688,0.19,49022
121064,2026-08-31,415954,0.19,49022
237831,2026-08-31,30282,0.19,49022
321331,2026-08-31,18475,0.18,49022
305013,2026-08-31,265471,0.18,49022
100878,2026-08-31,2827,0.18,49022
132605,2026-08-31,15371,0.18,49022
100570,2026-08-31,31544,0.18,49022
132439,2026-08-31,7630,0.18,49022
209979,2026-08-31,9195,0.18,49022
208089,2026-08-31,5437,0.18,49022
209492,2026-08-31,10667,0.18,49022
226611,2026-08-31,76894,0.18,49022
100387,2026-08-31,400,0.18,49022
103310,2026-08-31,33324,0.18,49022
100770,2026-08-31,14974,0.18,49022
100645,2026-08-31,6819,0.18,49022
123457,2026-08-31,1485,0.18,49022
209037,2026-08-31,46260,0.18,49022
123596,2026-08-31,81187,0.18,49022
280713,2026-08-31,40289,0.18,49022
123395,2026-08-31,288,0.18,49022
100696,2026-08-31,4960,0.18,49022
100875,2026-08-31,38161,0.18,49022
200019,2026-08-31,31203,0.18,49022
221877,2026-08-31,3729,0.18,49022
229820,2026-08-31,7871,0.18,49022
132667,2026-08-31,200124,0.18,49022
100411,2026-08-31,2401,0.18,49022
221809,2026-08-31,133021,0.18,49022
105537,2026-08-31,101972,0.18,49022
106395,2026-08-31,5076,0.18,49022
100085,2026-08-31,23151,0.18,49022
221842,2026-08-31,7157,0.18,49022
218756,2026-08-31,14135,0.18,49022
200055,2026-08-31,29793,0.18,49022
220741,2026-08-31,65520,0.18,49022
221661,2026-08-31,20263,0.18,49022
111196,2026-08-31,11709,0.18,49022
131335,2026-08-31,18259,0.18,49022
221033,2026-08-31,12931,0.18,49022
250870,2026-08-31,5595,0.18,49022
232592,2026-08-31,35022,0.18,49022
271581,2026-08-31,13876,0.18,49022
104067,2026-08-31,20406,0.18,49022
100480,2026-08-31,1914,0.18,49022
232353,2026-08-31,26044,0.18,49022
132683,2026-08-31,2209,0.18,49022
222961,2026-08-31,4451,0.18,49022
117271,2026-08-31,14147,0.18,49022
213429,2026-08-31,91549,0.18,49022
112599,2026-08-31,3297,0.18,49022
100312,2026-08-31,42247,0.18,49022
100124,2026-08-31,8438,0.18,49022
132482,2026-08-31,11748,0.18,49022
318188,2026-08-31,6380,0.18,49022
232793,2026-08-31,3039,0.18,49022
130019,2026-08-31,10791,0.18,49022
222255,2026-08-31,7236,0.18,49022
100257,2026-08-31,4259,0.18,49022
132898,2026-08-31,36748,0.18,49022
220512,2026-08-31,149408,0.18,49022
100400,2026-08-31,27840,0.18,49022
100084,2026-08-31,66068,0.18,49022
200039,2026-08-31,428846,0.18,49022
103100,2026-08-31,4931,0.18,49022
290269,2026-08-31,5474,0.18,49022
320627,2026-08-31,108138,0.18,49022
210591,2026-08-31,178437,0.18,49022
209038,2026-08-31,34635,0.18,49022
102986,2026-08-31,16340,0.18,49022
132827,2026-08-31,259,0.18,49022
100620,2026-08-31,7411,0.18,49022
289108,2026-08-31,20534,0.18,49022
119600,2026-08-31,8553,0.17,49022
100368,2026-08-31,25801,0.17,49022
132756,2026-08-31,22932,0.17,49022
100180,2026-08-31,12991,0.17,49022
132209,2026-08-31,59275,0.17,49022
209550,2026-08-31,22361,0.17,49022
207901,2026-08-31,2773,0.17,49022
209902,2026-08-31,31525,0.17,49022
208801,2026-08-31,107135,0.17,49022
132714,2026-08-31,21464,0.17,49022
100575,2026-08-31,7738,0.17,49022
100067,2026-08-31,6022,0.17,49022
100164,2026-08-31,7867,0.17,49022
319986,2026-08-31,31865,0.17,49022
105700,2026-08-31,21612,0.17,49022
213327,2026-08-31,50591,0.17,49022
267615,2026-08-31,7264,0.17,49022
251791,2026-08-31,36241,0.17,49022
228347,2026-08-31,14572,0.17,49022
303322,2026-08-31,8920,0.17,49022
217379,2026-08-31,5881,0.17,49022
294914,2026-08-31,34163,0.17,49022
318678,2026-08-31,57754,0.17,49022
100840,2026-08-31,31221,0.17,49022
100096,2026-08-31,24204,0.17,49022
131162,2026-08-31,24980,0.17,49022
132424,2026-08-31,9905,0.17,49022
124816,2026-08-31,10815,0.17,49022
113683,2026-08-31,34635,0.17,49022
209867,2026-08-31,46493,0.17,49022
271875,2026-08-31,6221,0.17,49022
132784,2026-08-31,7054,0.17,49022
294253,2026-08-31,48947,0.17,49022
132921,2026-08-31,5772,0.17,49022
279527,2026-08-31,50586,0.16,49022
132810,2026-08-31,25700,0.16,49022
132726,2026-08-31,15327,0.16,49022
322366,2026-08-31,73761,0.16,49022
132779,2026-08-31,7176,0.16,49022
132754,2026-08-31,92744,0.16,49022
109496,2026-08-31,6586,0.15,49022
289554,2026-08-31,6554,0.15,49022
207901,2026-08-31,48078,3.14,44738
100469,2026-08-31,289982,2.06,44738
208766,2026-08-31,30014,2.03,44738
271867,2026-08-31,45776,1.74,44738
208883,2026-08-31,49534,1.69,44738
100182,2026-08-31,15273,1.65,44738
132541,2026-08-31,40947,1.62,44738
132187,2026-08-31,77492,1.57,44738
254493,2026-08-31,40713,1.52,44738
100103,2026-08-31,171511,1.51,44738
210072,2026-08-31,4881,1.44,44738
286335,2026-08-31,66615,1.44,44738
210590,2026-08-31,12785,1.42,44738
132667,2026-08-31,1431030,1.35,44738
278580,2026-08-31,780612,1.33,44738
100493,2026-08-31,31360,1.31,44738
122275,2026-08-31,14579,1.29,44738
100257,2026-08-31,28572,1.24,44738
217376,2026-08-31,149259,1.24,44738
211337,2026-08-31,6291,1.18,44738
132777,2026-08-31,45048,1.18,44738
100477,2026-08-31,336652,1.18,44738
209967,2026-08-31,151594,1.17,44738
302988,2026-08-31,160995,1.12,44738
124804,2026-08-31,32566,1.11,44738
132843,2026-08-31,61312,1.11,44738
131642,2026-08-31,62277,1.01,44738
296765,2026-08-31,1496,1.00,44738
100271,2026-08-31,31206,0.98,44738
190059,2026-08-31,21417,0.95,44738
132648,2026-08-31,2066588,0.94,44738
293862,2026-08-31,166985,0.94,44738
132822,2026-08-31,3239135,0.92,44738
217379,2026-08-31,28593,0.89,44738
132296,2026-08-31,17715,0.87,44738
103806,2026-08-31,17087,0.87,44738
103100,2026-08-31,21964,0.83,44738
117569,2026-08-31,7261,0.83,44738
132497,2026-08-31,9216,0.82,44738
100104,2026-08-31,112983,0.82,44738
132234,2026-08-31,105506,0.80,44738
242461,2026-08-31,96881,0.79,44738
132754,2026-08-31,418756,0.78,44738
126299,2026-08-31,15574,0.75,44738
208461,2026-08-31,72115,0.75,44738
132814,2026-08-31,41578,0.74,44738
112070,2026-08-31,65981,0.74,44738
117354,2026-08-31,29651,0.73,44738
190071,2026-08-31,8102,0.73,44738
212427,2026-08-31,6884,0.73,44738
317635,2026-08-31,327931,0.72,44738
126371,2026-08-31,406655,0.71,44738
228974,2026-08-31,30486,0.71,44738
132259,2026-08-31,1988,0.70,44738
132466,2026-08-31,2805,0.70,44738
269404,2026-08-31,12570,0.69,44738
132523,2026-08-31,83940,0.69,44738
216369,2026-08-31,443453,0.68,44738
100113,2026-08-31,170091,0.66,44738
213838,2026-08-31,19846,0.64,44738
124494,2026-08-31,16343,0.64,44738
211840,2026-08-31,13320,0.64,44738
220350,2026-08-31,100376,0.64,44738
208238,2026-08-31,15912,0.64,44738
100575,2026-08-31,26825,0.64,44738
100290,2026-08-31,238,0.63,44738
200091,2026-08-31,64169,0.62,44738
100830,2026-08-31,15498,0.58,44738
221877,2026-08-31,11262,0.58,44738
132720,2026-08-31,77846,0.58,44738
112455,2026-08-31,15311,0.55,44738
132539,2026-08-31,21400,0.54,44738
132779,2026-08-31,22371,0.54,44738
226720,2026-08-31,45208,0.54,44738
109930,2026-08-31,7577,0.54,44738
106395,2026-08-31,14065,0.53,44738
132827,2026-08-31,742,0.53,44738
132522,2026-08-31,88165,0.53,44738
100096,2026-08-31,69473,0.53,44738
233063,2026-08-31,39443,0.52,44738
132508,2026-08-31,36849,0.51,44738
220018,2026-08-31,13848,0.51,44738
132644,2026-08-31,4924,0.50,44738
209078,2026-08-31,21094,0.49,44738
210258,2026-08-31,46543,0.48,44738
237831,2026-08-31,70197,0.47,44738
100483,2026-08-31,13818,0.47,44738
100086,2026-08-31,53527,0.47,44738
295872,2026-08-31,4961,0.46,44738
215367,2026-08-31,46052,0.45,44738
123642,2026-08-31,9532,0.45,44738
225051,2026-08-31,34889,0.45,44738
100067,2026-08-31,15265,0.44,44738
132830,2026-08-31,14389,0.44,44738
102355,2026-08-31,9452,0.43,44738
318678,2026-08-31,131838,0.42,44738
131344,2026-08-31,40616,0.41,44738
208607,2026-08-31,12012,0.41,44738
228347,2026-08-31,32637,0.40,44738
132149,2026-08-31,142973,0.40,44738
132525,2026-08-31,239565,0.39,44738
132683,2026-08-31,4568,0.39,44738
132892,2026-08-31,18404,0.38,44738
100253,2026-08-31,35373,0.38,44738
105790,2026-08-31,4735,0.38,44738
132331,2026-08-31,4955,0.35,44738
100411,2026-08-31,4558,0.35,44738
208364,2026-08-31,5753,0.35,44738
243036,2026-08-31,31144,0.35,44738
322541,2026-08-31,90547,0.35,44738
293380,2026-08-31,9354,0.35,44738
208412,2026-08-31,35492,0.34,44738
218756,2026-08-31,24964,0.34,44738
109480,2026-08-31,33538,0.33,44738
100877,2026-08-31,37974,0.33,44738
210174,2026-08-31,46730,0.33,44738
100488,2026-08-31,613,0.31,44738
123457,2026-08-31,2476,0.31,44738
132889,2026-08-31,13086,0.31,44738
219691,2026-08-31,9958,0.30,44738
279664,2026-08-31,10074,0.30,44738
100660,2026-08-31,4869,0.30,44738
100408,2026-08-31,4050,0.29,44738
314935,2026-08-31,13947,0.29,44738
100368,2026-08-31,40757,0.28,44738
209037,2026-08-31,66787,0.28,44738
100092,2026-08-31,2868,0.27,44738
212705,2026-08-31,10843,0.27,44738
207872,2026-08-31,8848,0.27,44738
207673,2026-08-31,65337,0.25,44738
215477,2026-08-31,4148,0.24,44738
268618,2026-08-31,3246,0.23,44738
100495,2026-08-31,3908,0.23,44738
113683,2026-08-31,42840,0.23,44738
294320,2026-08-31,19295,0.22,44738
132478,2026-08-31,8497,0.22,44738
123395,2026-08-31,332,0.22,44738
228460,2026-08-31,130267,0.22,44738
208414,2026-08-31,93605,0.22,44738
213327,2026-08-31,59045,0.21,44738
100163,2026-08-31,4805,0.20,44738
101301,2026-08-31,15355,0.20,44738
317139,2026-08-31,109292,0.19,44738
132129,2026-08-31,17453,0.19,44738
228049,2026-08-31,10473,0.19,44738
117174,2026-08-31,259,0.18,44738
100410,2026-08-31,7055,0.18,44738
100164,2026-08-31,5077,0.11,44738
220512,2026-08-31,84155,0.11,44738
217385,2026-08-31,28315,0.11,44738
100520,2026-08-31,344392,22.76,45713
132500,2026-08-31,50323,13.72,45713
200132,2026-08-31,42723,10.43,45713
105200,2026-08-31,53163,8.51,45713
132343,2026-08-31,90617,7.92,45713
117334,2026-08-31,1704195,5.86,45713
100182,2026-08-31,50077,5.49,45713
100570,2026-08-31,805789,5.01,45713
100493,2026-08-31,102820,4.36,45713
100477,2026-08-31,1103778,3.90,45713
100530,2026-08-31,3346,3.37,45713
214179,2026-08-31,172952,2.83,45713
269404,2026-08-31,41216,2.31,45713
132539,2026-08-31,70165,1.80,45713
100086,2026-08-31,175501,1.56,45713
100180,2026-08-31,135376,1.95,3396
132174,2026-08-31,63000,1.86,3396
132215,2026-08-31,67000,1.77,3396
100112,2026-08-31,80000,1.72,3396
100325,2026-08-31,52500,1.36,3396
252306,2026-08-31,200000,1.33,3396
100209,2026-08-31,56604,1.30,3396
132454,2026-08-31,35000,1.29,3396
100520,2026-08-31,19000,1.27,3396
100510,2026-08-31,15100,1.24,3396
100049,2026-08-31,144000,1.21,3396
222961,2026-08-31,19898,0.85,3396
132538,2026-08-31,3400,0.79,3396
100087,2026-08-31,27000,0.77,3396
279664,2026-08-31,24907,0.75,3396
210072,2026-08-31,2400,0.72,3396
100825,2026-08-31,6700,0.71,3396
100400,2026-08-31,100000,0.70,3396
131642,2026-08-31,42000,0.70,3396
235506,2026-08-31,58826,0.70,3396
254493,2026-08-31,18000,0.69,3396
229852,2026-08-31,200000,0.67,3396
209068,2026-08-31,85000,0.66,3396
100470,2026-08-31,170000,0.64,3396
225154,2026-08-31,3900,0.60,3396
209902,2026-08-31,100000,0.58,3396
100124,2026-08-31,24000,0.56,3396
103100,2026-08-31,14500,0.56,3396
100820,2026-08-31,10000,0.54,3396
208361,2026-08-31,12000,0.54,3396
100477,2026-08-31,150000,0.53,3396
222255,2026-08-31,20200,0.53,3396
222055,2026-08-31,5000,0.53,3396
132667,2026-08-31,500000,0.48,3396
111243,2026-08-31,12000,0.45,3396
233063,2026-08-31,33596,0.45,3396
217379,2026-08-31,14000,0.45,3396
304682,2026-08-31,12000,0.43,3396
100084,2026-08-31,135328,0.40,3396
219494,2026-08-31,3500,0.34,3396
213046,2026-08-31,50000,0.33,3396
200515,2026-08-31,5000,0.26,3396
251791,2026-08-31,50000,0.25,3396
122113,2026-08-31,1019,0.07,3396
213429,2026-08-31,10237,0.02,3396
100520,2026-08-31,105422,7.07,38749
252306,2026-08-31,1022226,6.85,38749
132454,2026-08-31,173209,6.41,38749
100114,2026-08-31,52623,5.49,38749
200132,2026-08-31,17091,4.24,38749
100251,2026-08-31,54789,3.22,38749
132500,2026-08-31,10851,3.00,38749
100875,2026-08-31,528000,2.76,38749
132343,2026-08-31,28431,2.52,38749
100696,2026-08-31,60482,2.43,38749
223595,2026-08-31,29740,2.37,38749
283206,2026-08-31,188849,2.32,38749
132497,2026-08-31,25000,2.29,38749
100825,2026-08-31,21300,2.28,38749
100800,2026-08-31,97631,2.07,38749
221645,2026-08-31,126211,1.95,38749
208766,2026-08-31,27700,1.92,38749
209550,2026-08-31,232000,1.90,38749
208607,2026-08-31,54042,1.87,38749
107205,2026-08-31,158000,1.81,38749
311742,2026-08-31,38174,1.74,38749
100163,2026-08-31,39900,1.72,38749
211595,2026-08-31,360958,1.71,38749
223478,2026-08-31,336010,1.56,38749
208361,2026-08-31,34000,1.53,38749
210072,2026-08-31,5000,1.52,38749
207959,2026-08-31,82100,1.52,38749
119126,2026-08-31,110639,1.49,38749
211337,2026-08-31,7700,1.49,38749
208045,2026-08-31,517000,1.47,38749
100067,2026-08-31,48950,1.46,38749
132822,2026-08-31,4748589,1.39,38749
269404,2026-08-31,24295,1.38,38749
132777,2026-08-31,48800,1.31,38749
271875,2026-08-31,44570,1.29,38749
293862,2026-08-31,218049,1.26,38749
132215,2026-08-31,47000,1.25,38749
293602,2026-08-31,92000,1.12,38749
100790,2026-08-31,33511,1.02,38749
126797,2026-08-31,162500,0.96,38749
132732,2026-08-31,91361,0.94,38749
132424,2026-08-31,50825,0.94,38749
208727,2026-08-31,49035,0.92,38749
100878,2026-08-31,12802,0.89,38749
105714,2026-08-31,28686,0.84,38749
291768,2026-08-31,41786,0.69,38749
132174,2026-08-31,128108,3.83,32078
294388,2026-08-31,105000,3.71,32078
210949,2026-08-31,49082,3.60,32078
302921,2026-08-31,52100,2.66,32078
252306,2026-08-31,336525,2.27,32078
218763,2026-08-31,55518,2.21,32078
214179,2026-08-31,129500,2.16,32078
132331,2026-08-31,26502,1.96,32078
100180,2026-08-31,131312,1.91,32078
100440,2026-08-31,91056,1.90,32078
132286,2026-08-31,75944,1.86,32078
132541,2026-08-31,44481,1.81,32078
222961,2026-08-31,41787,1.80,32078
132754,2026-08-31,915000,1.76,32078
132424,2026-08-31,88500,1.64,32078
100241,2026-08-31,41491,1.62,32078
215216,2026-08-31,6900,1.59,32078
132921,2026-08-31,48000,1.57,32078
100510,2026-08-31,18674,1.55,32078
209063,2026-08-31,88920,1.54,32078
100325,2026-08-31,58264,1.53,32078
132755,2026-08-31,45125,1.51,32078
287237,2026-08-31,1058000,1.50,32078
113097,2026-08-31,68268,1.50,32078
100034,2026-08-31,68000,1.48,32078
286335,2026-08-31,65700,1.47,32078
100469,2026-08-31,192000,1.41,32078
100825,2026-08-31,12900,1.39,32078
293862,2026-08-31,236506,1.37,32078
132343,2026-08-31,14900,1.33,32078
213838,2026-08-31,39390,1.32,32078
100112,2026-08-31,59400,1.29,32078
132210,2026-08-31,269333,1.27,32078
132843,2026-08-31,67429,1.26,32078
208099,2026-08-31,32856,1.25,32078
324996,2026-08-31,137000,1.22,32078
209550,2026-08-31,147500,1.21,32078
126797,2026-08-31,200370,1.19,32078
124200,2026-08-31,43331,1.18,32078
100038,2026-08-31,82876,1.18,32078
100696,2026-08-31,28900,1.17,32078
132477,2026-08-31,276625,1.07,32078
251791,2026-08-31,209106,1.07,32078
211385,2026-08-31,29460,1.05,32078
287490,2026-08-31,500000,1.02,32078
100425,2026-08-31,120000,0.99,32078
100209,2026-08-31,41120,0.96,32078
100411,2026-08-31,11650,0.93,32078
304684,2026-08-31,91245,0.93,32078
132644,2026-08-31,8750,0.92,32078
254493,2026-08-31,23860,0.92,32078
209587,2026-08-31,146000,0.91,32078
100104,2026-08-31,120827,0.91,32078
210590,2026-08-31,7800,0.90,32078
217757,2026-08-31,36500,0.86,32078
111218,2026-08-31,37000,0.84,32078
100547,2026-08-31,125000,0.83,32078
223595,2026-08-31,10373,0.83,32078
100251,2026-08-31,13875,0.82,32078
211840,2026-08-31,16000,0.80,32078
322541,2026-08-31,193141,0.76,32078
132555,2026-08-31,107640,0.72,32078
268618,2026-08-31,9595,0.71,32078
132809,2026-08-31,129038,0.70,32078
323093,2026-08-31,158315,0.67,32078
283206,2026-08-31,48393,0.60,32078
217379,2026-08-31,17400,0.56,32078
221842,2026-08-31,19550,0.55,32078
132432,2026-08-31,17000,0.52,32078
228974,2026-08-31,21500,0.52,32078
294914,2026-08-31,86667,0.46,32078
122205,2026-08-31,63400,0.45,32078
109930,2026-08-31,4600,0.34,32078
208766,2026-08-31,4000,0.28,32078
100027,2026-08-31,1167,0.15,32078
100247,2026-08-31,420000,3.65,1843
100180,2026-08-31,248300,3.65,1843
132174,2026-08-31,112000,3.38,1843
100325,2026-08-31,118500,3.14,1843
132215,2026-08-31,109375,2.95,1843
100470,2026-08-31,715000,2.73,1843
132822,2026-08-31,9148800,2.72,1843
132454,2026-08-31,67925,2.55,1843
105200,2026-08-31,12400,2.04,1843
100112,2026-08-31,91500,2.01,1843
100510,2026-08-31,21700,1.82,1843
100034,2026-08-31,77250,1.69,1843
100103,2026-08-31,170625,1.57,1843
132921,2026-08-31,46075,1.52,1843
278580,2026-08-31,853300,1.52,1843
132648,2026-08-31,3172200,1.50,1843
209967,2026-08-31,180200,1.45,1843
112599,2026-08-31,22557,1.34,1843
100520,2026-08-31,17600,1.20,1843
126371,2026-08-31,634500,1.16,1843
279527,2026-08-31,338400,1.15,1843
100228,2026-08-31,41175,1.12,1843
132500,2026-08-31,3950,1.11,1843
209550,2026-08-31,130050,1.08,1843
132810,2026-08-31,145600,1.01,1843
124715,2026-08-31,24500,1.01,1843
100875,2026-08-31,174225,0.92,1843
280713,2026-08-31,184900,0.90,1843
100113,2026-08-31,220900,0.89,1843
208238,2026-08-31,20475,0.85,1843
132134,2026-08-31,172575,0.85,1843
100820,2026-08-31,15500,0.85,1843
271875,2026-08-31,28350,0.83,1843
100696,2026-08-31,19500,0.80,1843
217376,2026-08-31,88200,0.76,1843
132461,2026-08-31,320000,0.76,1843
208801,2026-08-31,403000,0.72,1843
229365,2026-08-31,143350,0.72,1843
132523,2026-08-31,82500,0.70,1843
132483,2026-08-31,263250,0.69,1843
100253,2026-08-31,61000,0.68,1843
100850,2026-08-31,44000,0.67,1843
205198,2026-08-31,15900,0.67,1843
100271,2026-08-31,20400,0.67,1843
100469,2026-08-31,85000,0.63,1843
111218,2026-08-31,26400,0.61,1843
100477,2026-08-31,155000,0.56,1843
100300,2026-08-31,8000,0.56,1843
209867,2026-08-31,127800,0.52,1843
222055,2026-08-31,4800,0.52,1843
296765,2026-08-31,700,0.49,1843
208280,2026-08-31,8400,0.46,1843
132555,2026-08-31,64500,0.44,1843
132777,2026-08-31,15950,0.43,1843
131213,2026-08-31,60000,0.42,1843
100440,2026-08-31,19600,0.41,1843
132343,2026-08-31,4550,0.41,1843
132868,2026-08-31,28500,0.41,1843
286335,2026-08-31,18000,0.41,1843
219494,2026-08-31,4050,0.40,1843
217389,2026-08-31,35200,0.40,1843
132432,2026-08-31,12800,0.40,1843
132540,2026-08-31,7875,0.39,1843
209068,2026-08-31,47625,0.38,1843
100087,2026-08-31,12325,0.36,1843
100425,2026-08-31,43200,0.36,1843
100257,2026-08-31,7650,0.35,1843
289554,2026-08-31,13200,0.33,1843
132296,2026-08-31,6000,0.31,1843
219300,2026-08-31,36450,0.30,1843
100800,2026-08-31,13750,0.30,1843
132488,2026-08-31,1500,0.29,1843
224623,2026-08-31,108750,0.27,1843
221790,2026-08-31,3850,0.24,1843
124804,2026-08-31,6600,0.23,1843
100570,2026-08-31,33600,0.22,1843
211840,2026-08-31,4250,0.21,1843
100368,2026-08-31,29025,0.21,1843
112070,2026-08-31,17615,0.21,1843
100830,2026-08-31,4950,0.19,1843
132538,2026-08-31,800,0.19,1843
100400,2026-08-31,26100,0.19,1843
100182,2026-08-31,1650,0.19,1843
132754,2026-08-31,90675,0.18,1843
100188,2026-08-31,12250,0.15,1843
100547,2026-08-31,21725,0.15,1843
208461,2026-08-31,12900,0.14,1843
100093,2026-08-31,6800,0.13,1843
190059,2026-08-31,2800,0.13,1843
100480,2026-08-31,1000,0.11,1843
210258,2026-08-31,9250,0.10,1843
217757,2026-08-31,3900,0.09,1843
100420,2026-08-31,875,0.09,1843
212427,2026-08-31,750,0.08,1843
100049,2026-08-31,8550,0.07,1843
100104,2026-08-31,8100,0.06,1843
100096,2026-08-31,7500,0.06,1843
132539,2026-08-31,2200,0.06,1843
317635,2026-08-31,24250,0.06,1843
217379,2026-08-31,1625,0.05,1843
132477,2026-08-31,13275,0.05,1843
226720,2026-08-31,4050,0.05,1843
111243,2026-08-31,1250,0.05,1843
132187,2026-08-31,2100,0.04,1843
100493,2026-08-31,1000,0.04,1843
130965,2026-08-31,14625,0.04,1843
211385,2026-08-31,1125,0.04,1843
132155,2026-08-31,10650,0.04,1843
269404,2026-08-31,600,0.03,1843
122275,2026-08-31,375,0.03,1843
209037,2026-08-31,7700,0.03,1843
213838,2026-08-31,900,0.03,1843
210036,2026-08-31,1650,0.03,1843
131344,2026-08-31,2500,0.03,1843
108869,2026-08-31,125,0.02,1843
221809,2026-08-31,12800,0.02,1843
132149,2026-08-31,5200,0.02,1843
132843,2026-08-31,775,0.01,1843
132667,2026-08-31,12700,0.01,1843
100180,2026-08-31,596886,8.85,46764
132538,2026-08-31,34768,8.32,46764
132174,2026-08-31,240000,7.29,46764
100510,2026-08-31,66842,5.65,46764
213838,2026-08-31,154989,5.29,46764
132555,2026-08-31,760275,5.20,46764
100228,2026-08-31,174761,4.78,46764
132522,2026-08-31,600000,3.77,46764
222264,2026-08-31,290000,3.52,46764
100425,2026-08-31,406600,3.41,46764
304683,2026-08-31,98614,3.39,46764
100820,2026-08-31,59059,3.28,46764
100575,2026-08-31,115000,2.87,46764
100247,2026-08-31,285000,2.50,46764
288401,2026-08-31,645329,2.43,46764
213397,2026-08-31,283568,2.25,46764
122163,2026-08-31,308370,2.24,46764
235955,2026-08-31,91707,2.23,46764
271875,2026-08-31,71068,2.11,46764
100112,2026-08-31,90000,1.99,46764
278580,2026-08-31,1010157,1.82,46764
208238,2026-08-31,42000,1.77,46764
100470,2026-08-31,445541,1.72,46764
267615,2026-08-31,64484,1.70,46764
100710,2026-08-31,21513,1.42,46764
100031,2026-08-31,177353,1.20,46764
132286,2026-08-31,43608,1.09,46764
208607,2026-08-31,30093,1.07,46764
100260,2026-08-31,51236,0.94,46764
300790,2026-08-31,172845,0.43,46764
132174,2026-08-31,399975,12.18,49983
100180,2026-08-31,512750,7.61,49983
132215,2026-08-31,272200,7.41,49983
100112,2026-08-31,249900,5.55,49983
208766,2026-08-31,74250,5.29,49983
111218,2026-08-31,222800,5.18,49983
100034,2026-08-31,210500,4.66,49983
242461,2026-08-31,443500,3.80,49983
287237,2026-08-31,2470000,3.58,49983
208883,2026-08-31,88496,3.18,49983
100247,2026-08-31,352500,3.10,49983
209078,2026-08-31,120000,2.95,49983
190003,2026-08-31,391620,2.85,49983
100271,2026-08-31,83800,2.76,49983
211385,2026-08-31,74980,2.73,49983
254493,2026-08-31,69000,2.71,49983
111243,2026-08-31,55400,2.16,49983
132187,2026-08-31,101000,2.15,49983
220350,2026-08-31,265000,1.78,49983
279527,2026-08-31,469000,1.61,49983
210850,2026-08-31,196908,1.52,49983
217757,2026-08-31,49700,1.20,49983
223586,2026-08-31,88780,1.07,49983
132772,2026-08-31,227000,1.04,49983
132525,2026-08-31,600000,1.03,49983
221267,2026-08-31,300000,0.99,49983
132477,2026-08-31,250000,0.99,49983
228974,2026-08-31,40000,0.98,49983
205198,2026-08-31,22000,0.93,49983
132814,2026-08-31,46800,0.88,49983
209902,2026-08-31,106500,0.64,49983
111072,2026-08-31,5778,0.28,49983
207901,2026-08-31,2185,0.15,49983
132174,2026-08-31,154500,4.80,48968
100180,2026-08-31,243750,3.69,48968
100325,2026-08-31,89466,2.44,48968
132343,2026-08-31,25475,2.36,48968
132454,2026-08-31,51766,2.00,48968
100093,2026-08-31,101775,1.99,48968
237742,2026-08-31,103110,1.93,48968
252306,2026-08-31,254240,1.78,48968
214084,2026-08-31,19945,1.71,48968
100209,2026-08-31,70258,1.70,48968
100112,2026-08-31,73675,1.67,48968
209078,2026-08-31,64145,1.61,48968
100271,2026-08-31,43200,1.45,48968
210072,2026-08-31,4532,1.44,48968
100440,2026-08-31,65274,1.42,48968
233063,2026-08-31,99864,1.41,48968
254962,2026-08-31,35140,1.37,48968
100480,2026-08-31,12450,1.36,48968
100510,2026-08-31,15535,1.34,48968
208766,2026-08-31,18175,1.32,48968
100034,2026-08-31,57950,1.31,48968
190003,2026-08-31,171876,1.28,48968
213838,2026-08-31,35250,1.23,48968
209147,2026-08-31,37112,1.16,48968
132889,2026-08-31,45284,1.14,48968
311742,2026-08-31,23296,1.11,48968
100420,2026-08-31,10240,1.11,48968
229238,2026-08-31,32271,1.10,48968
221033,2026-08-31,67720,1.09,48968
119600,2026-08-31,47178,1.09,48968
223409,2026-08-31,34459,1.09,48968
274041,2026-08-31,95939,1.05,48968
293537,2026-08-31,38934,1.04,48968
294388,2026-08-31,27834,1.02,48968
217379,2026-08-31,30391,1.02,48968
132725,2026-08-31,2349,1.01,48968
100469,2026-08-31,132300,1.01,48968
214179,2026-08-31,56238,0.98,48968
323819,2026-08-31,321860,0.96,48968
218071,2026-08-31,42398,0.94,48968
317635,2026-08-31,388785,0.92,48968
132497,2026-08-31,9201,0.88,48968
222554,2026-08-31,9120,0.88,48968
103806,2026-08-31,16068,0.88,48968
273811,2026-08-31,53100,0.87,48968
211840,2026-08-31,15944,0.82,48968
111243,2026-08-31,20683,0.82,48968
124715,2026-08-31,19309,0.82,48968
208607,2026-08-31,22521,0.82,48968
132644,2026-08-31,7237,0.79,48968
117569,2026-08-31,6410,0.79,48968
132538,2026-08-31,3200,0.78,48968
105714,2026-08-31,25475,0.78,48968
208364,2026-08-31,11940,0.78,48968
100493,2026-08-31,17100,0.77,48968
269404,2026-08-31,12867,0.76,48968
320350,2026-08-31,205900,0.74,48968
226611,2026-08-31,272136,0.73,48968
223478,2026-08-31,150340,0.73,48968
221645,2026-08-31,44594,0.72,48968
223586,2026-08-31,58058,0.72,48968
228974,2026-08-31,28440,0.71,48968
208883,2026-08-31,19440,0.71,48968
132488,2026-08-31,3523,0.71,48968
322366,2026-08-31,279754,0.70,48968
100067,2026-08-31,21715,0.68,48968
210590,2026-08-31,5663,0.68,48968
211337,2026-08-31,3354,0.68,48968
132779,2026-08-31,25615,0.67,48968
132540,2026-08-31,12790,0.66,48968
235955,2026-08-31,26114,0.65,48968
324034,2026-08-31,534000,0.65,48968
132755,2026-08-31,18540,0.65,48968
228049,2026-08-31,32000,0.61,48968
132504,2026-08-31,3210,0.60,48968
286335,2026-08-31,25200,0.59,48968
207872,2026-08-31,16967,0.56,48968
209550,2026-08-31,65413,0.56,48968
315904,2026-08-31,548500,0.55,48968
124558,2026-08-31,1106,0.54,48968
221790,2026-08-31,8366,0.53,48968
107815,2026-08-31,3330,0.52,48968
100002,2026-08-31,3150,0.51,48968
100477,2026-08-31,135000,0.51,48968
209344,2026-08-31,45132,0.50,48968
131344,2026-08-31,45000,0.49,48968
100049,2026-08-31,55470,0.49,48968
132810,2026-08-31,63000,0.45,48968
100520,2026-08-31,5993,0.42,48968
304684,2026-08-31,39550,0.42,48968
200020,2026-08-31,29173,0.41,48968
255331,2026-08-31,11580,0.39,48968
132500,2026-08-31,1351,0.39,48968
123025,2026-08-31,11816,0.38,48968
100547,2026-08-31,54000,0.37,48968
313296,2026-08-31,60215,0.33,48968
226076,2026-08-31,26575,0.33,48968
229852,2026-08-31,91455,0.32,48968
132174,2026-08-31,111000,3.47,49975
100034,2026-08-31,117000,2.66,49975
208883,2026-08-31,71184,2.63,49975
100180,2026-08-31,168000,2.56,49975
132541,2026-08-31,55700,2.38,49975
100112,2026-08-31,100000,2.28,49975
100420,2026-08-31,20602,2.25,49975
111218,2026-08-31,92000,2.20,49975
132454,2026-08-31,55500,2.17,49975
132497,2026-08-31,21549,2.08,49975
208607,2026-08-31,56288,2.06,49975
210072,2026-08-31,6350,2.03,49975
100271,2026-08-31,58998,2.00,49975
100325,2026-08-31,71400,1.96,49975
122275,2026-08-31,20343,1.95,49975
132504,2026-08-31,9994,1.87,49975
210590,2026-08-31,15400,1.85,49975
221033,2026-08-31,113910,1.85,49975
208461,2026-08-31,154000,1.73,49975
100520,2026-08-31,24400,1.72,49975
132892,2026-08-31,73568,1.65,49975
278580,2026-08-31,890000,1.65,49975
131642,2026-08-31,93000,1.64,49975
132539,2026-08-31,58500,1.61,49975
132286,2026-08-31,61770,1.59,49975
132755,2026-08-31,44800,1.57,49975
132843,2026-08-31,80000,1.56,49975
207901,2026-08-31,21893,1.55,49975
297249,2026-08-31,104688,1.54,49975
132343,2026-08-31,16100,1.50,49975
252306,2026-08-31,213000,1.50,49975
132720,2026-08-31,184545,1.48,49975
254493,2026-08-31,35650,1.44,49975
322541,2026-08-31,348000,1.44,49975
100510,2026-08-31,16300,1.42,49975
317635,2026-08-31,575000,1.37,49975
132296,2026-08-31,25600,1.37,49975
211840,2026-08-31,25483,1.33,49975
275316,2026-08-31,20381,1.31,49975
132210,2026-08-31,265333,1.31,49975
219494,2026-08-31,12600,1.30,49975
132321,2026-08-31,51000,1.28,49975
132889,2026-08-31,50000,1.27,49975
222055,2026-08-31,11150,1.26,49975
214084,2026-08-31,14288,1.24,49975
100049,2026-08-31,137351,1.23,49975
100850,2026-08-31,77000,1.22,49975
111072,2026-08-31,23697,1.17,49975
100188,2026-08-31,91202,1.17,49975
215216,2026-08-31,4600,1.11,49975
314935,2026-08-31,49000,1.09,49975
132921,2026-08-31,31500,1.08,49975
130005,2026-08-31,135221,1.08,49975
100477,2026-08-31,270000,1.02,49975
109930,2026-08-31,12999,1.00,49975
237831,2026-08-31,135779,0.99,49975
117174,2026-08-31,1293,0.99,49975
211595,2026-08-31,181818,0.91,49975
322252,2026-08-31,251544,0.91,49975
132500,2026-08-31,3000,0.88,49975
132538,2026-08-31,3389,0.84,49975
122163,2026-08-31,110132,0.82,49975
318903,2026-08-31,304850,0.54,49975
123398,2026-08-31,11819,0.44,49975
100331,2026-08-31,129346,4.70,46409
132174,2026-08-31,133986,4.29,46409
100790,2026-08-31,122516,3.99,46409
100114,2026-08-31,34639,3.91,46409
100300,2026-08-31,52088,3.82,46409
108869,2026-08-31,19212,3.76,46409
131642,2026-08-31,203939,3.74,46409
100180,2026-08-31,232836,3.65,46409
132538,2026-08-31,13893,3.53,46409
100820,2026-08-31,61914,3.52,46409
100387,2026-08-31,6665,3.49,46409
124715,2026-08-31,80654,3.49,46409
100087,2026-08-31,108425,3.39,46409
100510,2026-08-31,38010,3.38,46409
132454,2026-08-31,82154,3.32,46409
100696,2026-08-31,73314,3.23,46409
132500,2026-08-31,10656,3.17,46409
100112,2026-08-31,135464,3.17,46409
211385,2026-08-31,80735,3.11,46409
100410,2026-08-31,108440,3.06,46409
100325,2026-08-31,104963,2.98,46409
132540,2026-08-31,56103,2.93,46409
100825,2026-08-31,24774,2.87,46409
100875,2026-08-31,502112,2.84,46409
132555,2026-08-31,390304,2.83,46409
217389,2026-08-31,235123,2.83,46409
219300,2026-08-31,311030,2.76,46409
100124,2026-08-31,105213,2.71,46409
100096,2026-08-31,306640,2.60,46409
132478,2026-08-31,87730,2.54,46409
100325,2026-08-31,248530,7.23,7615
132540,2026-08-31,95444,5.11,7615
100209,2026-08-31,172656,4.40,7615
132343,2026-08-31,32005,3.14,7615
132466,2026-08-31,11175,3.11,7615
210590,2026-08-31,23465,2.98,7615
100520,2026-08-31,37495,2.82,7615
100696,2026-08-31,60682,2.74,7615
222264,2026-08-31,206692,2.70,7615
123457,2026-08-31,17645,2.55,7615
132281,2026-08-31,83355,2.47,7615
132234,2026-08-31,276946,2.39,7615
100547,2026-08-31,320830,2.30,7615
219300,2026-08-31,237616,2.16,7615
102355,2026-08-31,41763,2.16,7615
100087,2026-08-31,66102,2.12,7615
210072,2026-08-31,5904,1.97,7615
271867,2026-08-31,45503,1.96,7615
311884,2026-08-31,698000,1.95,7615
132779,2026-08-31,68346,1.88,7615
100830,2026-08-31,39861,1.67,7615
117334,2026-08-31,441909,1.67,7615
132500,2026-08-31,5298,1.62,7615
132523,2026-08-31,175813,1.61,7615
100510,2026-08-31,17163,1.57,7615
132856,2026-08-31,367000,1.55,7615
131642,2026-08-31,75111,1.41,7615
100300,2026-08-31,18071,1.36,7615
286712,2026-08-31,377547,1.34,7615
100410,2026-08-31,46318,1.34,7615
211337,2026-08-31,6350,1.32,7615
132541,2026-08-31,27900,1.26,7615
122275,2026-08-31,12472,1.23,7615
131508,2026-08-31,163945,1.22,7615
132757,2026-08-31,4740,1.17,7615
100870,2026-08-31,278049,1.16,7615
100008,2026-08-31,57100,1.15,7615
271581,2026-08-31,74199,1.14,7615
124804,2026-08-31,28260,1.08,7615
277614,2026-08-31,157850,1.06,7615
314345,2026-08-31,136603,1.06,7615
100660,2026-08-31,15124,1.05,7615
268618,2026-08-31,12112,0.99,7615
132175,2026-08-31,35550,0.94,7615
123642,2026-08-31,16160,0.88,7615
208661,2026-08-31,35823,0.87,7615
225154,2026-08-31,4887,0.84,7615
100124,2026-08-31,30815,0.81,7615
221809,2026-08-31,505000,0.80,7615
283207,2026-08-31,210300,0.80,7615
219442,2026-08-31,26000,0.73,7615
132830,2026-08-31,20223,0.70,7615
290269,2026-08-31,17207,0.68,7615
210036,2026-08-31,35875,0.64,7615
132443,2026-08-31,4578,0.59,7615
267389,2026-08-31,58614,0.51,7615
317635,2026-08-31,180000,0.44,7615
100570,2026-08-31,55714,0.40,7615
100820,2026-08-31,6400,0.37,7615
208345,2026-08-31,180145,0.32,7615
132174,2026-08-31,136593,4.54,50968
208883,2026-08-31,74266,2.92,50968
132215,2026-08-31,93103,2.77,50968
233063,2026-08-31,182010,2.76,50968
254493,2026-08-31,54255,2.33,50968
100049,2026-08-31,236834,2.25,50968
132488,2026-08-31,9734,2.11,50968
322541,2026-08-31,477536,2.10,50968
111218,2026-08-31,81223,2.06,50968
100087,2026-08-31,63228,2.04,50968
132538,2026-08-31,7694,2.02,50968
228974,2026-08-31,74661,2.01,50968
208361,2026-08-31,39555,2.00,50968
132777,2026-08-31,66415,1.99,50968
190003,2026-08-31,248806,1.98,50968
301912,2026-08-31,104020,1.96,50968
100480,2026-08-31,16507,1.93,50968
207872,2026-08-31,52774,1.87,50968
212427,2026-08-31,15239,1.86,50968
132508,2026-08-31,115498,1.86,50968
105200,2026-08-31,10164,1.85,50968
132814,2026-08-31,88983,1.83,50968
132466,2026-08-31,6361,1.82,50968
100048,2026-08-31,41153,1.82,50968
242461,2026-08-31,193172,1.81,50968
200132,2026-08-31,6445,1.79,50968
117334,2026-08-31,456585,1.78,50968
273033,2026-08-31,1052963,1.78,50968
111072,2026-08-31,32966,1.73,50968
211840,2026-08-31,30361,1.68,50968
200020,2026-08-31,103173,1.55,50968
215477,2026-08-31,22797,1.50,50968
225154,2026-08-31,8572,1.49,50968
208461,2026-08-31,124339,1.48,50968
278580,2026-08-31,749844,1.47,50968
321331,2026-08-31,120208,1.46,50968
219691,2026-08-31,41946,1.45,50968
324996,2026-08-31,144135,1.43,50968
103100,2026-08-31,31645,1.38,50968
289108,2026-08-31,130631,1.36,50968
132432,2026-08-31,39859,1.36,50968
111243,2026-08-31,30336,1.29,50968
211385,2026-08-31,29696,1.18,50968
303125,2026-08-31,256092,0.95,50968
209078,2026-08-31,35229,0.94,50968
315602,2026-08-31,50,0.00,49503
100790,2026-08-31,210000,7.22,49503
100480,2026-08-31,60082,7.05,49503
132500,2026-08-31,21776,6.78,49503
100825,2026-08-31,54492,6.57,49503
208361,2026-08-31,100000,5.07,49503
100696,2026-08-31,105000,4.75,49503
209147,2026-08-31,125000,4.19,49503
132843,2026-08-31,195000,4.06,49503
100165,2026-08-31,896533,3.97,49503
100209,2026-08-31,150000,3.91,49503
117334,2026-08-31,950000,3.73,49503
216156,2026-08-31,30000,3.13,49503
100495,2026-08-31,43499,2.99,49503
324996,2026-08-31,270000,2.70,49503
304682,2026-08-31,64000,2.57,49503
132432,2026-08-31,70000,2.40,49503
100124,2026-08-31,90000,2.39,49503
105790,2026-08-31,25512,2.35,49503
100257,2026-08-31,45000,2.26,49503
320028,2026-08-31,29035,2.15,49503
295872,2026-08-31,18536,2.00,49503
123395,2026-08-31,2264,1.73,49503
100295,2026-08-31,270000,1.73,49503
132488,2026-08-31,7000,1.52,49503
132478,2026-08-31,50164,1.51,49503
132175,2026-08-31,38671,1.04,49503
223187,2026-08-31,11000,0.93,49503
200017,2026-08-31,20000,0.91,49503
132541,2026-08-31,20000,0.91,49503
100830,2026-08-31,19000,0.83,49503
132630,2026-08-31,40000,0.72,49503
100493,2026-08-31,12826,0.62,49503
209373,2026-08-31,50000,0.46,49503
208607,2026-08-31,10933,0.43,49503
102355,2026-08-31,6864,0.36,49503
132174,2026-08-31,132187,4.88,1858
100112,2026-08-31,169097,4.55,1858
132454,2026-08-31,78550,3.61,1858
100180,2026-08-31,198694,3.58,1858
100325,2026-08-31,100700,3.27,1858
100510,2026-08-31,29900,3.07,1858
100420,2026-08-31,22773,2.93,1858
100247,2026-08-31,268700,2.86,1858
100034,2026-08-31,103399,2.78,1858
132215,2026-08-31,83423,2.75,1858
108869,2026-08-31,11775,2.66,1858
100114,2026-08-31,19400,2.51,1858
111218,2026-08-31,88200,2.49,1858
208883,2026-08-31,56986,2.49,1858
100520,2026-08-31,29800,2.48,1858
132921,2026-08-31,57000,2.31,1858
132343,2026-08-31,19450,2.14,1858
132541,2026-08-31,41562,2.10,1858
132432,2026-08-31,52998,2.01,1858
132488,2026-08-31,7941,1.91,1858
252306,2026-08-31,226000,1.88,1858
228974,2026-08-31,62300,1.86,1858
200132,2026-08-31,6004,1.85,1858
132500,2026-08-31,5247,1.81,1858
100850,2026-08-31,95792,1.80,1858
208461,2026-08-31,133000,1.76,1858
132755,2026-08-31,41100,1.70,1858
132538,2026-08-31,5830,1.70,1858
222055,2026-08-31,12650,1.68,1858
324996,2026-08-31,150000,1.66,1858
100800,2026-08-31,62500,1.65,1858
216156,2026-08-31,11600,1.34,1858
132555,2026-08-31,157000,1.31,1858
100049,2026-08-31,121000,1.27,1858
322541,2026-08-31,252000,1.23,1858
100209,2026-08-31,41135,1.18,1858
117334,2026-08-31,270000,1.17,1858
213838,2026-08-31,28000,1.16,1858
223586,2026-08-31,78550,1.15,1858
100470,2026-08-31,237000,1.11,1858
132725,2026-08-31,2150,1.10,1858
100093,2026-08-31,45868,1.07,1858
100480,2026-08-31,8199,1.06,1858
296765,2026-08-31,1215,1.04,1858
112599,2026-08-31,14243,1.03,1858
132321,2026-08-31,35000,1.03,1858
211337,2026-08-31,3777,0.91,1858
207901,2026-08-31,10300,0.86,1858
103806,2026-08-31,12500,0.81,1858
130705,2026-08-31,71261,0.08,1858
100112,2026-08-31,958357,26.13,49725
132134,2026-08-31,2256518,13.81,49725
132483,2026-08-31,4067874,13.21,49725
132461,2026-08-31,4179076,12.29,49725
132477,2026-08-31,2313137,10.99,49725
132814,2026-08-31,424473,9.81,49725
132149,2026-08-31,1489893,5.45,49725
132525,2026-08-31,2423902,5.13,49725
132388,2026-08-31,1633829,1.36,49725
132885,2026-08-31,1206789,0.94,49725
132505,2026-08-31,1367901,0.88,49725
100180,2026-08-31,646771,11.84,3249
132174,2026-08-31,304234,11.39,3249
100325,2026-08-31,287124,9.53,3249
132454,2026-08-31,129283,6.11,3249
100510,2026-08-31,49619,5.17,3249
100112,2026-08-31,176264,4.83,3249
100209,2026-08-31,148005,4.31,3249
132215,2026-08-31,121388,4.02,3249
100247,2026-08-31,312335,3.37,3249
100520,2026-08-31,37993,3.26,3249
100034,2026-08-31,113604,3.12,3249
100875,2026-08-31,409396,2.71,3249
132540,2026-08-31,42989,2.62,3249
252306,2026-08-31,307132,2.60,3249
124715,2026-08-31,45815,2.31,3249
100114,2026-08-31,17329,2.29,3249
100696,2026-08-31,37887,1.95,3249
132500,2026-08-31,5470,1.90,3249
132555,2026-08-31,201622,1.71,3249
100470,2026-08-31,349622,1.66,3249
100049,2026-08-31,151992,1.63,3249
132281,2026-08-31,44909,1.52,3249
132538,2026-08-31,5001,1.49,3249
132921,2026-08-31,31285,1.32,3249
132898,2026-08-31,193387,1.32,3249
222055,2026-08-31,9516,1.27,3249
100820,2026-08-31,19130,1.27,3249
205198,2026-08-31,23771,1.24,3249
132755,2026-08-31,27029,1.13,3249
100251,2026-08-31,14029,1.04,3249
100180,2026-08-31,392518,7.28,3317
132408,2026-08-31,345821,7.00,3317
132488,2026-08-31,24474,5.92,3317
100875,2026-08-31,868506,5.82,3317
322847,2026-08-31,727650,4.58,3317
132174,2026-08-31,116272,4.41,3317
319926,2026-08-31,535053,4.01,3317
321348,2026-08-31,964361,3.48,3317
295966,2026-08-31,808185,3.31,3317
132215,2026-08-31,97722,3.28,3317
100520,2026-08-31,37582,3.27,3317
132454,2026-08-31,67614,3.24,3317
100325,2026-08-31,90506,3.04,3317
100112,2026-08-31,102156,2.83,3317
100247,2026-08-31,247895,2.71,3317
218533,2026-08-31,53467,2.67,3317
131978,2026-08-31,61970,2.66,3317
100490,2026-08-31,8669,2.59,3317
123457,2026-08-31,13893,2.32,3317
318669,2026-08-31,913937,2.11,3317
132898,2026-08-31,262277,1.81,3317
219300,2026-08-31,164670,1.73,3317
132281,2026-08-31,48973,1.68,3317
210590,2026-08-31,10400,1.53,3317
314345,2026-08-31,165764,1.48,3317
271581,2026-08-31,80999,1.44,3317
132540,2026-08-31,18000,1.11,3317
306788,2026-08-31,462760,1.11,3317
132500,2026-08-31,2987,1.05,3317
308020,2026-08-31,44058,0.97,3317
311884,2026-08-31,285000,0.92,3317
122275,2026-08-31,7840,0.89,3317
224623,2026-08-31,255175,0.80,3317
252306,2026-08-31,88095,0.76,3317
322709,2026-08-31,118140,0.60,3317
226019,2026-08-31,600000,0.55,3317
309139,2026-08-31,68558,0.55,3317
132523,2026-08-31,46000,0.49,3317
209867,2026-08-31,86124,0.45,3317
132810,2026-08-31,47773,0.43,3317
317113,2026-08-31,50000,0.38,3317
251357,2026-08-31,102575,0.17,3317
326005,2026-08-31,11997,0.01,3317
131369,2026-08-31,189983,0.00,3317
100645,2026-08-31,200000,7.39,38291
100101,2026-08-31,475248,6.93,38291
132488,2026-08-31,20000,4.97,38291
100150,2026-08-31,27135,4.58,38291
105200,2026-08-31,20000,4.18,38291
106076,2026-08-31,75861,4.03,38291
132504,2026-08-31,16000,3.65,38291
221790,2026-08-31,46307,3.62,38291
289108,2026-08-31,300000,3.59,38291
100180,2026-08-31,190000,3.54,38291
216719,2026-08-31,280166,3.33,38291
131213,2026-08-31,370000,3.30,38291
100247,2026-08-31,300000,3.30,38291
214179,2026-08-31,150000,3.20,38291
124715,2026-08-31,60000,3.13,38291
322918,2026-08-31,250000,3.09,38291
100034,2026-08-31,110000,3.05,38291
100444,2026-08-31,183816,2.95,38291
132830,2026-08-31,68000,2.72,38291
252076,2026-08-31,40000,2.65,38291
226611,2026-08-31,800000,2.65,38291
322716,2026-08-31,160000,2.44,38291
109557,2026-08-31,112864,2.41,38291
293862,2026-08-31,300000,2.22,38291
132843,2026-08-31,90000,2.14,38291
132508,2026-08-31,110000,2.03,38291
251791,2026-08-31,300000,1.96,38291
100112,2026-08-31,70000,1.95,38291
100165,2026-08-31,359152,1.82,38291
267615,2026-08-31,22222,0.74,38291
100112,2026-08-31,120117,3.36,48027
132174,2026-08-31,83335,3.19,48027
132134,2026-08-31,403500,2.54,48027
132374,2026-08-31,116800,2.24,48027
100180,2026-08-31,115000,2.15,48027
317106,2026-08-31,55000,2.08,48027
111218,2026-08-31,65000,1.90,48027
312105,2026-08-31,37590,1.79,48027
221842,2026-08-31,47250,1.70,48027
132541,2026-08-31,31400,1.64,48027
100520,2026-08-31,18300,1.58,48027
208280,2026-08-31,21000,1.45,48027
100114,2026-08-31,10579,1.42,48027
132755,2026-08-31,33000,1.42,48027
209420,2026-08-31,63100,1.38,48027
324996,2026-08-31,118609,1.36,48027
322918,2026-08-31,105000,1.30,48027
100038,2026-08-31,65000,1.19,48027
313583,2026-08-31,28867,1.18,48027
132538,2026-08-31,3845,1.16,48027
300391,2026-08-31,15000,1.16,48027
208364,2026-08-31,12800,1.03,48027
113599,2026-08-31,72815,1.01,48027
132483,2026-08-31,300000,1.00,48027
210036,2026-08-31,47000,0.97,48027
211840,2026-08-31,14600,0.93,48027
216719,2026-08-31,76000,0.91,48027
291768,2026-08-31,41900,0.89,48027
109496,2026-08-31,27500,0.89,48027
132921,2026-08-31,21000,0.88,48027
130655,2026-08-31,72000,0.88,48027
208766,2026-08-31,9500,0.85,48027
200132,2026-08-31,2425,0.78,48027
108869,2026-08-31,2850,0.67,48027
100295,2026-08-31,88000,0.65,48027
219494,2026-08-31,5000,0.63,48027
213327,2026-08-31,131000,0.63,48027
132356,2026-08-31,80186,0.62,48027
109243,2026-08-31,4068,0.59,48027
100325,2026-08-31,17500,0.59,48027
132454,2026-08-31,12000,0.57,48027
207901,2026-08-31,6400,0.55,48027
100049,2026-08-31,50000,0.55,48027
132898,2026-08-31,72500,0.50,48027
222264,2026-08-31,30009,0.46,48027
288028,2026-08-31,6894,0.33,48027
100180,2026-08-31,1615841,30.25,50674
132174,2026-08-31,585368,22.41,50674
100247,2026-08-31,876972,9.68,50674
100112,2026-08-31,339142,9.49,50674
132215,2026-08-31,258830,8.77,50674
100469,2026-08-31,578129,5.33,50674
132187,2026-08-31,153528,4.05,50674
286335,2026-08-31,131705,3.77,50674
278580,2026-08-31,1554987,3.49,50674
132134,2026-08-31,436742,2.74,50674
214179,2026-08-31,199337,4.42,44737
190003,2026-08-31,419985,3.98,44737
132504,2026-08-31,16365,3.87,44737
132144,2026-08-31,58263,3.80,44737
111072,2026-08-31,53535,3.36,44737
289108,2026-08-31,249026,3.10,44737
207950,2026-08-31,79201,3.03,44737
209068,2026-08-31,274782,2.85,44737
235355,2026-08-31,35427,2.79,44737
132210,2026-08-31,428028,2.67,44737
217757,2026-08-31,83576,2.62,44737
132805,2026-08-31,264152,2.57,44737
221033,2026-08-31,118860,2.45,44737
209147,2026-08-31,61343,2.44,44737
124558,2026-08-31,3834,2.40,44737
226156,2026-08-31,39693,2.38,44737
210036,2026-08-31,106837,2.28,44737
131213,2026-08-31,244022,2.26,44737
209902,2026-08-31,288846,2.26,44737
113599,2026-08-31,145908,2.09,44737
225154,2026-08-31,9715,2.02,44737
124000,2026-08-31,158189,2.00,44737
100003,2026-08-31,55811,1.92,44737
132300,2026-08-31,36716,1.88,44737
100184,2026-08-31,104426,1.88,44737
280713,2026-08-31,285622,1.84,44737
218763,2026-08-31,34649,1.83,44737
132636,2026-08-31,103399,1.82,44737
279527,2026-08-31,405618,1.81,44737
104973,2026-08-31,44090,1.78,44737
209420,2026-08-31,76371,1.73,44737
307332,2026-08-31,276535,1.62,44737
218533,2026-08-31,30719,1.60,44737
305799,2026-08-31,59442,1.57,44737
223187,2026-08-31,13907,1.40,44737
100008,2026-08-31,54443,1.32,44737
132514,2026-08-31,311868,1.28,44737
278701,2026-08-31,86121,1.26,44737
229238,2026-08-31,28147,1.23,44737
100770,2026-08-31,69576,1.22,44737
222264,2026-08-31,71771,1.14,44737
100084,2026-08-31,280329,1.12,44737
208801,2026-08-31,460354,1.08,44737
100870,2026-08-31,212721,1.07,44737
209373,2026-08-31,84527,0.92,44737
124816,2026-08-31,39945,0.92,44737
297629,2026-08-31,72339,0.90,44737
221809,2026-08-31,428708,0.82,44737
200039,2026-08-31,1289683,0.78,44737
132714,2026-08-31,57671,0.65,44737
100112,2026-08-31,876786,26.19,49726
132134,2026-08-31,2064393,13.84,49726
132483,2026-08-31,3721559,13.24,49726
132461,2026-08-31,3823292,12.32,49726
132477,2026-08-31,2116217,11.02,49726
132814,2026-08-31,388345,9.83,49726
132149,2026-08-31,1363054,5.46,49726
132525,2026-08-31,2217684,5.14,49726
132388,2026-08-31,1495785,1.37,49726
132885,2026-08-31,1104836,0.94,49726
132505,2026-08-31,1252315,0.88,49726
291286,2026-08-31,16100,4.97,24620
315974,2026-08-31,31700,3.78,24620
282032,2026-08-31,57000,3.52,24620
270347,2026-08-31,49900,3.50,24620
270361,2026-08-31,122600,3.40,24620
270351,2026-08-31,36500,3.36,24620
270356,2026-08-31,53700,3.35,24620
298029,2026-08-31,78100,3.33,24620
282031,2026-08-31,93300,3.33,24620
267581,2026-08-31,60900,3.26,24620
301011,2026-08-31,2300,3.26,24620
270355,2026-08-31,157100,3.21,24620
270348,2026-08-31,39900,3.16,24620
291289,2026-08-31,23800,3.11,24620
311179,2026-08-31,33700,3.08,24620
306653,2026-08-31,96900,3.02,24620
270357,2026-08-31,45500,3.00,24620
291288,2026-08-31,2500,2.99,24620
286805,2026-08-31,27200,2.99,24620
270365,2026-08-31,27500,2.93,24620
325592,2026-08-31,207900,2.84,24620
304860,2026-08-31,62600,2.80,24620
282030,2026-08-31,7400,2.65,24620
278041,2026-08-31,2100,2.58,24620
312392,2026-08-31,25200,2.48,24620
306657,2026-08-31,45600,2.38,24620
286806,2026-08-31,23300,2.38,24620
291290,2026-08-31,2400,2.29,24620
299782,2026-08-31,24400,2.15,24620
270368,2026-08-31,56400,2.12,24620
100180,2026-08-31,396958,8.00,17643
132174,2026-08-31,185701,7.67,17643
100325,2026-08-31,175124,6.35,17643
132454,2026-08-31,78827,4.06,17643
100510,2026-08-31,30340,3.49,17643
100112,2026-08-31,107150,3.23,17643
100209,2026-08-31,90923,2.93,17643
132215,2026-08-31,74447,2.75,17643
100247,2026-08-31,190855,2.27,17643
100520,2026-08-31,23143,2.16,17643
100034,2026-08-31,69478,2.09,17643
100875,2026-08-31,249885,1.81,17643
132540,2026-08-31,26467,1.80,17643
252306,2026-08-31,187408,1.75,17643
100114,2026-08-31,10703,1.55,17643
124715,2026-08-31,27449,1.55,17643
132500,2026-08-31,3382,1.30,17643
100696,2026-08-31,22999,1.29,17643
111218,2026-08-31,36304,1.14,17643
132555,2026-08-31,122895,1.14,17643
100470,2026-08-31,214279,1.12,17643
100049,2026-08-31,92847,1.09,17643
100440,2026-08-31,37533,1.08,17643
132281,2026-08-31,27330,1.02,17643
132538,2026-08-31,3068,1.00,17643
200132,2026-08-31,2871,0.99,17643
100300,2026-08-31,9781,0.94,17643
100228,2026-08-31,24314,0.90,17643
132488,2026-08-31,3295,0.89,17643
100820,2026-08-31,11723,0.88,17643
132898,2026-08-31,117392,0.88,17643
132921,2026-08-31,19124,0.87,17643
222055,2026-08-31,5867,0.87,17643
205198,2026-08-31,15007,0.86,17643
105200,2026-08-31,3573,0.81,17643
100790,2026-08-31,18587,0.79,17643
132755,2026-08-31,16463,0.76,17643
132343,2026-08-31,6089,0.75,17643
322918,2026-08-31,54141,0.72,17643
219300,2026-08-31,62092,0.71,17643
100251,2026-08-31,8626,0.71,17643
219494,2026-08-31,4918,0.67,17643
108869,2026-08-31,2668,0.67,17643
100312,2026-08-31,100696,0.66,17643
112599,2026-08-31,7480,0.61,17643
209867,2026-08-31,107562,0.61,17643
111243,2026-08-31,11215,0.59,17643
229365,2026-08-31,85055,0.58,17643
211385,2026-08-31,11647,0.58,17643
100087,2026-08-31,14587,0.58,17643
218071,2026-08-31,19292,0.57,17643
117334,2026-08-31,114522,0.56,17643
100420,2026-08-31,3802,0.55,17643
100124,2026-08-31,15802,0.52,17643
100480,2026-08-31,3501,0.51,17643
100800,2026-08-31,16881,0.50,17643
100570,2026-08-31,54176,0.48,17643
100850,2026-08-31,22764,0.48,17643
100547,2026-08-31,52537,0.48,17643
100093,2026-08-31,17775,0.46,17643
100825,2026-08-31,3054,0.46,17643
223595,2026-08-31,4177,0.46,17643
217389,2026-08-31,27886,0.43,17643
100400,2026-08-31,43237,0.43,17643
209550,2026-08-31,35444,0.40,17643
208280,2026-08-31,5285,0.39,17643
100331,2026-08-31,8033,0.39,17643
130965,2026-08-31,96855,0.38,17643
100490,2026-08-31,1122,0.37,17643
107685,2026-08-31,70204,0.37,17643
132725,2026-08-31,631,0.36,17643
132810,2026-08-31,37746,0.36,17643
100295,2026-08-31,43959,0.35,17643
132155,2026-08-31,69923,0.35,17643
271875,2026-08-31,8513,0.34,17643
132134,2026-08-31,48093,0.33,17643
132286,2026-08-31,9603,0.33,17643
132868,2026-08-31,16629,0.33,17643
100530,2026-08-31,225,0.32,17643
132432,2026-08-31,7657,0.32,17643
132483,2026-08-31,87124,0.31,17643
216156,2026-08-31,2407,0.31,17643
100002,2026-08-31,1360,0.30,17643
200055,2026-08-31,32379,0.30,17643
289554,2026-08-31,8691,0.30,17643
132461,2026-08-31,89278,0.29,17643
132477,2026-08-31,50090,0.27,17643
132424,2026-08-31,10418,0.27,17643
100550,2026-08-31,2292,0.26,17643
221790,2026-08-31,2780,0.24,17643
219442,2026-08-31,7191,0.24,17643
208361,2026-08-31,3696,0.23,17643
100387,2026-08-31,346,0.23,17643
320028,2026-08-31,2293,0.21,17643
100188,2026-08-31,12466,0.21,17643
132321,2026-08-31,6486,0.21,17643
100425,2026-08-31,16162,0.18,17643
210850,2026-08-31,13049,0.14,17643
219700,2026-08-31,1969,0.14,17643
217280,2026-08-31,52142,0.12,17643
207901,2026-08-31,32078,3.17,49937
100469,2026-08-31,193482,2.08,49937
208766,2026-08-31,20026,2.05,49937
271867,2026-08-31,30543,1.76,49937
208883,2026-08-31,33050,1.71,49937
100182,2026-08-31,10190,1.67,49937
132541,2026-08-31,27320,1.63,49937
132187,2026-08-31,51704,1.58,49937
254493,2026-08-31,27164,1.53,49937
100103,2026-08-31,114435,1.52,49937
210072,2026-08-31,3256,1.45,49937
286335,2026-08-31,44447,1.45,49937
210590,2026-08-31,8530,1.44,49937
132667,2026-08-31,954809,1.36,49937
278580,2026-08-31,520839,1.35,49937
100493,2026-08-31,20924,1.32,49937
122275,2026-08-31,9727,1.30,49937
100257,2026-08-31,19064,1.25,49937
211337,2026-08-31,4197,1.19,49937
132777,2026-08-31,30057,1.19,49937
100477,2026-08-31,224620,1.19,49937
209967,2026-08-31,101146,1.18,49937
302988,2026-08-31,107418,1.13,49937
124804,2026-08-31,21728,1.12,49937
132843,2026-08-31,40908,1.12,49937
131642,2026-08-31,41552,1.02,49937
296765,2026-08-31,998,1.01,49937
100271,2026-08-31,20821,0.99,49937
190059,2026-08-31,14289,0.96,49937
132648,2026-08-31,1378867,0.95,49937
293862,2026-08-31,111416,0.94,49937
132822,2026-08-31,2161212,0.93,49937
217379,2026-08-31,19078,0.90,49937
132296,2026-08-31,11819,0.88,49937
103806,2026-08-31,11401,0.88,49937
103100,2026-08-31,14655,0.84,49937
117569,2026-08-31,4844,0.84,49937
132497,2026-08-31,6149,0.83,49937
100104,2026-08-31,75384,0.83,49937
132234,2026-08-31,70395,0.81,49937
242461,2026-08-31,64640,0.80,49937
132754,2026-08-31,279402,0.79,49937
126299,2026-08-31,10391,0.76,49937
208461,2026-08-31,48117,0.75,49937
132814,2026-08-31,27741,0.75,49937
112070,2026-08-31,44024,0.74,49937
117354,2026-08-31,19783,0.74,49937
190071,2026-08-31,5406,0.74,49937
212427,2026-08-31,4593,0.74,49937
317635,2026-08-31,218802,0.73,49937
126371,2026-08-31,271328,0.72,49937
228974,2026-08-31,20341,0.72,49937
132466,2026-08-31,1872,0.71,49937
132259,2026-08-31,1326,0.71,49937
269404,2026-08-31,8387,0.70,49937
132523,2026-08-31,56006,0.69,49937
216369,2026-08-31,295880,0.68,49937
100113,2026-08-31,113488,0.67,49937
213838,2026-08-31,13241,0.65,49937
124494,2026-08-31,10904,0.65,49937
211840,2026-08-31,8887,0.65,49937
220350,2026-08-31,66973,0.65,49937
208238,2026-08-31,10616,0.64,49937
100575,2026-08-31,17898,0.64,49937
100290,2026-08-31,159,0.64,49937
200091,2026-08-31,42814,0.62,49937
100830,2026-08-31,10340,0.59,49937
221877,2026-08-31,7514,0.59,49937
132720,2026-08-31,51940,0.58,49937
112455,2026-08-31,10216,0.55,49937
132539,2026-08-31,14278,0.55,49937
132779,2026-08-31,14926,0.55,49937
226720,2026-08-31,30164,0.55,49937
109930,2026-08-31,5055,0.54,49937
106395,2026-08-31,9385,0.54,49937
132827,2026-08-31,495,0.53,49937
132522,2026-08-31,58825,0.53,49937
100096,2026-08-31,46353,0.53,49937
233063,2026-08-31,26317,0.52,49937
132508,2026-08-31,24586,0.52,49937
220018,2026-08-31,9240,0.52,49937
132644,2026-08-31,3285,0.51,49937
209078,2026-08-31,14074,0.50,49937
210258,2026-08-31,31054,0.48,49937
237831,2026-08-31,46837,0.48,49937
100483,2026-08-31,9219,0.48,49937
100086,2026-08-31,35714,0.47,49937
295872,2026-08-31,3310,0.47,49937
215367,2026-08-31,30726,0.46,49937
123642,2026-08-31,6359,0.45,49937
225051,2026-08-31,23279,0.45,49937
100067,2026-08-31,10185,0.45,49937
132830,2026-08-31,9601,0.44,49937
217376,2026-08-31,34853,0.44,49937
102355,2026-08-31,6306,0.43,49937
318678,2026-08-31,87964,0.42,49937
131344,2026-08-31,27100,0.42,49937
208607,2026-08-31,8015,0.41,49937
228347,2026-08-31,21776,0.41,49937
132149,2026-08-31,95394,0.41,49937
132525,2026-08-31,159842,0.39,49937
132683,2026-08-31,3048,0.39,49937
132892,2026-08-31,12279,0.39,49937
100253,2026-08-31,23601,0.38,49937
105790,2026-08-31,3159,0.38,49937
132331,2026-08-31,3306,0.36,49937
100411,2026-08-31,3041,0.36,49937
208364,2026-08-31,3838,0.35,49937
243036,2026-08-31,20780,0.35,49937
322541,2026-08-31,60415,0.35,49937
293380,2026-08-31,6241,0.35,49937
208412,2026-08-31,23681,0.34,49937
218756,2026-08-31,16656,0.34,49937
109480,2026-08-31,22377,0.34,49937
100877,2026-08-31,25337,0.33,49937
210174,2026-08-31,31179,0.33,49937
100488,2026-08-31,409,0.32,49937
123457,2026-08-31,1652,0.32,49937
132889,2026-08-31,8731,0.31,49937
219691,2026-08-31,6644,0.30,49937
279664,2026-08-31,6722,0.30,49937
100660,2026-08-31,3249,0.30,49937
100408,2026-08-31,2702,0.29,49937
314935,2026-08-31,9306,0.29,49937
100368,2026-08-31,27194,0.28,49937
209037,2026-08-31,44561,0.28,49937
100092,2026-08-31,1914,0.28,49937
212705,2026-08-31,7235,0.28,49937
207872,2026-08-31,5904,0.27,49937
207673,2026-08-31,43594,0.25,49937
215477,2026-08-31,2768,0.24,49937
268618,2026-08-31,2165,0.23,49937
100495,2026-08-31,2607,0.23,49937
113683,2026-08-31,28584,0.23,49937
294320,2026-08-31,12874,0.23,49937
132478,2026-08-31,5669,0.22,49937
123395,2026-08-31,221,0.22,49937
228460,2026-08-31,86917,0.22,49937
208414,2026-08-31,62455,0.22,49937
213327,2026-08-31,39396,0.22,49937
100163,2026-08-31,3206,0.20,49937
101301,2026-08-31,10245,0.20,49937
317139,2026-08-31,72922,0.20,49937
132129,2026-08-31,11645,0.19,49937
228049,2026-08-31,6987,0.19,49937
117174,2026-08-31,172,0.18,49937
100410,2026-08-31,4707,0.18,49937
100164,2026-08-31,3387,0.12,49937
220512,2026-08-31,56150,0.11,49937
217385,2026-08-31,18892,0.11,49937
100180,2026-08-31,260000,5.57,3304
100325,2026-08-31,130000,5.01,3304
132174,2026-08-31,100000,4.39,3304
100114,2026-08-31,26000,4.01,3304
100247,2026-08-31,300000,3.80,3304
100510,2026-08-31,30000,3.66,3304
131642,2026-08-31,145000,3.59,3304
132210,2026-08-31,506666,3.51,3304
132215,2026-08-31,82500,3.24,3304
100696,2026-08-31,40000,2.38,3304
132772,2026-08-31,336000,2.21,3304
100800,2026-08-31,70000,2.19,3304
100209,2026-08-31,63523,2.17,3304
235506,2026-08-31,120000,2.11,3304
100124,2026-08-31,60000,2.09,3304
132432,2026-08-31,46000,2.07,3304
132540,2026-08-31,28000,2.03,3304
111196,2026-08-31,80000,1.92,3304
215690,2026-08-31,35000,1.90,3304
217379,2026-08-31,40000,1.89,3304
277614,2026-08-31,197800,1.77,3304
126797,2026-08-31,200000,1.75,3304
100387,2026-08-31,2500,1.75,3304
296050,2026-08-31,50000,1.74,3304
100875,2026-08-31,225000,1.74,3304
100164,2026-08-31,50000,1.71,3304
217389,2026-08-31,100000,1.64,3304
100290,2026-08-31,400,1.62,3304
132187,2026-08-31,50000,1.53,3304
267615,2026-08-31,40000,1.52,3304
210217,2026-08-31,63529,1.41,3304
100084,2026-08-31,300000,1.32,3304
132514,2026-08-31,280000,1.27,3304
132162,2026-08-31,100000,1.20,3304
221194,2026-08-31,30000,1.16,3304
256247,2026-08-31,177456,1.14,3304
100870,2026-08-31,200000,1.11,3304
208727,2026-08-31,40000,1.11,3304
209089,2026-08-31,97856,1.07,3304
132756,2026-08-31,85000,1.00,3304
209967,2026-08-31,85143,1.00,3304
293665,2026-08-31,70000,0.96,3304
207837,2026-08-31,97894,0.94,3304
100570,2026-08-31,100000,0.93,3304
132134,2026-08-31,120000,0.86,3304
200094,2026-08-31,150000,0.85,3304
107880,2026-08-31,75155,0.70,3304
220884,2026-08-31,150000,0.69,3304
103960,2026-08-31,9000,0.64,3304
106355,2026-08-31,110000,0.59,3304
323597,2026-08-31,40000,0.05,3304
225213,2026-08-31,8500,5.44,460
279017,2026-08-31,4600,4.52,460
298292,2026-08-31,3200,2.94,460
224342,2026-08-31,3400,2.56,460
312312,2026-08-31,2000,2.41,460
225221,2026-08-31,1000,2.40,460
323728,2026-08-31,16500,2.40,460
226187,2026-08-31,2100,2.31,460
240768,2026-08-31,1600,2.09,460
218241,2026-08-31,1400,2.06,460
250895,2026-08-31,600,2.01,460
225199,2026-08-31,2300,2.01,460
240763,2026-08-31,1200,1.99,460
298514,2026-08-31,4200,1.96,460
248372,2026-08-31,3600,1.95,460
294043,2026-08-31,1400,1.91,460
321976,2026-08-31,8400,1.90,460
324628,2026-08-31,6200,1.80,460
218161,2026-08-31,6900,1.77,460
304927,2026-08-31,500,1.76,460
227339,2026-08-31,600,1.54,460
301011,2026-08-31,1000,1.52,460
324920,2026-08-31,12100,1.48,460
302741,2026-08-31,1300,1.47,460
308933,2026-08-31,4600,1.40,460
298532,2026-08-31,2200,1.40,460
219159,2026-08-31,1400,1.39,460
323727,2026-08-31,1700,1.37,460
231624,2026-08-31,7000,1.35,460
305516,2026-08-31,10100,1.34,460
325078,2026-08-31,4600,1.30,460
225172,2026-08-31,1200,1.29,460
298503,2026-08-31,1300,1.28,460
321979,2026-08-31,46600,1.24,460
219126,2026-08-31,2900,1.24,460
298506,2026-08-31,4800,1.22,460
323730,2026-08-31,2100,1.22,460
294619,2026-08-31,3800,1.22,460
312387,2026-08-31,400,1.20,460
298435,2026-08-31,800,1.14,460
299782,2026-08-31,12000,1.13,460
267581,2026-08-31,19700,1.13,460
323729,2026-08-31,1500,1.07,460
298367,2026-08-31,1900,1.07,460
287491,2026-08-31,1000,1.07,460
298468,2026-08-31,5100,1.05,460
315152,2026-08-31,400,1.04,460
323732,2026-08-31,1200,1.04,460
284640,2026-08-31,300,1.02,460
250446,2026-08-31,1000,0.99,460
299781,2026-08-31,2100,0.99,460
304962,2026-08-31,24200,0.97,460
321974,2026-08-31,1900,0.81,460
298478,2026-08-31,8200,0.81,460
322395,2026-08-31,1300,0.79,460
321981,2026-08-31,16300,0.76,460
220969,2026-08-31,1200,0.74,460
219075,2026-08-31,3200,0.70,460
298363,2026-08-31,1200,0.70,460
323328,2026-08-31,3700,0.68,460
325823,2026-08-31,700,0.64,460
324345,2026-08-31,11800,0.62,460
278724,2026-08-31,600,0.52,460
321978,2026-08-31,42000,0.51,460
298337,2026-08-31,800,0.50,460
325824,2026-08-31,700,0.49,460
325077,2026-08-31,1800,0.17,460
299147,2026-08-31,300,0.75,460
219216,2026-08-31,1000,0.03,460
247206,2026-08-31,5400,0.01,460
132540,2026-08-31,74378,5.46,49729
100790,2026-08-31,113455,5.19,49729
100209,2026-08-31,148460,5.15,49729
100049,2026-08-31,378517,4.80,49729
132281,2026-08-31,113705,4.56,49729
200132,2026-08-31,12064,4.47,49729
100696,2026-08-31,71329,4.29,49729
100875,2026-08-31,540256,4.22,49729
210072,2026-08-31,9253,4.20,49729
100825,2026-08-31,25202,4.05,49729
219300,2026-08-31,297799,3.66,49729
100830,2026-08-31,61315,3.56,49729
219494,2026-08-31,24152,3.55,49729
100820,2026-08-31,43476,3.53,49729
100182,2026-08-31,19458,3.24,49729
100188,2026-08-31,168459,3.07,49729
208280,2026-08-31,38005,3.05,49729
131642,2026-08-31,117688,2.95,49729
132725,2026-08-31,4795,2.95,49729
100480,2026-08-31,18870,2.95,49729
210590,2026-08-31,16935,2.90,49729
100331,2026-08-31,51085,2.64,49729
211337,2026-08-31,8609,2.49,49729
132466,2026-08-31,6164,2.36,49729
216156,2026-08-31,16971,2.36,49729
132827,2026-08-31,2037,2.23,49729
117354,2026-08-31,48631,1.85,49729
219700,2026-08-31,22681,1.72,49729
100408,2026-08-31,11761,1.29,49729
294320,2026-08-31,57429,1.03,49729
100180,2026-08-31,147102,3.39,50266
100247,2026-08-31,72000,0.93,50266
100114,2026-08-31,5688,0.92,50266
132174,2026-08-31,49259,2.34,50266
100112,2026-08-31,60089,2.08,50266
100696,2026-08-31,0,-0.04,50266
132725,2026-08-31,2673,1.75,50266
100209,2026-08-31,45670,1.69,50266
100325,2026-08-31,37661,1.57,50266
100034,2026-08-31,45251,1.56,50266
100510,2026-08-31,11205,1.48,50266
100300,2026-08-31,0,0.01,50266
302988,2026-08-31,117623,1.34,50266
214179,2026-08-31,50400,1.34,50266
252306,2026-08-31,115527,1.24,50266
286335,2026-08-31,32846,1.16,50266
124715,2026-08-31,0,0.03,50266
132343,2026-08-31,7982,1.13,50266
132755,2026-08-31,20230,1.07,50266
213838,2026-08-31,18670,0.99,50266
100790,2026-08-31,19690,0.96,50266
100493,2026-08-31,13917,0.96,50266
100420,2026-08-31,5637,0.93,50266
100049,2026-08-31,66630,0.90,50266
218071,2026-08-31,25425,0.86,50266
132454,2026-08-31,13713,0.81,50266
131642,2026-08-31,28800,0.77,50266
211840,2026-08-31,9745,0.77,50266
132779,2026-08-31,19170,0.76,50266
100093,2026-08-31,23880,0.71,50266
254962,2026-08-31,11930,0.71,50266
208883,2026-08-31,12160,0.68,50266
207872,2026-08-31,13428,0.68,50266
324034,2026-08-31,350750,0.65,50266
132830,2026-08-31,12331,0.61,50266
103806,2026-08-31,7328,0.61,50266
132488,2026-08-31,1935,0.60,50266
132898,2026-08-31,64800,0.56,50266
208364,2026-08-31,5280,0.53,50266
100067,2026-08-31,11030,0.53,50266
317635,2026-08-31,142328,0.51,50266
210072,2026-08-31,1050,0.51,50266
105790,2026-08-31,3805,0.50,50266
221790,2026-08-31,5110,0.50,50266
111243,2026-08-31,8010,0.49,50266
132432,2026-08-31,9971,0.48,50266
304682,2026-08-31,8100,0.46,50266
228974,2026-08-31,12000,0.46,50266
217379,2026-08-31,8980,0.46,50266
100228,2026-08-31,10620,0.45,50266
132539,2026-08-31,10836,0.45,50266
132644,2026-08-31,2624,0.44,50266
132777,2026-08-31,10202,0.44,50266
209550,2026-08-31,32920,0.43,50266
106395,2026-08-31,6876,0.43,50266
111218,2026-08-31,11700,0.42,50266
208766,2026-08-31,3700,0.41,50266
228049,2026-08-31,13964,0.41,50266
100440,2026-08-31,12240,0.41,50266
217389,2026-08-31,22788,0.40,50266
211385,2026-08-31,7110,0.40,50266
132540,2026-08-31,4900,0.38,50266
122205,2026-08-31,33300,0.37,50266
132810,2026-08-31,34014,0.37,50266
132331,2026-08-31,3040,0.36,50266
100477,2026-08-31,62234,0.36,50266
279664,2026-08-31,7380,0.36,50266
103100,2026-08-31,5417,0.34,50266
100520,2026-08-31,2930,0.31,50266
100547,2026-08-31,28800,0.30,50266
208607,2026-08-31,4720,0.26,50266
208280,2026-08-31,2870,0.25,50266
210590,2026-08-31,1232,0.22,50266
223478,2026-08-31,30115,0.22,50266
209232,2026-08-31,10780,0.22,50266
215367,2026-08-31,12680,0.21,50266
215477,2026-08-31,1720,0.16,50266
100180,2026-08-31,503971,11.84,47966
132174,2026-08-31,237063,11.39,47966
100325,2026-08-31,223727,9.53,47966
132454,2026-08-31,100739,6.11,47966
100510,2026-08-31,38651,5.16,47966
100112,2026-08-31,137341,4.83,47966
100209,2026-08-31,115319,4.31,47966
132215,2026-08-31,94580,4.02,47966
100247,2026-08-31,243370,3.37,47966
100520,2026-08-31,29600,3.26,47966
100034,2026-08-31,88513,3.12,47966
100875,2026-08-31,319005,2.71,47966
132540,2026-08-31,33492,2.62,47966
252306,2026-08-31,239321,2.60,47966
124715,2026-08-31,35687,2.31,47966
100114,2026-08-31,13506,2.29,47966
100696,2026-08-31,29519,1.95,47966
132500,2026-08-31,4267,1.91,47966
132555,2026-08-31,157110,1.71,47966
100470,2026-08-31,272421,1.66,47966
100049,2026-08-31,118424,1.63,47966
132281,2026-08-31,34983,1.52,47966
132538,2026-08-31,3897,1.49,47966
132921,2026-08-31,24379,1.32,47966
132898,2026-08-31,150688,1.32,47966
222055,2026-08-31,7417,1.27,47966
100820,2026-08-31,14909,1.27,47966
205198,2026-08-31,18527,1.24,47966
132755,2026-08-31,21061,1.13,47966
100251,2026-08-31,10932,1.04,47966
132541,2026-08-31,84619,5.74,4282
278580,2026-08-31,1725000,5.06,4282
287237,2026-08-31,2050001,4.84,4282
100034,2026-08-31,131500,4.75,4282
100510,2026-08-31,33007,4.56,4282
208883,2026-08-31,75000,4.40,4282
225154,2026-08-31,15850,4.12,4282
117334,2026-08-31,700000,4.08,4282
105200,2026-08-31,14497,3.94,4282
252306,2026-08-31,350000,3.92,4282
100114,2026-08-31,22000,3.83,4282
111218,2026-08-31,100000,3.79,4282
322541,2026-08-31,544019,3.57,4282
100878,2026-08-31,30500,3.56,4282
314935,2026-08-31,100000,3.54,4282
308764,2026-08-31,210000,3.45,4282
222055,2026-08-31,19107,3.42,4282
318188,2026-08-31,62637,3.25,4282
132921,2026-08-31,59000,3.21,4282
100180,2026-08-31,129000,3.12,4282
209078,2026-08-31,75497,3.02,4282
215690,2026-08-31,44473,2.73,4282
100850,2026-08-31,105000,2.65,4282
208461,2026-08-31,130000,2.31,4282
123457,2026-08-31,10434,2.28,4282
100570,2026-08-31,210000,2.22,4282
219494,2026-08-31,13500,2.21,4282
132174,2026-08-31,107938,5.44,48678
208883,2026-08-31,76663,4.57,48678
111218,2026-08-31,106680,4.11,48678
100247,2026-08-31,266000,3.87,48678
132921,2026-08-31,67156,3.71,48678
252306,2026-08-31,307852,3.50,48678
100034,2026-08-31,81545,2.99,48678
132488,2026-08-31,8400,2.76,48678
100112,2026-08-31,70648,2.60,48678
132215,2026-08-31,55000,2.48,48678
100180,2026-08-31,99851,2.46,48678
100049,2026-08-31,162060,2.33,48678
112599,2026-08-31,23100,2.29,48678
132461,2026-08-31,576000,2.28,48678
132454,2026-08-31,35226,2.21,48678
219300,2026-08-31,154867,2.16,48678
132822,2026-08-31,3359325,1.67,48678
100420,2026-08-31,9162,1.61,48678
217757,2026-08-31,38754,1.54,48678
100325,2026-08-31,33608,1.49,48678
100002,2026-08-31,5193,1.38,48678
108869,2026-08-31,4437,1.37,48678
208280,2026-08-31,14612,1.33,48678
208364,2026-08-31,12480,1.33,48678
132843,2026-08-31,41688,1.31,48678
208766,2026-08-31,11105,1.31,48678
103100,2026-08-31,19400,1.28,48678
210284,2026-08-31,59561,1.26,48678
322541,2026-08-31,187200,1.25,48678
320028,2026-08-31,11100,1.24,48678
132555,2026-08-31,106246,1.21,48678
271875,2026-08-31,20875,1.03,48678
100114,2026-08-31,5750,1.02,48678
100510,2026-08-31,7100,1.00,48678
228974,2026-08-31,24250,0.99,48678
100087,2026-08-31,19975,0.98,48678
132898,2026-08-31,104403,0.95,48678
111243,2026-08-31,14250,0.92,48678
132892,2026-08-31,25215,0.91,48678
100570,2026-08-31,83200,0.89,48678
222055,2026-08-31,4570,0.83,48678
132630,2026-08-31,30000,0.81,48678
223586,2026-08-31,35690,0.71,48678
208801,2026-08-31,224759,0.67,48678
229365,2026-08-31,72850,0.61,48678
294388,2026-08-31,8812,0.52,48678
100470,2026-08-31,71500,0.46,48678
100253,2026-08-31,20000,0.37,48678
100425,2026-08-31,25200,0.35,48678
100696,2026-08-31,3300,0.23,48678
132488,2026-08-31,14356,4.73,46360
132343,2026-08-31,26536,4.01,46360
322918,2026-08-31,235937,3.87,46360
219494,2026-08-31,21430,3.58,46360
209867,2026-08-31,468743,3.23,46360
111243,2026-08-31,48872,3.16,46360
117334,2026-08-31,499070,2.97,46360
100420,2026-08-31,16571,2.92,46360
100480,2026-08-31,15259,2.71,46360
100547,2026-08-31,228949,2.58,46360
100850,2026-08-31,99200,2.55,46360
223595,2026-08-31,18204,2.47,46360
100093,2026-08-31,77460,2.47,46360
100825,2026-08-31,13306,2.43,46360
100400,2026-08-31,188420,2.28,46360
209550,2026-08-31,154458,2.15,46360
208280,2026-08-31,23032,2.10,46360
100331,2026-08-31,35005,2.06,46360
130965,2026-08-31,422078,2.04,46360
100490,2026-08-31,4891,1.98,46360
132810,2026-08-31,164491,1.93,46360
132725,2026-08-31,2751,1.93,46360
132155,2026-08-31,304716,1.88,46360
100295,2026-08-31,191566,1.86,46360
271875,2026-08-31,37099,1.83,46360
132868,2026-08-31,72470,1.74,46360
132134,2026-08-31,209580,1.74,46360
132286,2026-08-31,41846,1.74,46360
132432,2026-08-31,33370,1.73,46360
100530,2026-08-31,979,1.70,46360
132483,2026-08-31,379673,1.68,46360
216156,2026-08-31,10491,1.66,46360
289554,2026-08-31,37873,1.60,46360
200055,2026-08-31,141103,1.59,46360
100002,2026-08-31,5928,1.58,46360
132461,2026-08-31,389062,1.55,46360
132477,2026-08-31,218285,1.43,46360
132424,2026-08-31,45399,1.42,46360
100550,2026-08-31,9986,1.40,46360
219442,2026-08-31,31339,1.31,46360
221790,2026-08-31,12114,1.26,46360
208361,2026-08-31,16107,1.24,46360
100387,2026-08-31,1510,1.22,46360
132321,2026-08-31,28262,1.14,46360
100188,2026-08-31,54326,1.13,46360
320028,2026-08-31,9990,1.12,46360
100425,2026-08-31,70430,0.98,46360
219700,2026-08-31,8582,0.74,46360
210850,2026-08-31,56864,0.73,46360
217280,2026-08-31,227231,0.66,46360
100180,2026-08-31,452009,11.84,35815
132174,2026-08-31,212620,11.39,35815
100325,2026-08-31,200662,9.53,35815
132454,2026-08-31,90352,6.11,35815
100510,2026-08-31,34677,5.17,35815
100112,2026-08-31,123185,4.83,35815
100209,2026-08-31,103436,4.31,35815
132215,2026-08-31,84834,4.02,35815
100247,2026-08-31,218282,3.37,35815
100520,2026-08-31,26552,3.26,35815
100034,2026-08-31,79394,3.12,35815
100875,2026-08-31,286115,2.71,35815
132540,2026-08-31,30043,2.62,35815
252306,2026-08-31,214645,2.60,35815
124715,2026-08-31,32019,2.31,35815
100114,2026-08-31,12111,2.29,35815
100696,2026-08-31,26478,1.95,35815
132500,2026-08-31,3822,1.90,35815
132555,2026-08-31,140908,1.71,35815
100470,2026-08-31,244340,1.66,35815
100049,2026-08-31,106222,1.63,35815
132281,2026-08-31,31386,1.52,35815
132538,2026-08-31,3495,1.49,35815
132921,2026-08-31,21864,1.32,35815
132898,2026-08-31,135152,1.32,35815
222055,2026-08-31,6650,1.27,35815
100820,2026-08-31,13369,1.27,35815
205198,2026-08-31,16613,1.24,35815
132755,2026-08-31,18890,1.13,35815
100251,2026-08-31,9804,1.04,35815
210072,2026-08-31,8675,4.76,45718
100830,2026-08-31,60748,4.26,45718
207901,2026-08-31,34148,4.14,45718
100182,2026-08-31,18542,3.74,45718
131642,2026-08-31,114381,3.47,45718
210590,2026-08-31,16279,3.37,45718
211337,2026-08-31,8118,2.84,45718
132466,2026-08-31,5852,2.71,45718
132827,2026-08-31,1991,2.64,45718
100660,2026-08-31,22980,2.59,45718
132541,2026-08-31,34675,2.55,45718
209078,2026-08-31,53412,2.32,45718
190059,2026-08-31,26514,2.18,45718
126371,2026-08-31,667225,2.18,45718
117569,2026-08-31,10022,2.13,45718
117354,2026-08-31,46224,2.13,45718
126299,2026-08-31,22952,2.06,45718
296765,2026-08-31,1617,2.02,45718
212427,2026-08-31,10105,1.99,45718
100488,2026-08-31,1993,1.91,45718
132259,2026-08-31,2898,1.90,45718
228974,2026-08-31,43582,1.89,45718
132522,2026-08-31,166810,1.85,45718
132814,2026-08-31,54286,1.80,45718
190071,2026-08-31,10538,1.77,45718
132331,2026-08-31,12940,1.72,45718
208412,2026-08-31,96035,1.71,45718
100575,2026-08-31,38032,1.68,45718
106395,2026-08-31,23384,1.65,45718
109930,2026-08-31,12207,1.61,45718
100096,2026-08-31,111087,1.57,45718
132525,2026-08-31,514104,1.56,45718
100092,2026-08-31,8631,1.54,45718
132892,2026-08-31,39011,1.50,45718
105790,2026-08-31,10060,1.49,45718
100408,2026-08-31,11245,1.49,45718
123642,2026-08-31,16924,1.48,45718
132830,2026-08-31,25390,1.43,45718
109480,2026-08-31,74377,1.37,45718
102355,2026-08-31,16100,1.36,45718
269404,2026-08-31,13103,1.35,45718
132683,2026-08-31,8009,1.26,45718
268618,2026-08-31,9403,1.25,45718
132889,2026-08-31,28100,1.22,45718
123395,2026-08-31,981,1.21,45718
294320,2026-08-31,52504,1.14,45718
100163,2026-08-31,14505,1.13,45718
215477,2026-08-31,9932,1.05,45718
212705,2026-08-31,21818,1.03,45718
117174,2026-08-31,673,0.88,45718
227331,2026-08-31,109252,3.29,48248
190003,2026-08-31,218552,2.86,48248
271022,2026-08-31,80012,2.69,48248
132178,2026-08-31,270258,2.67,48248
301987,2026-08-31,49463,2.62,48248
132796,2026-08-31,32279,2.53,48248
217400,2026-08-31,117882,2.52,48248
119600,2026-08-31,61596,2.51,48248
117206,2026-08-31,10485,2.46,48248
211130,2026-08-31,117994,2.40,48248
124091,2026-08-31,55725,2.37,48248
314657,2026-08-31,39360,2.32,48248
218761,2026-08-31,83383,2.23,48248
122249,2026-08-31,77551,2.19,48248
273033,2026-08-31,727047,2.03,48248
303575,2026-08-31,289444,1.97,48248
275316,2026-08-31,16817,1.90,48248
109488,2026-08-31,70249,1.86,48248
280713,2026-08-31,203161,1.81,48248
209165,2026-08-31,73326,1.81,48248
132215,2026-08-31,36218,1.77,48248
295768,2026-08-31,127783,1.65,48248
111196,2026-08-31,55150,1.65,48248
190013,2026-08-31,38005,1.64,48248
222255,2026-08-31,33631,1.64,48248
132689,2026-08-31,35788,1.63,48248
216147,2026-08-31,133745,1.61,48248
284232,2026-08-31,104598,1.60,48248
100164,2026-08-31,37286,1.59,48248
124742,2026-08-31,16572,1.57,48248
130343,2026-08-31,122811,1.55,48248
100247,2026-08-31,97056,1.53,48248
295966,2026-08-31,255103,1.50,48248
124226,2026-08-31,215378,1.44,48248
221083,2026-08-31,699780,1.42,48248
209492,2026-08-31,41529,1.36,48248
302921,2026-08-31,14220,1.33,48248
210258,2026-08-31,68216,1.33,48248
100180,2026-08-31,46888,1.25,48248
132210,2026-08-31,141252,1.22,48248
213429,2026-08-31,301915,1.21,48248
100209,2026-08-31,27406,1.17,48248
267615,2026-08-31,23953,1.14,48248
105283,2026-08-31,40242,1.08,48248
220884,2026-08-31,182823,1.04,48248
210036,2026-08-31,35375,1.04,48248
132440,2026-08-31,9967,1.01,48248
132187,2026-08-31,25925,0.99,48248
234556,2026-08-31,101775,0.93,48248
123704,2026-08-31,13344,0.88,48248
215216,2026-08-31,2012,0.85,48248
316574,2026-08-31,37666,0.76,48248
249927,2026-08-31,81443,0.76,48248
221194,2026-08-31,14029,0.68,48248
132175,2026-08-31,13918,0.62,48248
132400,2026-08-31,52285,0.57,48248
132425,2026-08-31,20469,0.03,48248
325089,2026-08-31,27147,0.14,48248
100850,2026-08-31,733522,20.51,48992
222055,2026-08-31,102199,20.27,48992
132754,2026-08-31,4282660,15.19,48992
215367,2026-08-31,470978,8.85,48992
318678,2026-08-31,1348319,8.18,48992
208412,2026-08-31,362989,6.62,48992
207959,2026-08-31,85959,2.94,48992
304682,2026-08-31,41346,2.73,48992
208045,2026-08-31,512369,2.69,48992
100840,2026-08-31,238412,2.55,48992
303107,2026-08-31,284771,2.53,48992
213429,2026-08-31,597632,2.41,48992
317201,2026-08-31,97085,2.10,48992
281585,2026-08-31,145761,1.33,48992
228017,2026-08-31,21940,1.08,48992
252306,2026-08-31,304000,3.79,50268
100034,2026-08-31,73025,2.94,50268
132174,2026-08-31,50762,2.81,50268
242461,2026-08-31,175762,2.74,50268
100420,2026-08-31,13750,2.65,50268
208883,2026-08-31,40393,2.64,50268
232793,2026-08-31,20270,2.44,50268
190003,2026-08-31,183500,2.43,50268
221033,2026-08-31,84250,2.42,50268
289108,2026-08-31,133750,2.32,50268
211595,2026-08-31,260500,2.30,50268
132215,2026-08-31,46075,2.28,50268
132488,2026-08-31,6250,2.25,50268
222055,2026-08-31,10900,2.17,50268
117569,2026-08-31,9836,2.15,50268
100325,2026-08-31,44175,2.15,50268
218763,2026-08-31,28871,2.12,50268
132541,2026-08-31,27500,2.08,50268
132497,2026-08-31,12100,2.06,50268
100510,2026-08-31,13355,2.05,50268
254493,2026-08-31,28000,2.00,50268
132454,2026-08-31,28500,1.96,50268
132504,2026-08-31,5800,1.91,50268
100093,2026-08-31,54625,1.90,50268
132683,2026-08-31,11272,1.83,50268
112599,2026-08-31,16404,1.78,50268
132889,2026-08-31,39656,1.78,50268
100520,2026-08-31,14075,1.76,50268
219494,2026-08-31,9600,1.75,50268
271875,2026-08-31,32200,1.74,50268
122275,2026-08-31,9994,1.69,50268
132755,2026-08-31,26050,1.61,50268
293602,2026-08-31,70440,1.59,50268
132822,2026-08-31,2803701,1.53,50268
228974,2026-08-31,33090,1.48,50268
100271,2026-08-31,24400,1.46,50268
209550,2026-08-31,90500,1.38,50268
269404,2026-08-31,13000,1.37,50268
103806,2026-08-31,14000,1.36,50268
132523,2026-08-31,84000,1.32,50268
293862,2026-08-31,122500,1.31,50268
111072,2026-08-31,14954,1.31,50268
100209,2026-08-31,29050,1.25,50268
105790,2026-08-31,8200,1.25,50268
278580,2026-08-31,380000,1.24,50268
228049,2026-08-31,36500,1.24,50268
208461,2026-08-31,56000,1.11,50268
100049,2026-08-31,66963,1.06,50268
316574,2026-08-31,50131,1.02,50268
280713,2026-08-31,113000,1.01,50268
132644,2026-08-31,4600,0.90,50268
100150,2026-08-31,23754,5.83,39495
106401,2026-08-31,70000,4.67,39495
322918,2026-08-31,250000,4.49,39495
100510,2026-08-31,27650,4.26,39495
100247,2026-08-31,260750,4.17,39495
131531,2026-08-31,90000,4.08,39495
132454,2026-08-31,57192,3.95,39495
100444,2026-08-31,165581,3.86,39495
214179,2026-08-31,123000,3.81,39495
131213,2026-08-31,270000,3.50,39495
132830,2026-08-31,60000,3.48,39495
289108,2026-08-31,187000,3.25,39495
132843,2026-08-31,90000,3.11,39495
252076,2026-08-31,30000,2.88,39495
216719,2026-08-31,165716,2.86,39495
100645,2026-08-31,52109,2.80,39495
205198,2026-08-31,35000,2.70,39495
273033,2026-08-31,952000,2.68,39495
100180,2026-08-31,98000,2.65,39495
132523,2026-08-31,150000,2.36,39495
132215,2026-08-31,46300,2.29,39495
293862,2026-08-31,200000,2.15,39495
106076,2026-08-31,27350,2.11,39495
100477,2026-08-31,300000,2.01,39495
132508,2026-08-31,75000,2.01,39495
100165,2026-08-31,259483,1.91,39495
213429,2026-08-31,450000,1.82,39495
132683,2026-08-31,11222,1.82,39495
251791,2026-08-31,189000,1.79,39495
226611,2026-08-31,340068,1.63,39495
215367,2026-08-31,84400,1.60,39495
200007,2026-08-31,200000,1.55,39495
200057,2026-08-31,130000,1.42,39495
267615,2026-08-31,13307,0.64,39495
100209,2026-08-31,668809,28.93,48568
132540,2026-08-31,221788,20.30,48568
132281,2026-08-31,229023,11.46,48568
132755,2026-08-31,169797,10.55,48568
132541,2026-08-31,93049,7.05,48568
210590,2026-08-31,29053,6.20,48568
107685,2026-08-31,724068,5.10,48568
216156,2026-08-31,24831,4.30,48568
126299,2026-08-31,35391,3.28,48568
132466,2026-08-31,6362,3.04,48568
132454,2026-08-31,134652,9.40,49106
100520,2026-08-31,67943,8.59,49106
100875,2026-08-31,733606,7.22,49106
252306,2026-08-31,550187,6.96,49106
100114,2026-08-31,31420,6.18,49106
132500,2026-08-31,9923,5.18,49106
100696,2026-08-31,67512,5.12,49106
200132,2026-08-31,8427,3.94,49106
100820,2026-08-31,34414,3.52,49106
222055,2026-08-31,17222,3.47,49106
105200,2026-08-31,10490,3.22,49106
100790,2026-08-31,54563,3.15,49106
132343,2026-08-31,17878,2.99,49106
100251,2026-08-31,25320,2.81,49106
108869,2026-08-31,7830,2.69,49106
209867,2026-08-31,315781,2.41,49106
218071,2026-08-31,56638,2.27,49106
100182,2026-08-31,9878,2.07,49106
100800,2026-08-31,49556,1.98,49106
100850,2026-08-31,66829,1.90,49106
223595,2026-08-31,12261,1.84,49106
100825,2026-08-31,8959,1.81,49106
210072,2026-08-31,3157,1.81,49106
100400,2026-08-31,126929,1.70,49106
209550,2026-08-31,104049,1.61,49106
132777,2026-08-31,29134,1.47,49106
132868,2026-08-31,48821,1.30,49106
132432,2026-08-31,22479,1.29,49106
132424,2026-08-31,30581,1.06,49106
117354,2026-08-31,19178,0.92,49106
100180,2026-08-31,89020,2.48,30400
132174,2026-08-31,43400,2.48,30400
100510,2026-08-31,10445,1.66,30400
100112,2026-08-31,38400,1.60,30400
132500,2026-08-31,2450,1.30,30400
132538,2026-08-31,2650,1.19,30400
132215,2026-08-31,22500,1.15,30400
320350,2026-08-31,160301,1.05,30400
100247,2026-08-31,63400,1.04,30400
100034,2026-08-31,23800,0.99,30400
237831,2026-08-31,65750,0.88,30400
233063,2026-08-31,33281,0.87,30400
228049,2026-08-31,24000,0.84,30400
208361,2026-08-31,9200,0.80,30400
207950,2026-08-31,13875,0.76,30400
226611,2026-08-31,153000,0.76,30400
132343,2026-08-31,4350,0.74,30400
122113,2026-08-31,5780,0.71,30400
214179,2026-08-31,22300,0.71,30400
132488,2026-08-31,1900,0.71,30400
132504,2026-08-31,2000,0.68,30400
239342,2026-08-31,14128,0.67,30400
105790,2026-08-31,4250,0.67,30400
100331,2026-08-31,10000,0.66,30400
100820,2026-08-31,6300,0.66,30400
205198,2026-08-31,7850,0.62,30400
215367,2026-08-31,31600,0.62,30400
100850,2026-08-31,21000,0.61,30400
132755,2026-08-31,9500,0.61,30400
100411,2026-08-31,3900,0.60,30400
302988,2026-08-31,43392,0.60,30400
132541,2026-08-31,7550,0.59,30400
106076,2026-08-31,7309,0.58,30400
200515,2026-08-31,5750,0.57,30400
100038,2026-08-31,21000,0.57,30400
220018,2026-08-31,7500,0.55,30400
100002,2026-08-31,1728,0.52,30400
109480,2026-08-31,26000,0.51,30400
222055,2026-08-31,2400,0.49,30400
208238,2026-08-31,6100,0.48,30400
132868,2026-08-31,17500,0.47,30400
100575,2026-08-31,10000,0.47,30400
117174,2026-08-31,330,0.46,30400
132779,2026-08-31,9600,0.46,30400
216156,2026-08-31,2500,0.45,30400
132523,2026-08-31,27000,0.44,30400
218756,2026-08-31,15000,0.40,30400
132827,2026-08-31,260,0.37,30400
113519,2026-08-31,8339,0.36,30400
317832,2026-08-31,137780,0.32,30400
113375,2026-08-31,6900,0.30,30400
100133,2026-08-31,550,0.13,30400
100233,2026-08-31,2702,0.13,30400
208883,2026-08-31,47371,3.28,4198
304549,2026-08-31,49357,2.86,4198
132174,2026-08-31,48500,2.84,4198
100180,2026-08-31,98262,2.81,4198
190003,2026-08-31,199000,2.79,4198
100325,2026-08-31,53400,2.75,4198
275316,2026-08-31,20655,2.49,4198
132454,2026-08-31,32950,2.41,4198
132541,2026-08-31,28500,2.28,4198
132843,2026-08-31,61476,2.25,4198
132432,2026-08-31,37100,2.23,4198
100112,2026-08-31,50200,2.14,4198
100034,2026-08-31,48500,2.07,4198
252306,2026-08-31,156000,2.06,4198
100247,2026-08-31,121500,2.05,4198
297249,2026-08-31,73928,2.04,4198
228017,2026-08-31,38198,2.00,4198
283206,2026-08-31,81507,1.97,4198
101423,2026-08-31,14837,1.96,4198
132720,2026-08-31,130000,1.95,4198
132286,2026-08-31,40000,1.92,4198
131213,2026-08-31,139300,1.91,4198
111218,2026-08-31,41400,1.85,4198
211595,2026-08-31,194975,1.83,4198
100510,2026-08-31,11172,1.82,4198
100530,2026-08-31,900,1.81,4198
216719,2026-08-31,97568,1.78,4198
200132,2026-08-31,3606,1.76,4198
132504,2026-08-31,4800,1.68,4198
217757,2026-08-31,36200,1.68,4198
100271,2026-08-31,26400,1.67,4198
132259,2026-08-31,2325,1.66,4198
207901,2026-08-31,12500,1.65,4198
210590,2026-08-31,7000,1.58,4198
132500,2026-08-31,2856,1.56,4198
132755,2026-08-31,23750,1.56,4198
209867,2026-08-31,194000,1.55,4198
100520,2026-08-31,11675,1.54,4198
318188,2026-08-31,25045,1.53,4198
200115,2026-08-31,46045,1.52,4198
100144,2026-08-31,30100,1.51,4198
236257,2026-08-31,116183,1.49,4198
315904,2026-08-31,715000,1.36,4198
213838,2026-08-31,20350,1.34,4198
130005,2026-08-31,87767,1.31,4198
100135,2026-08-31,122000,1.29,4198
132805,2026-08-31,89000,1.28,4198
100163,2026-08-31,14835,1.26,4198
105192,2026-08-31,6000,1.23,4198
100440,2026-08-31,30000,1.23,4198
100314,2026-08-31,210000,1.18,4198
318418,2026-08-31,47602,1.17,4198
132321,2026-08-31,22000,1.03,4198
220527,2026-08-31,85000,0.83,4198
322066,2026-08-31,20731,0.11,4198
132174,2026-08-31,361653,22.05,49146
100247,2026-08-31,1177954,20.71,49146
132215,2026-08-31,347918,18.96,49146
100180,2026-08-31,626281,18.62,49146
100469,2026-08-31,394335,5.90,49146
132187,2026-08-31,105379,4.49,49146
278580,2026-08-31,1061522,3.83,49146
132648,2026-08-31,2810266,2.69,49146
209068,2026-08-31,98882,1.58,49146
279527,2026-08-31,145964,1.00,49146
132218,2026-08-31,2300000,4.45,49807
132454,2026-08-31,51052,3.92,49807
132174,2026-08-31,61331,3.78,49807
221267,2026-08-31,520000,3.47,49807
227347,2026-08-31,47000,3.44,49807
100325,2026-08-31,62000,3.36,49807
132921,2026-08-31,47000,3.17,49807
100510,2026-08-31,17000,2.91,49807
100247,2026-08-31,160000,2.84,49807
108869,2026-08-31,6702,2.53,49807
132808,2026-08-31,23000,2.40,49807
132215,2026-08-31,42601,2.35,49807
124404,2026-08-31,170000,2.32,49807
119156,2026-08-31,6800,2.21,49807
100112,2026-08-31,48002,2.16,49807
267465,2026-08-31,46000,2.13,49807
100180,2026-08-31,70000,2.10,49807
219494,2026-08-31,10000,2.04,49807
301578,2026-08-31,60000,1.72,49807
215477,2026-08-31,13500,1.64,49807
218533,2026-08-31,20000,1.62,49807
200132,2026-08-31,3063,1.57,49807
274045,2026-08-31,26000,1.56,49807
308020,2026-08-31,42502,1.52,49807
100420,2026-08-31,7000,1.50,49807
324996,2026-08-31,80000,1.48,49807
132555,2026-08-31,105000,1.46,49807
318618,2026-08-31,68077,1.33,49807
117544,2026-08-31,9000,1.31,49807
132466,2026-08-31,2455,1.30,49807
269404,2026-08-31,11000,1.30,49807
132343,2026-08-31,7000,1.29,49807
317106,2026-08-31,20000,1.22,49807
209902,2026-08-31,100000,1.22,49807
132805,2026-08-31,80000,1.21,49807
301987,2026-08-31,20000,1.19,49807
132162,2026-08-31,70000,1.18,49807
217757,2026-08-31,24000,1.17,49807
100660,2026-08-31,9000,1.16,49807
100520,2026-08-31,8000,1.11,49807
208280,2026-08-31,10000,1.11,49807
132755,2026-08-31,15001,1.04,49807
235955,2026-08-31,20000,0.99,49807
221661,2026-08-31,47501,0.94,49807
315904,2026-08-31,450000,0.90,49807
200054,2026-08-31,60000,0.88,49807
126299,2026-08-31,8100,0.83,49807
100470,2026-08-31,100000,0.78,49807
205250,2026-08-31,6565,0.73,49807
318678,2026-08-31,100000,0.68,49807
111196,2026-08-31,20000,0.67,49807
209370,2026-08-31,1043,0.04,49807
100180,2026-08-31,557087,17.01,48148
132174,2026-08-31,237039,14.84,48148
100112,2026-08-31,224792,10.26,48148
100247,2026-08-31,546548,9.87,48148
132215,2026-08-31,164117,9.19,48148
100469,2026-08-31,465036,7.14,48148
132187,2026-08-31,124272,5.44,48148
286335,2026-08-31,103004,4.82,48148
278580,2026-08-31,1262143,4.67,48148
132134,2026-08-31,338023,3.47,48148
132461,2026-08-31,685074,3.37,48148
132648,2026-08-31,3387631,3.33,48148
132483,2026-08-31,608055,3.32,48148
132477,2026-08-31,389712,3.17,48148
100325,2026-08-31,397803,22.69,49326
100510,2026-08-31,71518,12.80,49326
100520,2026-08-31,54761,8.07,49326
132540,2026-08-31,48698,5.11,49326
100114,2026-08-31,19630,4.46,49326
100440,2026-08-31,87965,3.97,49326
132538,2026-08-31,7209,3.68,49326
100300,2026-08-31,22892,3.37,49326
100228,2026-08-31,56836,3.31,49326
132921,2026-08-31,45092,3.27,49326
100470,2026-08-31,396053,3.24,49326
132755,2026-08-31,38958,2.81,49326
112599,2026-08-31,20549,2.66,49326
209867,2026-08-31,247694,2.18,49326
322918,2026-08-31,100895,2.11,49326
100251,2026-08-31,15892,2.03,49326
100800,2026-08-31,30919,1.43,49326
100570,2026-08-31,100898,1.42,49326
100850,2026-08-31,42423,1.35,49326
271875,2026-08-31,19837,1.29,49326
100400,2026-08-31,79872,1.23,49326
132286,2026-08-31,22460,1.16,49326
216156,2026-08-31,5621,1.13,49326
289554,2026-08-31,20149,1.09,49326
132822,2026-08-31,1656626,1.07,49326
208461,2026-08-31,32243,0.76,49326
100425,2026-08-31,38269,0.68,49326
132508,2026-08-31,19160,0.60,49326
100575,2026-08-31,10815,0.58,49326
100483,2026-08-31,5616,0.43,49326
100325,2026-08-31,32282,1.88,9765
132174,2026-08-31,26046,1.73,9765
100180,2026-08-31,46295,1.50,9765
100209,2026-08-31,24458,1.26,9765
100087,2026-08-31,16332,1.05,9765
132555,2026-08-31,61472,0.92,9765
100112,2026-08-31,18959,0.92,9765
100247,2026-08-31,46619,0.89,9765
132454,2026-08-31,10345,0.85,9765
132488,2026-08-31,1478,0.64,9765
100520,2026-08-31,3984,0.60,9765
100510,2026-08-31,3163,0.58,9765
108869,2026-08-31,1303,0.53,9765
100114,2026-08-31,2228,0.52,9765
217389,2026-08-31,20515,0.51,9765
100825,2026-08-31,2120,0.51,9765
100875,2026-08-31,42152,0.49,9765
216156,2026-08-31,2342,0.48,9765
111243,2026-08-31,4399,0.37,9765
124715,2026-08-31,3349,0.30,9765
132540,2026-08-31,2367,0.26,9765
132755,2026-08-31,3391,0.25,9765
132215,2026-08-31,4144,0.25,9765
100034,2026-08-31,4095,0.20,9765
100696,2026-08-31,1784,0.16,9765
222055,2026-08-31,615,0.15,9765
132281,2026-08-31,1591,0.10,9765
100547,2026-08-31,4911,0.07,9765
322918,2026-08-31,1378,0.03,9765
190071,2026-08-31,140,0.03,9765
271867,2026-08-31,128402,11.22,48764
100257,2026-08-31,80145,8.01,48764
124804,2026-08-31,91348,7.16,48764
132843,2026-08-31,171978,7.12,48764
132296,2026-08-31,49690,5.62,48764
212427,2026-08-31,19310,4.70,48764
132523,2026-08-31,235451,4.43,48764
124494,2026-08-31,45841,4.13,48764
211840,2026-08-31,37362,4.13,48764
235355,2026-08-31,26296,3.46,48764
209147,2026-08-31,45533,3.03,48764
124558,2026-08-31,2846,2.99,48764
221645,2026-08-31,85553,2.95,48764
221033,2026-08-31,83556,2.88,48764
232793,2026-08-31,17115,2.47,48764
132300,2026-08-31,27253,2.34,48764
132331,2026-08-31,13899,2.29,48764
218763,2026-08-31,25719,2.27,48764
100488,2026-08-31,1719,2.03,48764
307332,2026-08-31,205264,2.01,48764
218533,2026-08-31,22802,1.98,48764
279664,2026-08-31,28259,1.91,48764
100660,2026-08-31,13659,1.90,48764
132482,2026-08-31,47891,1.81,48764
318188,2026-08-31,25952,1.80,48764
209373,2026-08-31,62742,1.15,48764
124816,2026-08-31,29650,1.14,48764
297629,2026-08-31,53695,1.12,48764
100680,2026-08-31,5001,1.07,48764
131768,2026-08-31,12605,1.01,48764
271867,2026-08-31,70637,6.34,49080
208766,2026-08-31,36161,5.76,49080
132234,2026-08-31,294709,5.27,49080
100295,2026-08-31,359201,4.69,49080
132822,2026-08-31,6872103,4.62,49080
122275,2026-08-31,20330,4.24,49080
209867,2026-08-31,447079,4.15,49080
296765,2026-08-31,2584,4.09,49080
220350,2026-08-31,250704,3.77,49080
100440,2026-08-31,76290,3.63,49080
271875,2026-08-31,53612,3.56,49080
242461,2026-08-31,179237,3.44,49080
100103,2026-08-31,162290,3.37,49080
100480,2026-08-31,13757,3.29,49080
100113,2026-08-31,354191,3.24,49080
111218,2026-08-31,60605,3.15,49080
100493,2026-08-31,30350,3.00,49080
132296,2026-08-31,25366,2.95,49080
211337,2026-08-31,6476,2.87,49080
208883,2026-08-31,33042,2.66,49080
207901,2026-08-31,16756,2.58,49080
221790,2026-08-31,18201,2.54,49080
100477,2026-08-31,287513,2.37,49080
100469,2026-08-31,139334,2.33,49080
286335,2026-08-31,43942,2.24,49080
289554,2026-08-31,38380,2.19,49080
132814,2026-08-31,51670,2.18,49080
105200,2026-08-31,5480,2.04,49080
302988,2026-08-31,109737,1.80,49080
132843,2026-08-31,35467,1.51,49080
132174,2026-08-31,194447,13.40,48897
100180,2026-08-31,329212,11.07,48897
208883,2026-08-31,102907,8.38,48897
100034,2026-08-31,146739,7.35,48897
100112,2026-08-31,126118,6.34,48897
111218,2026-08-31,92712,4.88,48897
223586,2026-08-31,174226,4.77,48897
132892,2026-08-31,84851,4.20,48897
132215,2026-08-31,65726,4.05,48897
111243,2026-08-31,39328,3.46,48897
208766,2026-08-31,21298,3.43,48897
217757,2026-08-31,59536,3.24,48897
303180,2026-08-31,15552,2.71,48897
111072,2026-08-31,20058,2.19,48897
132210,2026-08-31,192133,2.09,48897
228974,2026-08-31,35055,1.95,48897
210036,2026-08-31,51375,1.90,48897
124000,2026-08-31,79568,1.75,48897
242461,2026-08-31,87400,1.70,48897
322541,2026-08-31,177900,1.62,48897
208280,2026-08-31,12274,1.53,48897
208364,2026-08-31,10024,1.46,48897
209078,2026-08-31,20733,1.15,48897
267615,2026-08-31,18124,1.08,48897
132922,2026-08-31,174637,1.05,48897
254493,2026-08-31,10300,0.92,48897
278580,2026-08-31,221700,0.90,48897
215605,2026-08-31,104800,0.75,48897
100180,2026-08-31,35396,1.20,1018
132174,2026-08-31,15500,1.07,1018
132215,2026-08-31,17100,1.06,1018
100112,2026-08-31,19000,0.96,1018
100325,2026-08-31,13300,0.81,1018
252306,2026-08-31,50000,0.78,1018
100209,2026-08-31,13663,0.74,1018
100520,2026-08-31,4500,0.70,1018
100049,2026-08-31,35400,0.70,1018
100510,2026-08-31,3600,0.69,1018
132454,2026-08-31,7500,0.65,1018
131642,2026-08-31,13000,0.51,1018
222961,2026-08-31,4814,0.48,1018
100825,2026-08-31,1800,0.45,1018
111243,2026-08-31,5000,0.44,1018
132538,2026-08-31,800,0.44,1018
100087,2026-08-31,6500,0.44,1018
100400,2026-08-31,25000,0.41,1018
235506,2026-08-31,14648,0.41,1018
254493,2026-08-31,4500,0.40,1018
209068,2026-08-31,22000,0.40,1018
100470,2026-08-31,43000,0.38,1018
225154,2026-08-31,1000,0.36,1018
103100,2026-08-31,4000,0.36,1018
229852,2026-08-31,46000,0.36,1018
209902,2026-08-31,25000,0.34,1018
100477,2026-08-31,40000,0.33,1018
208361,2026-08-31,3000,0.32,1018
100124,2026-08-31,5700,0.31,1018
210072,2026-08-31,400,0.28,1018
279664,2026-08-31,3713,0.26,1018
217379,2026-08-31,3500,0.26,1018
100086,2026-08-31,12000,0.25,1018
222055,2026-08-31,1000,0.25,1018
233063,2026-08-31,7199,0.23,1018
132667,2026-08-31,100000,0.23,1018
304682,2026-08-31,2500,0.21,1018
100084,2026-08-31,29603,0.21,1018
222255,2026-08-31,3220,0.20,1018
219494,2026-08-31,800,0.18,1018
213046,2026-08-31,10000,0.15,1018
122113,2026-08-31,255,0.04,1018
213429,2026-08-31,4569,0.02,1018
132830,2026-08-31,301,0.02,1018
100180,2026-08-31,503606,17.01,49104
132174,2026-08-31,214285,14.85,49104
100112,2026-08-31,203212,10.26,49104
100247,2026-08-31,494071,9.87,49104
132215,2026-08-31,148359,9.19,49104
100469,2026-08-31,420389,7.14,49104
132187,2026-08-31,112341,5.44,49104
286335,2026-08-31,93115,4.82,49104
278580,2026-08-31,1140973,4.67,49104
132134,2026-08-31,305570,3.47,49104
132461,2026-08-31,619303,3.37,49104
132648,2026-08-31,3062393,3.33,49104
132483,2026-08-31,549681,3.32,49104
132477,2026-08-31,352296,3.17,49104
100180,2026-08-31,158669,5.36,19878
132174,2026-08-31,72458,5.02,19878
132540,2026-08-31,42421,4.85,19878
100247,2026-08-31,221367,4.43,19878
100209,2026-08-31,78797,4.26,19878
100086,2026-08-31,171833,3.61,19878
132215,2026-08-31,55623,3.45,19878
131344,2026-08-31,135726,3.31,19878
210258,2026-08-31,133458,3.29,19878
100182,2026-08-31,12487,3.24,19878
217389,2026-08-31,123977,3.21,19878
132755,2026-08-31,41343,3.21,19878
280713,2026-08-31,281261,3.16,19878
132454,2026-08-31,34447,2.97,19878
100112,2026-08-31,58360,2.95,19878
100087,2026-08-31,43634,2.93,19878
217400,2026-08-31,107584,2.91,19878
216147,2026-08-31,187554,2.85,19878
217379,2026-08-31,37464,2.80,19878
132155,2026-08-31,322943,2.73,19878
107685,2026-08-31,294625,2.59,19878
100253,2026-08-31,100004,2.57,19878
100124,2026-08-31,46297,2.55,19878
208238,2026-08-31,25968,2.49,19878
209979,2026-08-31,42443,2.13,19878
132187,2026-08-31,42971,2.08,19878
225051,2026-08-31,65845,2.02,19878
234556,2026-08-31,163070,1.89,19878
200132,2026-08-31,3088,1.79,19878
100520,2026-08-31,9403,1.47,19878
249927,2026-08-31,99830,1.18,19878
100470,2026-08-31,34935,0.31,19878
325089,2026-08-31,33276,0.21,19878
124715,2026-08-31,88832,8.48,33878
100790,2026-08-31,114926,8.27,33878
108869,2026-08-31,19113,8.18,33878
100696,2026-08-31,60313,5.71,33878
100800,2026-08-31,98315,4.91,33878
100875,2026-08-31,398851,4.90,33878
100087,2026-08-31,69985,4.74,33878
132755,2026-08-31,58712,4.60,33878
219300,2026-08-31,225006,4.35,33878
100124,2026-08-31,56231,3.12,33878
132454,2026-08-31,21738,1.89,33878
100820,2026-08-31,11345,1.45,33878
200132,2026-08-31,2108,1.23,33878
132281,2026-08-31,19271,1.22,33878
252306,2026-08-31,74278,1.17,33878
132540,2026-08-31,10046,1.16,33878
100114,2026-08-31,4636,1.14,33878
105200,2026-08-31,2866,1.10,33878
100209,2026-08-31,19959,1.09,33878
205198,2026-08-31,11196,1.09,33878
100440,2026-08-31,21888,1.07,33878
100228,2026-08-31,16976,1.07,33878
100300,2026-08-31,6555,1.06,33878
107685,2026-08-31,119400,1.06,33878
100247,2026-08-31,52030,1.05,33878
111218,2026-08-31,19477,1.04,33878
132174,2026-08-31,14840,1.04,33878
100034,2026-08-31,20400,1.04,33878
100520,2026-08-31,6543,1.03,33878
100112,2026-08-31,19756,1.01,33878
229365,2026-08-31,86663,1.01,33878
100049,2026-08-31,50056,1.00,33878
100510,2026-08-31,5118,1.00,33878
132538,2026-08-31,1801,0.99,33878
100312,2026-08-31,88047,0.98,33878
100470,2026-08-31,110703,0.98,33878
100325,2026-08-31,15938,0.98,33878
211385,2026-08-31,11643,0.97,33878
222055,2026-08-31,3816,0.96,33878
132215,2026-08-31,15247,0.95,33878
217389,2026-08-31,36362,0.95,33878
132500,2026-08-31,1448,0.94,33878
218071,2026-08-31,18428,0.92,33878
132898,2026-08-31,72088,0.91,33878
132555,2026-08-31,57992,0.91,33878
112599,2026-08-31,6538,0.90,33878
100570,2026-08-31,60054,0.89,33878
100180,2026-08-31,26103,0.89,33878
100251,2026-08-31,6262,0.87,33878
132921,2026-08-31,11032,0.85,33878
132174,2026-08-31,93662,6.67,835
100180,2026-08-31,183694,6.38,835
132454,2026-08-31,40560,3.60,835
100325,2026-08-31,55736,3.49,835
100510,2026-08-31,15247,3.02,835
100209,2026-08-31,52345,2.91,835
100112,2026-08-31,45570,2.37,835
100114,2026-08-31,9020,2.26,835
100034,2026-08-31,42033,2.18,835
214179,2026-08-31,43195,1.72,835
209147,2026-08-31,22999,1.65,835
132898,2026-08-31,109800,1.42,835
100420,2026-08-31,5676,1.41,835
132539,2026-08-31,22478,1.41,835
218071,2026-08-31,27000,1.38,835
252306,2026-08-31,83808,1.35,835
132538,2026-08-31,2395,1.34,835
100520,2026-08-31,7890,1.27,835
293537,2026-08-31,19936,1.22,835
210072,2026-08-31,1670,1.22,835
132725,2026-08-31,1215,1.20,835
208766,2026-08-31,6825,1.14,835
208883,2026-08-31,13140,1.11,835
103806,2026-08-31,8743,1.10,835
132331,2026-08-31,5830,1.03,835
131642,2026-08-31,25200,1.01,835
210036,2026-08-31,26100,1.00,835
100093,2026-08-31,22085,0.99,835
100488,2026-08-31,765,0.97,835
100470,2026-08-31,107100,0.97,835
132343,2026-08-31,4455,0.95,835
208364,2026-08-31,6200,0.93,835
100049,2026-08-31,45000,0.91,835
315904,2026-08-31,369170,0.85,835
126299,2026-08-31,6930,0.82,835
235955,2026-08-31,14303,0.82,835
317635,2026-08-31,150210,0.81,835
213838,2026-08-31,9145,0.73,835
122275,2026-08-31,3150,0.69,835
209550,2026-08-31,34390,0.67,835
208607,2026-08-31,7890,0.66,835
324034,2026-08-31,228750,0.64,835
311742,2026-08-31,5658,0.62,835
132540,2026-08-31,5152,0.61,835
132755,2026-08-31,7500,0.60,835
100790,2026-08-31,8100,0.59,835
100875,2026-08-31,46640,0.58,835
222055,2026-08-31,2270,0.58,835
100440,2026-08-31,11700,0.58,835
132432,2026-08-31,7740,0.57,835
215216,2026-08-31,963,0.53,835
100477,2026-08-31,61200,0.53,835
111218,2026-08-31,9243,0.50,835
217379,2026-08-31,6377,0.49,835
102355,2026-08-31,4266,0.48,835
221790,2026-08-31,2700,0.39,835
132810,2026-08-31,22200,0.37,835
132174,2026-08-31,105000,7.80,36734
100034,2026-08-31,140000,7.56,36734
105200,2026-08-31,12000,4.88,36734
322918,2026-08-31,170000,4.09,36734
132504,2026-08-31,9000,3.99,36734
289108,2026-08-31,170000,3.96,36734
200036,2026-08-31,46856,3.65,36734
100180,2026-08-31,100000,3.62,36734
124715,2026-08-31,35000,3.55,36734
100247,2026-08-31,160000,3.43,36734
111243,2026-08-31,35000,3.32,36734
100112,2026-08-31,60000,3.25,36734
321331,2026-08-31,116896,3.16,36734
322716,2026-08-31,100000,2.97,36734
122287,2026-08-31,40000,2.86,36734
213429,2026-08-31,520000,2.82,36734
221790,2026-08-31,17000,2.59,36734
132508,2026-08-31,70000,2.51,36734
131213,2026-08-31,140000,2.43,36734
100477,2026-08-31,250000,2.24,36734
251940,2026-08-31,50000,2.24,36734
226611,2026-08-31,340068,2.19,36734
251791,2026-08-31,170000,2.16,36734
293862,2026-08-31,150000,2.16,36734
132843,2026-08-31,45000,2.08,36734
132755,2026-08-31,25000,2.08,36734
100520,2026-08-31,12000,2.01,36734
100165,2026-08-31,200000,1.97,36734
131344,2026-08-31,69739,1.82,36734
267615,2026-08-31,10244,0.66,36734
100180,2026-08-31,324972,11.84,46317
132174,2026-08-31,152864,11.39,46317
100325,2026-08-31,144267,9.53,46317
132454,2026-08-31,64959,6.11,46317
100510,2026-08-31,24932,5.17,46317
100112,2026-08-31,88564,4.83,46317
100209,2026-08-31,74366,4.31,46317
132215,2026-08-31,60992,4.02,46317
100247,2026-08-31,156934,3.37,46317
100520,2026-08-31,19090,3.26,46317
100034,2026-08-31,57081,3.12,46317
100875,2026-08-31,205703,2.71,46317
132540,2026-08-31,21600,2.62,46317
252306,2026-08-31,154319,2.60,46317
124715,2026-08-31,23020,2.31,46317
100114,2026-08-31,8707,2.29,46317
100696,2026-08-31,19037,1.95,46317
132500,2026-08-31,2748,1.90,46317
132555,2026-08-31,101306,1.71,46317
100470,2026-08-31,175669,1.66,46317
100049,2026-08-31,76369,1.63,46317
132281,2026-08-31,22565,1.52,46317
132538,2026-08-31,2513,1.49,46317
132921,2026-08-31,15720,1.32,46317
132898,2026-08-31,97168,1.32,46317
222055,2026-08-31,4782,1.27,46317
100820,2026-08-31,9612,1.27,46317
205198,2026-08-31,11944,1.24,46317
132755,2026-08-31,13581,1.13,46317
100251,2026-08-31,7049,1.04,46317
132454,2026-08-31,99425,9.40,17478
100520,2026-08-31,50167,8.59,17478
100875,2026-08-31,541669,7.22,17478
252306,2026-08-31,406239,6.95,17478
100114,2026-08-31,23199,6.18,17478
132500,2026-08-31,7331,5.18,17478
100696,2026-08-31,49852,5.12,17478
200132,2026-08-31,6223,3.94,17478
100820,2026-08-31,25412,3.52,17478
222055,2026-08-31,12720,3.47,17478
105200,2026-08-31,7744,3.21,17478
100790,2026-08-31,40291,3.15,17478
132343,2026-08-31,13200,2.99,17478
100251,2026-08-31,18698,2.81,17478
108869,2026-08-31,5783,2.69,17478
209867,2026-08-31,233161,2.41,17478
218071,2026-08-31,41820,2.27,17478
100182,2026-08-31,7295,2.07,17478
100800,2026-08-31,36593,1.98,17478
100850,2026-08-31,49344,1.90,17478
223595,2026-08-31,9055,1.84,17478
210072,2026-08-31,2331,1.81,17478
100825,2026-08-31,6619,1.81,17478
100400,2026-08-31,93724,1.70,17478
209550,2026-08-31,76830,1.61,17478
132777,2026-08-31,21515,1.47,17478
132868,2026-08-31,36048,1.30,17478
132432,2026-08-31,16600,1.29,17478
132424,2026-08-31,22583,1.06,17478
117354,2026-08-31,14162,0.92,17478
100325,2026-08-31,289708,20.03,12859
132454,2026-08-31,149768,14.69,12859
100510,2026-08-31,57646,12.63,12859
132555,2026-08-31,233495,4.14,12859
132538,2026-08-31,5828,3.61,12859
100300,2026-08-31,18583,3.39,12859
132898,2026-08-31,223040,3.18,12859
222055,2026-08-31,11149,3.16,12859
132921,2026-08-31,36334,3.13,12859
108869,2026-08-31,5068,2.44,12859
100312,2026-08-31,191319,2.40,12859
218071,2026-08-31,36655,2.07,12859
117334,2026-08-31,217587,2.01,12859
100480,2026-08-31,6652,1.84,12859
100547,2026-08-31,99819,1.75,12859
100850,2026-08-31,43250,1.73,12859
100093,2026-08-31,33772,1.68,12859
132667,2026-08-31,599050,1.54,12859
100400,2026-08-31,82148,1.54,12859
100493,2026-08-31,13128,1.50,12859
130965,2026-08-31,184020,1.39,12859
100477,2026-08-31,140927,1.34,12859
209967,2026-08-31,63459,1.34,12859
132155,2026-08-31,132852,1.28,12859
132843,2026-08-31,25666,1.26,12859
132868,2026-08-31,31596,1.18,12859
289554,2026-08-31,16512,1.09,12859
100104,2026-08-31,47297,0.94,12859
100387,2026-08-31,659,0.83,12859
100425,2026-08-31,30707,0.67,12859
100180,2026-08-31,66974,2.66,719
132174,2026-08-31,24201,1.97,719
100520,2026-08-31,6425,1.18,719
100875,2026-08-31,74573,1.07,719
132555,2026-08-31,53964,0.99,719
296050,2026-08-31,14038,0.91,719
212427,2026-08-31,2826,0.84,719
209967,2026-08-31,38460,0.84,719
100247,2026-08-31,34248,0.81,719
100087,2026-08-31,10175,0.80,719
132215,2026-08-31,10856,0.79,719
100312,2026-08-31,58564,0.76,719
211385,2026-08-31,7391,0.72,719
217389,2026-08-31,23507,0.72,719
132500,2026-08-31,923,0.70,719
100182,2026-08-31,2186,0.67,719
217396,2026-08-31,67454,0.59,719
132522,2026-08-31,30317,0.51,719
100209,2026-08-31,7969,0.51,719
297629,2026-08-31,16731,0.43,719
217379,2026-08-31,4820,0.42,719
209373,2026-08-31,15725,0.35,719
217376,2026-08-31,11448,0.27,719
106395,2026-08-31,2399,0.26,719
224849,2026-08-31,4799,0.22,719
126947,2026-08-31,21572,0.21,719
132175,2026-08-31,2630,0.17,719
100547,2026-08-31,8353,0.15,719
130965,2026-08-31,19056,0.15,719
100104,2026-08-31,6871,0.14,719
124494,2026-08-31,411,0.05,719
132810,2026-08-31,1409,0.03,719
252306,2026-08-31,453099,8.44,45944
132281,2026-08-31,104274,7.77,45944
132540,2026-08-31,55073,7.50,45944
100209,2026-08-31,109932,7.08,45944
132454,2026-08-31,61872,6.37,45944
208883,2026-08-31,60687,5.92,45944
132755,2026-08-31,59218,5.47,45944
254493,2026-08-31,49880,5.31,45944
132777,2026-08-31,55188,4.11,45944
302988,2026-08-31,197240,3.92,45944
132541,2026-08-31,32453,3.66,45944
293862,2026-08-31,204578,3.27,45944
132822,2026-08-31,3968341,3.23,45944
210590,2026-08-31,10134,3.22,45944
107685,2026-08-31,252518,2.65,45944
216156,2026-08-31,8661,2.23,45944
126299,2026-08-31,12341,1.70,45944
100483,2026-08-31,16927,1.66,45944
132466,2026-08-31,2225,1.58,45944
208412,2026-08-31,43485,1.19,45944
275316,2026-08-31,6108,1.04,45944
207872,2026-08-31,10840,0.95,45944
323093,2026-08-31,80277,0.94,45944
209420,2026-08-31,16016,0.76,45944
100408,2026-08-31,3210,0.65,45944
315904,2026-08-31,214703,0.57,45944
229238,2026-08-31,5901,0.54,45944
132175,2026-08-31,7899,0.53,45944
268618,2026-08-31,2570,0.53,45944
310018,2026-08-31,1758,0.52,45944
322366,2026-08-31,77992,0.52,45944
294320,2026-08-31,15290,0.51,45944
304682,2026-08-31,4953,0.49,45944
250870,2026-08-31,4787,0.47,45944
320350,2026-08-31,48613,0.46,45944
290269,2026-08-31,4416,0.44,45944
132129,2026-08-31,13830,0.44,45944
210859,2026-08-31,11898,0.38,45944
294253,2026-08-31,32532,0.34,45944
271581,2026-08-31,8406,0.33,45944
132221,2026-08-31,18110,0.30,45944
229852,2026-08-31,31194,0.29,45944
104067,2026-08-31,10622,0.28,45944
132400,2026-08-31,15464,0.26,45944
281585,2026-08-31,17461,0.24,45944
123610,2026-08-31,13884,0.21,45944
209038,2026-08-31,12596,0.20,45944
213672,2026-08-31,5957,0.18,45944
132371,2026-08-31,72445,0.16,45944
232592,2026-08-31,6746,0.10,45944
303322,2026-08-31,1614,0.09,45944
132725,2026-08-31,1368,1.61,15378
132174,2026-08-31,18000,1.53,15378
294388,2026-08-31,12479,1.25,15378
100325,2026-08-31,16200,1.21,15378
252306,2026-08-31,63000,1.21,15378
208766,2026-08-31,5490,1.09,15378
219300,2026-08-31,38700,0.91,15378
210072,2026-08-31,990,0.86,15378
311742,2026-08-31,6000,0.78,15378
100086,2026-08-31,27900,0.72,15378
132497,2026-08-31,2700,0.71,15378
211337,2026-08-31,1260,0.70,15378
254493,2026-08-31,6300,0.69,15378
132921,2026-08-31,7200,0.67,15378
100247,2026-08-31,27000,0.66,15378
228974,2026-08-31,9630,0.66,15378
209232,2026-08-31,18000,0.66,15378
100800,2026-08-31,10707,0.65,15378
318618,2026-08-31,23400,0.63,15378
124715,2026-08-31,5400,0.63,15378
209078,2026-08-31,9000,0.62,15378
100114,2026-08-31,1980,0.59,15378
100790,2026-08-31,6660,0.58,15378
207901,2026-08-31,2970,0.57,15378
190003,2026-08-31,27000,0.55,15378
200091,2026-08-31,19411,0.55,15378
322541,2026-08-31,47700,0.54,15378
132281,2026-08-31,6300,0.48,15378
208883,2026-08-31,4456,0.45,15378
108869,2026-08-31,810,0.42,15378
105283,2026-08-31,9978,0.42,15378
274045,2026-08-31,4900,0.41,15378
132540,2026-08-31,2700,0.38,15378
106076,2026-08-31,3060,0.36,15378
111218,2026-08-31,5400,0.35,15378
221790,2026-08-31,1900,0.33,15378
209867,2026-08-31,27927,0.32,15378
208727,2026-08-31,5659,0.30,15378
131213,2026-08-31,14400,0.29,15378
132500,2026-08-31,360,0.29,15378
100260,2026-08-31,5527,0.28,15378
100660,2026-08-31,1592,0.28,15378
209550,2026-08-31,11700,0.27,15378
100164,2026-08-31,4000,0.27,15378
217842,2026-08-31,6000,0.22,15378
324996,2026-08-31,8100,0.21,15378
104067,2026-08-31,7200,0.19,15378
271875,2026-08-31,1800,0.15,15378
122163,2026-08-31,4406,0.09,15378
209068,2026-08-31,1781,0.04,15378
102742,2026-08-31,2351392,0.05,21522
273811,2026-08-31,84750,4.06,50946
287237,2026-08-31,583086,2.53,50946
132541,2026-08-31,19432,2.42,50946
208883,2026-08-31,20650,2.23,50946
100510,2026-08-31,8414,2.14,50946
100034,2026-08-31,32065,2.13,50946
278580,2026-08-31,382213,2.06,50946
100180,2026-08-31,45000,2.00,50946
225154,2026-08-31,4181,2.00,50946
105200,2026-08-31,3522,1.76,50946
252306,2026-08-31,84934,1.75,50946
100114,2026-08-31,5340,1.71,50946
111218,2026-08-31,24210,1.69,50946
314935,2026-08-31,25638,1.67,50946
132921,2026-08-31,15610,1.56,50946
308764,2026-08-31,51213,1.55,50946
117334,2026-08-31,144100,1.54,50946
122163,2026-08-31,69105,1.51,50946
283206,2026-08-31,37581,1.42,50946
318188,2026-08-31,14600,1.39,50946
324034,2026-08-31,350000,1.25,50946
322541,2026-08-31,103614,1.25,50946
222055,2026-08-31,3704,1.22,50946
100878,2026-08-31,5667,1.22,50946
215605,2026-08-31,125085,1.19,50946
100850,2026-08-31,24450,1.13,50946
123457,2026-08-31,2543,1.02,50946
209078,2026-08-31,12422,0.91,50946
215477,2026-08-31,5000,0.90,50946
132504,2026-08-31,1642,0.89,50946
208461,2026-08-31,26474,0.87,50946
215690,2026-08-31,6935,0.78,50946
223112,2026-08-31,6182,0.63,50946
132757,2026-08-31,900,0.62,50946
100180,2026-08-31,60672,2.75,1458
132174,2026-08-31,27000,2.51,1458
100469,2026-08-31,90000,2.05,1458
117569,2026-08-31,3132,1.15,1458
122275,2026-08-31,4000,1.14,1458
100093,2026-08-31,15000,0.88,1458
100049,2026-08-31,30000,0.80,1458
210590,2026-08-31,2000,0.72,1458
111243,2026-08-31,5800,0.69,1458
100510,2026-08-31,2500,0.65,1458
100550,2026-08-31,2500,0.64,1458
320028,2026-08-31,2500,0.52,1458
223187,2026-08-31,2000,0.47,1458
123025,2026-08-31,4400,0.43,1458
283206,2026-08-31,7500,0.29,1458
322541,2026-08-31,10000,0.12,1458
294320,2026-08-31,3000,0.11,1458
100251,2026-08-31,600,0.11,1458
100209,2026-08-31,1230,0.09,1458
190071,2026-08-31,282,0.08,1458
132667,2026-08-31,15000,0.05,1458
223658,2026-08-31,696,0.03,1458
100002,2026-08-31,44,0.02,1458
229218,2026-08-31,456,0.01,1458
252306,2026-08-31,118390,2.53,47962
200132,2026-08-31,3113,2.46,47962
100114,2026-08-31,7019,2.33,47962
132281,2026-08-31,27246,2.33,47962
132540,2026-08-31,14390,2.25,47962
205198,2026-08-31,17045,2.24,47962
132755,2026-08-31,20764,2.20,47962
111218,2026-08-31,29783,2.15,47962
100790,2026-08-31,21916,2.14,47962
100300,2026-08-31,9703,2.13,47962
100209,2026-08-31,28723,2.12,47962
100520,2026-08-31,9903,2.12,47962
100034,2026-08-31,30626,2.11,47962
100228,2026-08-31,24650,2.10,47962
124715,2026-08-31,16191,2.09,47962
132174,2026-08-31,22095,2.09,47962
107685,2026-08-31,173941,2.09,47962
105200,2026-08-31,4008,2.08,47962
100440,2026-08-31,31076,2.06,47962
108869,2026-08-31,3540,2.05,47962
100247,2026-08-31,74761,2.04,47962
100112,2026-08-31,29334,2.03,47962
132500,2026-08-31,2291,2.02,47962
229365,2026-08-31,127053,2.00,47962
222055,2026-08-31,5828,1.99,47962
100049,2026-08-31,73387,1.98,47962
132538,2026-08-31,2655,1.98,47962
100820,2026-08-31,11359,1.96,47962
211385,2026-08-31,17169,1.95,47962
100087,2026-08-31,21107,1.94,47962
100325,2026-08-31,23104,1.92,47962
100470,2026-08-31,159598,1.92,47962
100510,2026-08-31,7258,1.91,47962
100312,2026-08-31,126455,1.91,47962
132454,2026-08-31,16166,1.91,47962
218071,2026-08-31,28057,1.90,47962
100800,2026-08-31,27638,1.87,47962
132215,2026-08-31,21921,1.86,47962
112599,2026-08-31,9887,1.84,47962
217389,2026-08-31,51287,1.82,47962
132555,2026-08-31,85000,1.81,47962
100696,2026-08-31,14065,1.80,47962
219300,2026-08-31,68702,1.80,47962
132898,2026-08-31,104329,1.79,47962
100180,2026-08-31,38262,1.77,47962
100251,2026-08-31,9347,1.75,47962
100570,2026-08-31,86786,1.75,47962
100875,2026-08-31,104526,1.74,47962
132921,2026-08-31,16737,1.74,47962
100124,2026-08-31,22846,1.72,47962
237742,2026-08-31,41250,2.43,2748
208977,2026-08-31,63289,2.21,2748
131531,2026-08-31,20000,1.60,2748
221790,2026-08-31,7000,1.40,2748
287433,2026-08-31,50000,1.35,2748
108486,2026-08-31,2300,1.26,2748
219236,2026-08-31,3300,1.20,2748
214179,2026-08-31,21000,1.15,2748
216719,2026-08-31,37000,1.12,2748
132889,2026-08-31,14000,1.11,2748
271875,2026-08-31,11000,1.05,2748
100125,2026-08-31,19000,1.02,2748
113519,2026-08-31,13000,0.97,2748
112599,2026-08-31,5000,0.96,2748
311742,2026-08-31,5500,0.83,2748
109557,2026-08-31,15049,0.82,2748
237831,2026-08-31,33000,0.75,2748
100840,2026-08-31,33000,0.63,2748
114167,2026-08-31,7000,0.48,2748
221217,2026-08-31,13000,0.47,2748
130517,2026-08-31,14495,0.35,2748
272059,2026-08-31,103000,0.00,2748
132488,2026-08-31,6511,4.08,43930
322918,2026-08-31,107251,3.43,43930
112599,2026-08-31,17168,3.40,43930
100469,2026-08-31,125924,2.98,43930
111243,2026-08-31,22211,2.82,43930
209867,2026-08-31,206935,2.79,43930
117334,2026-08-31,226502,2.56,43930
100182,2026-08-31,6544,2.46,43930
208883,2026-08-31,21590,2.46,43930
100480,2026-08-31,6941,2.41,43930
132541,2026-08-31,17824,2.40,43930
254493,2026-08-31,19150,2.37,43930
132187,2026-08-31,33441,2.27,43930
100850,2026-08-31,45095,2.20,43930
223595,2026-08-31,8331,2.16,43930
100825,2026-08-31,6031,2.15,43930
100547,2026-08-31,99759,2.15,43930
210590,2026-08-31,5562,2.12,43930
286335,2026-08-31,28687,2.11,43930
210072,2026-08-31,2113,2.11,43930
100093,2026-08-31,34605,2.11,43930
217389,2026-08-31,55130,2.03,43930
100400,2026-08-31,84903,2.00,43930
132667,2026-08-31,616722,1.98,43930
278580,2026-08-31,338697,1.95,43930
209550,2026-08-31,69131,1.91,43930
100257,2026-08-31,12382,1.83,43930
208280,2026-08-31,10290,1.79,43930
132777,2026-08-31,19548,1.75,43930
100331,2026-08-31,15602,1.74,43930
132810,2026-08-31,74196,1.74,43930
130965,2026-08-31,187607,1.73,43930
209967,2026-08-31,66054,1.72,43930
100477,2026-08-31,144068,1.71,43930
100490,2026-08-31,2161,1.67,43930
132155,2026-08-31,137749,1.62,43930
131642,2026-08-31,27200,1.53,43930
132134,2026-08-31,95128,1.53,43930
132868,2026-08-31,32886,1.51,43930
132432,2026-08-31,14866,1.49,43930
132483,2026-08-31,171491,1.47,43930
216156,2026-08-31,4697,1.45,43930
132648,2026-08-31,897943,1.38,43930
132461,2026-08-31,176179,1.37,43930
200055,2026-08-31,63239,1.35,43930
217379,2026-08-31,12492,1.32,43930
103806,2026-08-31,7422,1.29,43930
132424,2026-08-31,19868,1.22,43930
100387,2026-08-31,682,1.10,43930
117354,2026-08-31,12821,1.07,43930
286335,2026-08-31,12000,0.89,75033
132215,2026-08-31,13125,1.16,75033
289554,2026-08-31,13800,1.14,75033
132921,2026-08-31,475,0.05,75033
289108,2026-08-31,16600,0.52,75033
100575,2026-08-31,8250,0.67,75033
100112,2026-08-31,15000,1.08,75033
242461,2026-08-31,18600,0.52,75033
100493,2026-08-31,1000,0.14,75033
280713,2026-08-31,2150,0.03,75033
132174,2026-08-31,11900,1.18,75033
100850,2026-08-31,2000,0.10,75033
100520,2026-08-31,4800,1.07,75033
100547,2026-08-31,3950,0.09,75033
100875,2026-08-31,55200,0.96,75033
100253,2026-08-31,13000,0.48,75033
100510,2026-08-31,4025,1.11,75033
100325,2026-08-31,11500,1.00,75033
132500,2026-08-31,700,0.65,75033
132343,2026-08-31,3150,0.93,75033
132134,2026-08-31,38025,0.62,75033
132868,2026-08-31,11400,0.54,75033
271875,2026-08-31,8775,0.85,75033
112599,2026-08-31,1854,0.36,75033
100425,2026-08-31,16800,0.46,75033
100820,2026-08-31,3750,0.68,75033
100034,2026-08-31,16500,1.19,75033
132149,2026-08-31,20800,0.20,75033
100049,2026-08-31,14250,0.40,75033
132454,2026-08-31,9500,1.17,75033
132483,2026-08-31,81000,0.70,75033
111243,2026-08-31,1250,0.16,75033
132488,2026-08-31,1000,0.64,75033
132296,2026-08-31,3750,0.63,75033
208238,2026-08-31,325,0.04,75033
100180,2026-08-31,40950,1.98,75033
217389,2026-08-31,26400,0.98,75033
100440,2026-08-31,5600,0.39,75033
100104,2026-08-31,30375,0.76,75033
132822,2026-08-31,1143600,1.12,75033
222055,2026-08-31,2100,0.75,75033
132187,2026-08-31,10500,0.73,75033
209967,2026-08-31,18700,0.49,75033
130965,2026-08-31,19500,0.18,75033
229365,2026-08-31,61100,1.00,75033
100228,2026-08-31,8775,0.78,75033
100247,2026-08-31,10000,0.29,75033
100271,2026-08-31,3200,0.34,75033
100312,2026-08-31,24750,0.39,75033
132461,2026-08-31,96000,0.75,75033
209068,2026-08-31,31750,0.82,75033
124715,2026-08-31,5950,0.80,75033
100800,2026-08-31,6050,0.43,75033
100570,2026-08-31,24000,0.50,75033
100114,2026-08-31,2975,1.03,75033
132432,2026-08-31,3600,0.37,75033
112070,2026-08-31,6775,0.26,75033
209867,2026-08-31,17750,0.24,75033
132174,2026-08-31,85200,8.47,24807
100510,2026-08-31,28200,7.79,24807
100325,2026-08-31,66500,5.80,24807
100180,2026-08-31,43800,2.12,24807
100112,2026-08-31,19500,1.41,24807
132215,2026-08-31,13000,1.15,24807
132454,2026-08-31,8000,0.99,24807
132500,2026-08-31,1000,0.93,24807
132540,2026-08-31,5000,0.82,24807
100209,2026-08-31,10000,0.77,24807
217379,2026-08-31,6000,0.64,24807
132210,2026-08-31,40000,0.63,24807
211385,2026-08-31,5000,0.59,24807
132349,2026-08-31,10000,0.59,24807
132898,2026-08-31,30000,0.54,24807
218763,2026-08-31,4000,0.53,24807
317635,2026-08-31,60000,0.45,24807
100257,2026-08-31,3000,0.45,24807
100875,2026-08-31,25000,0.44,24807
117206,2026-08-31,1000,0.43,24807
120113,2026-08-31,15000,0.42,24807
132509,2026-08-31,12000,0.41,24807
132689,2026-08-31,5000,0.41,24807
223430,2026-08-31,11000,0.41,24807
132432,2026-08-31,4000,0.41,24807
102355,2026-08-31,2500,0.39,24807
212427,2026-08-31,1000,0.36,24807
208264,2026-08-31,30000,0.34,24807
104067,2026-08-31,10000,0.31,24807
106285,2026-08-31,1100,0.30,24807
132757,2026-08-31,400,0.30,24807
122287,2026-08-31,3000,0.29,24807
224849,2026-08-31,5000,0.29,24807
109820,2026-08-31,15000,0.27,24807
123301,2026-08-31,1000,0.27,24807
100104,2026-08-31,10000,0.25,24807
100472,2026-08-31,2000,0.21,24807
325089,2026-08-31,5128,0.05,24807
100180,2026-08-31,275202,13.60,31920
132174,2026-08-31,129278,13.10,31920
100325,2026-08-31,138811,12.35,31920
100112,2026-08-31,140666,10.39,31920
100209,2026-08-31,84324,6.66,31920
132215,2026-08-31,57211,5.18,31920
100875,2026-08-31,280382,4.99,31920
132540,2026-08-31,24815,4.15,31920
100312,2026-08-31,239370,3.87,31920
100247,2026-08-31,121535,3.55,31920
100570,2026-08-31,142606,3.07,31920
219300,2026-08-31,99728,2.79,31920
132555,2026-08-31,121884,2.78,31920
132281,2026-08-31,27487,2.51,31920
100440,2026-08-31,34427,2.44,31920
100300,2026-08-31,9231,2.17,31920
132898,2026-08-31,107115,1.97,31920
100470,2026-08-31,152045,1.95,31920
205198,2026-08-31,10961,1.54,31920
107685,2026-08-31,67858,0.87,31920
132174,2026-08-31,30000,3.05,17166
100112,2026-08-31,30000,2.23,17166
100325,2026-08-31,18000,1.61,17166
100180,2026-08-31,30000,1.49,17166
100510,2026-08-31,4750,1.34,17166
132215,2026-08-31,13000,1.18,17166
117334,2026-08-31,96000,1.15,17166
132555,2026-08-31,47500,1.09,17166
252306,2026-08-31,43000,0.99,17166
100520,2026-08-31,4000,0.92,17166
210072,2026-08-31,750,0.78,17166
100209,2026-08-31,9191,0.73,17166
100480,2026-08-31,2000,0.71,17166
132540,2026-08-31,3000,0.50,17166
211385,2026-08-31,3500,0.43,17166
208745,2026-08-31,13931,0.40,17166
280713,2026-08-31,20000,0.33,17166
223187,2026-08-31,1123,0.29,17166
124715,2026-08-31,2000,0.28,17166
269404,2026-08-31,1200,0.23,17166
108869,2026-08-31,300,0.19,17166
100325,2026-08-31,104307,9.46,48782
100520,2026-08-31,26268,6.12,48782
124715,2026-08-31,31155,4.39,48782
132500,2026-08-31,3838,3.69,48782
100470,2026-08-31,243210,3.18,48782
100049,2026-08-31,105383,3.10,48782
100440,2026-08-31,42601,3.07,48782
200132,2026-08-31,3258,2.81,48782
100228,2026-08-31,27596,2.56,48782
132488,2026-08-31,3739,2.51,48782
105200,2026-08-31,4054,2.29,48782
271867,2026-08-31,15868,2.16,48782
100182,2026-08-31,5294,2.05,48782
219494,2026-08-31,5581,1.90,48782
100103,2026-08-31,59453,1.87,48782
210072,2026-08-31,1692,1.78,48782
132667,2026-08-31,496060,1.67,48782
100087,2026-08-31,16555,1.66,48782
100493,2026-08-31,10870,1.63,48782
100257,2026-08-31,9904,1.54,48782
214179,2026-08-31,25964,1.50,48782
100124,2026-08-31,17935,1.47,48782
211337,2026-08-31,2180,1.46,48782
100477,2026-08-31,116698,1.46,48782
124804,2026-08-31,11289,1.38,48782
294388,2026-08-31,11110,1.36,48782
100570,2026-08-31,61491,1.35,48782
132504,2026-08-31,2131,1.31,48782
132144,2026-08-31,7589,1.29,48782
190059,2026-08-31,7424,1.17,48782
132296,2026-08-31,6140,1.08,48782
103806,2026-08-31,5923,1.08,48782
100104,2026-08-31,39165,1.02,48782
235355,2026-08-31,4614,0.95,48782
112070,2026-08-31,22872,0.91,48782
117354,2026-08-31,10278,0.91,48782
212427,2026-08-31,2386,0.90,48782
269404,2026-08-31,4357,0.86,48782
209147,2026-08-31,7990,0.83,48782
124558,2026-08-31,499,0.82,48782
211840,2026-08-31,4617,0.79,48782
100575,2026-08-31,9299,0.79,48782
113599,2026-08-31,19005,0.71,48782
225154,2026-08-31,1265,0.68,48782
109930,2026-08-31,2626,0.66,48782
132827,2026-08-31,257,0.65,48782
132300,2026-08-31,4782,0.64,48782
100184,2026-08-31,13601,0.64,48782
280713,2026-08-31,37203,0.62,48782
100086,2026-08-31,18555,0.58,48782
123642,2026-08-31,3304,0.56,48782
122074,2026-08-31,12442,0.55,48782
307332,2026-08-31,36019,0.55,48782
132830,2026-08-31,4988,0.54,48782
113375,2026-08-31,6688,0.53,48782
132482,2026-08-31,8403,0.49,48782
106401,2026-08-31,3975,0.49,48782
115030,2026-08-31,7020,0.47,48782
223187,2026-08-31,1811,0.47,48782
200515,2026-08-31,2625,0.47,48782
122113,2026-08-31,2078,0.46,48782
100008,2026-08-31,7091,0.45,48782
124208,2026-08-31,11914,0.44,48782
100233,2026-08-31,4795,0.42,48782
100027,2026-08-31,921,0.42,48782
100770,2026-08-31,9062,0.41,48782
222264,2026-08-31,9348,0.39,48782
305013,2026-08-31,147227,0.38,48782
100870,2026-08-31,27707,0.36,48782
100033,2026-08-31,278,0.35,48782
124816,2026-08-31,5202,0.31,48782
297629,2026-08-31,9422,0.31,48782
221809,2026-08-31,55840,0.28,48782
100238,2026-08-31,4413,0.25,48782
100085,2026-08-31,8614,0.25,48782
132174,2026-08-31,12150,1.26,30401
100180,2026-08-31,24082,1.22,30401
100510,2026-08-31,2872,0.83,30401
100112,2026-08-31,10549,0.80,30401
132500,2026-08-31,675,0.65,30401
132538,2026-08-31,710,0.58,30401
132215,2026-08-31,5825,0.54,30401
100247,2026-08-31,16900,0.50,30401
320350,2026-08-31,40532,0.48,30401
100034,2026-08-31,6400,0.48,30401
132343,2026-08-31,1500,0.46,30401
233063,2026-08-31,9424,0.44,30401
228049,2026-08-31,6500,0.41,30401
237831,2026-08-31,16650,0.40,30401
208361,2026-08-31,2550,0.40,30401
226611,2026-08-31,44000,0.39,30401
132488,2026-08-31,580,0.39,30401
214179,2026-08-31,6750,0.39,30401
207950,2026-08-31,3850,0.38,30401
105790,2026-08-31,1300,0.37,30401
132504,2026-08-31,600,0.37,30401
122113,2026-08-31,1640,0.37,30401
205198,2026-08-31,2400,0.35,30401
239342,2026-08-31,3800,0.33,30401
200515,2026-08-31,1800,0.32,30401
100820,2026-08-31,1650,0.31,30401
132755,2026-08-31,2600,0.30,30401
100331,2026-08-31,2500,0.30,30401
100850,2026-08-31,5600,0.29,30401
132541,2026-08-31,2075,0.29,30401
106076,2026-08-31,2002,0.29,30401
215367,2026-08-31,8100,0.29,30401
302988,2026-08-31,11440,0.28,30401
100411,2026-08-31,1000,0.28,30401
208238,2026-08-31,1830,0.26,30401
100038,2026-08-31,5300,0.26,30401
100002,2026-08-31,468,0.25,30401
220018,2026-08-31,1870,0.25,30401
109480,2026-08-31,6500,0.23,30401
132779,2026-08-31,2650,0.23,30401
132868,2026-08-31,4600,0.23,30401
218756,2026-08-31,4600,0.22,30401
100575,2026-08-31,2600,0.22,30401
117174,2026-08-31,85,0.22,30401
222055,2026-08-31,570,0.21,30401
113519,2026-08-31,2670,0.21,30401
216156,2026-08-31,650,0.21,30401
132523,2026-08-31,6100,0.18,30401
132827,2026-08-31,70,0.18,30401
317832,2026-08-31,42164,0.18,30401
113375,2026-08-31,2000,0.16,30401
100233,2026-08-31,645,0.06,30401
100133,2026-08-31,105,0.05,30401
132408,2026-08-31,144092,7.97,3306
210590,2026-08-31,14000,5.62,3306
132541,2026-08-31,36550,5.20,3306
124804,2026-08-31,41000,4.95,3306
122275,2026-08-31,15000,4.65,3306
123457,2026-08-31,10130,4.62,3306
100469,2026-08-31,183012,4.57,3306
100488,2026-08-31,2200,4.07,3306
100850,2026-08-31,75000,3.86,3306
321348,2026-08-31,359574,3.55,3306
132754,2026-08-31,450000,3.02,3306
322847,2026-08-31,170000,2.92,3306
210072,2026-08-31,2700,2.84,3306
200055,2026-08-31,126000,2.84,3306
126299,2026-08-31,15000,2.60,3306
219700,2026-08-31,14000,2.48,3306
132149,2026-08-31,230000,2.34,3306
123642,2026-08-31,13500,2.31,3306
100103,2026-08-31,70000,2.17,3306
100086,2026-08-31,68104,2.15,3306
317113,2026-08-31,100000,2.09,3306
293862,2026-08-31,100000,2.01,3306
306788,2026-08-31,305000,2.00,3306
102355,2026-08-31,12079,1.97,3306
113599,2026-08-31,45000,1.69,3306
293380,2026-08-31,12000,1.59,3306
117354,2026-08-31,18000,1.58,3306
295966,2026-08-31,135000,1.51,3306
132811,2026-08-31,30000,1.33,3306
212705,2026-08-31,12000,1.09,3306
200115,2026-08-31,16400,0.96,3306
100290,2026-08-31,80,0.77,3306
100096,2026-08-31,26000,0.71,3306
100660,2026-08-31,3000,0.65,3306
322709,2026-08-31,39380,0.55,3306
100209,2026-08-31,346521,28.91,49105
132540,2026-08-31,114913,20.29,49105
132281,2026-08-31,118663,11.46,49105
132755,2026-08-31,87974,10.54,49105
132541,2026-08-31,48208,7.04,49105
210590,2026-08-31,15053,6.20,49105
107685,2026-08-31,375218,5.09,49105
216156,2026-08-31,12869,4.30,49105
126299,2026-08-31,18340,3.28,49105
132466,2026-08-31,3303,3.05,49105
100180,2026-08-31,115700,6.10,50609
132215,2026-08-31,60625,5.86,50609
217376,2026-08-31,187600,5.83,50609
105200,2026-08-31,8100,4.79,50609
100470,2026-08-31,343750,4.71,50609
100112,2026-08-31,58500,4.61,50609
132483,2026-08-31,405000,3.82,50609
100510,2026-08-31,12425,3.74,50609
100477,2026-08-31,220000,2.87,50609
132286,2026-08-31,31875,2.83,50609
132174,2026-08-31,21700,2.35,50609
100325,2026-08-31,23000,2.18,50609
132134,2026-08-31,122850,2.18,50609
132454,2026-08-31,14725,1.98,50609
229365,2026-08-31,110450,1.98,50609
100440,2026-08-31,24500,1.85,50609
280713,2026-08-31,103200,1.81,50609
221790,2026-08-31,6600,1.46,50609
208280,2026-08-31,7200,1.40,50609
208766,2026-08-31,5400,1.37,50609
132149,2026-08-31,119600,1.26,50609
100087,2026-08-31,11900,1.25,50609
132461,2026-08-31,112000,0.95,50609
209967,2026-08-31,28900,0.84,50609
132477,2026-08-31,53100,0.75,50609
100034,2026-08-31,9000,0.71,50609
132810,2026-08-31,26000,0.65,50609
100820,2026-08-31,2250,0.44,50609
132500,2026-08-31,200,0.20,50609
132174,2026-08-31,0,-0.01,45042
100180,2026-08-31,0,-0.06,45042
100034,2026-08-31,0,-0.07,45042
132215,2026-08-31,0,0.11,45042
100440,2026-08-31,0,-0.05,45042
100400,2026-08-31,0,-0.04,45042
209967,2026-08-31,0,0.03,45042
132454,2026-08-31,0,-0.12,45042
100247,2026-08-31,0,-0.06,45042
132483,2026-08-31,0,0.00,45042
100470,2026-08-31,0,0.02,45042
278580,2026-08-31,0,0.04,45042
100325,2026-08-31,0,-0.05,45042
100510,2026-08-31,0,-0.00,45042
132500,2026-08-31,0,0.00,45042
229365,2026-08-31,0,0.02,45042
190059,2026-08-31,0,-0.00,45042
132538,2026-08-31,0,-0.01,45042
100875,2026-08-31,0,-0.04,45042
100820,2026-08-31,0,0.02,45042
100112,2026-08-31,0,0.01,45042
205198,2026-08-31,0,0.01,45042
100049,2026-08-31,0,-0.00,45042
219494,2026-08-31,0,-0.01,45042
132555,2026-08-31,0,0.00,45042
100425,2026-08-31,0,-0.01,45042
100257,2026-08-31,0,0.00,45042
100114,2026-08-31,0,-0.00,45042
217389,2026-08-31,0,-0.00,45042
100850,2026-08-31,0,0.00,45042
132187,2026-08-31,0,0.00,45042
100228,2026-08-31,0,-0.00,45042
271867,2026-08-31,30475,4.36,49586
100469,2026-08-31,163289,4.35,49586
207901,2026-08-31,16964,4.16,49586
208766,2026-08-31,14498,3.69,49586
100493,2026-08-31,18380,2.89,49586
211337,2026-08-31,3878,2.74,49586
122275,2026-08-31,7686,2.55,49586
296765,2026-08-31,1009,2.55,49586
210072,2026-08-31,2071,2.30,49586
124804,2026-08-31,17710,2.27,49586
100257,2026-08-31,13723,2.25,49586
100182,2026-08-31,5487,2.24,49586
132667,2026-08-31,611524,2.17,49586
131642,2026-08-31,35292,2.16,49586
286335,2026-08-31,25301,2.05,49586
132144,2026-08-31,10906,1.95,49586
132259,2026-08-31,1369,1.81,49586
210590,2026-08-31,3908,1.63,49586
214179,2026-08-31,26745,1.63,49586
117569,2026-08-31,3740,1.61,49586
132497,2026-08-31,4514,1.51,49586
132466,2026-08-31,1614,1.51,49586
226156,2026-08-31,9140,1.51,49586
132234,2026-08-31,50882,1.45,49586
232793,2026-08-31,5906,1.40,49586
132541,2026-08-31,9082,1.35,49586
190003,2026-08-31,49095,1.28,49586
100830,2026-08-31,8825,1.25,49586
126371,2026-08-31,173871,1.15,49586
209967,2026-08-31,39342,1.14,49586
190059,2026-08-31,6848,1.14,49586
235355,2026-08-31,5118,1.10,49586
132296,2026-08-31,5937,1.10,49586
209078,2026-08-31,12550,1.10,49586
132814,2026-08-31,15758,1.06,49586
132827,2026-08-31,356,0.95,49586
132525,2026-08-31,154791,0.95,49586
210036,2026-08-31,14904,0.87,49586
220350,2026-08-31,35761,0.86,49586
100411,2026-08-31,2886,0.84,49586
124558,2026-08-31,484,0.83,49586
207950,2026-08-31,7899,0.83,49586
228974,2026-08-31,9320,0.82,49586
126299,2026-08-31,4350,0.79,49586
132331,2026-08-31,2810,0.76,49586
100184,2026-08-31,14811,0.73,49586
209902,2026-08-31,33357,0.72,49586
222554,2026-08-31,2076,0.70,49586
113599,2026-08-31,17510,0.69,49586
132210,2026-08-31,39030,0.67,49586
132482,2026-08-31,9967,0.62,49586
218763,2026-08-31,4255,0.62,49586
100620,2026-08-31,6212,0.60,49586
106395,2026-08-31,4239,0.60,49586
228347,2026-08-31,12719,0.59,49586
132892,2026-08-31,7481,0.58,49586
131213,2026-08-31,21805,0.55,49586
132539,2026-08-31,5762,0.55,49586
122074,2026-08-31,11174,0.52,49586
100067,2026-08-31,4676,0.51,49586
123457,2026-08-31,1070,0.51,49586
132830,2026-08-31,4444,0.51,49586
123642,2026-08-31,2665,0.47,49586
132889,2026-08-31,5316,0.47,49586
229820,2026-08-31,5003,0.46,49586
100144,2026-08-31,4536,0.42,49586
209979,2026-08-31,5255,0.41,49586
200515,2026-08-31,2109,0.40,49586
224623,2026-08-31,41288,0.37,49586
218533,2026-08-31,2545,0.36,49586
100408,2026-08-31,1309,0.35,49586
117146,2026-08-31,9288,0.35,49586
105714,2026-08-31,3169,0.34,49586
100870,2026-08-31,24510,0.34,49586
302427,2026-08-31,2881,0.33,49586
305013,2026-08-31,118459,0.33,49586
132209,2026-08-31,28935,0.32,49586
226076,2026-08-31,7265,0.31,49586
100033,2026-08-31,236,0.31,49586
190032,2026-08-31,2257,0.30,49586
212705,2026-08-31,3128,0.30,49586
208196,2026-08-31,1397,0.27,49586
124816,2026-08-31,4233,0.27,49586
268618,2026-08-31,959,0.26,49586
294320,2026-08-31,5839,0.26,49586
132178,2026-08-31,13026,0.26,49586
117271,2026-08-31,5176,0.25,49586
124742,2026-08-31,1313,0.25,49586
100163,2026-08-31,1565,0.25,49586
113023,2026-08-31,5711,0.24,49586
132734,2026-08-31,11756,0.21,49586
107815,2026-08-31,390,0.21,49586
100710,2026-08-31,832,0.20,49586
208661,2026-08-31,2234,0.18,49586
100085,2026-08-31,5759,0.18,49586
290269,2026-08-31,1277,0.17,49586
132181,2026-08-31,3644,0.15,49586
132163,2026-08-31,3746,0.13,49586
200019,2026-08-31,4520,0.11,49586
281585,2026-08-31,5000,0.09,49586
271867,2026-08-31,43210,6.32,50693
208766,2026-08-31,22121,5.74,50693
100469,2026-08-31,176603,4.81,50693
100103,2026-08-31,130748,4.42,50693
122275,2026-08-31,12437,4.22,50693
207901,2026-08-31,16167,4.05,50693
100493,2026-08-31,24710,3.97,50693
296765,2026-08-31,1406,3.63,50693
132234,2026-08-31,114809,3.35,50693
211337,2026-08-31,4601,3.32,50693
286335,2026-08-31,32322,2.68,50693
132822,2026-08-31,2325944,2.55,50693
124804,2026-08-31,17144,2.25,50693
132187,2026-08-31,28905,2.24,50693
100257,2026-08-31,13240,2.21,50693
131642,2026-08-31,34468,2.16,50693
132296,2026-08-31,11211,2.12,50693
117569,2026-08-31,4759,2.09,50693
100113,2026-08-31,138129,2.06,50693
209967,2026-08-31,63644,1.89,50693
132843,2026-08-31,26841,1.86,50693
132259,2026-08-31,1332,1.80,50693
208883,2026-08-31,13593,1.78,50693
100477,2026-08-31,128621,1.73,50693
302988,2026-08-31,63006,1.68,50693
242461,2026-08-31,52764,1.65,50693
132497,2026-08-31,4497,1.54,50693
208461,2026-08-31,37143,1.48,50693
126371,2026-08-31,212632,1.43,50693
112455,2026-08-31,9906,1.36,50693
132466,2026-08-31,1399,1.34,50693
132523,2026-08-31,39490,1.24,50693
100411,2026-08-31,4118,1.23,50693
220350,2026-08-31,49751,1.22,50693
100271,2026-08-31,9867,1.19,50693
190059,2026-08-31,6915,1.17,50693
132814,2026-08-31,16257,1.12,50693
209078,2026-08-31,12308,1.10,50693
132525,2026-08-31,161007,1.01,50693
200091,2026-08-31,27263,1.01,50693
132754,2026-08-31,126709,0.91,50693
132683,2026-08-31,2400,0.78,50693
100483,2026-08-31,5393,0.71,50693
228347,2026-08-31,14033,0.67,50693
132331,2026-08-31,2340,0.64,50693
113683,2026-08-31,29359,0.60,50693
123457,2026-08-31,1009,0.49,50693
132149,2026-08-31,42472,0.46,50693
132508,2026-08-31,8562,0.46,50693
123395,2026-08-31,93,0.24,50693
131642,2026-08-31,64278,4.15,49179
209532,2026-08-31,24718,3.85,49179
132343,2026-08-31,10305,3.52,49179
296765,2026-08-31,1253,3.33,49179
210590,2026-08-31,7442,3.28,49179
100530,2026-08-31,793,3.12,49179
105200,2026-08-31,4899,3.07,49179
218763,2026-08-31,19626,2.99,49179
225154,2026-08-31,4778,2.87,49179
132500,2026-08-31,2685,2.86,49179
100870,2026-08-31,195748,2.84,49179
200132,2026-08-31,2944,2.81,49179
117334,2026-08-31,198237,2.66,49179
100403,2026-08-31,28101,2.66,49179
100209,2026-08-31,28840,2.57,49179
210036,2026-08-31,40147,2.47,49179
132783,2026-08-31,68309,2.40,49179
132281,2026-08-31,22715,2.35,49179
100002,2026-08-31,3901,2.35,49179
122074,2026-08-31,46619,2.30,49179
100520,2026-08-31,8628,2.23,49179
208361,2026-08-31,12721,2.21,49179
132540,2026-08-31,11227,2.12,49179
280713,2026-08-31,113440,2.11,49179
117354,2026-08-31,21162,2.07,49179
216147,2026-08-31,80832,2.03,49179
207950,2026-08-31,17186,1.90,49179
100214,2026-08-31,63960,1.83,49179
124200,2026-08-31,16520,1.73,49179
100575,2026-08-31,16960,1.59,49179
132541,2026-08-31,9577,1.50,49179
100182,2026-08-31,3312,1.42,49179
132755,2026-08-31,10924,1.40,49179
117385,2026-08-31,27913,1.29,49179
126299,2026-08-31,5885,1.12,49179
221645,2026-08-31,17728,1.05,49179
242153,2026-08-31,29758,1.01,49179
123025,2026-08-31,8340,0.99,49179
210072,2026-08-31,837,0.98,49179
100483,2026-08-31,6861,0.93,49179
288401,2026-08-31,60520,0.86,49179
105255,2026-08-31,9678,0.79,49179
299229,2026-08-31,41023,0.79,49179
100770,2026-08-31,14047,0.71,49179
100238,2026-08-31,7271,0.46,49179
132488,2026-08-31,6288,4.75,50239
132343,2026-08-31,11623,4.02,50239
322918,2026-08-31,103343,3.88,50239
219494,2026-08-31,9386,3.59,50239
209867,2026-08-31,205315,3.24,50239
111243,2026-08-31,21406,3.17,50239
117334,2026-08-31,218599,2.97,50239
100420,2026-08-31,7258,2.93,50239
100480,2026-08-31,6684,2.72,50239
100547,2026-08-31,100282,2.59,50239
100850,2026-08-31,43451,2.56,50239
223595,2026-08-31,7973,2.48,50239
100093,2026-08-31,33928,2.48,50239
100825,2026-08-31,5828,2.44,50239
100400,2026-08-31,82530,2.28,50239
209550,2026-08-31,67654,2.16,50239
208280,2026-08-31,10088,2.11,50239
100331,2026-08-31,15332,2.06,50239
130965,2026-08-31,184875,2.05,50239
100490,2026-08-31,2142,1.99,50239
132810,2026-08-31,72049,1.93,50239
132725,2026-08-31,1205,1.93,50239
132155,2026-08-31,133469,1.89,50239
100295,2026-08-31,83908,1.86,50239
271875,2026-08-31,16250,1.84,50239
132868,2026-08-31,31742,1.75,50239
132134,2026-08-31,91798,1.75,50239
132286,2026-08-31,18329,1.74,50239
132432,2026-08-31,14616,1.74,50239
100530,2026-08-31,429,1.71,50239
132483,2026-08-31,166301,1.68,50239
216156,2026-08-31,4595,1.66,50239
289554,2026-08-31,16588,1.61,50239
200055,2026-08-31,61804,1.59,50239
100002,2026-08-31,2596,1.58,50239
132461,2026-08-31,170414,1.55,50239
132477,2026-08-31,95611,1.44,50239
132424,2026-08-31,19885,1.43,50239
100550,2026-08-31,4374,1.41,50239
219442,2026-08-31,13727,1.31,50239
221790,2026-08-31,5306,1.26,50239
208361,2026-08-31,7055,1.24,50239
100387,2026-08-31,661,1.22,50239
132321,2026-08-31,12379,1.15,50239
100188,2026-08-31,23795,1.13,50239
320028,2026-08-31,4376,1.13,50239
100425,2026-08-31,30849,0.99,50239
219700,2026-08-31,3759,0.74,50239
210850,2026-08-31,24907,0.73,50239
217280,2026-08-31,99530,0.66,50239
132488,2026-08-31,14339,10.85,48975
124715,2026-08-31,67688,10.74,48975
100420,2026-08-31,21886,8.86,48975
218071,2026-08-31,59564,4.96,48975
132331,2026-08-31,16765,4.83,48975
273811,2026-08-31,67646,4.12,48975
211840,2026-08-31,21045,4.07,48975
254962,2026-08-31,27590,4.01,48975
218763,2026-08-31,25432,3.93,48975
124558,2026-08-31,1774,3.26,48975
221645,2026-08-31,52247,3.15,48975
132504,2026-08-31,4392,3.04,48975
221033,2026-08-31,47891,2.89,48975
100488,2026-08-31,1368,2.83,48975
209147,2026-08-31,21756,2.54,48975
100087,2026-08-31,19771,2.23,48975
100680,2026-08-31,5665,2.12,48975
228049,2026-08-31,27457,1.96,48975
277614,2026-08-31,74950,1.77,48975
279664,2026-08-31,14551,1.72,48975
132321,2026-08-31,16255,1.51,48975
100257,2026-08-31,8120,1.42,48975
217379,2026-08-31,11163,1.40,48975
126783,2026-08-31,2844,1.20,48975
132843,2026-08-31,15160,1.10,48975
274041,2026-08-31,20940,0.86,48975
124372,2026-08-31,10285,0.80,48975
235355,2026-08-31,3175,0.73,48975
233063,2026-08-31,13501,0.71,48975
124494,2026-08-31,3210,0.51,48975
315904,2026-08-31,122624,0.46,48975
271867,2026-08-31,36795,5.94,49727
208766,2026-08-31,20395,5.85,49727
111218,2026-08-31,56854,5.32,49727
100440,2026-08-31,59323,5.08,49727
100470,2026-08-31,304662,4.73,49727
100480,2026-08-31,10428,4.49,49727
132555,2026-08-31,162259,4.48,49727
122275,2026-08-31,11467,4.30,49727
100295,2026-08-31,183017,4.29,49727
209867,2026-08-31,252152,4.21,49727
207901,2026-08-31,14906,4.12,49727
100469,2026-08-31,131401,3.95,49727
100103,2026-08-31,97632,3.64,49727
117334,2026-08-31,228001,3.28,49727
100493,2026-08-31,18479,3.28,49727
100093,2026-08-31,39579,3.06,49727
296765,2026-08-31,1055,3.00,49727
271875,2026-08-31,23650,2.83,49727
100420,2026-08-31,6606,2.82,49727
132234,2026-08-31,86654,2.79,49727
211337,2026-08-31,3438,2.74,49727
132822,2026-08-31,1738303,2.10,49727
132725,2026-08-31,1221,2.07,49727
100002,2026-08-31,3038,1.96,49727
289554,2026-08-31,18051,1.85,49727
132296,2026-08-31,8351,1.75,49727
117569,2026-08-31,3540,1.71,49727
100113,2026-08-31,103220,1.70,49727
242461,2026-08-31,39234,1.35,49727
220350,2026-08-31,36953,1.00,49727
132174,2026-08-31,60000,7.49,5153
100180,2026-08-31,109923,6.69,5153
100510,2026-08-31,11857,4.12,5153
210072,2026-08-31,2850,3.63,5153
100325,2026-08-31,33000,3.62,5153
132488,2026-08-31,4440,3.61,5153
132454,2026-08-31,22000,3.42,5153
252306,2026-08-31,116891,3.29,5153
100034,2026-08-31,34891,3.17,5153
100209,2026-08-31,32071,3.12,5153
100520,2026-08-31,11000,3.10,5153
222055,2026-08-31,6891,3.10,5153
132343,2026-08-31,7500,2.80,5153
111243,2026-08-31,17485,2.79,5153
132777,2026-08-31,24484,2.76,5153
132868,2026-08-31,45962,2.73,5153
108869,2026-08-31,3500,2.67,5153
132755,2026-08-31,18000,2.52,5153
100495,2026-08-31,9740,2.50,5153
100696,2026-08-31,14254,2.41,5153
302988,2026-08-31,80000,2.40,5153
208461,2026-08-31,52558,2.35,5153
100251,2026-08-31,9477,2.34,5153
100387,2026-08-31,1153,2.30,5153
208280,2026-08-31,10126,2.28,5153
132555,2026-08-31,80000,2.25,5153
100480,2026-08-31,5000,2.19,5153
105200,2026-08-31,3000,2.05,5153
200132,2026-08-31,1817,1.89,5153
132810,2026-08-31,65000,1.88,5153
219494,2026-08-31,4517,1.86,5153
205198,2026-08-31,10396,1.80,5153
100820,2026-08-31,7515,1.71,5153
100825,2026-08-31,3400,1.53,5153
132174,2026-08-31,53000,6.64,42770
100180,2026-08-31,63118,3.86,42770
100209,2026-08-31,32548,3.18,42770
100325,2026-08-31,26304,2.89,42770
124715,2026-08-31,16676,2.85,42770
132538,2026-08-31,2834,2.80,42770
100112,2026-08-31,28652,2.62,42770
132215,2026-08-31,20000,2.24,42770
100247,2026-08-31,61000,2.20,42770
100440,2026-08-31,25000,2.19,42770
132541,2026-08-31,12415,2.12,42770
100510,2026-08-31,6000,2.09,42770
209147,2026-08-31,15000,1.89,42770
100420,2026-08-31,4000,1.75,42770
200132,2026-08-31,1644,1.72,42770
302921,2026-08-31,8000,1.72,42770
108869,2026-08-31,2200,1.69,42770
200020,2026-08-31,29392,1.66,42770
132525,2026-08-31,225420,1.59,42770
217379,2026-08-31,11000,1.49,42770
132555,2026-08-31,51000,1.44,42770
210072,2026-08-31,1119,1.43,42770
252306,2026-08-31,50000,1.41,42770
223595,2026-08-31,4000,1.34,42770
223658,2026-08-31,20000,1.34,42770
207872,2026-08-31,10000,1.33,42770
100114,2026-08-31,2903,1.28,42770
277169,2026-08-31,18000,1.27,42770
100271,2026-08-31,9000,1.22,42770
132843,2026-08-31,15000,1.17,42770
324996,2026-08-31,30000,1.13,42770
100312,2026-08-31,56000,1.12,42770
287490,2026-08-31,125658,1.07,42770
100034,2026-08-31,10830,0.99,42770
214179,2026-08-31,14000,0.98,42770
100411,2026-08-31,2733,0.92,42770
100878,2026-08-31,3000,0.88,42770
323093,2026-08-31,45090,0.80,42770
223478,2026-08-31,39390,0.77,42770
211385,2026-08-31,5000,0.75,42770
208045,2026-08-31,62048,0.74,42770
100575,2026-08-31,7000,0.72,42770
100295,2026-08-31,30000,0.72,42770
132921,2026-08-31,5000,0.69,42770
132134,2026-08-31,30000,0.62,42770
122113,2026-08-31,2197,0.60,42770
100238,2026-08-31,8000,0.55,42770
124200,2026-08-31,4600,0.53,42770
132424,2026-08-31,6500,0.50,42770
282626,2026-08-31,7660,0.32,42770
132400,2026-08-31,10962,0.28,42770
111243,2026-08-31,1695,0.27,42770
229218,2026-08-31,4988,0.14,42770
217126,2026-08-31,30000,0.10,42770
324997,2026-08-31,30000,0.10,42770
226019,2026-08-31,30000,0.09,42770
223586,2026-08-31,1824,0.09,42770
100180,2026-08-31,84262,5.42,50963
132174,2026-08-31,39419,5.20,50963
100325,2026-08-31,37174,4.31,50963
132454,2026-08-31,16845,2.77,50963
100510,2026-08-31,6441,2.36,50963
100112,2026-08-31,22744,2.19,50963
100209,2026-08-31,19301,1.98,50963
132215,2026-08-31,15804,1.86,50963
100247,2026-08-31,40514,1.54,50963
100520,2026-08-31,4912,1.46,50963
100034,2026-08-31,14749,1.41,50963
100875,2026-08-31,53398,1.24,50963
132540,2026-08-31,5617,1.22,50963
252306,2026-08-31,39781,1.18,50963
100114,2026-08-31,2272,1.05,50963
124715,2026-08-31,5826,1.05,50963
132500,2026-08-31,719,0.88,50963
100696,2026-08-31,4881,0.87,50963
111218,2026-08-31,7707,0.78,50963
132555,2026-08-31,26088,0.77,50963
100470,2026-08-31,45485,0.76,50963
100049,2026-08-31,19708,0.74,50963
100440,2026-08-31,7966,0.73,50963
132281,2026-08-31,5801,0.69,50963
132538,2026-08-31,651,0.68,50963
200132,2026-08-31,610,0.67,50963
207901,2026-08-31,2248,0.67,50963
100300,2026-08-31,2078,0.64,50963
100228,2026-08-31,5160,0.61,50963
132488,2026-08-31,699,0.60,50963
100820,2026-08-31,2489,0.60,50963
132898,2026-08-31,24920,0.60,50963
222055,2026-08-31,1246,0.59,50963
132921,2026-08-31,4086,0.59,50963
205198,2026-08-31,3186,0.58,50963
105200,2026-08-31,759,0.55,50963
100790,2026-08-31,3946,0.54,50963
132755,2026-08-31,3495,0.52,50963
132343,2026-08-31,1292,0.51,50963
322918,2026-08-31,11432,0.49,50963
219300,2026-08-31,13181,0.48,50963
100251,2026-08-31,1831,0.48,50963
108869,2026-08-31,565,0.46,50963
219494,2026-08-31,1043,0.45,50963
100312,2026-08-31,21375,0.45,50963
100469,2026-08-31,13563,0.44,50963
208766,2026-08-31,1404,0.43,50963
112599,2026-08-31,1598,0.41,50963
209867,2026-08-31,22832,0.41,50963
111243,2026-08-31,2380,0.40,50963
100087,2026-08-31,3097,0.40,50963
229365,2026-08-31,18055,0.40,50963
211385,2026-08-31,2473,0.39,50963
218071,2026-08-31,4096,0.39,50963
117334,2026-08-31,24310,0.38,50963
271867,2026-08-31,2141,0.37,50963
100420,2026-08-31,807,0.37,50963
208883,2026-08-31,2315,0.36,50963
100182,2026-08-31,715,0.35,50963
100124,2026-08-31,3353,0.35,50963
132541,2026-08-31,1917,0.35,50963
100480,2026-08-31,743,0.34,50963
100800,2026-08-31,3583,0.34,50963
132187,2026-08-31,3624,0.33,50963
100547,2026-08-31,11152,0.33,50963
254493,2026-08-31,1906,0.32,50963
100850,2026-08-31,4831,0.32,50963
100570,2026-08-31,11500,0.32,50963
100103,2026-08-31,8022,0.32,50963
223595,2026-08-31,887,0.31,50963
100093,2026-08-31,3773,0.31,50963
100825,2026-08-31,648,0.31,50963
286335,2026-08-31,3117,0.31,50963
210072,2026-08-31,227,0.31,50963
210590,2026-08-31,598,0.30,50963
217389,2026-08-31,5920,0.29,50963
100400,2026-08-31,9178,0.29,50963
132667,2026-08-31,66928,0.29,50963
278580,2026-08-31,36509,0.28,50963
100493,2026-08-31,1466,0.28,50963
122275,2026-08-31,681,0.27,50963
209550,2026-08-31,7522,0.27,50963
208280,2026-08-31,1122,0.27,50963
100257,2026-08-31,1337,0.27,50963
217376,2026-08-31,6980,0.26,50963
100331,2026-08-31,1704,0.26,50963
130965,2026-08-31,20558,0.26,50963
132777,2026-08-31,2121,0.25,50963
211337,2026-08-31,294,0.25,50963
100477,2026-08-31,15744,0.25,50963
100490,2026-08-31,237,0.25,50963
209967,2026-08-31,7089,0.25,50963
107685,2026-08-31,14903,0.25,50963
132810,2026-08-31,8066,0.25,50963
132725,2026-08-31,134,0.24,50963
132155,2026-08-31,14843,0.24,50963
302988,2026-08-31,7528,0.24,50963
124804,2026-08-31,1523,0.24,50963
132843,2026-08-31,2867,0.24,50963
100295,2026-08-31,9331,0.24,50963
271875,2026-08-31,1820,0.23,50963
100530,2026-08-31,49,0.22,50963
132868,2026-08-31,3531,0.22,50963
132134,2026-08-31,10209,0.22,50963
132286,2026-08-31,2038,0.22,50963
132432,2026-08-31,1625,0.22,50963
131642,2026-08-31,2912,0.22,50963
132483,2026-08-31,18493,0.21,50963
296765,2026-08-31,69,0.21,50963
216156,2026-08-31,511,0.21,50963
100271,2026-08-31,1459,0.21,50963
289554,2026-08-31,1856,0.20,50963
190059,2026-08-31,1001,0.20,50963
200055,2026-08-31,6873,0.20,50963
100002,2026-08-31,289,0.20,50963
132648,2026-08-31,96651,0.20,50963
293862,2026-08-31,7810,0.20,50963
132822,2026-08-31,151491,0.20,50963
132461,2026-08-31,18952,0.20,50963
217379,2026-08-31,1338,0.19,50963
132296,2026-08-31,830,0.19,50963
103806,2026-08-31,799,0.19,50963
214179,2026-08-31,2468,0.18,50963
132477,2026-08-31,10632,0.18,50963
132424,2026-08-31,2211,0.18,50963
100550,2026-08-31,488,0.18,50963
103100,2026-08-31,1028,0.18,50963
117569,2026-08-31,339,0.18,50963
132497,2026-08-31,432,0.18,50963
100104,2026-08-31,5284,0.18,50963
132234,2026-08-31,4935,0.17,50963
242461,2026-08-31,4532,0.17,50963
219442,2026-08-31,1537,0.17,50963
132754,2026-08-31,19585,0.17,50963
294388,2026-08-31,1056,0.16,50963
190003,2026-08-31,5170,0.16,50963
126299,2026-08-31,729,0.16,50963
221790,2026-08-31,591,0.16,50963
208461,2026-08-31,3374,0.16,50963
132504,2026-08-31,202,0.16,50963
132814,2026-08-31,1944,0.16,50963
100387,2026-08-31,75,0.16,50963
112070,2026-08-31,3086,0.16,50963
208361,2026-08-31,785,0.16,50963
117354,2026-08-31,1387,0.16,50963
132144,2026-08-31,718,0.16,50963
190071,2026-08-31,378,0.16,50963
212427,2026-08-31,322,0.16,50963
317635,2026-08-31,15338,0.15,50963
126371,2026-08-31,19018,0.15,50963
228974,2026-08-31,1426,0.15,50963
132466,2026-08-31,132,0.15,50963
132259,2026-08-31,93,0.15,50963
269404,2026-08-31,588,0.15,50963
132523,2026-08-31,3926,0.15,50963
132321,2026-08-31,1377,0.15,50963
216369,2026-08-31,20741,0.14,50963
100188,2026-08-31,2646,0.14,50963
320028,2026-08-31,485,0.14,50963
100113,2026-08-31,7956,0.14,50963
111072,2026-08-31,660,0.14,50963
213838,2026-08-31,927,0.14,50963
220350,2026-08-31,4694,0.14,50963
211840,2026-08-31,623,0.14,50963
124494,2026-08-31,761,0.14,50963
100575,2026-08-31,1255,0.14,50963
208238,2026-08-31,743,0.14,50963
100290,2026-08-31,11,0.13,50963
200091,2026-08-31,3001,0.13,50963
289108,2026-08-31,3083,0.13,50963
100183,2026-08-31,5606,0.13,50963
100830,2026-08-31,726,0.12,50963
207950,2026-08-31,981,0.12,50963
100425,2026-08-31,3430,0.12,50963
221877,2026-08-31,528,0.12,50963
132720,2026-08-31,3622,0.12,50963
209068,2026-08-31,3401,0.12,50963
132827,2026-08-31,36,0.12,50963
112455,2026-08-31,713,0.12,50963
132539,2026-08-31,1000,0.12,50963
226720,2026-08-31,2115,0.12,50963
109930,2026-08-31,356,0.11,50963
132779,2026-08-31,1041,0.11,50963
235355,2026-08-31,437,0.11,50963
106395,2026-08-31,655,0.11,50963
132522,2026-08-31,4124,0.11,50963
100096,2026-08-31,3250,0.11,50963
233063,2026-08-31,1835,0.11,50963
220018,2026-08-31,647,0.11,50963
132210,2026-08-31,5269,0.11,50963
132508,2026-08-31,1715,0.11,50963
217757,2026-08-31,1035,0.11,50963
132644,2026-08-31,230,0.11,50963
132805,2026-08-31,3252,0.11,50963
209078,2026-08-31,986,0.10,50963
210258,2026-08-31,2177,0.10,50963
237831,2026-08-31,3266,0.10,50963
100483,2026-08-31,643,0.10,50963
221033,2026-08-31,1464,0.10,50963
209147,2026-08-31,756,0.10,50963
100086,2026-08-31,2490,0.10,50963
295872,2026-08-31,232,0.10,50963
124558,2026-08-31,47,0.10,50963
226156,2026-08-31,489,0.10,50963
221645,2026-08-31,1420,0.10,50963
215367,2026-08-31,2153,0.10,50963
225051,2026-08-31,1642,0.10,50963
123642,2026-08-31,446,0.10,50963
100067,2026-08-31,713,0.09,50963
219700,2026-08-31,419,0.09,50963
210036,2026-08-31,1323,0.09,50963
131213,2026-08-31,3019,0.09,50963
209902,2026-08-31,3575,0.09,50963
132830,2026-08-31,672,0.09,50963
210850,2026-08-31,2755,0.09,50963
102355,2026-08-31,440,0.09,50963
318678,2026-08-31,6133,0.09,50963
131344,2026-08-31,1899,0.09,50963
222961,2026-08-31,456,0.09,50963
208607,2026-08-31,559,0.09,50963
132149,2026-08-31,6686,0.09,50963
228347,2026-08-31,1519,0.09,50963
113599,2026-08-31,1797,0.09,50963
217280,2026-08-31,11068,0.08,50963
132525,2026-08-31,11204,0.08,50963
132683,2026-08-31,213,0.08,50963
225154,2026-08-31,119,0.08,50963
124000,2026-08-31,1948,0.08,50963
232793,2026-08-31,285,0.08,50963
132892,2026-08-31,862,0.08,50963
215216,2026-08-31,80,0.08,50963
100253,2026-08-31,1655,0.08,50963
105790,2026-08-31,221,0.08,50963
122287,2026-08-31,622,0.08,50963
100003,2026-08-31,688,0.08,50963
132300,2026-08-31,453,0.08,50963
100184,2026-08-31,1286,0.08,50963
280713,2026-08-31,3536,0.08,50963
132331,2026-08-31,231,0.08,50963
100411,2026-08-31,213,0.08,50963
218763,2026-08-31,427,0.07,50963
132636,2026-08-31,1273,0.07,50963
279527,2026-08-31,5021,0.07,50963
208364,2026-08-31,268,0.07,50963
243036,2026-08-31,1450,0.07,50963
293380,2026-08-31,436,0.07,50963
322541,2026-08-31,4212,0.07,50963
104973,2026-08-31,543,0.07,50963
208412,2026-08-31,1652,0.07,50963
218756,2026-08-31,1161,0.07,50963
209420,2026-08-31,940,0.07,50963
109480,2026-08-31,1561,0.07,50963
100877,2026-08-31,1767,0.07,50963
210174,2026-08-31,2174,0.07,50963
222554,2026-08-31,166,0.07,50963
100488,2026-08-31,29,0.07,50963
208089,2026-08-31,424,0.07,50963
123457,2026-08-31,116,0.07,50963
122074,2026-08-31,1176,0.07,50963
244937,2026-08-31,33,0.07,50963
307332,2026-08-31,3405,0.07,50963
217400,2026-08-31,1284,0.07,50963
218533,2026-08-31,379,0.07,50963
132889,2026-08-31,609,0.07,50963
305799,2026-08-31,736,0.06,50963
100620,2026-08-31,543,0.06,50963
219691,2026-08-31,466,0.06,50963
113375,2026-08-31,633,0.06,50963
275316,2026-08-31,233,0.06,50963
279664,2026-08-31,469,0.06,50963
100660,2026-08-31,227,0.06,50963
100408,2026-08-31,190,0.06,50963
314935,2026-08-31,653,0.06,50963
200020,2026-08-31,1015,0.06,50963
132482,2026-08-31,795,0.06,50963
106401,2026-08-31,376,0.06,50963
100368,2026-08-31,1906,0.06,50963
209037,2026-08-31,3125,0.06,50963
318188,2026-08-31,431,0.06,50963
100092,2026-08-31,134,0.06,50963
212705,2026-08-31,507,0.06,50963
207872,2026-08-31,412,0.06,50963
223187,2026-08-31,172,0.06,50963
115030,2026-08-31,664,0.06,50963
200515,2026-08-31,249,0.06,50963
323093,2026-08-31,3048,0.06,50963
122113,2026-08-31,197,0.06,50963
220741,2026-08-31,4225,0.06,50963
235955,2026-08-31,529,0.06,50963
304549,2026-08-31,427,0.06,50963
100260,2026-08-31,692,0.06,50963
100008,2026-08-31,671,0.05,50963
315904,2026-08-31,12671,0.05,50963
124208,2026-08-31,1126,0.05,50963
207673,2026-08-31,3039,0.05,50963
132514,2026-08-31,3839,0.05,50963
278701,2026-08-31,1060,0.05,50963
100233,2026-08-31,454,0.05,50963
100027,2026-08-31,88,0.05,50963
215477,2026-08-31,194,0.05,50963
229238,2026-08-31,347,0.05,50963
100770,2026-08-31,857,0.05,50963
100495,2026-08-31,183,0.05,50963
268618,2026-08-31,152,0.05,50963
131595,2026-08-31,2116,0.05,50963
310018,2026-08-31,104,0.05,50963
123395,2026-08-31,16,0.05,50963
113683,2026-08-31,1993,0.05,50963
210949,2026-08-31,149,0.05,50963
209024,2026-08-31,181,0.05,50963
294320,2026-08-31,903,0.05,50963
224623,2026-08-31,4372,0.05,50963
100144,2026-08-31,415,0.05,50963
100645,2026-08-31,368,0.05,50963
132478,2026-08-31,396,0.05,50963
222264,2026-08-31,888,0.05,50963
305013,2026-08-31,13916,0.05,50963
208414,2026-08-31,4378,0.05,50963
228460,2026-08-31,6060,0.05,50963
296367,2026-08-31,12350,0.05,50963
115055,2026-08-31,836,0.05,50963
132175,2026-08-31,430,0.05,50963
100084,2026-08-31,3451,0.05,50963
213327,2026-08-31,2747,0.05,50963
105714,2026-08-31,348,0.05,50963
117146,2026-08-31,997,0.05,50963
100033,2026-08-31,28,0.04,50963
208801,2026-08-31,5697,0.04,50963
250870,2026-08-31,282,0.04,50963
251791,2026-08-31,1939,0.04,50963
100870,2026-08-31,2619,0.04,50963
211595,2026-08-31,2063,0.04,50963
100163,2026-08-31,226,0.04,50963
105537,2026-08-31,5052,0.04,50963
132689,2026-08-31,391,0.04,50963
216065,2026-08-31,467,0.04,50963
132809,2026-08-31,1735,0.04,50963
101301,2026-08-31,715,0.04,50963
317139,2026-08-31,5084,0.04,50963
132129,2026-08-31,812,0.04,50963
100125,2026-08-31,563,0.04,50963
190032,2026-08-31,253,0.04,50963
287433,2026-08-31,1103,0.04,50963
200017,2026-08-31,224,0.04,50963
132627,2026-08-31,26650,0.04,50963
228049,2026-08-31,488,0.04,50963
113023,2026-08-31,759,0.04,50963
117174,2026-08-31,12,0.04,50963
209979,2026-08-31,400,0.04,50963
267465,2026-08-31,385,0.04,50963
100410,2026-08-31,329,0.04,50963
132527,2026-08-31,564,0.04,50963
119600,2026-08-31,387,0.04,50963
209373,2026-08-31,1041,0.04,50963
200048,2026-08-31,21471,0.04,50963
124816,2026-08-31,492,0.04,50963
100038,2026-08-31,596,0.04,50963
208196,2026-08-31,161,0.04,50963
302427,2026-08-31,269,0.04,50963
100048,2026-08-31,210,0.04,50963
297629,2026-08-31,891,0.04,50963
117271,2026-08-31,617,0.04,50963
221842,2026-08-31,297,0.04,50963
100378,2026-08-31,1275,0.04,50963
100878,2026-08-31,115,0.04,50963
132178,2026-08-31,1500,0.04,50963
131162,2026-08-31,1078,0.04,50963
229820,2026-08-31,321,0.04,50963
130019,2026-08-31,441,0.04,50963
100040,2026-08-31,287,0.04,50963
100680,2026-08-31,83,0.04,50963
274045,2026-08-31,274,0.04,50963
222255,2026-08-31,297,0.03,50963
241214,2026-08-31,2365,0.03,50963
109496,2026-08-31,305,0.03,50963
221809,2026-08-31,5307,0.03,50963
226076,2026-08-31,641,0.03,50963
131768,2026-08-31,210,0.03,50963
111196,2026-08-31,462,0.03,50963
131358,2026-08-31,467,0.03,50963
100110,2026-08-31,264,0.03,50963
132209,2026-08-31,2441,0.03,50963
200115,2026-08-31,439,0.03,50963
308764,2026-08-31,746,0.03,50963
207959,2026-08-31,392,0.03,50963
208099,2026-08-31,189,0.03,50963
200039,2026-08-31,15878,0.03,50963
209344,2026-08-31,672,0.03,50963
210284,2026-08-31,567,0.03,50963
322366,2026-08-31,2961,0.03,50963
114162,2026-08-31,1741,0.03,50963
294914,2026-08-31,1318,0.03,50963
132783,2026-08-31,754,0.03,50963
271581,2026-08-31,494,0.03,50963
100238,2026-08-31,418,0.03,50963
208661,2026-08-31,312,0.03,50963
100085,2026-08-31,815,0.03,50963
109631,2026-08-31,456,0.03,50963
107815,2026-08-31,45,0.03,50963
304682,2026-08-31,189,0.03,50963
100294,2026-08-31,2215,0.03,50963
132734,2026-08-31,1345,0.03,50963
100106,2026-08-31,3645,0.03,50963
208045,2026-08-31,2331,0.03,50963
213597,2026-08-31,441,0.03,50963
215690,2026-08-31,174,0.03,50963
102986,2026-08-31,548,0.03,50963
132221,2026-08-31,1063,0.03,50963
301578,2026-08-31,460,0.03,50963
320350,2026-08-31,1847,0.03,50963
132784,2026-08-31,245,0.03,50963
100840,2026-08-31,1085,0.03,50963
106590,2026-08-31,961,0.03,50963
303107,2026-08-31,1296,0.03,50963
100710,2026-08-31,95,0.03,50963
290269,2026-08-31,169,0.03,50963
132714,2026-08-31,710,0.03,50963
308021,2026-08-31,6306,0.03,50963
213429,2026-08-31,2718,0.03,50963
104067,2026-08-31,624,0.03,50963
132439,2026-08-31,225,0.03,50963
132885,2026-08-31,9345,0.03,50963
190024,2026-08-31,342,0.03,50963
131335,2026-08-31,527,0.03,50963
100116,2026-08-31,3068,0.03,50963
106285,2026-08-31,70,0.03,50963
124742,2026-08-31,110,0.03,50963
221661,2026-08-31,589,0.03,50963
320627,2026-08-31,3178,0.03,50963
267615,2026-08-31,219,0.03,50963
225850,2026-08-31,3387,0.02,50963
132756,2026-08-31,698,0.02,50963
220869,2026-08-31,275,0.02,50963
123405,2026-08-31,2107,0.02,50963
100164,2026-08-31,237,0.02,50963
123598,2026-08-31,926,0.02,50963
132400,2026-08-31,908,0.02,50963
321331,2026-08-31,498,0.02,50963
210039,2026-08-31,182,0.02,50963
209492,2026-08-31,300,0.02,50963
132388,2026-08-31,7993,0.02,50963
130007,2026-08-31,685,0.02,50963
109488,2026-08-31,366,0.02,50963
132181,2026-08-31,454,0.02,50963
220512,2026-08-31,3915,0.02,50963
210859,2026-08-31,452,0.02,50963
217385,2026-08-31,1318,0.02,50963
100405,2026-08-31,346,0.02,50963
132733,2026-08-31,541,0.02,50963
317201,2026-08-31,442,0.02,50963
104614,2026-08-31,504,0.02,50963
132762,2026-08-31,226,0.02,50963
200057,2026-08-31,856,0.02,50963
100043,2026-08-31,350,0.02,50963
213046,2026-08-31,734,0.02,50963
294253,2026-08-31,1236,0.02,50963
209232,2026-08-31,360,0.02,50963
103310,2026-08-31,764,0.02,50963
287490,2026-08-31,2255,0.02,50963
123367,2026-08-31,218,0.02,50963
311742,2026-08-31,99,0.02,50963
301912,2026-08-31,262,0.02,50963
123596,2026-08-31,1784,0.02,50963
316052,2026-08-31,790,0.02,50963
226328,2026-08-31,167,0.02,50963
217396,2026-08-31,1290,0.02,50963
105700,2026-08-31,482,0.02,50963
229852,2026-08-31,1185,0.02,50963
316659,2026-08-31,557,0.02,50963
132163,2026-08-31,396,0.02,50963
213672,2026-08-31,351,0.02,50963
200019,2026-08-31,587,0.02,50963
226611,2026-08-31,1461,0.02,50963
231440,2026-08-31,294,0.02,50963
220674,2026-08-31,744,0.02,50963
216147,2026-08-31,549,0.02,50963
210591,2026-08-31,3222,0.02,50963
306733,2026-08-31,215,0.02,50963
121064,2026-08-31,6840,0.01,50963
100109,2026-08-31,965,0.01,50963
126612,2026-08-31,33,0.01,50963
307329,2026-08-31,280,0.01,50963
209097,2026-08-31,734,0.01,50963
281585,2026-08-31,664,0.01,50963
132505,2026-08-31,6223,0.01,50963
255331,2026-08-31,91,0.01,50963
123610,2026-08-31,528,0.01,50963
101425,2026-08-31,95,0.01,50963
130005,2026-08-31,377,0.01,50963
132605,2026-08-31,221,0.01,50963
209038,2026-08-31,479,0.01,50963
228017,2026-08-31,100,0.01,50963
232353,2026-08-31,333,0.01,50963
232592,2026-08-31,397,0.01,50963
319986,2026-08-31,388,0.01,50963
132371,2026-08-31,2751,0.01,50963
132748,2026-08-31,365,0.01,50963
303322,2026-08-31,95,0.01,50963
132726,2026-08-31,165,0.01,50963
113377,2026-08-31,828,0.00,50963
132174,2026-08-31,46322,6.18,44436
100180,2026-08-31,80611,5.24,44436
100325,2026-08-31,27761,3.25,44436
100209,2026-08-31,25009,2.60,44436
132540,2026-08-31,10619,2.34,44436
132725,2026-08-31,1154,2.13,44436
208766,2026-08-31,6231,1.94,44436
311742,2026-08-31,9314,1.91,44436
100034,2026-08-31,19220,1.86,44436
209147,2026-08-31,13155,1.76,44436
100420,2026-08-31,3778,1.76,44436
252306,2026-08-31,57984,1.75,44436
132454,2026-08-31,10473,1.74,44436
132504,2026-08-31,2057,1.64,44436
254962,2026-08-31,8980,1.50,44436
210072,2026-08-31,1046,1.43,44436
221645,2026-08-31,20224,1.40,44436
211840,2026-08-31,5930,1.32,44436
237831,2026-08-31,42003,1.31,44436
218071,2026-08-31,13050,1.25,44436
105714,2026-08-31,9446,1.25,44436
190071,2026-08-31,2966,1.24,44436
210036,2026-08-31,16311,1.17,44436
228049,2026-08-31,14203,1.16,44436
113375,2026-08-31,11444,1.16,44436
106395,2026-08-31,6517,1.14,44436
132538,2026-08-31,1080,1.13,44436
207872,2026-08-31,7955,1.13,44436
109930,2026-08-31,3440,1.12,44436
124558,2026-08-31,531,1.12,44436
223409,2026-08-31,8109,1.10,44436
213838,2026-08-31,7200,1.08,44436
214179,2026-08-31,14441,1.08,44436
222554,2026-08-31,2569,1.07,44436
302988,2026-08-31,32711,1.05,44436
217379,2026-08-31,7186,1.03,44436
132777,2026-08-31,8187,0.99,44436
286335,2026-08-31,9799,0.98,44436
322180,2026-08-31,9407,0.94,44436
208883,2026-08-31,5790,0.91,44436
100790,2026-08-31,6598,0.91,44436
209232,2026-08-31,15392,0.88,44436
215477,2026-08-31,3214,0.85,44436
209344,2026-08-31,17813,0.85,44436
209550,2026-08-31,22677,0.83,44436
279664,2026-08-31,6103,0.83,44436
293537,2026-08-31,7193,0.82,44436
208364,2026-08-31,2910,0.82,44436
269404,2026-08-31,3200,0.82,44436
131344,2026-08-31,17223,0.81,44436
100182,2026-08-31,1599,0.80,44436
215216,2026-08-31,778,0.80,44436
100510,2026-08-31,2146,0.80,44436
132539,2026-08-31,6757,0.79,44436
200054,2026-08-31,24514,0.78,44436
208607,2026-08-31,4776,0.74,44436
132500,2026-08-31,591,0.73,44436
132644,2026-08-31,1555,0.73,44436
132555,2026-08-31,24340,0.73,44436
122113,2026-08-31,2523,0.73,44436
222055,2026-08-31,1510,0.73,44436
100049,2026-08-31,18987,0.72,44436
102355,2026-08-31,3440,0.72,44436
229238,2026-08-31,4821,0.71,44436
223478,2026-08-31,33670,0.70,44436
200091,2026-08-31,15517,0.69,44436
117569,2026-08-31,1302,0.69,44436
235955,2026-08-31,6075,0.65,44436
324034,2026-08-31,122000,0.64,44436
100477,2026-08-31,39166,0.63,44436
107815,2026-08-31,934,0.63,44436
132889,2026-08-31,5760,0.62,44436
316659,2026-08-31,19824,0.62,44436
228974,2026-08-31,5588,0.60,44436
100331,2026-08-31,3796,0.59,44436
226076,2026-08-31,11030,0.59,44436
293602,2026-08-31,10646,0.58,44436
100067,2026-08-31,4247,0.57,44436
211385,2026-08-31,3371,0.54,44436
132432,2026-08-31,3819,0.52,44436
274066,2026-08-31,9939,0.52,44436
208045,2026-08-31,32839,0.42,44436
313296,2026-08-31,14292,0.34,44436
132779,2026-08-31,2546,0.28,44436
123025,2026-08-31,1862,0.26,44436
126783,2026-08-31,437,0.21,44436
100180,2026-08-31,0,-0.11,28514
132174,2026-08-31,0,-0.04,28514
100325,2026-08-31,0,-0.12,28514
132215,2026-08-31,0,0.13,28514
132822,2026-08-31,0,-0.15,28514
217757,2026-08-31,0,-0.04,28514
208280,2026-08-31,0,0.07,28514
132454,2026-08-31,0,-0.13,28514
209550,2026-08-31,0,-0.08,28514
103100,2026-08-31,0,-0.00,28514
132461,2026-08-31,0,-0.01,28514
100425,2026-08-31,0,-0.02,28514
217376,2026-08-31,0,-0.01,28514
207901,2026-08-31,0,-0.02,28514
100300,2026-08-31,0,0.02,28514
132134,2026-08-31,0,0.00,28514
100096,2026-08-31,0,-0.02,28514
229365,2026-08-31,0,0.01,28514
208801,2026-08-31,0,-0.00,28514
132648,2026-08-31,435400,1.00,28514
131344,2026-08-31,0,-0.01,28514
100114,2026-08-31,0,-0.01,28514
112070,2026-08-31,0,-0.01,28514
100696,2026-08-31,0,-0.01,28514
100253,2026-08-31,0,-0.00,28514
217389,2026-08-31,0,-0.00,28514
217376,2026-08-31,50400,2.16,25668
117334,2026-08-31,102452,1.79,25668
100247,2026-08-31,38640,1.66,25668
100520,2026-08-31,4717,1.59,25668
293862,2026-08-31,52500,1.52,25668
219494,2026-08-31,2904,1.43,25668
100114,2026-08-31,2500,1.31,25668
237191,2026-08-31,13260,1.15,25668
100180,2026-08-31,14675,1.07,25668
222055,2026-08-31,1920,1.03,25668
209078,2026-08-31,8210,0.99,25668
132286,2026-08-31,8000,0.98,25668
108869,2026-08-31,1071,0.98,25668
100470,2026-08-31,50862,0.96,25668
100800,2026-08-31,8523,0.91,25668
132497,2026-08-31,1726,0.79,25668
100680,2026-08-31,1645,0.79,25668
305013,2026-08-31,196424,0.74,25668
100710,2026-08-31,2130,0.69,25668
132523,2026-08-31,15381,0.65,25668
132508,2026-08-31,8490,0.61,25668
132343,2026-08-31,13577,6.16,43878
100180,2026-08-31,50365,3.73,43878
100469,2026-08-31,99549,3.71,43878
131642,2026-08-31,42122,3.61,43878
100034,2026-08-31,31356,3.46,43878
210590,2026-08-31,5661,3.31,43878
100530,2026-08-31,566,2.96,43878
209532,2026-08-31,13859,2.86,43878
217389,2026-08-31,46730,2.65,43878
225154,2026-08-31,2805,2.23,43878
100114,2026-08-31,4163,2.22,43878
100520,2026-08-31,6462,2.21,43878
296765,2026-08-31,619,2.18,43878
100209,2026-08-31,18394,2.18,43878
210258,2026-08-31,39386,2.13,43878
132783,2026-08-31,44658,2.08,43878
207950,2026-08-31,14182,2.08,43878
105200,2026-08-31,2493,2.07,43878
210036,2026-08-31,25258,2.06,43878
217379,2026-08-31,12202,2.00,43878
132500,2026-08-31,1409,1.99,43878
100214,2026-08-31,49762,1.89,43878
200132,2026-08-31,1488,1.89,43878
218533,2026-08-31,9278,1.85,43878
205198,2026-08-31,8694,1.84,43878
132540,2026-08-31,7276,1.82,43878
218763,2026-08-31,8789,1.78,43878
132281,2026-08-31,12942,1.77,43878
100247,2026-08-31,39373,1.72,43878
117354,2026-08-31,12871,1.67,43878
122074,2026-08-31,23100,1.51,43878
280713,2026-08-31,59398,1.46,43878
100182,2026-08-31,2548,1.45,43878
100403,2026-08-31,11180,1.41,43878
100870,2026-08-31,72526,1.40,43878
100355,2026-08-31,63031,1.36,43878
100575,2026-08-31,10323,1.29,43878
100002,2026-08-31,1605,1.28,43878
221645,2026-08-31,14725,1.16,43878
216147,2026-08-31,34649,1.15,43878
208361,2026-08-31,4937,1.14,43878
100483,2026-08-31,6268,1.13,43878
124200,2026-08-31,7555,1.05,43878
123025,2026-08-31,6501,1.03,43878
242153,2026-08-31,21922,0.98,43878
132187,2026-08-31,9167,0.97,43878
100770,2026-08-31,14392,0.97,43878
100830,2026-08-31,4373,0.87,43878
209373,2026-08-31,19860,0.83,43878
117385,2026-08-31,11035,0.68,43878
107685,2026-08-31,27287,0.53,43878
100209,2026-08-31,50585,6.48,50389
132540,2026-08-31,14725,3.99,50389
124715,2026-08-31,15271,3.43,50389
100696,2026-08-31,12795,2.85,50389
100440,2026-08-31,20882,2.40,50389
132281,2026-08-31,15205,2.26,50389
132538,2026-08-31,1707,2.21,50389
100820,2026-08-31,6522,1.96,50389
100790,2026-08-31,10341,1.75,50389
132755,2026-08-31,9159,1.69,50389
322918,2026-08-31,30121,1.60,50389
100251,2026-08-31,4799,1.56,50389
100312,2026-08-31,56022,1.47,50389
100087,2026-08-31,8115,1.29,50389
218071,2026-08-31,10733,1.26,50389
117334,2026-08-31,63714,1.23,50389
271867,2026-08-31,5611,1.21,50389
100182,2026-08-31,1872,1.15,50389
100124,2026-08-31,8791,1.15,50389
132541,2026-08-31,5019,1.13,50389
100480,2026-08-31,1948,1.12,50389
100800,2026-08-31,9392,1.10,50389
100547,2026-08-31,29229,1.07,50389
100570,2026-08-31,30141,1.05,50389
100103,2026-08-31,21024,1.05,50389
223595,2026-08-31,2324,1.02,50389
100093,2026-08-31,9889,1.02,50389
100825,2026-08-31,1699,1.01,50389
210072,2026-08-31,598,1.00,50389
210590,2026-08-31,1567,0.99,50389
132667,2026-08-31,175415,0.94,50389
122275,2026-08-31,1787,0.90,50389
100257,2026-08-31,3502,0.87,50389
100331,2026-08-31,4469,0.85,50389
211337,2026-08-31,771,0.82,50389
209967,2026-08-31,18582,0.82,50389
132155,2026-08-31,38902,0.78,50389
124804,2026-08-31,3992,0.77,50389
132843,2026-08-31,7516,0.77,50389
100295,2026-08-31,24456,0.77,50389
132286,2026-08-31,5342,0.72,50389
131642,2026-08-31,7634,0.71,50389
296765,2026-08-31,183,0.70,50389
216156,2026-08-31,1339,0.69,50389
190059,2026-08-31,2625,0.66,50389
293862,2026-08-31,20469,0.65,50389
132296,2026-08-31,2172,0.61,50389
103806,2026-08-31,2095,0.61,50389
214179,2026-08-31,6466,0.59,50389
132424,2026-08-31,5796,0.59,50389
100550,2026-08-31,1275,0.58,50389
117569,2026-08-31,890,0.58,50389
132234,2026-08-31,12933,0.56,50389
219442,2026-08-31,4001,0.54,50389
126299,2026-08-31,1909,0.52,50389
132504,2026-08-31,531,0.52,50389
112070,2026-08-31,8088,0.51,50389
208361,2026-08-31,2056,0.51,50389
117354,2026-08-31,3635,0.51,50389
132144,2026-08-31,1885,0.51,50389
212427,2026-08-31,844,0.51,50389
317635,2026-08-31,40198,0.50,50389
132259,2026-08-31,244,0.49,50389
269404,2026-08-31,1541,0.48,50389
132523,2026-08-31,10289,0.48,50389
132321,2026-08-31,3599,0.47,50389
100188,2026-08-31,6936,0.47,50389
320028,2026-08-31,1275,0.47,50389
100113,2026-08-31,20850,0.46,50389
124494,2026-08-31,2003,0.45,50389
211840,2026-08-31,1633,0.45,50389
100575,2026-08-31,3280,0.44,50389
100290,2026-08-31,29,0.44,50389
100183,2026-08-31,14769,0.42,50389
100425,2026-08-31,8992,0.41,50389
100830,2026-08-31,1900,0.41,50389
132539,2026-08-31,2623,0.38,50389
109930,2026-08-31,929,0.37,50389
106395,2026-08-31,1724,0.37,50389
132827,2026-08-31,91,0.37,50389
132522,2026-08-31,10807,0.37,50389
132508,2026-08-31,4517,0.36,50389
132805,2026-08-31,8569,0.35,50389
221033,2026-08-31,3856,0.33,50389
209147,2026-08-31,1990,0.33,50389
100086,2026-08-31,6561,0.33,50389
295872,2026-08-31,608,0.32,50389
124558,2026-08-31,124,0.32,50389
100067,2026-08-31,1871,0.31,50389
132830,2026-08-31,1764,0.30,50389
102355,2026-08-31,1159,0.30,50389
113599,2026-08-31,4733,0.28,50389
225154,2026-08-31,315,0.27,50389
232793,2026-08-31,748,0.27,50389
105790,2026-08-31,581,0.26,50389
122287,2026-08-31,1637,0.26,50389
132300,2026-08-31,1188,0.25,50389
132331,2026-08-31,607,0.25,50389
280713,2026-08-31,9265,0.25,50389
100411,2026-08-31,559,0.25,50389
293380,2026-08-31,1147,0.24,50389
209420,2026-08-31,2477,0.23,50389
109480,2026-08-31,4111,0.23,50389
100877,2026-08-31,4655,0.23,50389
122074,2026-08-31,3099,0.22,50389
123457,2026-08-31,304,0.22,50389
113375,2026-08-31,1666,0.21,50389
279664,2026-08-31,1235,0.21,50389
132482,2026-08-31,2093,0.20,50389
106401,2026-08-31,990,0.20,50389
100368,2026-08-31,4996,0.19,50389
209037,2026-08-31,8187,0.19,50389
100092,2026-08-31,352,0.19,50389
207872,2026-08-31,1085,0.19,50389
122113,2026-08-31,518,0.18,50389
304549,2026-08-31,1123,0.18,50389
100260,2026-08-31,1823,0.18,50389
100008,2026-08-31,1766,0.18,50389
315904,2026-08-31,33209,0.18,50389
132514,2026-08-31,10116,0.17,50389
100233,2026-08-31,1194,0.17,50389
100027,2026-08-31,230,0.17,50389
215477,2026-08-31,509,0.17,50389
100770,2026-08-31,2257,0.16,50389
268618,2026-08-31,398,0.16,50389
310018,2026-08-31,272,0.16,50389
209024,2026-08-31,475,0.16,50389
210949,2026-08-31,390,0.16,50389
294320,2026-08-31,2365,0.16,50389
123395,2026-08-31,41,0.15,50389
100144,2026-08-31,1092,0.15,50389
222264,2026-08-31,2328,0.15,50389
305013,2026-08-31,36665,0.15,50389
115055,2026-08-31,2201,0.15,50389
132175,2026-08-31,1130,0.15,50389
105714,2026-08-31,914,0.15,50389
117146,2026-08-31,2627,0.15,50389
208801,2026-08-31,14933,0.15,50389
100870,2026-08-31,6900,0.14,50389
216065,2026-08-31,1229,0.14,50389
100033,2026-08-31,69,0.14,50389
132129,2026-08-31,2139,0.13,50389
200017,2026-08-31,588,0.13,50389
113023,2026-08-31,2000,0.13,50389
267465,2026-08-31,1014,0.13,50389
100410,2026-08-31,865,0.12,50389
209373,2026-08-31,2742,0.12,50389
297629,2026-08-31,2347,0.12,50389
100378,2026-08-31,3358,0.12,50389
131162,2026-08-31,2841,0.12,50389
100878,2026-08-31,302,0.12,50389
130019,2026-08-31,1161,0.12,50389
109496,2026-08-31,802,0.11,50389
221809,2026-08-31,13906,0.11,50389
100110,2026-08-31,694,0.11,50389
200115,2026-08-31,1155,0.11,50389
208099,2026-08-31,496,0.10,50389
210284,2026-08-31,1491,0.10,50389
114162,2026-08-31,4573,0.10,50389
132783,2026-08-31,1985,0.10,50389
100238,2026-08-31,1096,0.10,50389
100085,2026-08-31,2145,0.10,50389
208661,2026-08-31,821,0.10,50389
109631,2026-08-31,1199,0.10,50389
304682,2026-08-31,496,0.10,50389
100294,2026-08-31,5835,0.10,50389
132734,2026-08-31,3542,0.10,50389
107815,2026-08-31,117,0.10,50389
215690,2026-08-31,457,0.09,50389
102986,2026-08-31,1437,0.09,50389
132221,2026-08-31,2801,0.09,50389
301578,2026-08-31,1209,0.09,50389
100710,2026-08-31,249,0.09,50389
132714,2026-08-31,1871,0.09,50389
308021,2026-08-31,16616,0.09,50389
132439,2026-08-31,590,0.09,50389
106285,2026-08-31,184,0.08,50389
320627,2026-08-31,8374,0.08,50389
132756,2026-08-31,1839,0.08,50389
123598,2026-08-31,2439,0.08,50389
132400,2026-08-31,2392,0.08,50389
321331,2026-08-31,1311,0.08,50389
210039,2026-08-31,478,0.08,50389
100405,2026-08-31,910,0.07,50389
132762,2026-08-31,594,0.07,50389
200057,2026-08-31,2254,0.07,50389
100043,2026-08-31,921,0.07,50389
294253,2026-08-31,3255,0.07,50389
209232,2026-08-31,946,0.07,50389
103310,2026-08-31,2012,0.07,50389
311742,2026-08-31,260,0.07,50389
200019,2026-08-31,1545,0.05,50389
220674,2026-08-31,1959,0.05,50389
216147,2026-08-31,1445,0.05,50389
210591,2026-08-31,8488,0.05,50389
121064,2026-08-31,18023,0.05,50389
307329,2026-08-31,735,0.05,50389
126612,2026-08-31,85,0.05,50389
255331,2026-08-31,238,0.04,50389
123610,2026-08-31,1389,0.04,50389
101425,2026-08-31,250,0.04,50389
130005,2026-08-31,992,0.04,50389
209038,2026-08-31,1260,0.04,50389
232353,2026-08-31,874,0.04,50389
132726,2026-08-31,431,0.03,50389
111218,2026-08-31,57411,7.12,49930
100440,2026-08-31,47424,5.47,49930
200132,2026-08-31,3502,4.81,49930
100300,2026-08-31,12342,4.65,49930
100228,2026-08-31,30642,4.56,49930
132488,2026-08-31,4202,4.41,49930
105200,2026-08-31,4523,4.09,49930
100790,2026-08-31,23526,3.93,49930
132343,2026-08-31,7676,3.77,49930
112599,2026-08-31,11079,3.67,49930
219300,2026-08-31,75188,3.43,49930
108869,2026-08-31,3366,3.38,49930
100312,2026-08-31,128595,3.38,49930
219494,2026-08-31,6175,3.36,49930
111243,2026-08-31,14333,3.04,49930
229365,2026-08-31,111044,3.01,49930
100087,2026-08-31,18645,2.99,49930
211385,2026-08-31,14884,2.94,49930
218071,2026-08-31,24390,2.82,49930
100182,2026-08-31,4223,2.66,49930
100124,2026-08-31,20090,2.66,49930
100800,2026-08-31,21209,2.50,49930
100570,2026-08-31,69212,2.48,49930
100850,2026-08-31,29101,2.37,49930
100825,2026-08-31,3892,2.32,49930
217389,2026-08-31,35576,2.20,49930
100400,2026-08-31,54789,2.16,49930
132667,2026-08-31,397979,2.14,49930
209550,2026-08-31,44611,2.06,49930
107685,2026-08-31,93431,1.93,49930
132540,2026-08-31,7077,1.94,8465
132539,2026-08-31,12290,1.80,8465
100180,2026-08-31,22000,1.79,8465
111243,2026-08-31,7214,1.53,8465
100114,2026-08-31,2500,1.46,8465
132343,2026-08-31,2000,0.99,8465
100875,2026-08-31,32000,0.94,8465
132500,2026-08-31,500,0.78,8465
124715,2026-08-31,75975,18.08,45695
132488,2026-08-31,9117,10.35,45695
108869,2026-08-31,7382,7.88,45695
100087,2026-08-31,40373,6.82,45695
218071,2026-08-31,53399,6.67,45695
271867,2026-08-31,27917,6.41,45695
100420,2026-08-31,10524,6.39,45695
100124,2026-08-31,43738,6.05,45695
100257,2026-08-31,17425,4.57,45695
124804,2026-08-31,19860,4.09,45695
132843,2026-08-31,37391,4.07,45695
132296,2026-08-31,10803,3.21,45695
212427,2026-08-31,4197,2.68,45695
132523,2026-08-31,51192,2.53,45695
132321,2026-08-31,17952,2.50,45695
124494,2026-08-31,9967,2.36,45695
211840,2026-08-31,8124,2.36,45695
100488,2026-08-31,373,1.16,45695
307332,2026-08-31,44629,1.15,45695
209373,2026-08-31,13642,0.66,45695
100209,2026-08-31,212166,28.86,45110
132540,2026-08-31,70357,20.26,45110
132281,2026-08-31,72652,11.44,45110
132755,2026-08-31,53865,10.52,45110
132541,2026-08-31,29518,7.03,45110
210590,2026-08-31,9217,6.19,45110
107685,2026-08-31,229695,5.09,45110
216156,2026-08-31,7877,4.29,45110
126299,2026-08-31,11227,3.27,45110
132466,2026-08-31,2023,3.04,45110
132540,2026-08-31,18675,5.47,41015
100790,2026-08-31,28483,5.20,41015
100209,2026-08-31,37277,5.16,41015
100049,2026-08-31,95041,4.81,41015
132281,2026-08-31,28550,4.57,41015
200132,2026-08-31,3029,4.48,41015
100696,2026-08-31,17910,4.30,41015
100875,2026-08-31,135652,4.23,41015
210072,2026-08-31,2323,4.21,41015
100825,2026-08-31,6328,4.05,41015
219300,2026-08-31,74774,3.67,41015
100830,2026-08-31,15393,3.56,41015
219494,2026-08-31,6064,3.55,41015
100820,2026-08-31,10915,3.53,41015
100182,2026-08-31,4886,3.25,41015
100188,2026-08-31,42298,3.07,41015
208280,2026-08-31,9543,3.05,41015
131642,2026-08-31,29550,2.96,41015
132725,2026-08-31,1204,2.95,41015
100480,2026-08-31,4738,2.95,41015
210590,2026-08-31,4252,2.90,41015
100331,2026-08-31,12827,2.64,41015
211337,2026-08-31,2162,2.49,41015
132466,2026-08-31,1548,2.37,41015
216156,2026-08-31,4261,2.36,41015
132827,2026-08-31,512,2.24,41015
117354,2026-08-31,12211,1.85,41015
219700,2026-08-31,5695,1.72,41015
100408,2026-08-31,2953,1.29,41015
294320,2026-08-31,14420,1.03,41015
271867,2026-08-31,21376,5.03,50025
208766,2026-08-31,10777,4.51,50025
111218,2026-08-31,32998,4.45,50025
100469,2026-08-31,95247,4.10,50025
105200,2026-08-31,4112,4.04,50025
100103,2026-08-31,66825,3.58,50025
100440,2026-08-31,28498,3.57,50025
100493,2026-08-31,13307,3.37,50025
100480,2026-08-31,5280,3.33,50025
209867,2026-08-31,134244,3.29,50025
122275,2026-08-31,6091,3.26,50025
286335,2026-08-31,22853,3.06,50025
211337,2026-08-31,2665,3.02,50025
132234,2026-08-31,63451,2.98,50025
100420,2026-08-31,4848,2.98,50025
271875,2026-08-31,16177,2.92,50025
296765,2026-08-31,683,2.79,50025
294388,2026-08-31,13490,2.79,50025
132822,2026-08-31,1382614,2.49,50025
132296,2026-08-31,6926,2.13,50025
132843,2026-08-31,18954,2.12,50025
242461,2026-08-31,40418,2.01,50025
132504,2026-08-31,1800,1.93,50025
100183,2026-08-31,61951,1.90,50025
117569,2026-08-31,2553,1.76,50025
220350,2026-08-31,43962,1.69,50025
221790,2026-08-31,4349,1.60,50025
100113,2026-08-31,64295,1.56,50025
226156,2026-08-31,5669,1.54,50025
132259,2026-08-31,666,1.45,50025
232793,2026-08-31,3636,1.41,50025
209068,2026-08-31,29425,1.37,50025
132814,2026-08-31,12286,1.36,50025
222961,2026-08-31,5241,1.36,50025
304549,2026-08-31,6592,1.17,50025
113599,2026-08-31,17258,1.12,50025
209147,2026-08-31,5592,1.01,50025
215216,2026-08-31,550,0.76,50025
100620,2026-08-31,4299,0.69,50025
310018,2026-08-31,1034,0.66,50025
132482,2026-08-31,6001,0.61,50025
211595,2026-08-31,21332,0.61,50025
117146,2026-08-31,8631,0.53,50025
105714,2026-08-31,2337,0.42,50025
229820,2026-08-31,2590,0.39,50025
100033,2026-08-31,158,0.34,50025
132734,2026-08-31,9607,0.29,50025
100110,2026-08-31,1677,0.28,50025
132181,2026-08-31,3581,0.25,50025
132748,2026-08-31,4764,0.17,50025
207901,2026-08-31,7527,3.12,49368
100469,2026-08-31,45398,2.04,49368
208766,2026-08-31,4699,2.02,49368
271867,2026-08-31,7167,1.73,49368
208883,2026-08-31,7755,1.68,49368
100182,2026-08-31,2391,1.64,49368
132541,2026-08-31,6411,1.61,49368
132187,2026-08-31,12132,1.56,49368
254493,2026-08-31,6374,1.51,49368
100103,2026-08-31,26851,1.50,49368
210072,2026-08-31,764,1.43,49368
286335,2026-08-31,10429,1.43,49368
210590,2026-08-31,2002,1.41,49368
132667,2026-08-31,224035,1.34,49368
278580,2026-08-31,122209,1.33,49368
100493,2026-08-31,4910,1.30,49368
122275,2026-08-31,2282,1.28,49368
100257,2026-08-31,4473,1.23,49368
217376,2026-08-31,23367,1.23,49368
211337,2026-08-31,985,1.17,49368
132777,2026-08-31,7053,1.17,49368
100477,2026-08-31,52705,1.17,49368
209967,2026-08-31,23733,1.16,49368
302988,2026-08-31,25205,1.11,49368
124804,2026-08-31,5098,1.10,49368
132843,2026-08-31,9599,1.10,49368
131642,2026-08-31,9750,1.01,49368
296765,2026-08-31,234,1.00,49368
100271,2026-08-31,4885,0.97,49368
190059,2026-08-31,3353,0.94,49368
132648,2026-08-31,323536,0.93,49368
293862,2026-08-31,26143,0.93,49368
132822,2026-08-31,507104,0.92,49368
217379,2026-08-31,4476,0.88,49368
132296,2026-08-31,2773,0.87,49368
103806,2026-08-31,2675,0.86,49368
103100,2026-08-31,3439,0.82,49368
117569,2026-08-31,1137,0.82,49368
132497,2026-08-31,1443,0.82,49368
100104,2026-08-31,17688,0.82,49368
132234,2026-08-31,16518,0.80,49368
242461,2026-08-31,15167,0.78,49368
132754,2026-08-31,65559,0.77,49368
126299,2026-08-31,2438,0.75,49368
208461,2026-08-31,11290,0.74,49368
132814,2026-08-31,6509,0.74,49368
112070,2026-08-31,10330,0.73,49368
117354,2026-08-31,4642,0.73,49368
190071,2026-08-31,1269,0.73,49368
212427,2026-08-31,1078,0.72,49368
317635,2026-08-31,51339,0.72,49368
126371,2026-08-31,63664,0.71,49368
228974,2026-08-31,4773,0.71,49368
132466,2026-08-31,439,0.69,49368
132259,2026-08-31,311,0.69,49368
269404,2026-08-31,1968,0.69,49368
132523,2026-08-31,13141,0.68,49368
216369,2026-08-31,69425,0.67,49368
100113,2026-08-31,26629,0.66,49368
213838,2026-08-31,3107,0.64,49368
124494,2026-08-31,2559,0.64,49368
220350,2026-08-31,15715,0.64,49368
211840,2026-08-31,2085,0.64,49368
208238,2026-08-31,2491,0.63,49368
100575,2026-08-31,4200,0.63,49368
100290,2026-08-31,37,0.62,49368
200091,2026-08-31,10046,0.61,49368
100830,2026-08-31,2426,0.58,49368
221877,2026-08-31,1763,0.58,49368
132720,2026-08-31,12187,0.57,49368
112455,2026-08-31,2397,0.54,49368
132539,2026-08-31,3350,0.54,49368
132779,2026-08-31,3502,0.54,49368
226720,2026-08-31,7078,0.54,49368
109930,2026-08-31,1186,0.53,49368
106395,2026-08-31,2202,0.53,49368
132827,2026-08-31,116,0.52,49368
132522,2026-08-31,13803,0.52,49368
100096,2026-08-31,10876,0.52,49368
233063,2026-08-31,6175,0.52,49368
132508,2026-08-31,5769,0.51,49368
220018,2026-08-31,2168,0.51,49368
132644,2026-08-31,771,0.50,49368
209078,2026-08-31,3302,0.49,49368
210258,2026-08-31,7287,0.48,49368
237831,2026-08-31,10990,0.47,49368
100483,2026-08-31,2163,0.47,49368
100086,2026-08-31,8380,0.47,49368
295872,2026-08-31,777,0.46,49368
215367,2026-08-31,7210,0.45,49368
123642,2026-08-31,1492,0.45,49368
225051,2026-08-31,5462,0.44,49368
100067,2026-08-31,2390,0.44,49368
132830,2026-08-31,2253,0.43,49368
102355,2026-08-31,1480,0.43,49368
318678,2026-08-31,20640,0.42,49368
131344,2026-08-31,6359,0.41,49368
208607,2026-08-31,1881,0.40,49368
228347,2026-08-31,5110,0.40,49368
132149,2026-08-31,22383,0.40,49368
132525,2026-08-31,37505,0.39,49368
132683,2026-08-31,715,0.38,49368
132892,2026-08-31,2881,0.38,49368
100253,2026-08-31,5538,0.38,49368
105790,2026-08-31,741,0.38,49368
132331,2026-08-31,776,0.35,49368
100411,2026-08-31,714,0.35,49368
208364,2026-08-31,901,0.35,49368
243036,2026-08-31,4876,0.35,49368
322541,2026-08-31,14176,0.34,49368
293380,2026-08-31,1465,0.34,49368
208412,2026-08-31,5557,0.34,49368
218756,2026-08-31,3908,0.34,49368
109480,2026-08-31,5251,0.33,49368
100877,2026-08-31,5945,0.33,49368
210174,2026-08-31,7316,0.33,49368
100488,2026-08-31,96,0.31,49368
123457,2026-08-31,388,0.31,49368
132889,2026-08-31,2049,0.30,49368
219691,2026-08-31,1559,0.30,49368
279664,2026-08-31,1577,0.29,49368
100660,2026-08-31,762,0.29,49368
100408,2026-08-31,634,0.29,49368
314935,2026-08-31,2184,0.29,49368
100368,2026-08-31,6381,0.28,49368
209037,2026-08-31,10456,0.28,49368
100092,2026-08-31,449,0.27,49368
212705,2026-08-31,1698,0.27,49368
207872,2026-08-31,1385,0.27,49368
207673,2026-08-31,10229,0.25,49368
215477,2026-08-31,650,0.24,49368
100495,2026-08-31,612,0.23,49368
268618,2026-08-31,508,0.23,49368
113683,2026-08-31,6707,0.23,49368
294320,2026-08-31,3021,0.22,49368
132478,2026-08-31,1330,0.22,49368
123395,2026-08-31,52,0.22,49368
228460,2026-08-31,20394,0.22,49368
208414,2026-08-31,14654,0.22,49368
213327,2026-08-31,9244,0.21,49368
100163,2026-08-31,752,0.20,49368
101301,2026-08-31,2404,0.19,49368
317139,2026-08-31,17110,0.19,49368
132129,2026-08-31,2732,0.19,49368
228049,2026-08-31,1640,0.18,49368
117174,2026-08-31,41,0.18,49368
100410,2026-08-31,1105,0.18,49368
100164,2026-08-31,795,0.11,49368
220512,2026-08-31,13175,0.11,49368
217385,2026-08-31,4433,0.11,49368
100325,2026-08-31,59656,9.90,48786
132454,2026-08-31,41059,9.67,48786
100510,2026-08-31,15804,8.31,48786
132555,2026-08-31,64014,2.72,48786
132538,2026-08-31,1597,2.38,48786
100103,2026-08-31,40189,2.31,48786
100300,2026-08-31,5094,2.23,48786
132898,2026-08-31,61147,2.09,48786
222055,2026-08-31,3056,2.08,48786
132667,2026-08-31,335327,2.07,48786
132921,2026-08-31,9961,2.06,48786
100493,2026-08-31,7348,2.01,48786
100477,2026-08-31,78886,1.80,48786
209967,2026-08-31,35522,1.79,48786
214179,2026-08-31,16602,1.75,48786
132843,2026-08-31,14367,1.69,48786
108869,2026-08-31,1389,1.61,48786
100312,2026-08-31,52451,1.58,48786
296765,2026-08-31,350,1.54,48786
132822,2026-08-31,759013,1.41,48786
218071,2026-08-31,10049,1.36,48786
103100,2026-08-31,5146,1.27,48786
100104,2026-08-31,26474,1.26,48786
289108,2026-08-31,20740,1.23,48786
100183,2026-08-31,37920,1.23,48786
132754,2026-08-31,98125,1.19,48786
100547,2026-08-31,27365,1.15,48786
208461,2026-08-31,16898,1.14,48786
100850,2026-08-31,11857,1.14,48786
269404,2026-08-31,2945,1.06,48786
216369,2026-08-31,103912,1.04,48786
100400,2026-08-31,22521,1.02,48786
213838,2026-08-31,4650,0.99,48786
208238,2026-08-31,3728,0.98,48786
200091,2026-08-31,15036,0.94,48786
221645,2026-08-31,9599,0.94,48786
221033,2026-08-31,9375,0.92,48786
222961,2026-08-31,3083,0.84,48786
132539,2026-08-31,5014,0.83,48786
132779,2026-08-31,5242,0.83,48786
132522,2026-08-31,20659,0.81,48786
220018,2026-08-31,3245,0.79,48786
215216,2026-08-31,539,0.78,48786
122287,2026-08-31,4203,0.77,48786
100003,2026-08-31,4648,0.76,48786
100086,2026-08-31,12542,0.72,48786
122074,2026-08-31,7956,0.65,48786
218533,2026-08-31,2558,0.63,48786
131344,2026-08-31,9517,0.63,48786
100620,2026-08-31,3670,0.62,48786
200020,2026-08-31,6863,0.58,48786
115030,2026-08-31,4488,0.56,48786
223187,2026-08-31,1158,0.55,48786
200515,2026-08-31,1678,0.55,48786
100260,2026-08-31,4680,0.53,48786
293380,2026-08-31,2192,0.53,48786
100008,2026-08-31,4534,0.53,48786
132514,2026-08-31,25974,0.51,48786
305013,2026-08-31,94141,0.45,48786
100084,2026-08-31,23347,0.44,48786
208801,2026-08-31,38341,0.43,48786
209037,2026-08-31,15650,0.43,48786
100870,2026-08-31,17716,0.42,48786
216065,2026-08-31,3156,0.41,48786
132627,2026-08-31,180281,0.39,48786
100048,2026-08-31,1416,0.36,48786
100040,2026-08-31,1938,0.34,48786
221809,2026-08-31,35705,0.33,48786
200115,2026-08-31,2966,0.32,48786
200039,2026-08-31,107414,0.31,48786
208661,2026-08-31,2108,0.29,48786
100294,2026-08-31,14981,0.29,48786
100840,2026-08-31,7337,0.27,48786
132714,2026-08-31,4803,0.26,48786
213429,2026-08-31,18391,0.25,48786
132488,2026-08-31,6224,7.95,3314
132174,2026-08-31,36470,7.30,3314
100490,2026-08-31,4555,7.17,3314
100180,2026-08-31,69220,6.78,3314
100875,2026-08-31,190569,6.75,3314
224623,2026-08-31,319635,5.30,3314
132898,2026-08-31,144894,5.29,3314
132408,2026-08-31,43227,4.62,3314
100325,2026-08-31,22574,4.01,3314
219300,2026-08-31,70025,3.89,3314
100520,2026-08-31,7337,3.37,3314
319926,2026-08-31,85144,3.37,3314
218533,2026-08-31,12165,3.20,3314
132215,2026-08-31,17408,3.08,3314
319925,2026-08-31,120579,2.86,3314
100209,2026-08-31,15941,2.48,3314
219700,2026-08-31,6727,2.31,3314
132454,2026-08-31,8882,2.25,3314
132281,2026-08-31,11775,2.13,3314
100300,2026-08-31,3981,1.82,3314
101455,2026-08-31,63830,1.74,3314
252306,2026-08-31,36000,1.63,3314
306788,2026-08-31,115118,1.45,3314
322709,2026-08-31,39380,1.06,3314
217376,2026-08-31,16000,0.92,3314
100148,2026-08-31,6919,0.62,3314
290269,2026-08-31,1682,0.41,3314
251357,2026-08-31,28315,0.25,3314
321348,2026-08-31,4786,0.09,3314
100112,2026-08-31,68240,10.13,17481
100209,2026-08-31,63334,10.06,17481
100875,2026-08-31,174062,6.23,17481
132540,2026-08-31,18436,6.20,17481
100696,2026-08-31,16019,4.41,17481
111218,2026-08-31,25288,3.93,17481
132555,2026-08-31,85605,3.93,17481
100470,2026-08-31,149259,3.85,17481
132281,2026-08-31,19037,3.50,17481
200132,2026-08-31,2000,3.40,17481
132898,2026-08-31,81772,3.02,17481
132755,2026-08-31,11467,2.61,17481
219300,2026-08-31,43252,2.43,17481
100312,2026-08-31,70142,2.28,17481
100182,2026-08-31,2344,1.79,17481
100480,2026-08-31,2439,1.74,17481
100547,2026-08-31,36596,1.66,17481
100825,2026-08-31,2127,1.56,17481
208280,2026-08-31,3682,1.35,17481
130965,2026-08-31,67466,1.31,17481
100477,2026-08-31,51668,1.27,17481
107685,2026-08-31,48902,1.26,17481
132810,2026-08-31,26293,1.24,17481
132155,2026-08-31,48707,1.21,17481
100295,2026-08-31,30620,1.19,17481
132134,2026-08-31,33500,1.12,17481
132483,2026-08-31,60688,1.08,17481
200055,2026-08-31,22555,1.02,17481
132461,2026-08-31,62188,1.00,17481
132477,2026-08-31,34891,0.92,17481
132424,2026-08-31,7257,0.92,17481
100104,2026-08-31,17340,0.89,17481
132234,2026-08-31,16193,0.87,17481
126299,2026-08-31,2390,0.81,17481
132814,2026-08-31,6381,0.80,17481
126371,2026-08-31,62411,0.77,17481
132466,2026-08-31,431,0.76,17481
216369,2026-08-31,68058,0.73,17481
100188,2026-08-31,8684,0.72,17481
100113,2026-08-31,26105,0.71,17481
200091,2026-08-31,9848,0.67,17481
100830,2026-08-31,2378,0.63,17481
132720,2026-08-31,11947,0.62,17481
132827,2026-08-31,114,0.57,17481
132805,2026-08-31,10728,0.54,17481
209902,2026-08-31,11732,0.47,17481
132149,2026-08-31,21943,0.44,17481
132525,2026-08-31,36767,0.42,17481
217280,2026-08-31,36321,0.42,17481
213327,2026-08-31,9062,0.23,17481
100180,2026-08-31,175864,17.57,48760
132174,2026-08-31,74829,15.33,48760
100112,2026-08-31,70963,10.60,48760
100247,2026-08-31,165794,9.80,48760
132215,2026-08-31,52816,9.68,48760
100034,2026-08-31,60355,8.99,48760
111218,2026-08-31,31537,4.93,48760
207901,2026-08-31,9202,4.26,48760
205198,2026-08-31,13036,3.71,48760
111243,2026-08-31,9648,2.53,48760
229365,2026-08-31,73647,2.50,48760
211385,2026-08-31,10118,2.48,48760
217389,2026-08-31,24298,1.86,48760
132810,2026-08-31,32223,1.53,48760
100271,2026-08-31,5857,1.30,48760
200055,2026-08-31,28392,1.29,48760
217379,2026-08-31,5508,1.22,48760
221790,2026-08-31,2487,1.04,48760
225051,2026-08-31,6877,0.62,48760
100253,2026-08-31,6972,0.53,48760
100420,2026-08-31,6381,4.63,49366
200132,2026-08-31,2387,4.14,49366
108869,2026-08-31,3113,3.96,49366
100790,2026-08-31,18378,3.94,49366
132555,2026-08-31,82423,3.86,49366
131642,2026-08-31,32828,3.85,49366
132174,2026-08-31,18498,3.85,49366
100440,2026-08-31,26148,3.80,49366
100469,2026-08-31,72259,3.69,49366
100300,2026-08-31,7636,3.68,49366
124715,2026-08-31,12848,3.65,49366
100228,2026-08-31,18702,3.50,49366
100480,2026-08-31,4748,3.47,49366
100114,2026-08-31,4605,3.36,49366
211385,2026-08-31,13485,3.36,49366
100331,2026-08-31,13532,3.27,49366
100257,2026-08-31,10333,3.24,49366
100112,2026-08-31,21213,3.22,49366
132454,2026-08-31,12295,3.19,49366
132343,2026-08-31,5098,3.17,49366
105200,2026-08-31,2742,3.12,49366
100825,2026-08-31,3893,2.92,49366
100325,2026-08-31,15351,2.80,49366
100820,2026-08-31,7314,2.78,49366
219300,2026-08-31,46394,2.67,49366
132538,2026-08-31,1626,2.66,49366
132500,2026-08-31,1356,2.63,49366
132321,2026-08-31,15516,2.58,49366
100800,2026-08-31,16956,2.52,49366
100271,2026-08-31,10298,2.32,49366
132296,2026-08-31,7000,2.66,7569
113599,2026-08-31,19417,1.56,7569
100112,2026-08-31,9000,1.46,7569
132174,2026-08-31,6000,1.34,7569
132555,2026-08-31,22500,1.13,7569
100038,2026-08-31,10000,1.06,7569
100049,2026-08-31,15992,1.02,7569
132454,2026-08-31,3500,0.97,7569
132921,2026-08-31,3850,0.94,7569
132898,2026-08-31,23000,0.93,7569
100820,2026-08-31,2250,0.92,7569
302921,2026-08-31,1966,0.75,7569
291768,2026-08-31,6000,0.74,7569
100124,2026-08-31,4000,0.71,7569
100290,2026-08-31,32,0.66,7569
100325,2026-08-31,2900,0.57,7569
100520,2026-08-31,1100,0.55,7569
322252,2026-08-31,21230,0.55,7569
132538,2026-08-31,290,0.51,7569
100825,2026-08-31,500,0.40,7569
100180,2026-08-31,2000,0.22,7569
100271,2026-08-31,792,0.19,7569
132356,2026-08-31,3800,0.17,7569
308651,2026-08-31,4634,0.13,7569
317079,2026-08-31,4000,0.12,7569
325669,2026-08-31,1266,0.11,7569
208766,2026-08-31,9113,4.77,50026
132281,2026-08-31,22115,4.47,50026
219494,2026-08-31,5938,4.39,50026
100182,2026-08-31,5099,4.37,50026
132540,2026-08-31,11623,4.24,50026
100790,2026-08-31,17408,3.96,50026
100825,2026-08-31,4841,3.92,50026
100209,2026-08-31,21863,3.80,50026
100696,2026-08-31,11540,3.55,50026
100480,2026-08-31,4464,3.52,50026
100875,2026-08-31,88230,3.49,50026
122275,2026-08-31,5150,3.45,50026
219300,2026-08-31,55486,3.44,50026
210072,2026-08-31,1486,3.38,50026
131642,2026-08-31,25072,3.21,50026
132667,2026-08-31,392519,2.87,50026
208280,2026-08-31,7121,2.82,50026
100331,2026-08-31,9735,2.47,50026
100420,2026-08-31,3199,2.46,50026
100002,2026-08-31,2088,2.39,50026
296765,2026-08-31,455,2.33,50026
100830,2026-08-31,7193,2.06,50026
100188,2026-08-31,21153,1.95,50026
132234,2026-08-31,32326,1.90,50026
132827,2026-08-31,313,1.73,50026
132466,2026-08-31,881,1.67,50026
208364,2026-08-31,2820,1.33,50026
209078,2026-08-31,7073,1.31,50026
210036,2026-08-31,10667,1.29,50026
226156,2026-08-31,3538,1.20,50026
322541,2026-08-31,40444,1.20,50026
132889,2026-08-31,5910,1.08,50026
113599,2026-08-31,12582,1.02,50026
100660,2026-08-31,1972,0.93,50026
208412,2026-08-31,11496,0.85,50026
224623,2026-08-31,36331,0.67,50026
100488,2026-08-31,167,0.67,50026
100870,2026-08-31,23279,0.66,50026
100092,2026-08-31,772,0.58,50026
208801,2026-08-31,37675,0.50,50026
305013,2026-08-31,83324,0.47,50026
117271,2026-08-31,4596,0.47,50026
100033,2026-08-31,166,0.45,50026
107815,2026-08-31,396,0.45,50026
100110,2026-08-31,1878,0.40,50026
208196,2026-08-31,999,0.40,50026
131162,2026-08-31,6939,0.39,50026
229820,2026-08-31,2074,0.39,50026
209979,2026-08-31,2275,0.37,50026
306733,2026-08-31,1795,0.21,50026
132868,2026-08-31,182564,19.77,48684
103100,2026-08-31,53127,15.82,48684
219442,2026-08-31,78949,14.83,48684
213838,2026-08-31,48004,12.29,48684
208238,2026-08-31,38488,12.15,48684
220018,2026-08-31,33497,9.81,48684
200020,2026-08-31,52747,5.42,48684
115055,2026-08-31,43429,4.11,48684
100040,2026-08-31,14899,3.17,48684
132784,2026-08-31,12671,2.49,48684
100180,2026-08-31,88526,9.85,5382
132174,2026-08-31,41414,9.45,5382
100325,2026-08-31,39055,7.83,5382
132454,2026-08-31,17576,5.00,5382
100510,2026-08-31,6764,4.29,5382
100112,2026-08-31,23887,3.97,5382
100209,2026-08-31,20277,3.61,5382
132215,2026-08-31,16597,3.39,5382
100247,2026-08-31,42562,2.80,5382
100520,2026-08-31,5161,2.66,5382
100034,2026-08-31,15489,2.57,5382
100875,2026-08-31,55708,2.23,5382
132540,2026-08-31,5902,2.22,5382
252306,2026-08-31,41779,2.15,5382
100114,2026-08-31,2387,1.91,5382
124715,2026-08-31,6119,1.91,5382
132500,2026-08-31,754,1.60,5382
100696,2026-08-31,5126,1.58,5382
111218,2026-08-31,8093,1.41,5382
132555,2026-08-31,27396,1.41,5382
100470,2026-08-31,47786,1.38,5382
100049,2026-08-31,20675,1.35,5382
100440,2026-08-31,8367,1.33,5382
132281,2026-08-31,6091,1.25,5382
132538,2026-08-31,684,1.23,5382
200132,2026-08-31,640,1.22,5382
100300,2026-08-31,2179,1.15,5382
100228,2026-08-31,5420,1.11,5382
100820,2026-08-31,2614,1.09,5382
132898,2026-08-31,26179,1.08,5382
222055,2026-08-31,1309,1.08,5382
132921,2026-08-31,4263,1.07,5382
205198,2026-08-31,3345,1.06,5382
105200,2026-08-31,797,1.00,5382
100790,2026-08-31,4145,0.97,5382
132755,2026-08-31,3671,0.94,5382
219300,2026-08-31,13840,0.87,5382
100251,2026-08-31,1922,0.87,5382
108869,2026-08-31,595,0.83,5382
100312,2026-08-31,22440,0.82,5382
112599,2026-08-31,1668,0.75,5382
100087,2026-08-31,3251,0.72,5382
229365,2026-08-31,18961,0.72,5382
211385,2026-08-31,2596,0.71,5382
218071,2026-08-31,4300,0.70,5382
100124,2026-08-31,3520,0.64,5382
100800,2026-08-31,3763,0.61,5382
100570,2026-08-31,12082,0.59,5382
217389,2026-08-31,6219,0.53,5382
107685,2026-08-31,15638,0.45,5382
132488,2026-08-31,5818,8.94,3305
100180,2026-08-31,60019,7.07,3305
100875,2026-08-31,152721,6.50,3305
132174,2026-08-31,26705,6.43,3305
132408,2026-08-31,43227,5.56,3305
322847,2026-08-31,135000,5.39,3305
132454,2026-08-31,12779,3.89,3305
100325,2026-08-31,17135,3.66,3305
100112,2026-08-31,19735,3.48,3305
209550,2026-08-31,49032,3.32,3305
132281,2026-08-31,14585,3.17,3305
100209,2026-08-31,14952,2.80,3305
321348,2026-08-31,120000,2.75,3305
132868,2026-08-31,23778,2.68,3305
132898,2026-08-31,58197,2.55,3305
100520,2026-08-31,4380,2.42,3305
132343,2026-08-31,3273,2.35,3305
132215,2026-08-31,10176,2.17,3305
100247,2026-08-31,30752,2.14,3305
100300,2026-08-31,3430,1.89,3305
132500,2026-08-31,813,1.82,3305
132477,2026-08-31,55922,1.72,3305
219300,2026-08-31,23390,1.56,3305
100850,2026-08-31,11904,1.42,3305
100696,2026-08-31,4119,1.37,3305
208280,2026-08-31,3169,1.35,3305
100400,2026-08-31,22680,1.31,3305
100114,2026-08-31,1393,1.18,3305
132540,2026-08-31,2610,1.03,3305
124715,2026-08-31,3074,1.00,3305
210174,2026-08-31,16579,0.98,3305
306788,2026-08-31,63039,0.96,3305
209867,2026-08-31,27343,0.90,3305
132725,2026-08-31,253,0.85,3305
210590,2026-08-31,895,0.83,3305
132810,2026-08-31,12408,0.71,3305
229365,2026-08-31,13500,0.54,3305
207901,2026-08-31,721,0.39,3305
100209,2026-08-31,89894,17.09,7599
132540,2026-08-31,26169,10.53,7599
124715,2026-08-31,27139,9.03,7599
100696,2026-08-31,22738,7.50,7599
100440,2026-08-31,37109,6.32,7599
132281,2026-08-31,27021,5.94,7599
132538,2026-08-31,3032,5.82,7599
100820,2026-08-31,11594,5.16,7599
100790,2026-08-31,18376,4.61,7599
132755,2026-08-31,16277,4.44,7599
100251,2026-08-31,8528,4.12,7599
100312,2026-08-31,99557,3.87,7599
100087,2026-08-31,14423,3.41,7599
218071,2026-08-31,19076,3.33,7599
100124,2026-08-31,15624,3.02,7599
100800,2026-08-31,16690,2.90,7599
100570,2026-08-31,53566,2.77,7599
132174,2026-08-31,18258,4.48,48217
100180,2026-08-31,34107,4.08,48217
132540,2026-08-31,6973,2.82,48217
100209,2026-08-31,13421,2.57,48217
100247,2026-08-31,35935,2.54,48217
132215,2026-08-31,9422,2.07,48217
210258,2026-08-31,22881,2.00,48217
131344,2026-08-31,23065,1.99,48217
100112,2026-08-31,10665,1.91,48217
280713,2026-08-31,46408,1.85,48217
100182,2026-08-31,1862,1.71,48217
216147,2026-08-31,31037,1.67,48217
217389,2026-08-31,15614,1.43,48217
100087,2026-08-31,6008,1.43,48217
100034,2026-08-31,7583,1.35,48217
225051,2026-08-31,12103,1.32,48217
132187,2026-08-31,7653,1.31,48217
132454,2026-08-31,3917,1.20,48217
100124,2026-08-31,5209,1.01,48217
132755,2026-08-31,2962,0.81,48217
100520,2026-08-31,1441,0.80,48217
217400,2026-08-31,7963,0.76,48217
132281,2026-08-31,3327,0.74,48217
107685,2026-08-31,22851,0.71,48217
100114,2026-08-31,804,0.69,48217
200132,2026-08-31,331,0.68,48217
132500,2026-08-31,288,0.66,48217
100253,2026-08-31,7177,0.65,48217
100696,2026-08-31,1892,0.63,48217
100470,2026-08-31,19918,0.62,48217
132555,2026-08-31,10259,0.57,48217
205198,2026-08-31,1653,0.56,48217
249927,2026-08-31,12478,0.52,48217
100820,2026-08-31,1028,0.46,48217
100790,2026-08-31,1630,0.41,48217
132898,2026-08-31,8684,0.39,48217
105200,2026-08-31,273,0.37,48217
211385,2026-08-31,1131,0.33,48217
322918,2026-08-31,3323,0.26,48217
100800,2026-08-31,1148,0.20,48217
100570,2026-08-31,3323,0.17,48217
325089,2026-08-31,4159,0.09,48217
100470,2026-08-31,9029,0.33,845
100180,2026-08-31,17176,2.02,845
100325,2026-08-31,7150,1.45,845
100114,2026-08-31,447,0.32,845
100034,2026-08-31,3911,0.63,845
132921,2026-08-31,0,-0.20,845
126371,2026-08-31,0,0.10,845
100247,2026-08-31,8738,0.58,845
100425,2026-08-31,0,-0.03,845
132215,2026-08-31,2457,0.58,845
132174,2026-08-31,7685,1.89,845
132454,2026-08-31,3404,1.04,845
100112,2026-08-31,5062,0.91,845
100510,2026-08-31,1248,0.85,845
100209,2026-08-31,3890,0.75,845
100696,2026-08-31,0,-0.01,845
100520,2026-08-31,950,0.53,845
132540,2026-08-31,1281,0.52,845
100420,2026-08-31,500,0.43,845
252306,2026-08-31,7710,0.43,845
218071,2026-08-31,2258,0.40,845
124715,2026-08-31,1136,0.38,845
132343,2026-08-31,460,0.34,845
111218,2026-08-31,1612,0.30,845
132500,2026-08-31,131,0.30,845
132555,2026-08-31,5362,0.30,845
100790,2026-08-31,1151,0.29,845
100049,2026-08-31,4055,0.28,845
132755,2026-08-31,977,0.27,845
132538,2026-08-31,132,0.26,845
100228,2026-08-31,1065,0.24,845
105200,2026-08-31,174,0.23,845
132898,2026-08-31,4999,0.22,845
222055,2026-08-31,248,0.22,845
100440,2026-08-31,1273,0.22,845
100875,2026-08-31,4922,0.21,845
100820,2026-08-31,452,0.20,845
100800,2026-08-31,1120,0.20,845
132488,2026-08-31,116,0.19,845
210590,2026-08-31,179,0.17,845
117334,2026-08-31,4949,0.14,845
217389,2026-08-31,1494,0.14,845
221790,2026-08-31,267,0.13,845
132432,2026-08-31,493,0.12,845
209550,2026-08-31,1827,0.12,845
211840,2026-08-31,302,0.12,845
211385,2026-08-31,397,0.12,845
208364,2026-08-31,200,0.10,845
217379,2026-08-31,383,0.10,845
208607,2026-08-31,251,0.07,845
103806,2026-08-31,144,0.06,845
132725,2026-08-31,18,0.06,845
100087,2026-08-31,242,0.06,845
132868,2026-08-31,165412,19.84,48948
103100,2026-08-31,48136,15.87,48948
219442,2026-08-31,71532,14.88,48948
213838,2026-08-31,43494,12.33,48948
208238,2026-08-31,34872,12.19,48948
220018,2026-08-31,30350,9.84,48948
200020,2026-08-31,47792,5.44,48948
115055,2026-08-31,39349,4.12,48948
100040,2026-08-31,13499,3.18,48948
132784,2026-08-31,11481,2.50,48948
219494,2026-08-31,8135,6.81,49736
100790,2026-08-31,23557,6.06,49736
122275,2026-08-31,7765,5.88,49736
100480,2026-08-31,6551,5.85,49736
100182,2026-08-31,5846,5.66,49736
132540,2026-08-31,13219,5.46,49736
210072,2026-08-31,2068,5.32,49736
100696,2026-08-31,15074,5.25,49736
132667,2026-08-31,613307,5.08,49736
100209,2026-08-31,25531,5.02,49736
208280,2026-08-31,10994,4.93,49736
100825,2026-08-31,5244,4.81,49736
100875,2026-08-31,105476,4.72,49736
131642,2026-08-31,24850,3.60,49736
132234,2026-08-31,45475,3.02,49736
100188,2026-08-31,24734,2.58,49736
132827,2026-08-31,402,2.51,49736
132466,2026-08-31,1126,2.41,49736
209078,2026-08-31,9505,1.99,49736
100830,2026-08-31,6093,1.97,49736
219700,2026-08-31,3874,1.68,49736
100660,2026-08-31,2618,1.40,49736
100488,2026-08-31,307,1.39,49736
208412,2026-08-31,14927,1.25,49736
208364,2026-08-31,2228,1.19,49736
314935,2026-08-31,6268,1.12,49736
100870,2026-08-31,31212,1.01,49736
100092,2026-08-31,1144,0.96,49736
131162,2026-08-31,7543,0.48,49736
107815,2026-08-31,371,0.47,49736
132174,2026-08-31,16004,4.09,49728
200132,2026-08-31,1861,3.97,49728
124715,2026-08-31,10872,3.79,49728
100790,2026-08-31,14214,3.74,49728
108869,2026-08-31,2362,3.69,49728
132540,2026-08-31,8625,3.64,49728
100114,2026-08-31,4005,3.59,49728
205198,2026-08-31,10087,3.58,49728
211385,2026-08-31,11620,3.55,49728
132555,2026-08-31,61103,3.51,49728
132454,2026-08-31,10880,3.46,49728
100825,2026-08-31,3715,3.43,49728
100247,2026-08-31,46234,3.41,49728
100325,2026-08-31,14739,3.31,49728
100087,2026-08-31,13320,3.30,49728
100420,2026-08-31,3703,3.30,49728
132281,2026-08-31,14155,3.26,49728
100180,2026-08-31,26139,3.26,49728
100696,2026-08-31,9345,3.23,49728
100112,2026-08-31,17133,3.19,49728
107685,2026-08-31,97418,3.16,49728
100875,2026-08-31,70149,3.15,49728
100331,2026-08-31,10565,3.13,49728
132538,2026-08-31,1550,3.12,49728
132500,2026-08-31,1298,3.09,49728
100820,2026-08-31,6297,2.94,49728
100209,2026-08-31,14733,2.93,49728
100510,2026-08-31,3865,2.75,49728
100124,2026-08-31,13041,2.64,49728
100387,2026-08-31,640,2.61,49728
132488,2026-08-31,2778,4.73,38262
132343,2026-08-31,5135,4.01,38262
322918,2026-08-31,45660,3.87,38262
219494,2026-08-31,4147,3.58,38262
209867,2026-08-31,90713,3.23,38262
111243,2026-08-31,9458,3.16,38262
117334,2026-08-31,96582,2.97,38262
100420,2026-08-31,3207,2.92,38262
100480,2026-08-31,2953,2.71,38262
100547,2026-08-31,44308,2.58,38262
100850,2026-08-31,19198,2.55,38262
223595,2026-08-31,3522,2.47,38262
100093,2026-08-31,14992,2.47,38262
100825,2026-08-31,2575,2.43,38262
100400,2026-08-31,36465,2.28,38262
209550,2026-08-31,29893,2.15,38262
208280,2026-08-31,4459,2.10,38262
100331,2026-08-31,6776,2.06,38262
130965,2026-08-31,81683,2.04,38262
100490,2026-08-31,946,1.98,38262
132810,2026-08-31,31834,1.93,38262
132725,2026-08-31,532,1.92,38262
132155,2026-08-31,58971,1.88,38262
100295,2026-08-31,37074,1.86,38262
271875,2026-08-31,7181,1.83,38262
132868,2026-08-31,14026,1.74,38262
132134,2026-08-31,40560,1.74,38262
132286,2026-08-31,8100,1.74,38262
132432,2026-08-31,6459,1.73,38262
100530,2026-08-31,190,1.71,38262
132483,2026-08-31,73477,1.68,38262
216156,2026-08-31,2030,1.66,38262
289554,2026-08-31,7331,1.60,38262
200055,2026-08-31,27308,1.59,38262
100002,2026-08-31,1147,1.58,38262
132461,2026-08-31,75294,1.55,38262
132477,2026-08-31,42244,1.43,38262
132424,2026-08-31,8787,1.42,38262
100550,2026-08-31,1932,1.40,38262
219442,2026-08-31,6066,1.31,38262
221790,2026-08-31,2344,1.26,38262
208361,2026-08-31,3119,1.24,38262
100387,2026-08-31,292,1.22,38262
132321,2026-08-31,5471,1.14,38262
100188,2026-08-31,10514,1.13,38262
320028,2026-08-31,1933,1.12,38262
100425,2026-08-31,13632,0.98,38262
219700,2026-08-31,1662,0.74,38262
210850,2026-08-31,11006,0.73,38262
217280,2026-08-31,43976,0.66,38262
100520,2026-08-31,35065,22.78,48949
132500,2026-08-31,5124,13.74,48949
200132,2026-08-31,4350,10.45,48949
105200,2026-08-31,5413,8.52,48949
132343,2026-08-31,9226,7.93,48949
117334,2026-08-31,173244,5.85,48949
100182,2026-08-31,5099,5.50,48949
100570,2026-08-31,82043,5.02,48949
100493,2026-08-31,10452,4.36,48949
100477,2026-08-31,112384,3.91,48949
100530,2026-08-31,341,3.38,48949
214179,2026-08-31,17609,2.83,48949
269404,2026-08-31,4197,2.31,48949
132539,2026-08-31,7144,1.80,48949
100086,2026-08-31,17869,1.56,48949
124715,2026-08-31,3400,1.44,2142
132488,2026-08-31,650,1.31,2142
200132,2026-08-31,500,1.29,2142
132174,2026-08-31,3700,1.15,2142
302988,2026-08-31,15000,1.12,2142
100420,2026-08-31,900,0.97,2142
100520,2026-08-31,1354,0.95,2142
131642,2026-08-31,5400,0.94,2142
111218,2026-08-31,3400,0.81,2142
100049,2026-08-31,9000,0.80,2142
132541,2026-08-31,1800,0.76,2142
286335,2026-08-31,3200,0.74,2142
215477,2026-08-31,1200,0.74,2142
214179,2026-08-31,4200,0.73,2142
296765,2026-08-31,100,0.72,2142
210590,2026-08-31,600,0.72,2142
221033,2026-08-31,4300,0.69,2142
100493,2026-08-31,1500,0.67,2142
100480,2026-08-31,600,0.65,2142
132331,2026-08-31,825,0.63,2142
289108,2026-08-31,5700,0.55,2142
320028,2026-08-31,800,0.55,2142
275316,2026-08-31,650,0.41,2142
100325,2026-08-31,16918,4.63,43843
100112,2026-08-31,12656,2.88,43843
108869,2026-08-31,1434,2.74,43843
100209,2026-08-31,9565,2.33,43843
132454,2026-08-31,5836,2.27,43843
132174,2026-08-31,6145,1.92,43843
100180,2026-08-31,12296,1.87,43843
217376,2026-08-31,19722,1.77,43843
100182,2026-08-31,1283,1.50,43843
132281,2026-08-31,4986,1.40,43843
100520,2026-08-31,1780,1.25,43843
100875,2026-08-31,22681,1.24,43843
100247,2026-08-31,13371,1.20,43843
100510,2026-08-31,1339,1.16,43843
132555,2026-08-31,14662,1.03,43843
124715,2026-08-31,2162,0.92,43843
209550,2026-08-31,9750,0.84,43843
100825,2026-08-31,635,0.71,43843
132755,2026-08-31,1905,0.67,43843
211840,2026-08-31,1224,0.64,43843
100087,2026-08-31,1877,0.57,43843
132777,2026-08-31,1813,0.51,43843
217389,2026-08-31,4174,0.49,43843
100420,2026-08-31,393,0.43,43843
132540,2026-08-31,786,0.40,43843
190071,2026-08-31,290,0.28,43843
209063,2026-08-31,1541,0.28,43843
100696,2026-08-31,485,0.20,43843
100034,2026-08-31,894,0.20,43843
279664,2026-08-31,486,0.15,43843
318678,2026-08-31,2268,0.08,43843
132540,2026-08-31,10319,5.70,49834
100209,2026-08-31,20596,5.37,49834
100049,2026-08-31,44960,4.29,49834
200132,2026-08-31,1487,4.15,49834
210072,2026-08-31,1123,3.84,49834
207901,2026-08-31,5053,3.82,49834
100825,2026-08-31,3052,3.69,49834
219300,2026-08-31,35793,3.31,49834
100830,2026-08-31,7249,3.17,49834
132667,2026-08-31,263929,2.89,49834
208280,2026-08-31,4685,2.83,49834
100093,2026-08-31,13009,2.74,49834
132725,2026-08-31,584,2.70,49834
131642,2026-08-31,14134,2.67,49834
210590,2026-08-31,2025,2.61,49834
226156,2026-08-31,4867,2.47,49834
122275,2026-08-31,2291,2.34,49834
132234,2026-08-31,25348,2.23,49834
210036,2026-08-31,11998,2.16,49834
216156,2026-08-31,2059,2.15,49834
132466,2026-08-31,734,2.12,49834
100002,2026-08-31,1183,2.08,49834
132827,2026-08-31,245,2.02,49834
207950,2026-08-31,5981,1.93,49834
126371,2026-08-31,86800,1.76,49834
219700,2026-08-31,2697,1.54,49834
208412,2026-08-31,13276,1.47,49834
132892,2026-08-31,5762,1.38,49834
224623,2026-08-31,49153,1.36,49834
100870,2026-08-31,31956,1.36,49834
305013,2026-08-31,136915,1.16,49834
100408,2026-08-31,1409,1.16,49834
229820,2026-08-31,3881,1.09,49834
100033,2026-08-31,260,1.05,49834
200017,2026-08-31,2311,1.05,49834
107815,2026-08-31,605,1.02,49834
268618,2026-08-31,1193,0.99,49834
131162,2026-08-31,11442,0.96,49834
294320,2026-08-31,6976,0.94,49834
226076,2026-08-31,6953,0.93,49834
124816,2026-08-31,4681,0.91,49834
208196,2026-08-31,1529,0.90,49834
190032,2026-08-31,2165,0.89,49834
209979,2026-08-31,3635,0.88,49834
100710,2026-08-31,1170,0.85,49834
132762,2026-08-31,3123,0.80,49834
290269,2026-08-31,1990,0.80,49834
132221,2026-08-31,11121,0.75,49834
281585,2026-08-31,10471,0.58,49834
100520,2026-08-31,6669,5.12,50150
124715,2026-08-31,10450,4.86,50150
100325,2026-08-31,15557,4.65,50150
132500,2026-08-31,1287,4.08,50150
100470,2026-08-31,81575,3.52,50150
100049,2026-08-31,35347,3.43,50150
100440,2026-08-31,14289,3.40,50150
200132,2026-08-31,1093,3.10,50150
100228,2026-08-31,9256,2.83,50150
132488,2026-08-31,1254,2.78,50150
105200,2026-08-31,1360,2.53,50150
132343,2026-08-31,2318,2.36,50150
322918,2026-08-31,20611,2.27,50150
219494,2026-08-31,1872,2.10,50150
100087,2026-08-31,5553,1.83,50150
117334,2026-08-31,43598,1.74,50150
271867,2026-08-31,3840,1.72,50150
100124,2026-08-31,6016,1.63,50150
100480,2026-08-31,1333,1.59,50150
100547,2026-08-31,20001,1.52,50150
100570,2026-08-31,20625,1.49,50150
100103,2026-08-31,14386,1.49,50150
100093,2026-08-31,6767,1.45,50150
210072,2026-08-31,409,1.42,50150
132667,2026-08-31,120032,1.34,50150
100493,2026-08-31,2630,1.30,50150
122275,2026-08-31,1223,1.27,50150
100420,2026-08-31,1036,1.23,50150
100257,2026-08-31,2397,1.23,50150
100331,2026-08-31,3058,1.21,50150
130965,2026-08-31,36872,1.20,50150
211337,2026-08-31,528,1.17,50150
100477,2026-08-31,28238,1.16,50150
132725,2026-08-31,240,1.13,50150
124804,2026-08-31,2732,1.10,50150
100295,2026-08-31,16735,1.09,50150
132286,2026-08-31,3656,1.02,50150
100530,2026-08-31,86,1.01,50150
100002,2026-08-31,518,0.93,50150
190059,2026-08-31,1796,0.93,50150
103806,2026-08-31,1433,0.86,50150
214179,2026-08-31,4425,0.84,50150
100550,2026-08-31,872,0.82,50150
117569,2026-08-31,609,0.82,50150
132504,2026-08-31,363,0.74,50150
208361,2026-08-31,1407,0.73,50150
112070,2026-08-31,5534,0.73,50150
117354,2026-08-31,2487,0.72,50150
212427,2026-08-31,577,0.72,50150
269404,2026-08-31,1054,0.69,50150
132321,2026-08-31,2469,0.67,50150
320028,2026-08-31,873,0.66,50150
100188,2026-08-31,4746,0.66,50150
100290,2026-08-31,20,0.63,50150
100575,2026-08-31,2250,0.63,50150
132539,2026-08-31,1795,0.54,50150
106395,2026-08-31,1180,0.53,50150
109930,2026-08-31,636,0.53,50150
132827,2026-08-31,62,0.52,50150
100067,2026-08-31,1280,0.44,50150
123642,2026-08-31,800,0.44,50150
219700,2026-08-31,750,0.44,50150
132830,2026-08-31,1207,0.43,50150
102355,2026-08-31,793,0.42,50150
113599,2026-08-31,3239,0.40,50150
132683,2026-08-31,383,0.38,50150
100184,2026-08-31,2318,0.36,50150
280713,2026-08-31,6340,0.35,50150
123457,2026-08-31,208,0.31,50150
219691,2026-08-31,835,0.30,50150
132889,2026-08-31,1098,0.30,50150
223187,2026-08-31,309,0.27,50150
100495,2026-08-31,328,0.23,50150
100870,2026-08-31,4722,0.20,50150
117174,2026-08-31,22,0.18,50150
228049,2026-08-31,878,0.18,50150
100520,2026-08-31,7011,5.48,50491
100875,2026-08-31,75554,4.56,50491
252306,2026-08-31,56681,4.37,50491
100114,2026-08-31,3198,3.85,50491
100696,2026-08-31,6992,3.28,50491
132500,2026-08-31,1009,3.20,50491
200132,2026-08-31,831,2.37,50491
294388,2026-08-31,5956,2.35,50491
100820,2026-08-31,3530,2.14,50491
100182,2026-08-31,1561,2.04,50491
105200,2026-08-31,1074,2.01,50491
100790,2026-08-31,5587,1.94,50491
132343,2026-08-31,1823,1.86,50491
100251,2026-08-31,2589,1.75,50491
210072,2026-08-31,504,1.75,50491
100493,2026-08-31,3264,1.58,50491
132777,2026-08-31,4664,1.45,50491
117334,2026-08-31,34714,1.36,50491
302988,2026-08-31,16757,1.35,50491
131642,2026-08-31,6490,1.27,50491
100800,2026-08-31,5037,1.23,50491
100570,2026-08-31,16437,1.22,50491
225154,2026-08-31,679,1.22,50491
100850,2026-08-31,6911,1.17,50491
223595,2026-08-31,1276,1.15,50491
100825,2026-08-31,924,1.14,50491
293862,2026-08-31,17164,1.14,50491
280713,2026-08-31,19845,1.10,50491
214179,2026-08-31,5459,1.04,50491
209550,2026-08-31,10595,1.02,50491
103100,2026-08-31,2267,1.01,50491
132497,2026-08-31,946,1.00,50491
200020,2026-08-31,5787,0.89,50491
117354,2026-08-31,3059,0.88,50491
317635,2026-08-31,33617,0.86,50491
200515,2026-08-31,1417,0.85,50491
115030,2026-08-31,3730,0.83,50491
269404,2026-08-31,1274,0.83,50491
132868,2026-08-31,5040,0.80,50491
100008,2026-08-31,3817,0.80,50491
132432,2026-08-31,2278,0.79,50491
207673,2026-08-31,17398,0.79,50491
100575,2026-08-31,2743,0.77,50491
213838,2026-08-31,2048,0.77,50491
100530,2026-08-31,66,0.76,50491
100233,2026-08-31,2578,0.76,50491
100290,2026-08-31,24,0.76,50491
208238,2026-08-31,1542,0.73,50491
100830,2026-08-31,1591,0.69,50491
305013,2026-08-31,78452,0.68,50491
222264,2026-08-31,4974,0.68,50491
226720,2026-08-31,4658,0.67,50491
115055,2026-08-31,4705,0.67,50491
132539,2026-08-31,2182,0.66,50491
132424,2026-08-31,3045,0.65,50491
100096,2026-08-31,7136,0.64,50491
132827,2026-08-31,76,0.64,50491
219442,2026-08-31,2190,0.64,50491
233063,2026-08-31,4022,0.63,50491
296367,2026-08-31,64538,0.62,50491
220018,2026-08-31,1418,0.62,50491
100033,2026-08-31,150,0.62,50491
100125,2026-08-31,3211,0.60,50491
100086,2026-08-31,5492,0.57,50491
208361,2026-08-31,1081,0.57,50491
215367,2026-08-31,4746,0.55,50491
100067,2026-08-31,1554,0.54,50491
131162,2026-08-31,6151,0.53,50491
102355,2026-08-31,966,0.52,50491
318678,2026-08-31,13714,0.52,50491
208607,2026-08-31,1241,0.50,50491
207959,2026-08-31,2249,0.48,50491
105790,2026-08-31,495,0.47,50491
322366,2026-08-31,16024,0.44,50491
107815,2026-08-31,253,0.44,50491
208045,2026-08-31,13050,0.43,50491
208412,2026-08-31,3706,0.42,50491
320350,2026-08-31,10562,0.41,50491
102986,2026-08-31,3061,0.41,50491
100877,2026-08-31,3949,0.41,50491
100840,2026-08-31,6035,0.40,50491
109480,2026-08-31,3411,0.40,50491
100710,2026-08-31,538,0.40,50491
132889,2026-08-31,1333,0.37,50491
320627,2026-08-31,17098,0.35,50491
100368,2026-08-31,4245,0.34,50491
321331,2026-08-31,2764,0.34,50491
132733,2026-08-31,3067,0.34,50491
323093,2026-08-31,6711,0.32,50491
209232,2026-08-31,2029,0.30,50491
294253,2026-08-31,6825,0.29,50491
215477,2026-08-31,428,0.29,50491
132478,2026-08-31,870,0.27,50491
100163,2026-08-31,494,0.24,50491
223430,2026-08-31,1891,0.24,50491
306733,2026-08-31,1268,0.23,50491
121064,2026-08-31,38074,0.22,50491
100459,2026-08-31,114,0.21,50491
132748,2026-08-31,3140,0.21,50491
132605,2026-08-31,1251,0.18,50491
252306,2026-08-31,30558,2.53,48514
200132,2026-08-31,805,2.46,48514
100114,2026-08-31,1810,2.33,48514
132281,2026-08-31,7031,2.33,48514
132540,2026-08-31,3713,2.25,48514
205198,2026-08-31,4398,2.24,48514
132755,2026-08-31,5358,2.20,48514
111218,2026-08-31,7690,2.15,48514
100790,2026-08-31,5665,2.14,48514
100300,2026-08-31,2502,2.13,48514
100209,2026-08-31,7415,2.12,48514
100520,2026-08-31,2555,2.11,48514
100034,2026-08-31,7907,2.11,48514
100228,2026-08-31,6362,2.10,48514
132174,2026-08-31,5703,2.09,48514
124715,2026-08-31,4177,2.09,48514
107685,2026-08-31,44895,2.09,48514
105200,2026-08-31,1036,2.08,48514
100440,2026-08-31,8021,2.05,48514
108869,2026-08-31,913,2.05,48514
100247,2026-08-31,19294,2.04,48514
132500,2026-08-31,593,2.02,48514
100112,2026-08-31,7571,2.02,48514
229365,2026-08-31,32792,1.99,48514
222055,2026-08-31,1506,1.99,48514
100049,2026-08-31,18942,1.98,48514
132538,2026-08-31,685,1.98,48514
100820,2026-08-31,2939,1.97,48514
211385,2026-08-31,4430,1.94,48514
100087,2026-08-31,5448,1.94,48514
100325,2026-08-31,5964,1.92,48514
100470,2026-08-31,41194,1.91,48514
100510,2026-08-31,1873,1.91,48514
100312,2026-08-31,32639,1.91,48514
132454,2026-08-31,4171,1.90,48514
218071,2026-08-31,7240,1.90,48514
100800,2026-08-31,7134,1.87,48514
132215,2026-08-31,5658,1.85,48514
112599,2026-08-31,2551,1.84,48514
217389,2026-08-31,13237,1.81,48514
132555,2026-08-31,21938,1.81,48514
100696,2026-08-31,3632,1.80,48514
219300,2026-08-31,17732,1.80,48514
132898,2026-08-31,26927,1.79,48514
100180,2026-08-31,9874,1.76,48514
100251,2026-08-31,2413,1.75,48514
100570,2026-08-31,22399,1.74,48514
100875,2026-08-31,26979,1.74,48514
132921,2026-08-31,4321,1.74,48514
100124,2026-08-31,5896,1.72,48514
271867,2026-08-31,12211,5.95,46120
208766,2026-08-31,6774,5.86,46120
111218,2026-08-31,18871,5.33,46120
100440,2026-08-31,19691,5.09,46120
100470,2026-08-31,101144,4.74,46120
100480,2026-08-31,3462,4.50,46120
132555,2026-08-31,53866,4.49,46120
122275,2026-08-31,3807,4.31,46120
100295,2026-08-31,60758,4.30,46120
209867,2026-08-31,83711,4.22,46120
207901,2026-08-31,4948,4.13,46120
100469,2026-08-31,43621,3.96,46120
100103,2026-08-31,32410,3.65,46120
117334,2026-08-31,75693,3.29,46120
100493,2026-08-31,6132,3.28,46120
100093,2026-08-31,13138,3.06,46120
296765,2026-08-31,350,3.01,46120
271875,2026-08-31,7849,2.83,46120
100420,2026-08-31,2193,2.83,46120
132234,2026-08-31,28766,2.79,46120
211337,2026-08-31,1141,2.74,46120
132822,2026-08-31,577117,2.10,46120
132725,2026-08-31,405,2.07,46120
100002,2026-08-31,1009,1.96,46120
289554,2026-08-31,5990,1.85,46120
132296,2026-08-31,2770,1.75,46120
117569,2026-08-31,1175,1.72,46120
100113,2026-08-31,34266,1.70,46120
242461,2026-08-31,13021,1.36,46120
220350,2026-08-31,12264,1.00,46120
132488,2026-08-31,1506,4.09,41461
322918,2026-08-31,24808,3.43,41461
112599,2026-08-31,3971,3.40,41461
100469,2026-08-31,29127,2.98,41461
111243,2026-08-31,5138,2.82,41461
209867,2026-08-31,47865,2.79,41461
117334,2026-08-31,52391,2.56,41461
100182,2026-08-31,1514,2.47,41461
208883,2026-08-31,4994,2.46,41461
100480,2026-08-31,1605,2.41,41461
132541,2026-08-31,4123,2.41,41461
254493,2026-08-31,4430,2.38,41461
132187,2026-08-31,7735,2.27,41461
100850,2026-08-31,10431,2.20,41461
223595,2026-08-31,1927,2.16,41461
100825,2026-08-31,1395,2.15,41461
100547,2026-08-31,23075,2.15,41461
210590,2026-08-31,1286,2.12,41461
210072,2026-08-31,489,2.11,41461
286335,2026-08-31,6636,2.11,41461
100093,2026-08-31,8004,2.11,41461
217389,2026-08-31,12752,2.04,41461
100400,2026-08-31,19639,2.01,41461
132667,2026-08-31,142652,1.98,41461
278580,2026-08-31,78343,1.96,41461
209550,2026-08-31,15990,1.91,41461
100257,2026-08-31,2864,1.83,41461
208280,2026-08-31,2380,1.79,41461
132777,2026-08-31,4522,1.76,41461
132810,2026-08-31,17162,1.74,41461
100331,2026-08-31,3609,1.74,41461
130965,2026-08-31,43395,1.73,41461
209967,2026-08-31,15279,1.72,41461
100477,2026-08-31,33324,1.71,41461
100490,2026-08-31,500,1.67,41461
132155,2026-08-31,31862,1.62,41461
132134,2026-08-31,22004,1.54,41461
131642,2026-08-31,6291,1.53,41461
132868,2026-08-31,7607,1.51,41461
132432,2026-08-31,3439,1.50,41461
132483,2026-08-31,39667,1.47,41461
216156,2026-08-31,1086,1.45,41461
132648,2026-08-31,207700,1.38,41461
132461,2026-08-31,40751,1.37,41461
200055,2026-08-31,14628,1.35,41461
217379,2026-08-31,2890,1.32,41461
103806,2026-08-31,1717,1.29,41461
132424,2026-08-31,4596,1.22,41461
100387,2026-08-31,158,1.10,41461
117354,2026-08-31,2965,1.07,41461
100520,2026-08-31,4932,5.13,49584
124715,2026-08-31,7728,4.86,49584
100325,2026-08-31,11506,4.65,49584
132500,2026-08-31,952,4.08,49584
100470,2026-08-31,60332,3.52,49584
100049,2026-08-31,26142,3.43,49584
100440,2026-08-31,10568,3.40,49584
200132,2026-08-31,808,3.10,49584
100228,2026-08-31,6846,2.84,49584
132488,2026-08-31,928,2.78,49584
105200,2026-08-31,1006,2.53,49584
132343,2026-08-31,1715,2.36,49584
322918,2026-08-31,15244,2.27,49584
219494,2026-08-31,1385,2.11,49584
100087,2026-08-31,4107,1.83,49584
117334,2026-08-31,32245,1.74,49584
271867,2026-08-31,2840,1.72,49584
100124,2026-08-31,4449,1.63,49584
100480,2026-08-31,986,1.59,49584
100547,2026-08-31,14792,1.52,49584
100570,2026-08-31,15254,1.49,49584
100103,2026-08-31,10640,1.49,49584
100093,2026-08-31,5005,1.45,49584
210072,2026-08-31,303,1.43,49584
132667,2026-08-31,88775,1.34,49584
100493,2026-08-31,1945,1.30,49584
122275,2026-08-31,904,1.27,49584
100420,2026-08-31,766,1.23,49584
100257,2026-08-31,1773,1.23,49584
100331,2026-08-31,2262,1.21,49584
130965,2026-08-31,27270,1.20,49584
211337,2026-08-31,390,1.17,49584
100477,2026-08-31,20884,1.16,49584
132725,2026-08-31,178,1.13,49584
124804,2026-08-31,2020,1.10,49584
100295,2026-08-31,12377,1.09,49584
132286,2026-08-31,2704,1.02,49584
100530,2026-08-31,63,1.00,49584
190059,2026-08-31,1329,0.94,49584
100002,2026-08-31,383,0.93,49584
103806,2026-08-31,1060,0.86,49584
214179,2026-08-31,3272,0.84,49584
100550,2026-08-31,645,0.82,49584
117569,2026-08-31,450,0.82,49584
132504,2026-08-31,269,0.74,49584
112070,2026-08-31,4093,0.73,49584
208361,2026-08-31,1041,0.73,49584
117354,2026-08-31,1839,0.72,49584
212427,2026-08-31,427,0.72,49584
269404,2026-08-31,780,0.69,49584
132321,2026-08-31,1826,0.67,49584
100188,2026-08-31,3510,0.66,49584
320028,2026-08-31,646,0.66,49584
100290,2026-08-31,15,0.64,49584
100575,2026-08-31,1664,0.63,49584
132539,2026-08-31,1328,0.54,49584
109930,2026-08-31,470,0.53,49584
106395,2026-08-31,873,0.53,49584
132827,2026-08-31,46,0.52,49584
123642,2026-08-31,591,0.44,49584
100067,2026-08-31,947,0.44,49584
219700,2026-08-31,554,0.44,49584
132830,2026-08-31,893,0.43,49584
102355,2026-08-31,586,0.42,49584
113599,2026-08-31,2395,0.40,49584
132683,2026-08-31,283,0.38,49584
100184,2026-08-31,1714,0.36,49584
280713,2026-08-31,4689,0.35,49584
123457,2026-08-31,154,0.31,49584
132889,2026-08-31,812,0.30,49584
219691,2026-08-31,618,0.30,49584
223187,2026-08-31,228,0.27,49584
100495,2026-08-31,242,0.23,49584
100870,2026-08-31,3492,0.20,49584
228049,2026-08-31,650,0.18,49584
117174,2026-08-31,16,0.18,49584
100510,2026-08-31,7907,10.60,49355
132921,2026-08-31,16212,8.81,49355
222055,2026-08-31,4931,8.50,49355
132555,2026-08-31,77508,8.45,49355
100312,2026-08-31,85761,6.62,49355
132898,2026-08-31,74342,6.53,49355
122287,2026-08-31,10782,5.04,49355
209867,2026-08-31,66063,4.36,49355
209037,2026-08-31,53855,3.76,49355
132810,2026-08-31,31931,3.67,49355
132155,2026-08-31,59282,3.41,49355
100400,2026-08-31,27105,3.14,49355
200055,2026-08-31,27215,2.85,49355
208801,2026-08-31,98153,2.80,49355
132754,2026-08-31,78947,2.46,49355
200048,2026-08-31,381301,2.45,49355
289554,2026-08-31,5374,2.18,49355
100294,2026-08-31,39041,1.93,49355
200091,2026-08-31,11804,1.89,49355
132714,2026-08-31,12478,1.73,49355
208461,2026-08-31,8886,1.56,49355
216369,2026-08-31,50797,1.27,49355
132779,2026-08-31,3123,1.26,49355
123596,2026-08-31,31491,1.25,49355
217280,2026-08-31,40233,1.11,49355
100620,2026-08-31,2229,0.96,49355
100084,2026-08-31,10163,0.49,49355
200039,2026-08-31,47226,0.35,49355
208264,2026-08-31,5953,0.33,49355
100209,2026-08-31,70391,28.85,45697
132540,2026-08-31,23343,20.25,45697
132281,2026-08-31,24104,11.43,45697
132755,2026-08-31,17871,10.52,45697
132541,2026-08-31,9793,7.03,45697
210590,2026-08-31,3057,6.18,45697
107685,2026-08-31,76207,5.08,45697
216156,2026-08-31,2613,4.29,45697
126299,2026-08-31,3724,3.27,45697
132466,2026-08-31,671,3.04,45697
132540,2026-08-31,6133,5.39,49833
100112,2026-08-31,13292,5.16,49833
124715,2026-08-31,6948,5.05,49833
132555,2026-08-31,38767,4.65,49833
132454,2026-08-31,6970,4.62,49833
132500,2026-08-31,882,4.37,49833
132898,2026-08-31,44309,4.28,49833
200132,2026-08-31,904,4.01,49833
132538,2026-08-31,934,3.92,49833
132488,2026-08-31,1065,3.69,49833
108869,2026-08-31,1093,3.56,49833
100820,2026-08-31,3171,3.08,49833
219300,2026-08-31,18924,2.78,49833
100420,2026-08-31,1449,2.69,49833
100087,2026-08-31,5005,2.58,49833
100312,2026-08-31,29624,2.51,49833
100825,2026-08-31,1151,2.21,49833
100469,2026-08-31,16595,2.17,49833
105200,2026-08-31,740,2.15,49833
131642,2026-08-31,6813,2.05,49833
100124,2026-08-31,4788,2.02,49833
132343,2026-08-31,1259,2.00,49833
132755,2026-08-31,3323,1.98,49833
100400,2026-08-31,15482,1.97,49833
100257,2026-08-31,2405,1.93,49833
217389,2026-08-31,9522,1.89,49833
100331,2026-08-31,2998,1.85,49833
217379,2026-08-31,2152,1.23,49833
132432,2026-08-31,2211,1.21,49833
107685,2026-08-31,17014,1.15,49833
130965,2026-08-31,20319,1.03,49833
100271,2026-08-31,1619,0.93,49833
132321,2026-08-31,2136,0.91,49833
132424,2026-08-31,2697,0.89,49833
117354,2026-08-31,1822,0.83,49833
100830,2026-08-31,959,0.67,49833
100290,2026-08-31,13,0.64,49833
100096,2026-08-31,4587,0.64,49833
132827,2026-08-31,45,0.59,49833
210258,2026-08-31,2758,0.52,49833
100425,2026-08-31,3263,0.48,49833
217376,2026-08-31,3162,0.48,49833
208412,2026-08-31,2730,0.48,49833
100870,2026-08-31,6967,0.47,49833
225051,2026-08-31,1725,0.41,49833
123642,2026-08-31,423,0.37,49833
217400,2026-08-31,1721,0.36,49833
228460,2026-08-31,9539,0.29,49833
100410,2026-08-31,527,0.25,49833
209420,2026-08-31,773,0.24,49833
132174,2026-08-31,3500,1.87,42774
223658,2026-08-31,6028,1.72,42774
100180,2026-08-31,6000,1.56,42774
100440,2026-08-31,3500,1.30,42774
235506,2026-08-31,6000,1.28,42774
100112,2026-08-31,2835,1.10,42774
132843,2026-08-31,3260,1.08,42774
132454,2026-08-31,1500,1.00,42774
100469,2026-08-31,7500,0.98,42774
100034,2026-08-31,2500,0.97,42774
302921,2026-08-31,1000,0.91,42774
100271,2026-08-31,1480,0.85,42774
132215,2026-08-31,1700,0.81,42774
132538,2026-08-31,188,0.79,42774
124715,2026-08-31,1000,0.73,42774
100420,2026-08-31,363,0.67,42774
200132,2026-08-31,145,0.64,42774
100510,2026-08-31,366,0.54,42774
108869,2026-08-31,160,0.52,42774
132525,2026-08-31,16881,0.51,42774
214179,2026-08-31,1588,0.47,42774
132755,2026-08-31,700,0.42,42774
132424,2026-08-31,1114,0.37,42774
223595,2026-08-31,240,0.34,42774
132134,2026-08-31,3900,0.34,42774
287490,2026-08-31,9406,0.34,42774
100247,2026-08-31,2000,0.31,42774
252306,2026-08-31,2500,0.30,42774
124200,2026-08-31,605,0.30,42774
100209,2026-08-31,700,0.29,42774
211385,2026-08-31,401,0.26,42774
223478,2026-08-31,2670,0.22,42774
100238,2026-08-31,680,0.20,42774
132555,2026-08-31,1600,0.19,42774
122205,2026-08-31,1325,0.17,42774
100087,2026-08-31,318,0.16,42774
111243,2026-08-31,169,0.12,42774
282626,2026-08-31,638,0.11,42774
200054,2026-08-31,500,0.06,42774
132488,2026-08-31,1146,4.09,38734
322918,2026-08-31,18883,3.43,38734
112599,2026-08-31,3023,3.41,38734
100469,2026-08-31,22171,2.98,38734
111243,2026-08-31,3911,2.82,38734
209867,2026-08-31,36435,2.79,38734
117334,2026-08-31,39880,2.56,38734
100182,2026-08-31,1152,2.47,38734
208883,2026-08-31,3801,2.46,38734
100480,2026-08-31,1222,2.41,38734
132541,2026-08-31,3138,2.41,38734
254493,2026-08-31,3372,2.38,38734
132187,2026-08-31,5888,2.27,38734
100850,2026-08-31,7940,2.20,38734
223595,2026-08-31,1467,2.16,38734
100825,2026-08-31,1062,2.15,38734
100547,2026-08-31,17564,2.15,38734
210590,2026-08-31,979,2.12,38734
286335,2026-08-31,5051,2.11,38734
210072,2026-08-31,372,2.11,38734
100093,2026-08-31,6093,2.11,38734
217389,2026-08-31,9707,2.04,38734
100400,2026-08-31,14949,2.01,38734
132667,2026-08-31,108585,1.99,38734
278580,2026-08-31,59634,1.96,38734
209550,2026-08-31,12172,1.92,38734
100257,2026-08-31,2180,1.83,38734
208280,2026-08-31,1812,1.79,38734
132777,2026-08-31,3442,1.76,38734
132810,2026-08-31,13064,1.74,38734
100331,2026-08-31,2747,1.74,38734
130965,2026-08-31,33031,1.73,38734
209967,2026-08-31,11630,1.72,38734
100477,2026-08-31,25366,1.71,38734
100490,2026-08-31,380,1.67,38734
132155,2026-08-31,24253,1.62,38734
132134,2026-08-31,16749,1.54,38734
131642,2026-08-31,4789,1.53,38734
132868,2026-08-31,5790,1.51,38734
132432,2026-08-31,2617,1.50,38734
132483,2026-08-31,30194,1.47,38734
216156,2026-08-31,827,1.45,38734
132648,2026-08-31,158099,1.38,38734
132461,2026-08-31,31019,1.37,38734
200055,2026-08-31,11134,1.35,38734
217379,2026-08-31,2200,1.32,38734
103806,2026-08-31,1307,1.29,38734
132424,2026-08-31,3498,1.22,38734
100387,2026-08-31,120,1.10,38734
117354,2026-08-31,2257,1.07,38734
132540,2026-08-31,5465,5.47,46122
100790,2026-08-31,8338,5.20,46122
100209,2026-08-31,10912,5.16,46122
100049,2026-08-31,27829,4.81,46122
132281,2026-08-31,8356,4.57,46122
200132,2026-08-31,888,4.49,46122
100696,2026-08-31,5239,4.30,46122
100875,2026-08-31,39720,4.23,46122
210072,2026-08-31,680,4.21,46122
100825,2026-08-31,1854,4.06,46122
219300,2026-08-31,21891,3.67,46122
100830,2026-08-31,4503,3.56,46122
219494,2026-08-31,1777,3.56,46122
100820,2026-08-31,3192,3.53,46122
100182,2026-08-31,1432,3.25,46122
100188,2026-08-31,12381,3.07,46122
208280,2026-08-31,2788,3.05,46122
131642,2026-08-31,8649,2.96,46122
100480,2026-08-31,1388,2.95,46122
132725,2026-08-31,352,2.95,46122
210590,2026-08-31,1245,2.90,46122
100331,2026-08-31,3751,2.64,46122
211337,2026-08-31,634,2.50,46122
132466,2026-08-31,453,2.37,46122
216156,2026-08-31,1248,2.36,46122
132827,2026-08-31,150,2.24,46122
117354,2026-08-31,3570,1.85,46122
219700,2026-08-31,1661,1.72,46122
100408,2026-08-31,866,1.29,46122
294320,2026-08-31,4216,1.03,46122
210072,2026-08-31,966,5.93,47964
132868,2026-08-31,19643,5.56,47964
219442,2026-08-31,10492,5.39,47964
117569,2026-08-31,2147,5.02,47964
100300,2026-08-31,3613,5.00,47964
103100,2026-08-31,6287,4.94,47964
132538,2026-08-31,1021,4.90,47964
117354,2026-08-31,9411,4.82,47964
100387,2026-08-31,465,4.60,47964
211337,2026-08-31,1165,4.47,47964
100820,2026-08-31,4088,4.39,47964
100575,2026-08-31,8439,4.22,47964
213838,2026-08-31,6301,4.19,47964
208238,2026-08-31,4745,3.98,47964
100425,2026-08-31,23469,3.94,47964
109930,2026-08-31,2430,3.65,47964
220018,2026-08-31,4364,3.39,47964
132644,2026-08-31,1564,3.35,47964
100067,2026-08-31,4782,2.93,47964
132830,2026-08-31,4534,2.89,47964
208607,2026-08-31,3818,2.70,47964
100253,2026-08-31,11141,2.50,47964
293380,2026-08-31,2884,2.22,47964
109480,2026-08-31,10493,2.19,47964
228460,2026-08-31,40618,1.42,47964
100410,2026-08-31,2183,1.16,47964
132555,2026-08-31,90459,12.86,48469
100049,2026-08-31,68346,12.30,48469
132898,2026-08-31,86413,9.89,48469
219300,2026-08-31,45707,7.97,48469
219494,2026-08-31,3617,7.54,48469
100312,2026-08-31,74125,7.46,48469
100547,2026-08-31,38673,5.44,48469
100103,2026-08-31,27818,5.35,48469
130965,2026-08-31,71296,4.31,48469
132810,2026-08-31,27785,4.06,48469
132155,2026-08-31,51472,3.97,48469
200055,2026-08-31,23834,3.35,48469
100104,2026-08-31,18325,2.91,48469
126371,2026-08-31,65955,2.53,48469
216369,2026-08-31,71921,2.40,48469
200091,2026-08-31,10408,2.18,48469
131344,2026-08-31,6590,1.46,48469
217280,2026-08-31,38384,1.39,48469
208412,2026-08-31,5757,1.20,48469
209037,2026-08-31,10833,0.99,48469
132454,2026-08-31,11897,9.41,45613
100520,2026-08-31,6003,8.60,45613
100875,2026-08-31,64814,7.23,45613
252306,2026-08-31,48609,6.96,45613
100114,2026-08-31,2776,6.18,45613
132500,2026-08-31,877,5.18,45613
100696,2026-08-31,5965,5.12,45613
200132,2026-08-31,745,3.94,45613
100820,2026-08-31,3041,3.52,45613
222055,2026-08-31,1522,3.48,45613
105200,2026-08-31,927,3.22,45613
100790,2026-08-31,4821,3.15,45613
132343,2026-08-31,1579,2.99,45613
100251,2026-08-31,2237,2.81,45613
108869,2026-08-31,692,2.69,45613
209867,2026-08-31,27899,2.41,45613
218071,2026-08-31,5004,2.28,45613
100182,2026-08-31,873,2.08,45613
100800,2026-08-31,4379,1.98,45613
100850,2026-08-31,5904,1.90,45613
223595,2026-08-31,1083,1.84,45613
100825,2026-08-31,792,1.81,45613
210072,2026-08-31,279,1.81,45613
100400,2026-08-31,11215,1.70,45613
209550,2026-08-31,9193,1.61,45613
132777,2026-08-31,2574,1.47,45613
132868,2026-08-31,4313,1.30,45613
132432,2026-08-31,1986,1.29,45613
132424,2026-08-31,2702,1.06,45613
117354,2026-08-31,1694,0.92,45613
132488,2026-08-31,1019,4.73,50792
132343,2026-08-31,1883,4.01,50792
322918,2026-08-31,16745,3.87,50792
219494,2026-08-31,1521,3.58,50792
209867,2026-08-31,33268,3.23,50792
111243,2026-08-31,3469,3.16,50792
117334,2026-08-31,35420,2.97,50792
100420,2026-08-31,1176,2.92,50792
100480,2026-08-31,1083,2.71,50792
100547,2026-08-31,16249,2.58,50792
100850,2026-08-31,7041,2.55,50792
223595,2026-08-31,1292,2.47,50792
100093,2026-08-31,5498,2.47,50792
100825,2026-08-31,944,2.43,50792
100400,2026-08-31,13373,2.28,50792
209550,2026-08-31,10962,2.15,50792
208280,2026-08-31,1635,2.10,50792
100331,2026-08-31,2484,2.06,50792
130965,2026-08-31,29956,2.05,50792
100490,2026-08-31,347,1.98,50792
132810,2026-08-31,11674,1.93,50792
132725,2026-08-31,195,1.92,50792
132155,2026-08-31,21627,1.88,50792
100295,2026-08-31,13596,1.86,50792
271875,2026-08-31,2633,1.83,50792
132868,2026-08-31,5143,1.74,50792
132134,2026-08-31,14874,1.74,50792
132286,2026-08-31,2970,1.74,50792
132432,2026-08-31,2368,1.73,50792
100530,2026-08-31,69,1.69,50792
132483,2026-08-31,26946,1.68,50792
216156,2026-08-31,745,1.66,50792
289554,2026-08-31,2688,1.60,50792
200055,2026-08-31,10014,1.59,50792
100002,2026-08-31,421,1.58,50792
132461,2026-08-31,27613,1.55,50792
132477,2026-08-31,15492,1.43,50792
132424,2026-08-31,3222,1.43,50792
100550,2026-08-31,709,1.40,50792
219442,2026-08-31,2224,1.31,50792
221790,2026-08-31,860,1.26,50792
208361,2026-08-31,1143,1.24,50792
100387,2026-08-31,107,1.22,50792
132321,2026-08-31,2006,1.14,50792
100188,2026-08-31,3856,1.13,50792
320028,2026-08-31,709,1.12,50792
100425,2026-08-31,4999,0.98,50792
219700,2026-08-31,609,0.74,50792
210850,2026-08-31,4036,0.73,50792
217280,2026-08-31,16127,0.66,50792
132174,2026-08-31,30088,22.02,43854
100247,2026-08-31,98003,20.68,43854
132215,2026-08-31,28946,18.94,43854
100180,2026-08-31,52105,18.59,43854
100469,2026-08-31,32807,5.89,43854
132187,2026-08-31,8767,4.49,43854
278580,2026-08-31,88316,3.82,43854
132648,2026-08-31,233807,2.69,43854
209068,2026-08-31,8226,1.57,43854
279527,2026-08-31,12143,1.00,43854
132454,2026-08-31,2400,2.30,8512
100325,2026-08-31,3000,2.03,8512
100180,2026-08-31,5000,1.87,8512
100112,2026-08-31,2400,1.34,8512
132174,2026-08-31,1600,1.23,8512
100209,2026-08-31,1707,1.02,8512
132281,2026-08-31,1400,0.97,8512
200132,2026-08-31,137,0.88,8512
132755,2026-08-31,1000,0.86,8512
132215,2026-08-31,1200,0.82,8512
132538,2026-08-31,125,0.76,8512
100247,2026-08-31,3375,0.75,8512
212427,2026-08-31,250,0.70,8512
219494,2026-08-31,250,0.63,8512
100520,2026-08-31,350,0.61,8512
100510,2026-08-31,250,0.53,8512
215367,2026-08-31,2000,0.52,8512
322918,2026-08-31,2000,0.50,8512
131642,2026-08-31,1100,0.48,8512
100480,2026-08-31,150,0.40,8512
123642,2026-08-31,320,0.40,8512
100257,2026-08-31,200,0.23,8512
100180,2026-08-31,21287,9.84,50790
132174,2026-08-31,9958,9.44,50790
100325,2026-08-31,9391,7.81,50790
132454,2026-08-31,4227,4.99,50790
100510,2026-08-31,1627,4.29,50790
100112,2026-08-31,5746,3.97,50790
100209,2026-08-31,4876,3.60,50790
132215,2026-08-31,3992,3.38,50790
100247,2026-08-31,10235,2.80,50790
100520,2026-08-31,1241,2.65,50790
100034,2026-08-31,3726,2.57,50790
100875,2026-08-31,13400,2.23,50790
132540,2026-08-31,1419,2.22,50790
252306,2026-08-31,10050,2.15,50790
100114,2026-08-31,574,1.91,50790
124715,2026-08-31,1472,1.90,50790
132500,2026-08-31,181,1.60,50790
100696,2026-08-31,1233,1.58,50790
111218,2026-08-31,1947,1.41,50790
132555,2026-08-31,6590,1.41,50790
100470,2026-08-31,11491,1.38,50790
100049,2026-08-31,4979,1.35,50790
100440,2026-08-31,2013,1.33,50790
132281,2026-08-31,1466,1.25,50790
132538,2026-08-31,164,1.22,50790
200132,2026-08-31,154,1.22,50790
100300,2026-08-31,524,1.15,50790
100228,2026-08-31,1304,1.11,50790
100820,2026-08-31,629,1.09,50790
132898,2026-08-31,6295,1.08,50790
222055,2026-08-31,315,1.07,50790
132921,2026-08-31,1026,1.07,50790
205198,2026-08-31,805,1.06,50790
105200,2026-08-31,191,0.99,50790
100790,2026-08-31,997,0.97,50790
132755,2026-08-31,883,0.94,50790
219300,2026-08-31,3330,0.87,50790
100251,2026-08-31,463,0.87,50790
108869,2026-08-31,143,0.83,50790
100312,2026-08-31,5400,0.82,50790
112599,2026-08-31,401,0.75,50790
100087,2026-08-31,782,0.72,50790
229365,2026-08-31,4561,0.72,50790
211385,2026-08-31,625,0.71,50790
218071,2026-08-31,1035,0.70,50790
100124,2026-08-31,847,0.64,50790
100800,2026-08-31,905,0.61,50790
100570,2026-08-31,2905,0.58,50790
217389,2026-08-31,1495,0.53,50790
107685,2026-08-31,3765,0.45,50790
207901,2026-08-31,1350,3.13,50743
100469,2026-08-31,8144,2.05,50743
208766,2026-08-31,843,2.03,50743
271867,2026-08-31,1286,1.74,50743
208883,2026-08-31,1391,1.69,50743
100182,2026-08-31,429,1.65,50743
132541,2026-08-31,1150,1.61,50743
132187,2026-08-31,2176,1.56,50743
254493,2026-08-31,1143,1.51,50743
100103,2026-08-31,4817,1.51,50743
210072,2026-08-31,137,1.44,50743
286335,2026-08-31,1871,1.44,50743
210590,2026-08-31,359,1.42,50743
132667,2026-08-31,40190,1.35,50743
278580,2026-08-31,21923,1.33,50743
100493,2026-08-31,881,1.31,50743
122275,2026-08-31,409,1.28,50743
100257,2026-08-31,802,1.24,50743
217376,2026-08-31,4192,1.24,50743
211337,2026-08-31,177,1.18,50743
132777,2026-08-31,1265,1.17,50743
100477,2026-08-31,9455,1.17,50743
209967,2026-08-31,4258,1.17,50743
302988,2026-08-31,4522,1.12,50743
124804,2026-08-31,915,1.11,50743
132843,2026-08-31,1722,1.10,50743
131642,2026-08-31,1749,1.01,50743
296765,2026-08-31,42,1.00,50743
100271,2026-08-31,876,0.97,50743
190059,2026-08-31,602,0.95,50743
132648,2026-08-31,58040,0.94,50743
293862,2026-08-31,4690,0.93,50743
132822,2026-08-31,90971,0.92,50743
217379,2026-08-31,803,0.89,50743
132296,2026-08-31,498,0.87,50743
103806,2026-08-31,480,0.87,50743
103100,2026-08-31,617,0.83,50743
117569,2026-08-31,204,0.83,50743
132497,2026-08-31,259,0.82,50743
100104,2026-08-31,3173,0.82,50743
132234,2026-08-31,2963,0.80,50743
242461,2026-08-31,2721,0.79,50743
132754,2026-08-31,11761,0.78,50743
126299,2026-08-31,437,0.75,50743
208461,2026-08-31,2025,0.74,50743
132814,2026-08-31,1168,0.74,50743
112070,2026-08-31,1853,0.74,50743
117354,2026-08-31,833,0.73,50743
190071,2026-08-31,228,0.73,50743
212427,2026-08-31,193,0.73,50743
317635,2026-08-31,9210,0.72,50743
126371,2026-08-31,11421,0.71,50743
228974,2026-08-31,856,0.71,50743
132466,2026-08-31,79,0.70,50743
132259,2026-08-31,56,0.70,50743
269404,2026-08-31,353,0.69,50743
132523,2026-08-31,2357,0.69,50743
216369,2026-08-31,12454,0.67,50743
100290,2026-08-31,7,0.66,50743
100113,2026-08-31,4777,0.66,50743
213838,2026-08-31,557,0.64,50743
124494,2026-08-31,459,0.64,50743
220350,2026-08-31,2819,0.64,50743
211840,2026-08-31,374,0.64,50743
208238,2026-08-31,447,0.64,50743
100575,2026-08-31,753,0.64,50743
200091,2026-08-31,1802,0.62,50743
100830,2026-08-31,435,0.58,50743
221877,2026-08-31,316,0.58,50743
132720,2026-08-31,2186,0.58,50743
112455,2026-08-31,430,0.55,50743
132539,2026-08-31,601,0.54,50743
132779,2026-08-31,628,0.54,50743
226720,2026-08-31,1270,0.54,50743
109930,2026-08-31,213,0.54,50743
106395,2026-08-31,395,0.53,50743
132827,2026-08-31,21,0.53,50743
132522,2026-08-31,2476,0.53,50743
100096,2026-08-31,1951,0.53,50743
233063,2026-08-31,1108,0.52,50743
220018,2026-08-31,389,0.51,50743
132508,2026-08-31,1035,0.51,50743
132644,2026-08-31,138,0.50,50743
209078,2026-08-31,592,0.49,50743
210258,2026-08-31,1307,0.48,50743
237831,2026-08-31,1972,0.47,50743
100483,2026-08-31,388,0.47,50743
100086,2026-08-31,1503,0.47,50743
295872,2026-08-31,139,0.46,50743
215367,2026-08-31,1293,0.45,50743
123642,2026-08-31,268,0.45,50743
225051,2026-08-31,980,0.45,50743
100067,2026-08-31,429,0.44,50743
132830,2026-08-31,404,0.43,50743
102355,2026-08-31,265,0.43,50743
318678,2026-08-31,3703,0.42,50743
131344,2026-08-31,1141,0.41,50743
208607,2026-08-31,337,0.40,50743
228347,2026-08-31,917,0.40,50743
132149,2026-08-31,4015,0.40,50743
132525,2026-08-31,6728,0.39,50743
132683,2026-08-31,128,0.39,50743
132892,2026-08-31,517,0.38,50743
100253,2026-08-31,993,0.38,50743
105790,2026-08-31,133,0.38,50743
132331,2026-08-31,139,0.35,50743
100411,2026-08-31,128,0.35,50743
208364,2026-08-31,162,0.35,50743
243036,2026-08-31,875,0.35,50743
293380,2026-08-31,263,0.34,50743
322541,2026-08-31,2543,0.34,50743
208412,2026-08-31,997,0.34,50743
218756,2026-08-31,701,0.34,50743
109480,2026-08-31,942,0.33,50743
100877,2026-08-31,1067,0.33,50743
210174,2026-08-31,1312,0.33,50743
123457,2026-08-31,70,0.32,50743
100488,2026-08-31,17,0.31,50743
132889,2026-08-31,368,0.31,50743
219691,2026-08-31,280,0.30,50743
279664,2026-08-31,283,0.30,50743
100660,2026-08-31,137,0.30,50743
100408,2026-08-31,114,0.29,50743
314935,2026-08-31,392,0.29,50743
100368,2026-08-31,1145,0.28,50743
209037,2026-08-31,1876,0.28,50743
100092,2026-08-31,81,0.28,50743
212705,2026-08-31,305,0.27,50743
207872,2026-08-31,249,0.27,50743
207673,2026-08-31,1835,0.25,50743
215477,2026-08-31,117,0.24,50743
100495,2026-08-31,110,0.23,50743
268618,2026-08-31,91,0.23,50743
113683,2026-08-31,1203,0.23,50743
294320,2026-08-31,542,0.22,50743
132478,2026-08-31,239,0.22,50743
228460,2026-08-31,3659,0.22,50743
208414,2026-08-31,2629,0.22,50743
213327,2026-08-31,1658,0.21,50743
123395,2026-08-31,9,0.21,50743
100163,2026-08-31,135,0.20,50743
101301,2026-08-31,431,0.20,50743
317139,2026-08-31,3069,0.19,50743
132129,2026-08-31,490,0.19,50743
228049,2026-08-31,294,0.19,50743
100410,2026-08-31,198,0.18,50743
117174,2026-08-31,7,0.18,50743
100164,2026-08-31,143,0.11,50743
220512,2026-08-31,2364,0.11,50743
217385,2026-08-31,795,0.11,50743
207901,2026-08-31,1287,3.13,48183
100469,2026-08-31,7761,2.05,48183
208766,2026-08-31,803,2.02,48183
271867,2026-08-31,1225,1.74,48183
208883,2026-08-31,1326,1.69,48183
100182,2026-08-31,409,1.65,48183
132541,2026-08-31,1096,1.61,48183
132187,2026-08-31,2074,1.56,48183
254493,2026-08-31,1090,1.51,48183
100103,2026-08-31,4590,1.51,48183
210072,2026-08-31,131,1.44,48183
286335,2026-08-31,1783,1.44,48183
210590,2026-08-31,342,1.42,48183
132667,2026-08-31,38299,1.35,48183
278580,2026-08-31,20892,1.33,48183
100493,2026-08-31,839,1.31,48183
122275,2026-08-31,390,1.29,48183
100257,2026-08-31,765,1.24,48183
217376,2026-08-31,3995,1.24,48183
211337,2026-08-31,168,1.18,48183
132777,2026-08-31,1206,1.17,48183
100477,2026-08-31,9010,1.17,48183
209967,2026-08-31,4057,1.17,48183
302988,2026-08-31,4309,1.12,48183
124804,2026-08-31,872,1.11,48183
132843,2026-08-31,1641,1.10,48183
131642,2026-08-31,1667,1.01,48183
296765,2026-08-31,40,1.00,48183
100271,2026-08-31,835,0.97,48183
190059,2026-08-31,573,0.94,48183
132648,2026-08-31,55309,0.94,48183
293862,2026-08-31,4469,0.93,48183
132822,2026-08-31,86691,0.92,48183
217379,2026-08-31,765,0.89,48183
132296,2026-08-31,474,0.87,48183
103806,2026-08-31,457,0.87,48183
103100,2026-08-31,588,0.83,48183
117569,2026-08-31,194,0.83,48183
132497,2026-08-31,247,0.82,48183
100104,2026-08-31,3024,0.82,48183
132234,2026-08-31,2824,0.80,48183
242461,2026-08-31,2593,0.79,48183
132754,2026-08-31,11207,0.78,48183
126299,2026-08-31,417,0.75,48183
208461,2026-08-31,1930,0.74,48183
132814,2026-08-31,1113,0.74,48183
112070,2026-08-31,1766,0.74,48183
117354,2026-08-31,794,0.73,48183
190071,2026-08-31,217,0.73,48183
212427,2026-08-31,184,0.73,48183
317635,2026-08-31,8777,0.72,48183
126371,2026-08-31,10884,0.71,48183
228974,2026-08-31,816,0.71,48183
132466,2026-08-31,75,0.70,48183
132259,2026-08-31,53,0.70,48183
269404,2026-08-31,336,0.69,48183
132523,2026-08-31,2247,0.69,48183
216369,2026-08-31,11868,0.68,48183
100113,2026-08-31,4552,0.66,48183
213838,2026-08-31,531,0.64,48183
124494,2026-08-31,437,0.64,48183
220350,2026-08-31,2686,0.64,48183
211840,2026-08-31,356,0.64,48183
100575,2026-08-31,718,0.64,48183
208238,2026-08-31,426,0.64,48183
200091,2026-08-31,1717,0.62,48183
100290,2026-08-31,6,0.59,48183
100830,2026-08-31,415,0.58,48183
221877,2026-08-31,301,0.58,48183
132720,2026-08-31,2083,0.58,48183
112455,2026-08-31,410,0.55,48183
132539,2026-08-31,573,0.54,48183
132779,2026-08-31,599,0.54,48183
226720,2026-08-31,1210,0.54,48183
109930,2026-08-31,203,0.54,48183
106395,2026-08-31,376,0.53,48183
132827,2026-08-31,20,0.53,48183
132522,2026-08-31,2360,0.53,48183
100096,2026-08-31,1859,0.52,48183
233063,2026-08-31,1056,0.52,48183
220018,2026-08-31,371,0.51,48183
132508,2026-08-31,986,0.51,48183
132644,2026-08-31,132,0.50,48183
209078,2026-08-31,565,0.49,48183
210258,2026-08-31,1246,0.48,48183
237831,2026-08-31,1879,0.47,48183
100483,2026-08-31,370,0.47,48183
100086,2026-08-31,1433,0.47,48183
295872,2026-08-31,133,0.46,48183
215367,2026-08-31,1233,0.45,48183
123642,2026-08-31,255,0.45,48183
225051,2026-08-31,934,0.45,48183
100067,2026-08-31,409,0.44,48183
132830,2026-08-31,385,0.43,48183
102355,2026-08-31,253,0.43,48183
318678,2026-08-31,3528,0.42,48183
131344,2026-08-31,1087,0.41,48183
208607,2026-08-31,322,0.41,48183
228347,2026-08-31,873,0.40,48183
132149,2026-08-31,3826,0.40,48183
132525,2026-08-31,6412,0.39,48183
132683,2026-08-31,122,0.38,48183
132892,2026-08-31,493,0.38,48183
105790,2026-08-31,127,0.38,48183
100253,2026-08-31,947,0.38,48183
132331,2026-08-31,133,0.35,48183
100411,2026-08-31,122,0.35,48183
208364,2026-08-31,154,0.35,48183
243036,2026-08-31,834,0.35,48183
322541,2026-08-31,2423,0.34,48183
293380,2026-08-31,250,0.34,48183
208412,2026-08-31,950,0.34,48183
218756,2026-08-31,668,0.34,48183
109480,2026-08-31,898,0.33,48183
100877,2026-08-31,1016,0.33,48183
210174,2026-08-31,1251,0.33,48183
123457,2026-08-31,66,0.31,48183
100488,2026-08-31,16,0.31,48183
132889,2026-08-31,350,0.31,48183
219691,2026-08-31,267,0.30,48183
279664,2026-08-31,270,0.30,48183
100660,2026-08-31,130,0.29,48183
314935,2026-08-31,373,0.29,48183
100408,2026-08-31,108,0.29,48183
100368,2026-08-31,1091,0.28,48183
209037,2026-08-31,1787,0.28,48183
100092,2026-08-31,77,0.27,48183
212705,2026-08-31,290,0.27,48183
207872,2026-08-31,237,0.27,48183
207673,2026-08-31,1749,0.25,48183
215477,2026-08-31,111,0.24,48183
100495,2026-08-31,105,0.23,48183
268618,2026-08-31,87,0.23,48183
113683,2026-08-31,1147,0.23,48183
294320,2026-08-31,516,0.22,48183
123395,2026-08-31,9,0.22,48183
132478,2026-08-31,227,0.22,48183
228460,2026-08-31,3486,0.22,48183
208414,2026-08-31,2505,0.22,48183
213327,2026-08-31,1580,0.21,48183
100163,2026-08-31,129,0.20,48183
101301,2026-08-31,411,0.20,48183
317139,2026-08-31,2925,0.19,48183
132129,2026-08-31,467,0.19,48183
228049,2026-08-31,280,0.19,48183
117174,2026-08-31,7,0.18,48183
100410,2026-08-31,189,0.18,48183
100164,2026-08-31,136,0.11,48183
220512,2026-08-31,2252,0.11,48183
217385,2026-08-31,758,0.11,48183
100520,2026-08-31,1829,5.12,50131
124715,2026-08-31,2865,4.85,50131
100325,2026-08-31,4266,4.65,50131
132500,2026-08-31,353,4.08,50131
100470,2026-08-31,22368,3.52,50131
100049,2026-08-31,9692,3.43,50131
100440,2026-08-31,3918,3.40,50131
200132,2026-08-31,300,3.11,50131
100228,2026-08-31,2538,2.83,50131
132488,2026-08-31,344,2.78,50131
105200,2026-08-31,373,2.53,50131
132343,2026-08-31,636,2.36,50131
322918,2026-08-31,5652,2.27,50131
219494,2026-08-31,513,2.10,50131
100087,2026-08-31,1523,1.83,50131
117334,2026-08-31,11955,1.74,50131
271867,2026-08-31,1053,1.72,50131
100124,2026-08-31,1650,1.63,50131
100480,2026-08-31,366,1.59,50131
100547,2026-08-31,5484,1.52,50131
100570,2026-08-31,5655,1.49,50131
100103,2026-08-31,3945,1.49,50131
100093,2026-08-31,1856,1.45,50131
210072,2026-08-31,112,1.42,50131
132667,2026-08-31,32914,1.34,50131
100493,2026-08-31,721,1.30,50131
122275,2026-08-31,335,1.27,50131
100420,2026-08-31,284,1.23,50131
100257,2026-08-31,657,1.23,50131
100331,2026-08-31,839,1.21,50131
130965,2026-08-31,10111,1.20,50131
211337,2026-08-31,145,1.17,50131
100477,2026-08-31,7743,1.16,50131
132725,2026-08-31,66,1.13,50131
124804,2026-08-31,749,1.10,50131
100295,2026-08-31,4589,1.09,50131
132286,2026-08-31,1002,1.02,50131
100530,2026-08-31,23,0.98,50131
190059,2026-08-31,493,0.94,50131
100002,2026-08-31,142,0.93,50131
103806,2026-08-31,393,0.86,50131
214179,2026-08-31,1213,0.84,50131
100550,2026-08-31,239,0.82,50131
117569,2026-08-31,167,0.82,50131
132504,2026-08-31,100,0.74,50131
208361,2026-08-31,386,0.73,50131
112070,2026-08-31,1518,0.73,50131
117354,2026-08-31,682,0.72,50131
212427,2026-08-31,158,0.72,50131
269404,2026-08-31,289,0.69,50131
132321,2026-08-31,677,0.67,50131
320028,2026-08-31,239,0.66,50131
100188,2026-08-31,1301,0.66,50131
100575,2026-08-31,617,0.63,50131
100290,2026-08-31,5,0.57,50131
132539,2026-08-31,492,0.54,50131
106395,2026-08-31,324,0.53,50131
109930,2026-08-31,174,0.53,50131
132827,2026-08-31,17,0.52,50131
100067,2026-08-31,351,0.44,50131
123642,2026-08-31,219,0.44,50131
219700,2026-08-31,206,0.44,50131
132830,2026-08-31,331,0.43,50131
102355,2026-08-31,217,0.42,50131
113599,2026-08-31,888,0.40,50131
132683,2026-08-31,105,0.38,50131
100184,2026-08-31,636,0.36,50131
280713,2026-08-31,1738,0.35,50131
123457,2026-08-31,57,0.31,50131
219691,2026-08-31,229,0.30,50131
132889,2026-08-31,301,0.30,50131
223187,2026-08-31,85,0.27,50131
100495,2026-08-31,90,0.23,50131
100870,2026-08-31,1295,0.20,50131
117174,2026-08-31,6,0.18,50131
228049,2026-08-31,241,0.18,50131
100180,2026-08-31,9512,6.02,50673
132174,2026-08-31,4430,5.74,50673
100325,2026-08-31,4800,5.47,50673
132454,2026-08-31,2343,3.79,50673
100209,2026-08-31,2539,2.57,50673
132215,2026-08-31,1921,2.23,50673
100520,2026-08-31,726,2.13,50673
100510,2026-08-31,562,2.03,50673
100034,2026-08-31,2078,1.96,50673
100247,2026-08-31,4566,1.71,50673
100112,2026-08-31,1540,1.46,50673
132540,2026-08-31,679,1.45,50673
100114,2026-08-31,296,1.35,50673
124715,2026-08-31,750,1.33,50673
132500,2026-08-31,98,1.18,50673
252306,2026-08-31,3986,1.17,50673
111218,2026-08-31,1178,1.17,50673
100049,2026-08-31,2897,1.07,50673
132555,2026-08-31,3641,1.06,50673
100696,2026-08-31,588,1.03,50673
100470,2026-08-31,6251,1.03,50673
100440,2026-08-31,1078,0.98,50673
132538,2026-08-31,86,0.88,50673
132281,2026-08-31,736,0.86,50673
132488,2026-08-31,99,0.84,50673
132898,2026-08-31,3493,0.82,50673
105200,2026-08-31,114,0.81,50673
132343,2026-08-31,198,0.77,50673
100820,2026-08-31,320,0.76,50673
222055,2026-08-31,158,0.74,50673
132921,2026-08-31,480,0.68,50673
100300,2026-08-31,227,0.68,50673
108869,2026-08-31,84,0.67,50673
132755,2026-08-31,449,0.65,50673
322918,2026-08-31,1536,0.65,50673
100790,2026-08-31,482,0.64,50673
200132,2026-08-31,55,0.59,50673
100228,2026-08-31,510,0.59,50673
219494,2026-08-31,139,0.59,50673
111243,2026-08-31,355,0.59,50673
211385,2026-08-31,376,0.58,50673
205198,2026-08-31,320,0.58,50673
100875,2026-08-31,2509,0.57,50673
100251,2026-08-31,222,0.57,50673
218071,2026-08-31,588,0.55,50673
112599,2026-08-31,214,0.55,50673
100420,2026-08-31,119,0.54,50673
117334,2026-08-31,3523,0.54,50673
100087,2026-08-31,421,0.53,50673
271867,2026-08-31,293,0.50,50673
100480,2026-08-31,109,0.50,50673
208883,2026-08-31,320,0.49,50673
100182,2026-08-31,100,0.49,50673
207901,2026-08-31,166,0.49,50673
100469,2026-08-31,1524,0.49,50673
209867,2026-08-31,2736,0.48,50673
254493,2026-08-31,289,0.48,50673
229365,2026-08-31,2204,0.47,50673
219300,2026-08-31,1285,0.46,50673
100850,2026-08-31,683,0.45,50673
286335,2026-08-31,462,0.45,50673
100312,2026-08-31,2152,0.45,50673
324996,2026-08-31,1142,0.44,50673
132187,2026-08-31,481,0.44,50673
100124,2026-08-31,417,0.43,50673
100093,2026-08-31,525,0.43,50673
210590,2026-08-31,85,0.42,50673
223595,2026-08-31,122,0.42,50673
100570,2026-08-31,1536,0.42,50673
100825,2026-08-31,90,0.42,50673
100800,2026-08-31,454,0.42,50673
122275,2026-08-31,106,0.42,50673
100103,2026-08-31,1017,0.40,50673
210072,2026-08-31,30,0.40,50673
217389,2026-08-31,815,0.40,50673
100547,2026-08-31,1357,0.39,50673
100400,2026-08-31,1266,0.39,50673
209550,2026-08-31,1058,0.38,50673
208280,2026-08-31,160,0.37,50673
100493,2026-08-31,199,0.37,50673
100257,2026-08-31,190,0.37,50673
211337,2026-08-31,44,0.37,50673
132667,2026-08-31,8603,0.36,50673
100477,2026-08-31,2328,0.36,50673
209967,2026-08-31,1045,0.36,50673
100331,2026-08-31,233,0.35,50673
132777,2026-08-31,284,0.33,50673
124804,2026-08-31,216,0.33,50673
132843,2026-08-31,409,0.33,50673
132810,2026-08-31,1101,0.33,50673
132725,2026-08-31,18,0.32,50673
132432,2026-08-31,242,0.32,50673
233063,2026-08-31,544,0.32,50673
107685,2026-08-31,1942,0.32,50673
132868,2026-08-31,516,0.32,50673
131642,2026-08-31,433,0.32,50673
302988,2026-08-31,1015,0.32,50673
208766,2026-08-31,104,0.32,50673
132286,2026-08-31,297,0.32,50673
132155,2026-08-31,1920,0.30,50673
293862,2026-08-31,1209,0.30,50673
296765,2026-08-31,10,0.30,50673
190059,2026-08-31,150,0.30,50673
130965,2026-08-31,2357,0.29,50673
200055,2026-08-31,989,0.29,50673
217379,2026-08-31,204,0.29,50673
100295,2026-08-31,1142,0.28,50673
132822,2026-08-31,21702,0.28,50673
278580,2026-08-31,3523,0.27,50673
103100,2026-08-31,156,0.26,50673
100104,2026-08-31,799,0.26,50673
100002,2026-08-31,38,0.26,50673
132424,2026-08-31,320,0.26,50673
132648,2026-08-31,12443,0.25,50673
103806,2026-08-31,111,0.25,50673
221790,2026-08-31,92,0.24,50673
219442,2026-08-31,229,0.24,50673
132234,2026-08-31,689,0.23,50673
100550,2026-08-31,65,0.23,50673
100490,2026-08-31,22,0.23,50673
242461,2026-08-31,620,0.23,50673
100530,2026-08-31,5,0.22,50673
271875,2026-08-31,175,0.22,50673
190071,2026-08-31,53,0.21,50673
216156,2026-08-31,53,0.21,50673
126299,2026-08-31,99,0.21,50673
132477,2026-08-31,1274,0.21,50673
112070,2026-08-31,422,0.21,50673
213838,2026-08-31,143,0.21,50673
269404,2026-08-31,84,0.21,50673
208238,2026-08-31,113,0.20,50673
132754,2026-08-31,2423,0.20,50673
126371,2026-08-31,2568,0.20,50673
322541,2026-08-31,1178,0.20,50673
320028,2026-08-31,69,0.20,50673
132461,2026-08-31,1918,0.20,50673
220350,2026-08-31,679,0.19,50673
317635,2026-08-31,1950,0.19,50673
132466,2026-08-31,17,0.19,50673
117354,2026-08-31,170,0.19,50673
216369,2026-08-31,2724,0.19,50673
211840,2026-08-31,86,0.19,50673
132134,2026-08-31,863,0.18,50673
132814,2026-08-31,224,0.18,50673
100425,2026-08-31,497,0.18,50673
100575,2026-08-31,165,0.18,50673
208461,2026-08-31,374,0.17,50673
132483,2026-08-31,1514,0.17,50673
109930,2026-08-31,53,0.17,50673
132522,2026-08-31,625,0.17,50673
221877,2026-08-31,72,0.17,50673
106395,2026-08-31,98,0.17,50673
220018,2026-08-31,98,0.16,50673
100830,2026-08-31,96,0.16,50673
212427,2026-08-31,34,0.16,50673
132321,2026-08-31,154,0.16,50673
132827,2026-08-31,5,0.16,50673
132779,2026-08-31,147,0.16,50673
132508,2026-08-31,240,0.15,50673
100483,2026-08-31,95,0.15,50673
200091,2026-08-31,339,0.15,50673
210258,2026-08-31,302,0.14,50673
100387,2026-08-31,6,0.12,50673
100096,2026-08-31,362,0.12,50673
100290,2026-08-31,1,0.12,50673
123642,2026-08-31,56,0.12,50673
132174,2026-08-31,13662,17.94,15063
100180,2026-08-31,20113,12.91,15063
100112,2026-08-31,8982,8.62,15063
132215,2026-08-31,6944,8.07,15063
100247,2026-08-31,21269,8.06,15063
100034,2026-08-31,4487,4.33,15063
221720,2026-08-31,30629,4.02,15063
210174,2026-08-31,10769,3.46,15063
132810,2026-08-31,9923,3.11,15063
100490,2026-08-31,300,3.10,15063
100253,2026-08-31,5977,2.91,15063
303180,2026-08-31,803,2.64,15063
208280,2026-08-31,1068,2.48,15063
132134,2026-08-31,10256,2.21,15063
229365,2026-08-31,9946,2.15,15063
217376,2026-08-31,4896,1.85,15063
207950,2026-08-31,1288,1.64,15063
123405,2026-08-31,13920,1.61,15063
209492,2026-08-31,1773,1.40,15063
224623,2026-08-31,12720,1.38,15063
225051,2026-08-31,1706,1.00,15063
208414,2026-08-31,8900,0.93,15063
279527,2026-08-31,6006,0.89,15063
254493,2026-08-31,383,0.63,15063
228460,2026-08-31,8000,0.61,15063
208766,2026-08-31,150,0.46,15063
235955,2026-08-31,400,0.42,15063
100180,2026-08-31,10503,7.74,30042
132174,2026-08-31,4940,7.45,30042
100325,2026-08-31,4662,6.23,30042
132454,2026-08-31,2099,3.99,30042
100510,2026-08-31,806,3.38,30042
100112,2026-08-31,2862,3.15,30042
100209,2026-08-31,2403,2.81,30042
132215,2026-08-31,1971,2.63,30042
100247,2026-08-31,5072,2.20,30042
100520,2026-08-31,617,2.13,30042
100034,2026-08-31,1845,2.04,30042
100875,2026-08-31,6648,1.77,30042
132540,2026-08-31,698,1.72,30042
252306,2026-08-31,4987,1.70,30042
124715,2026-08-31,744,1.51,30042
100114,2026-08-31,281,1.49,30042
111218,2026-08-31,1200,1.36,30042
100696,2026-08-31,615,1.28,30042
132500,2026-08-31,89,1.25,30042
132555,2026-08-31,3274,1.12,30042
100470,2026-08-31,5677,1.09,30042
100049,2026-08-31,2468,1.06,30042
100440,2026-08-31,991,1.05,30042
132281,2026-08-31,729,0.99,30042
132538,2026-08-31,81,0.97,30042
200132,2026-08-31,73,0.92,30042
100300,2026-08-31,258,0.89,30042
100228,2026-08-31,640,0.87,30042
132921,2026-08-31,508,0.86,30042
132898,2026-08-31,3140,0.86,30042
132488,2026-08-31,88,0.85,30042
222055,2026-08-31,155,0.84,30042
100820,2026-08-31,311,0.83,30042
205198,2026-08-31,386,0.81,30042
105200,2026-08-31,95,0.79,30042
100790,2026-08-31,492,0.75,30042
132755,2026-08-31,439,0.74,30042
132343,2026-08-31,160,0.72,30042
322918,2026-08-31,1446,0.71,30042
112599,2026-08-31,232,0.70,30042
100251,2026-08-31,228,0.68,30042
219300,2026-08-31,1571,0.66,30042
100312,2026-08-31,2687,0.65,30042
108869,2026-08-31,70,0.64,30042
219494,2026-08-31,129,0.64,30042
100469,2026-08-31,1698,0.62,30042
111243,2026-08-31,300,0.58,30042
229365,2026-08-31,2321,0.58,30042
209867,2026-08-31,2791,0.58,30042
100087,2026-08-31,390,0.57,30042
211385,2026-08-31,311,0.56,30042
218071,2026-08-31,510,0.54,30042
117334,2026-08-31,3054,0.53,30042
100124,2026-08-31,420,0.51,30042
100182,2026-08-31,88,0.51,30042
208883,2026-08-31,291,0.51,30042
100480,2026-08-31,94,0.50,30042
132541,2026-08-31,240,0.50,30042
254493,2026-08-31,258,0.49,30042
100800,2026-08-31,443,0.48,30042
100570,2026-08-31,1446,0.48,30042
132187,2026-08-31,451,0.47,30042
100850,2026-08-31,608,0.45,30042
223595,2026-08-31,112,0.44,30042
100547,2026-08-31,1345,0.44,30042
100825,2026-08-31,81,0.44,30042
210590,2026-08-31,75,0.44,30042
286335,2026-08-31,387,0.44,30042
100093,2026-08-31,467,0.44,30042
210072,2026-08-31,28,0.43,30042
217389,2026-08-31,743,0.42,30042
100400,2026-08-31,1145,0.41,30042
132667,2026-08-31,8317,0.41,30042
278580,2026-08-31,4567,0.40,30042
209550,2026-08-31,932,0.40,30042
100257,2026-08-31,167,0.38,30042
208280,2026-08-31,139,0.37,30042
107685,2026-08-31,1952,0.37,30042
132777,2026-08-31,264,0.36,30042
132810,2026-08-31,1001,0.36,30042
100331,2026-08-31,210,0.36,30042
130965,2026-08-31,2530,0.36,30042
209967,2026-08-31,891,0.36,30042
100477,2026-08-31,1943,0.35,30042
100490,2026-08-31,29,0.34,30042
132155,2026-08-31,1858,0.33,30042
132134,2026-08-31,1283,0.32,30042
131642,2026-08-31,367,0.32,30042
132868,2026-08-31,443,0.31,30042
132432,2026-08-31,200,0.31,30042
132483,2026-08-31,2313,0.30,30042
216156,2026-08-31,63,0.30,30042
132648,2026-08-31,12109,0.28,30042
132461,2026-08-31,2376,0.28,30042
200055,2026-08-31,853,0.28,30042
217379,2026-08-31,168,0.27,30042
103806,2026-08-31,100,0.27,30042
132424,2026-08-31,268,0.25,30042
100387,2026-08-31,9,0.22,30042
117354,2026-08-31,173,0.22,30042
100180,2026-08-31,6963,5.40,50962
132174,2026-08-31,3256,5.18,50962
100325,2026-08-31,3071,4.29,50962
132454,2026-08-31,1383,2.74,50962
100510,2026-08-31,532,2.35,50962
100112,2026-08-31,1879,2.18,50962
100209,2026-08-31,1594,1.98,50962
132215,2026-08-31,1305,1.86,50962
100247,2026-08-31,3347,1.54,50962
100520,2026-08-31,406,1.46,50962
100034,2026-08-31,1218,1.41,50962
100875,2026-08-31,4383,1.23,50962
132540,2026-08-31,464,1.22,50962
252306,2026-08-31,3287,1.18,50962
100114,2026-08-31,188,1.05,50962
124715,2026-08-31,482,1.05,50962
132500,2026-08-31,59,0.87,50962
100696,2026-08-31,404,0.87,50962
111218,2026-08-31,636,0.77,50962
132555,2026-08-31,2155,0.77,50962
100470,2026-08-31,3758,0.76,50962
100049,2026-08-31,1628,0.74,50962
100440,2026-08-31,658,0.73,50962
132281,2026-08-31,478,0.69,50962
132538,2026-08-31,54,0.68,50962
207901,2026-08-31,186,0.67,50962
200132,2026-08-31,50,0.66,50962
100300,2026-08-31,172,0.63,50962
100228,2026-08-31,425,0.61,50962
132488,2026-08-31,58,0.60,50962
100820,2026-08-31,206,0.60,50962
132898,2026-08-31,2058,0.59,50962
222055,2026-08-31,103,0.59,50962
132921,2026-08-31,336,0.59,50962
205198,2026-08-31,264,0.58,50962
105200,2026-08-31,63,0.55,50962
100790,2026-08-31,325,0.53,50962
132755,2026-08-31,289,0.51,50962
132343,2026-08-31,107,0.51,50962
322918,2026-08-31,949,0.49,50962
219300,2026-08-31,1088,0.48,50962
100251,2026-08-31,151,0.48,50962
108869,2026-08-31,47,0.46,50962
219494,2026-08-31,86,0.45,50962
100312,2026-08-31,1765,0.45,50962
100469,2026-08-31,1119,0.44,50962
208766,2026-08-31,116,0.43,50962
112599,2026-08-31,131,0.41,50962
209867,2026-08-31,1886,0.41,50962
111243,2026-08-31,197,0.40,50962
229365,2026-08-31,1491,0.39,50962
100087,2026-08-31,255,0.39,50962
211385,2026-08-31,204,0.39,50962
218071,2026-08-31,337,0.38,50962
117334,2026-08-31,2009,0.38,50962
271867,2026-08-31,177,0.37,50962
100420,2026-08-31,67,0.37,50962
208883,2026-08-31,192,0.36,50962
100182,2026-08-31,59,0.35,50962
100124,2026-08-31,276,0.35,50962
100480,2026-08-31,62,0.35,50962
132541,2026-08-31,158,0.34,50962
100800,2026-08-31,295,0.33,50962
132187,2026-08-31,298,0.33,50962
100547,2026-08-31,921,0.33,50962
254493,2026-08-31,158,0.32,50962
100850,2026-08-31,399,0.32,50962
100570,2026-08-31,949,0.32,50962
100103,2026-08-31,662,0.32,50962
223595,2026-08-31,73,0.31,50962
100093,2026-08-31,311,0.31,50962
210072,2026-08-31,19,0.31,50962
100825,2026-08-31,53,0.30,50962
286335,2026-08-31,256,0.30,50962
210590,2026-08-31,49,0.30,50962
100290,2026-08-31,2,0.29,50962
217389,2026-08-31,488,0.29,50962
132667,2026-08-31,5531,0.29,50962
100400,2026-08-31,757,0.29,50962
278580,2026-08-31,3017,0.28,50962
100493,2026-08-31,121,0.28,50962
122275,2026-08-31,57,0.28,50962
209550,2026-08-31,621,0.27,50962
100257,2026-08-31,111,0.27,50962
208280,2026-08-31,92,0.26,50962
100331,2026-08-31,141,0.26,50962
130965,2026-08-31,1698,0.26,50962
100490,2026-08-31,20,0.25,50962
100477,2026-08-31,1300,0.25,50962
132777,2026-08-31,173,0.25,50962
211337,2026-08-31,24,0.25,50962
107685,2026-08-31,1230,0.25,50962
209967,2026-08-31,584,0.25,50962
132810,2026-08-31,661,0.24,50962
132725,2026-08-31,11,0.24,50962
302988,2026-08-31,621,0.24,50962
132155,2026-08-31,1225,0.24,50962
124804,2026-08-31,126,0.24,50962
100295,2026-08-31,770,0.23,50962
132843,2026-08-31,236,0.23,50962
271875,2026-08-31,149,0.23,50962
217376,2026-08-31,498,0.23,50962
296765,2026-08-31,6,0.22,50962
132134,2026-08-31,843,0.22,50962
132868,2026-08-31,290,0.22,50962
132286,2026-08-31,168,0.22,50962
100530,2026-08-31,4,0.22,50962
132432,2026-08-31,133,0.22,50962
131642,2026-08-31,240,0.22,50962
132483,2026-08-31,1528,0.21,50962
216156,2026-08-31,42,0.21,50962
100271,2026-08-31,121,0.21,50962
190059,2026-08-31,83,0.20,50962
289554,2026-08-31,152,0.20,50962
100002,2026-08-31,24,0.20,50962
200055,2026-08-31,567,0.20,50962
132648,2026-08-31,7987,0.20,50962
293862,2026-08-31,645,0.20,50962
132461,2026-08-31,1566,0.20,50962
132822,2026-08-31,12520,0.20,50962
217379,2026-08-31,111,0.19,50962
103806,2026-08-31,66,0.18,50962
132296,2026-08-31,68,0.18,50962
132477,2026-08-31,878,0.18,50962
214179,2026-08-31,203,0.18,50962
132424,2026-08-31,182,0.18,50962
103100,2026-08-31,85,0.18,50962
100550,2026-08-31,40,0.18,50962
117569,2026-08-31,28,0.18,50962
100104,2026-08-31,436,0.17,50962
132497,2026-08-31,35,0.17,50962
132234,2026-08-31,407,0.17,50962
242461,2026-08-31,374,0.17,50962
132754,2026-08-31,1618,0.17,50962
219442,2026-08-31,125,0.16,50962
190003,2026-08-31,429,0.16,50962
294388,2026-08-31,86,0.16,50962
221790,2026-08-31,49,0.16,50962
126299,2026-08-31,60,0.16,50962
208461,2026-08-31,278,0.16,50962
212427,2026-08-31,27,0.16,50962
132814,2026-08-31,159,0.16,50962
112070,2026-08-31,254,0.16,50962
117354,2026-08-31,114,0.16,50962
132259,2026-08-31,8,0.16,50962
208361,2026-08-31,64,0.15,50962
190071,2026-08-31,31,0.15,50962
132144,2026-08-31,59,0.15,50962
317635,2026-08-31,1267,0.15,50962
132504,2026-08-31,16,0.15,50962
100387,2026-08-31,6,0.15,50962
126371,2026-08-31,1571,0.15,50962
132466,2026-08-31,11,0.15,50962
228974,2026-08-31,116,0.15,50962
269404,2026-08-31,49,0.15,50962
132523,2026-08-31,323,0.15,50962
216369,2026-08-31,1713,0.14,50962
132321,2026-08-31,113,0.14,50962
320028,2026-08-31,40,0.14,50962
100188,2026-08-31,217,0.14,50962
100113,2026-08-31,656,0.14,50962
213838,2026-08-31,77,0.14,50962
211840,2026-08-31,52,0.14,50962
208238,2026-08-31,62,0.14,50962
220350,2026-08-31,387,0.14,50962
124494,2026-08-31,63,0.14,50962
111072,2026-08-31,54,0.14,50962
100575,2026-08-31,102,0.13,50962
200091,2026-08-31,247,0.13,50962
100183,2026-08-31,465,0.13,50962
289108,2026-08-31,254,0.13,50962
221877,2026-08-31,44,0.13,50962
100425,2026-08-31,283,0.12,50962
132720,2026-08-31,300,0.12,50962
207950,2026-08-31,80,0.12,50962
100830,2026-08-31,59,0.12,50962
235355,2026-08-31,37,0.12,50962
132827,2026-08-31,3,0.12,50962
112455,2026-08-31,59,0.12,50962
209068,2026-08-31,280,0.12,50962
132539,2026-08-31,82,0.11,50962
226720,2026-08-31,174,0.11,50962
132779,2026-08-31,86,0.11,50962
109930,2026-08-31,29,0.11,50962
106395,2026-08-31,54,0.11,50962
132522,2026-08-31,340,0.11,50962
100096,2026-08-31,268,0.11,50962
233063,2026-08-31,152,0.11,50962
132210,2026-08-31,437,0.11,50962
132508,2026-08-31,142,0.11,50962
220018,2026-08-31,53,0.11,50962
217757,2026-08-31,85,0.11,50962
132644,2026-08-31,19,0.11,50962
132805,2026-08-31,269,0.11,50962
209078,2026-08-31,81,0.10,50962
210258,2026-08-31,179,0.10,50962
124558,2026-08-31,4,0.10,50962
237831,2026-08-31,270,0.10,50962
209147,2026-08-31,62,0.10,50962
100483,2026-08-31,53,0.10,50962
100086,2026-08-31,206,0.10,50962
221033,2026-08-31,119,0.10,50962
295872,2026-08-31,19,0.10,50962
226156,2026-08-31,40,0.10,50962
123642,2026-08-31,37,0.10,50962
215367,2026-08-31,177,0.10,50962
221645,2026-08-31,116,0.10,50962
225051,2026-08-31,134,0.09,50962
131213,2026-08-31,249,0.09,50962
100067,2026-08-31,58,0.09,50962
210036,2026-08-31,109,0.09,50962
209902,2026-08-31,294,0.09,50962
102355,2026-08-31,37,0.09,50962
219700,2026-08-31,34,0.09,50962
132830,2026-08-31,55,0.09,50962
210850,2026-08-31,227,0.09,50962
318678,2026-08-31,509,0.09,50962
222961,2026-08-31,38,0.09,50962
131344,2026-08-31,156,0.09,50962
208607,2026-08-31,47,0.09,50962
228347,2026-08-31,125,0.09,50962
132149,2026-08-31,552,0.09,50962
113599,2026-08-31,148,0.09,50962
100488,2026-08-31,3,0.09,50962
132683,2026-08-31,18,0.08,50962
105790,2026-08-31,19,0.08,50962
225154,2026-08-31,10,0.08,50962
132525,2026-08-31,925,0.08,50962
217280,2026-08-31,914,0.08,50962
232793,2026-08-31,24,0.08,50962
124000,2026-08-31,161,0.08,50962
132892,2026-08-31,70,0.08,50962
100253,2026-08-31,135,0.08,50962
132300,2026-08-31,38,0.08,50962
100003,2026-08-31,56,0.08,50962
122287,2026-08-31,51,0.08,50962
117174,2026-08-31,2,0.08,50962
208364,2026-08-31,23,0.08,50962
100184,2026-08-31,106,0.08,50962
100411,2026-08-31,18,0.08,50962
280713,2026-08-31,292,0.08,50962
279527,2026-08-31,414,0.07,50962
132331,2026-08-31,19,0.07,50962
132636,2026-08-31,105,0.07,50962
218763,2026-08-31,35,0.07,50962
215216,2026-08-31,6,0.07,50962
123395,2026-08-31,2,0.07,50962
293380,2026-08-31,36,0.07,50962
322541,2026-08-31,349,0.07,50962
243036,2026-08-31,119,0.07,50962
244937,2026-08-31,3,0.07,50962
218756,2026-08-31,95,0.07,50962
104973,2026-08-31,44,0.07,50962
208412,2026-08-31,136,0.07,50962
123457,2026-08-31,10,0.07,50962
209420,2026-08-31,77,0.07,50962
109480,2026-08-31,129,0.07,50962
210174,2026-08-31,179,0.07,50962
100877,2026-08-31,145,0.07,50962
222554,2026-08-31,14,0.07,50962
208089,2026-08-31,35,0.07,50962
218533,2026-08-31,32,0.07,50962
307332,2026-08-31,282,0.07,50962
122074,2026-08-31,96,0.07,50962
217400,2026-08-31,106,0.07,50962
100660,2026-08-31,19,0.06,50962
113375,2026-08-31,52,0.06,50962
132889,2026-08-31,49,0.06,50962
305799,2026-08-31,60,0.06,50962
275316,2026-08-31,19,0.06,50962
219691,2026-08-31,38,0.06,50962
100620,2026-08-31,44,0.06,50962
279664,2026-08-31,38,0.06,50962
314935,2026-08-31,53,0.06,50962
132482,2026-08-31,65,0.06,50962
200020,2026-08-31,83,0.06,50962
106401,2026-08-31,31,0.06,50962
100368,2026-08-31,157,0.06,50962
100408,2026-08-31,15,0.06,50962
209037,2026-08-31,258,0.06,50962
100092,2026-08-31,11,0.06,50962
207872,2026-08-31,34,0.06,50962
100033,2026-08-31,3,0.06,50962
318188,2026-08-31,34,0.06,50962
323093,2026-08-31,253,0.06,50962
223187,2026-08-31,14,0.06,50962
212705,2026-08-31,41,0.06,50962
100027,2026-08-31,8,0.06,50962
220741,2026-08-31,348,0.06,50962
200515,2026-08-31,20,0.06,50962
115030,2026-08-31,54,0.06,50962
122113,2026-08-31,16,0.05,50962
235955,2026-08-31,43,0.05,50962
100260,2026-08-31,57,0.05,50962
315904,2026-08-31,1046,0.05,50962
304549,2026-08-31,34,0.05,50962
100008,2026-08-31,55,0.05,50962
207673,2026-08-31,251,0.05,50962
124208,2026-08-31,92,0.05,50962
132514,2026-08-31,318,0.05,50962
278701,2026-08-31,87,0.05,50962
268618,2026-08-31,13,0.05,50962
310018,2026-08-31,9,0.05,50962
215477,2026-08-31,16,0.05,50962
229238,2026-08-31,29,0.05,50962
210949,2026-08-31,13,0.05,50962
100233,2026-08-31,37,0.05,50962
100495,2026-08-31,15,0.05,50962
131595,2026-08-31,174,0.05,50962
100770,2026-08-31,70,0.05,50962
209024,2026-08-31,15,0.05,50962
224623,2026-08-31,361,0.05,50962
113683,2026-08-31,164,0.05,50962
294320,2026-08-31,73,0.05,50962
296367,2026-08-31,1025,0.05,50962
228460,2026-08-31,502,0.05,50962
100084,2026-08-31,285,0.05,50962
132478,2026-08-31,32,0.05,50962
250870,2026-08-31,24,0.05,50962
305013,2026-08-31,1155,0.05,50962
208414,2026-08-31,361,0.05,50962
222264,2026-08-31,72,0.05,50962
115055,2026-08-31,68,0.04,50962
100144,2026-08-31,33,0.04,50962
100645,2026-08-31,29,0.04,50962
208801,2026-08-31,470,0.04,50962
117146,2026-08-31,82,0.04,50962
213327,2026-08-31,227,0.04,50962
132175,2026-08-31,35,0.04,50962
100870,2026-08-31,216,0.04,50962
100163,2026-08-31,19,0.04,50962
251791,2026-08-31,160,0.04,50962
211595,2026-08-31,171,0.04,50962
105714,2026-08-31,27,0.04,50962
105537,2026-08-31,417,0.04,50962
132689,2026-08-31,32,0.04,50962
317139,2026-08-31,422,0.04,50962
132809,2026-08-31,143,0.04,50962
200017,2026-08-31,19,0.04,50962
216065,2026-08-31,38,0.04,50962
132129,2026-08-31,66,0.04,50962
100125,2026-08-31,46,0.04,50962
190032,2026-08-31,21,0.04,50962
101301,2026-08-31,58,0.04,50962
287433,2026-08-31,91,0.04,50962
208196,2026-08-31,14,0.04,50962
132627,2026-08-31,2213,0.04,50962
200048,2026-08-31,1783,0.04,50962
113023,2026-08-31,62,0.04,50962
228049,2026-08-31,39,0.04,50962
100048,2026-08-31,18,0.04,50962
100410,2026-08-31,27,0.04,50962
100878,2026-08-31,10,0.04,50962
209979,2026-08-31,32,0.04,50962
267465,2026-08-31,31,0.04,50962
132527,2026-08-31,46,0.04,50962
209373,2026-08-31,86,0.04,50962
117271,2026-08-31,51,0.04,50962
221842,2026-08-31,24,0.04,50962
100378,2026-08-31,105,0.04,50962
302427,2026-08-31,22,0.04,50962
100038,2026-08-31,48,0.04,50962
119600,2026-08-31,31,0.04,50962
297629,2026-08-31,73,0.04,50962
124816,2026-08-31,39,0.04,50962
229820,2026-08-31,26,0.04,50962
131162,2026-08-31,89,0.04,50962
130019,2026-08-31,36,0.04,50962
131768,2026-08-31,18,0.04,50962
132178,2026-08-31,124,0.04,50962
100040,2026-08-31,23,0.03,50962
274045,2026-08-31,22,0.03,50962
241214,2026-08-31,196,0.03,50962
221809,2026-08-31,438,0.03,50962
132209,2026-08-31,202,0.03,50962
131358,2026-08-31,38,0.03,50962
222255,2026-08-31,23,0.03,50962
226076,2026-08-31,52,0.03,50962
207959,2026-08-31,32,0.03,50962
200115,2026-08-31,36,0.03,50962
200039,2026-08-31,1318,0.03,50962
308764,2026-08-31,61,0.03,50962
100110,2026-08-31,21,0.03,50962
109496,2026-08-31,24,0.03,50962
107815,2026-08-31,4,0.03,50962
111196,2026-08-31,37,0.03,50962
209344,2026-08-31,55,0.03,50962
322366,2026-08-31,245,0.03,50962
114162,2026-08-31,144,0.03,50962
210284,2026-08-31,46,0.03,50962
132783,2026-08-31,62,0.03,50962
100680,2026-08-31,6,0.03,50962
208099,2026-08-31,15,0.03,50962
294914,2026-08-31,109,0.03,50962
100106,2026-08-31,302,0.03,50962
132734,2026-08-31,111,0.03,50962
271581,2026-08-31,39,0.03,50962
208045,2026-08-31,193,0.03,50962
208661,2026-08-31,25,0.03,50962
100238,2026-08-31,33,0.03,50962
100294,2026-08-31,183,0.03,50962
100085,2026-08-31,67,0.03,50962
109631,2026-08-31,37,0.03,50962
304682,2026-08-31,15,0.03,50962
320350,2026-08-31,153,0.03,50962
213597,2026-08-31,36,0.03,50962
102986,2026-08-31,44,0.03,50962
106590,2026-08-31,79,0.03,50962
290269,2026-08-31,14,0.03,50962
303107,2026-08-31,106,0.03,50962
301578,2026-08-31,37,0.03,50962
100710,2026-08-31,8,0.03,50962
100840,2026-08-31,89,0.03,50962
215690,2026-08-31,14,0.03,50962
132221,2026-08-31,87,0.03,50962
308021,2026-08-31,523,0.03,50962
132784,2026-08-31,19,0.03,50962
106285,2026-08-31,6,0.03,50962
213429,2026-08-31,225,0.03,50962
132714,2026-08-31,58,0.03,50962
104067,2026-08-31,51,0.03,50962
131335,2026-08-31,43,0.03,50962
100116,2026-08-31,254,0.03,50962
132439,2026-08-31,18,0.03,50962
320627,2026-08-31,263,0.03,50962
225850,2026-08-31,280,0.03,50962
124742,2026-08-31,9,0.03,50962
132885,2026-08-31,775,0.03,50962
190024,2026-08-31,27,0.02,50962
132400,2026-08-31,75,0.02,50962
123598,2026-08-31,76,0.02,50962
132388,2026-08-31,663,0.02,50962
100164,2026-08-31,19,0.02,50962
132756,2026-08-31,57,0.02,50962
123405,2026-08-31,174,0.02,50962
321331,2026-08-31,41,0.02,50962
220869,2026-08-31,22,0.02,50962
221661,2026-08-31,48,0.02,50962
220512,2026-08-31,324,0.02,50962
132181,2026-08-31,37,0.02,50962
267615,2026-08-31,17,0.02,50962
217385,2026-08-31,109,0.02,50962
317201,2026-08-31,36,0.02,50962
210859,2026-08-31,37,0.02,50962
132733,2026-08-31,44,0.02,50962
130007,2026-08-31,56,0.02,50962
109488,2026-08-31,29,0.02,50962
132762,2026-08-31,18,0.02,50962
104614,2026-08-31,41,0.02,50962
210039,2026-08-31,14,0.02,50962
100405,2026-08-31,28,0.02,50962
200057,2026-08-31,70,0.02,50962
100043,2026-08-31,28,0.02,50962
213046,2026-08-31,60,0.02,50962
294253,2026-08-31,101,0.02,50962
209232,2026-08-31,29,0.02,50962
311742,2026-08-31,8,0.02,50962
103310,2026-08-31,62,0.02,50962
287490,2026-08-31,187,0.02,50962
123596,2026-08-31,147,0.02,50962
123367,2026-08-31,17,0.02,50962
316052,2026-08-31,65,0.02,50962
217396,2026-08-31,106,0.02,50962
105700,2026-08-31,39,0.02,50962
229852,2026-08-31,97,0.02,50962
316659,2026-08-31,46,0.02,50962
301912,2026-08-31,20,0.02,50962
226328,2026-08-31,13,0.02,50962
200019,2026-08-31,48,0.02,50962
126612,2026-08-31,3,0.02,50962
213672,2026-08-31,28,0.02,50962
132163,2026-08-31,32,0.02,50962
226611,2026-08-31,120,0.02,50962
220674,2026-08-31,61,0.02,50962
231440,2026-08-31,23,0.02,50962
121064,2026-08-31,567,0.02,50962
210591,2026-08-31,266,0.02,50962
216147,2026-08-31,44,0.02,50962
100109,2026-08-31,80,0.02,50962
255331,2026-08-31,8,0.01,50962
209097,2026-08-31,60,0.01,50962
306733,2026-08-31,17,0.01,50962
281585,2026-08-31,54,0.01,50962
307329,2026-08-31,22,0.01,50962
132505,2026-08-31,516,0.01,50962
209492,2026-08-31,15,0.01,50962
123610,2026-08-31,43,0.01,50962
101425,2026-08-31,8,0.01,50962
130005,2026-08-31,30,0.01,50962
132605,2026-08-31,18,0.01,50962
209038,2026-08-31,39,0.01,50962
228017,2026-08-31,8,0.01,50962
232353,2026-08-31,27,0.01,50962
232592,2026-08-31,32,0.01,50962
319986,2026-08-31,31,0.01,50962
132371,2026-08-31,227,0.01,50962
132748,2026-08-31,29,0.01,50962
303322,2026-08-31,7,0.01,50962
132726,2026-08-31,13,0.01,50962
113377,2026-08-31,68,0.00,50962
132454,2026-08-31,4475,9.50,3308
100510,2026-08-31,1719,8.04,3308
100325,2026-08-31,4802,7.16,3308
132898,2026-08-31,16885,5.17,3308
321348,2026-08-31,30000,4.80,3308
132822,2026-08-31,255518,4.32,3308
132538,2026-08-31,280,3.74,3308
303125,2026-08-31,18697,3.54,3308
132555,2026-08-31,8787,3.34,3308
209097,2026-08-31,12121,3.07,3308
100312,2026-08-31,11318,3.05,3308
100048,2026-08-31,1330,2.98,3308
100113,2026-08-31,12800,2.92,3308
222055,2026-08-31,469,2.82,3308
295966,2026-08-31,15495,2.81,3308
314345,2026-08-31,6998,2.77,3308
100547,2026-08-31,6894,2.54,3308
210320,2026-08-31,1243,2.45,3308
306788,2026-08-31,22937,2.44,3308
219700,2026-08-31,795,2.29,3308
224623,2026-08-31,15410,2.15,3308
100520,2026-08-31,523,2.02,3308
100104,2026-08-31,4702,1.96,3308
100300,2026-08-31,506,1.95,3308
200057,2026-08-31,5600,1.86,3308
251357,2026-08-31,21810,1.61,3308
132811,2026-08-31,2005,1.44,3308
132234,2026-08-31,2300,1.02,3308
105355,2026-08-31,815,0.99,3308
122275,2026-08-31,190,0.96,3308
112599,2026-08-31,266,0.90,3308
311884,2026-08-31,6045,0.86,3308
117271,2026-08-31,1050,0.80,3308
100294,2026-08-31,900,0.16,3308
214179,2026-08-31,1706,1.65,50742
294388,2026-08-31,730,1.49,50742
190003,2026-08-31,3595,1.49,50742
132504,2026-08-31,140,1.44,50742
132144,2026-08-31,499,1.42,50742
111072,2026-08-31,458,1.25,50742
289108,2026-08-31,2132,1.16,50742
100183,2026-08-31,3898,1.15,50742
207950,2026-08-31,678,1.13,50742
209068,2026-08-31,2352,1.06,50742
235355,2026-08-31,303,1.04,50742
132210,2026-08-31,3664,1.00,50742
217757,2026-08-31,715,0.98,50742
132805,2026-08-31,2261,0.96,50742
221033,2026-08-31,1018,0.91,50742
209147,2026-08-31,525,0.91,50742
124558,2026-08-31,33,0.90,50742
226156,2026-08-31,340,0.89,50742
221645,2026-08-31,987,0.89,50742
210036,2026-08-31,915,0.85,50742
131213,2026-08-31,2089,0.84,50742
209902,2026-08-31,2473,0.84,50742
222961,2026-08-31,317,0.79,50742
113599,2026-08-31,1249,0.78,50742
225154,2026-08-31,83,0.75,50742
124000,2026-08-31,1354,0.75,50742
232793,2026-08-31,197,0.74,50742
215216,2026-08-31,55,0.73,50742
122287,2026-08-31,432,0.72,50742
100003,2026-08-31,478,0.72,50742
132300,2026-08-31,314,0.70,50742
100184,2026-08-31,894,0.70,50742
280713,2026-08-31,2445,0.69,50742
218763,2026-08-31,297,0.68,50742
132636,2026-08-31,885,0.68,50742
279527,2026-08-31,3472,0.67,50742
104973,2026-08-31,377,0.67,50742
209420,2026-08-31,654,0.65,50742
222554,2026-08-31,115,0.62,50742
208089,2026-08-31,294,0.61,50742
122074,2026-08-31,818,0.61,50742
244937,2026-08-31,23,0.60,50742
217400,2026-08-31,893,0.60,50742
307332,2026-08-31,2367,0.60,50742
218533,2026-08-31,263,0.60,50742
305799,2026-08-31,509,0.59,50742
100620,2026-08-31,377,0.58,50742
113375,2026-08-31,440,0.58,50742
275316,2026-08-31,161,0.57,50742
200020,2026-08-31,705,0.55,50742
106401,2026-08-31,261,0.54,50742
132482,2026-08-31,552,0.54,50742
318188,2026-08-31,299,0.54,50742
115030,2026-08-31,461,0.52,50742
223187,2026-08-31,119,0.52,50742
200515,2026-08-31,173,0.52,50742
323093,2026-08-31,2120,0.52,50742
122113,2026-08-31,137,0.51,50742
220741,2026-08-31,2923,0.51,50742
235955,2026-08-31,367,0.51,50742
304549,2026-08-31,296,0.50,50742
100260,2026-08-31,481,0.50,50742
100008,2026-08-31,466,0.49,50742
315904,2026-08-31,8764,0.49,50742
124208,2026-08-31,783,0.49,50742
132514,2026-08-31,2670,0.48,50742
278701,2026-08-31,737,0.47,50742
100233,2026-08-31,315,0.47,50742
100027,2026-08-31,61,0.46,50742
229238,2026-08-31,241,0.46,50742
100770,2026-08-31,596,0.46,50742
131595,2026-08-31,1471,0.45,50742
310018,2026-08-31,72,0.44,50742
210949,2026-08-31,103,0.44,50742
209024,2026-08-31,125,0.43,50742
224623,2026-08-31,3025,0.43,50742
100144,2026-08-31,288,0.43,50742
100645,2026-08-31,255,0.43,50742
222264,2026-08-31,614,0.42,50742
305013,2026-08-31,9676,0.42,50742
296367,2026-08-31,8587,0.42,50742
100084,2026-08-31,2400,0.42,50742
115055,2026-08-31,581,0.42,50742
132175,2026-08-31,298,0.42,50742
105714,2026-08-31,241,0.41,50742
117146,2026-08-31,693,0.41,50742
208801,2026-08-31,3941,0.40,50742
250870,2026-08-31,195,0.40,50742
100870,2026-08-31,1821,0.40,50742
251791,2026-08-31,1348,0.40,50742
211595,2026-08-31,1434,0.40,50742
132689,2026-08-31,271,0.39,50742
105537,2026-08-31,3494,0.39,50742
216065,2026-08-31,324,0.38,50742
132809,2026-08-31,1206,0.38,50742
100033,2026-08-31,18,0.37,50742
100125,2026-08-31,391,0.37,50742
190032,2026-08-31,176,0.37,50742
287433,2026-08-31,767,0.37,50742
200017,2026-08-31,155,0.36,50742
132627,2026-08-31,18530,0.36,50742
113023,2026-08-31,528,0.36,50742
267465,2026-08-31,268,0.35,50742
132527,2026-08-31,392,0.35,50742
209979,2026-08-31,277,0.35,50742
209373,2026-08-31,724,0.34,50742
119600,2026-08-31,269,0.34,50742
200048,2026-08-31,14929,0.34,50742
124816,2026-08-31,342,0.34,50742
100038,2026-08-31,414,0.34,50742
208196,2026-08-31,111,0.34,50742
100048,2026-08-31,146,0.34,50742
297629,2026-08-31,619,0.34,50742
302427,2026-08-31,186,0.34,50742
117271,2026-08-31,429,0.34,50742
221842,2026-08-31,206,0.33,50742
100878,2026-08-31,80,0.33,50742
100378,2026-08-31,886,0.33,50742
131162,2026-08-31,750,0.32,50742
132178,2026-08-31,1042,0.32,50742
100680,2026-08-31,58,0.32,50742
229820,2026-08-31,223,0.32,50742
100040,2026-08-31,199,0.32,50742
130019,2026-08-31,306,0.32,50742
274045,2026-08-31,190,0.32,50742
222255,2026-08-31,206,0.32,50742
241214,2026-08-31,1645,0.31,50742
109496,2026-08-31,212,0.31,50742
221809,2026-08-31,3670,0.31,50742
226076,2026-08-31,445,0.31,50742
111196,2026-08-31,321,0.30,50742
131768,2026-08-31,145,0.30,50742
131358,2026-08-31,324,0.30,50742
132209,2026-08-31,1697,0.30,50742
200115,2026-08-31,305,0.30,50742
100110,2026-08-31,183,0.30,50742
308764,2026-08-31,518,0.30,50742
207959,2026-08-31,272,0.29,50742
200039,2026-08-31,11040,0.29,50742
208099,2026-08-31,131,0.29,50742
209344,2026-08-31,467,0.29,50742
210284,2026-08-31,394,0.29,50742
322366,2026-08-31,2059,0.28,50742
114162,2026-08-31,1210,0.28,50742
294914,2026-08-31,916,0.28,50742
132783,2026-08-31,524,0.28,50742
271581,2026-08-31,343,0.28,50742
100238,2026-08-31,290,0.28,50742
100085,2026-08-31,566,0.28,50742
208661,2026-08-31,217,0.28,50742
109631,2026-08-31,316,0.27,50742
304682,2026-08-31,131,0.27,50742
100294,2026-08-31,1540,0.27,50742
132734,2026-08-31,935,0.27,50742
100106,2026-08-31,2534,0.27,50742
107815,2026-08-31,31,0.27,50742
208045,2026-08-31,1621,0.27,50742
213597,2026-08-31,306,0.26,50742
102986,2026-08-31,380,0.26,50742
215690,2026-08-31,120,0.26,50742
132221,2026-08-31,739,0.26,50742
301578,2026-08-31,319,0.26,50742
320350,2026-08-31,1284,0.26,50742
100840,2026-08-31,754,0.25,50742
132784,2026-08-31,169,0.25,50742
106590,2026-08-31,668,0.25,50742
303107,2026-08-31,901,0.25,50742
100710,2026-08-31,66,0.25,50742
132714,2026-08-31,494,0.24,50742
290269,2026-08-31,117,0.24,50742
308021,2026-08-31,4385,0.24,50742
213429,2026-08-31,1890,0.24,50742
104067,2026-08-31,434,0.24,50742
132439,2026-08-31,156,0.24,50742
132885,2026-08-31,6498,0.23,50742
106285,2026-08-31,49,0.23,50742
190024,2026-08-31,237,0.23,50742
100116,2026-08-31,2134,0.23,50742
131335,2026-08-31,366,0.23,50742
267615,2026-08-31,152,0.23,50742
320627,2026-08-31,2210,0.23,50742
124742,2026-08-31,76,0.23,50742
221661,2026-08-31,409,0.23,50742
225850,2026-08-31,2355,0.23,50742
132756,2026-08-31,485,0.23,50742
220869,2026-08-31,191,0.22,50742
123405,2026-08-31,1465,0.22,50742
123598,2026-08-31,644,0.22,50742
132400,2026-08-31,631,0.22,50742
321331,2026-08-31,346,0.22,50742
210039,2026-08-31,126,0.22,50742
130007,2026-08-31,476,0.21,50742
132388,2026-08-31,5557,0.21,50742
109488,2026-08-31,254,0.21,50742
132181,2026-08-31,315,0.21,50742
210859,2026-08-31,314,0.21,50742
132733,2026-08-31,376,0.21,50742
100405,2026-08-31,240,0.21,50742
104614,2026-08-31,350,0.21,50742
317201,2026-08-31,307,0.21,50742
132762,2026-08-31,157,0.21,50742
200057,2026-08-31,595,0.20,50742
100043,2026-08-31,243,0.20,50742
213046,2026-08-31,510,0.19,50742
294253,2026-08-31,859,0.19,50742
103310,2026-08-31,531,0.19,50742
209232,2026-08-31,250,0.19,50742
287490,2026-08-31,1568,0.18,50742
123367,2026-08-31,151,0.18,50742
311742,2026-08-31,69,0.18,50742
301912,2026-08-31,182,0.18,50742
123596,2026-08-31,1240,0.18,50742
316052,2026-08-31,549,0.18,50742
226328,2026-08-31,115,0.17,50742
217396,2026-08-31,897,0.17,50742
209492,2026-08-31,160,0.17,50742
105700,2026-08-31,335,0.16,50742
229852,2026-08-31,824,0.16,50742
132163,2026-08-31,275,0.16,50742
316659,2026-08-31,387,0.16,50742
213672,2026-08-31,243,0.15,50742
200019,2026-08-31,408,0.15,50742
226611,2026-08-31,1015,0.15,50742
231440,2026-08-31,204,0.15,50742
220674,2026-08-31,517,0.15,50742
216147,2026-08-31,381,0.14,50742
210591,2026-08-31,2240,0.14,50742
121064,2026-08-31,4756,0.14,50742
306733,2026-08-31,149,0.14,50742
100109,2026-08-31,671,0.14,50742
126612,2026-08-31,23,0.13,50742
307329,2026-08-31,194,0.13,50742
281585,2026-08-31,461,0.13,50742
209097,2026-08-31,510,0.13,50742
132505,2026-08-31,4327,0.13,50742
255331,2026-08-31,63,0.12,50742
101425,2026-08-31,66,0.12,50742
123610,2026-08-31,367,0.12,50742
130005,2026-08-31,262,0.12,50742
132605,2026-08-31,153,0.11,50742
209038,2026-08-31,333,0.11,50742
228017,2026-08-31,69,0.11,50742
232353,2026-08-31,231,0.10,50742
232592,2026-08-31,275,0.09,50742
132371,2026-08-31,1913,0.09,50742
319986,2026-08-31,269,0.09,50742
132748,2026-08-31,253,0.09,50742
303322,2026-08-31,66,0.08,50742
132726,2026-08-31,114,0.08,50742
113377,2026-08-31,576,0.04,50742
111218,2026-08-31,4438,7.09,49931
100440,2026-08-31,3666,5.44,49931
200132,2026-08-31,271,4.79,49931
100300,2026-08-31,954,4.62,49931
100228,2026-08-31,2369,4.54,49931
132488,2026-08-31,325,4.39,49931
105200,2026-08-31,350,4.07,49931
100790,2026-08-31,1819,3.91,49931
132343,2026-08-31,593,3.75,49931
112599,2026-08-31,856,3.65,49931
219300,2026-08-31,5812,3.41,49931
100312,2026-08-31,9941,3.37,49931
108869,2026-08-31,260,3.36,49931
219494,2026-08-31,477,3.34,49931
111243,2026-08-31,1108,3.02,49931
229365,2026-08-31,8584,3.00,49931
100087,2026-08-31,1441,2.98,49931
211385,2026-08-31,1151,2.93,49931
218071,2026-08-31,1885,2.80,49931
100182,2026-08-31,326,2.64,49931
100124,2026-08-31,1553,2.64,49931
100800,2026-08-31,1640,2.49,49931
100570,2026-08-31,5350,2.47,49931
100850,2026-08-31,2249,2.36,49931
100825,2026-08-31,301,2.31,49931
217389,2026-08-31,2750,2.18,49931
100400,2026-08-31,4235,2.15,49931
132667,2026-08-31,30764,2.13,49931
209550,2026-08-31,3448,2.05,49931
107685,2026-08-31,7222,1.92,49931
100209,2026-08-31,17270,28.77,48249
132540,2026-08-31,5727,20.19,48249
132281,2026-08-31,5914,11.40,48249
132755,2026-08-31,4384,10.48,48249
132541,2026-08-31,2403,7.01,48249
210590,2026-08-31,750,6.16,48249
107685,2026-08-31,18697,5.07,48249
216156,2026-08-31,641,4.28,48249
126299,2026-08-31,914,3.26,48249
132466,2026-08-31,165,3.04,48249
100180,2026-08-31,9155,9.76,8151
132174,2026-08-31,4283,9.36,8151
100325,2026-08-31,4039,7.75,8151
132454,2026-08-31,1818,4.95,8151
100510,2026-08-31,700,4.26,8151
100112,2026-08-31,2471,3.94,8151
100209,2026-08-31,2097,3.57,8151
132215,2026-08-31,1717,3.35,8151
100247,2026-08-31,4402,2.77,8151
100520,2026-08-31,534,2.63,8151
100034,2026-08-31,1602,2.54,8151
100875,2026-08-31,5763,2.21,8151
132540,2026-08-31,610,2.20,8151
252306,2026-08-31,4322,2.13,8151
100114,2026-08-31,247,1.89,8151
124715,2026-08-31,633,1.89,8151
132500,2026-08-31,78,1.59,8151
100696,2026-08-31,530,1.57,8151
111218,2026-08-31,837,1.40,8151
132555,2026-08-31,2834,1.39,8151
100470,2026-08-31,4942,1.37,8151
100049,2026-08-31,2141,1.33,8151
100440,2026-08-31,866,1.32,8151
132281,2026-08-31,630,1.24,8151
132538,2026-08-31,71,1.22,8151
200132,2026-08-31,66,1.20,8151
100300,2026-08-31,225,1.14,8151
100228,2026-08-31,561,1.10,8151
100820,2026-08-31,270,1.08,8151
132898,2026-08-31,2707,1.07,8151
222055,2026-08-31,135,1.06,8151
132921,2026-08-31,441,1.06,8151
205198,2026-08-31,346,1.05,8151
105200,2026-08-31,82,0.98,8151
100790,2026-08-31,429,0.97,8151
132755,2026-08-31,380,0.93,8151
219300,2026-08-31,1432,0.86,8151
100251,2026-08-31,199,0.86,8151
108869,2026-08-31,62,0.83,8151
100312,2026-08-31,2322,0.81,8151
112599,2026-08-31,173,0.74,8151
229365,2026-08-31,1962,0.71,8151
100087,2026-08-31,336,0.71,8151
211385,2026-08-31,269,0.70,8151
218071,2026-08-31,445,0.70,8151
100124,2026-08-31,364,0.63,8151
100800,2026-08-31,389,0.61,8151
100570,2026-08-31,1249,0.58,8151
217389,2026-08-31,643,0.52,8151
107685,2026-08-31,1619,0.45,8151
100547,2026-08-31,9648,5.30,50694
100112,2026-08-31,2944,5.29,50694
100312,2026-08-31,12691,4.99,50694
100440,2026-08-31,2880,4.96,50694
132555,2026-08-31,8530,4.74,50694
219300,2026-08-31,6895,4.70,50694
130965,2026-08-31,19573,4.62,50694
100570,2026-08-31,8710,4.56,50694
100875,2026-08-31,10490,4.54,50694
100300,2026-08-31,769,4.39,50694
100470,2026-08-31,13856,4.33,50694
132898,2026-08-31,9619,4.30,50694
100295,2026-08-31,9058,4.27,50694
132810,2026-08-31,6895,3.93,50694
100104,2026-08-31,5111,3.17,50694
200055,2026-08-31,5763,3.16,50694
132134,2026-08-31,7579,3.07,50694
132187,2026-08-31,1725,2.97,50694
132155,2026-08-31,9874,2.97,50694
132483,2026-08-31,13359,2.87,50694
132461,2026-08-31,13953,2.70,50694
100469,2026-08-31,4351,2.63,50694
132477,2026-08-31,7201,2.30,50694
132814,2026-08-31,1028,1.57,50694
132149,2026-08-31,5633,1.35,50694
200091,2026-08-31,1542,1.26,50694
126371,2026-08-31,8229,1.23,50694
100253,2026-08-31,1304,1.19,50694
112070,2026-08-31,1099,1.05,50694
100113,2026-08-31,3103,1.03,50694
