fincode,invdate,percent_aum,schemecode
1058233,2026-07-31,1.25,1659
1108267,2026-07-31,0.08,1659
1118728,2026-07-31,1.07,1659
1117058,2026-07-31,0.63,1659
1122625,2026-07-31,0.49,1659
1123292,2026-07-31,0.37,1659
1118607,2026-07-31,0.33,1659
1117474,2026-07-31,0.32,1659
1123723,2026-07-31,0.27,1659
1117182,2026-07-31,0.24,1659
1118922,2026-07-31,0.20,1659
1108455,2026-07-31,0.12,1659
1057878,2026-07-31,0.08,1659
1108268,2026-07-31,0.08,1659
1058301,2026-07-31,0.04,1659
1117765,2026-07-31,0.02,1659
1134684,2026-07-31,2.67,1659
1134699,2026-07-31,1.94,1659
1135340,2026-07-31,1.80,1659
1134698,2026-07-31,1.62,1659
1135481,2026-07-31,1.60,1659
1134432,2026-07-31,1.34,1659
1129994,2026-07-31,1.29,1659
1134700,2026-07-31,1.21,1659
1135141,2026-07-31,1.05,1659
1133862,2026-07-31,0.81,1659
1134701,2026-07-31,0.81,1659
1134702,2026-07-31,0.81,1659
1134761,2026-07-31,0.81,1659
1135234,2026-07-31,0.80,1659
1135375,2026-07-31,0.80,1659
1135576,2026-07-31,0.80,1659
1134703,2026-07-31,0.65,1659
1134704,2026-07-31,0.65,1659
1134705,2026-07-31,0.56,1659
1135057,2026-07-31,0.56,1659
1134706,2026-07-31,0.40,1659
1135108,2026-07-31,0.40,1659
1135196,2026-07-31,0.40,1659
1135171,2026-07-31,0.40,1659
1135235,2026-07-31,0.40,1659
1134707,2026-07-31,0.36,1659
1134829,2026-07-31,0.32,1659
1134772,2026-07-31,0.32,1659
1135206,2026-07-31,0.32,1659
1130127,2026-07-31,0.28,1659
1130416,2026-07-31,0.20,1659
1133349,2026-07-31,0.16,1659
1133401,2026-07-31,0.16,1659
1134410,2026-07-31,0.08,1659
1130217,2026-07-31,0.04,1659
1130664,2026-07-31,0.01,1659
1135081,2026-07-31,3.22,1659
1134753,2026-07-31,2.42,1659
1134942,2026-07-31,2.42,1659
1134755,2026-07-31,2.26,1659
1134757,2026-07-31,2.02,1659
1135539,2026-07-31,2.00,1659
1134756,2026-07-31,1.62,1659
1135381,2026-07-31,1.44,1659
1135534,2026-07-31,1.28,1659
1135338,2026-07-31,1.25,1659
1134691,2026-07-31,1.21,1659
1134747,2026-07-31,0.97,1659
1134740,2026-07-31,0.89,1659
1135159,2026-07-31,0.89,1659
1134293,2026-07-31,0.81,1659
1134492,2026-07-31,0.81,1659
1134495,2026-07-31,0.81,1659
1134493,2026-07-31,0.81,1659
1134751,2026-07-31,0.81,1659
1135241,2026-07-31,0.80,1659
1135497,2026-07-31,0.80,1659
1134466,2026-07-31,0.73,1659
1134531,2026-07-31,0.65,1659
1134750,2026-07-31,0.64,1659
1135244,2026-07-31,0.64,1659
1135242,2026-07-31,0.64,1659
1135117,2026-07-31,0.64,1659
1135577,2026-07-31,0.62,1659
1134760,2026-07-31,0.56,1659
1134409,2026-07-31,0.49,1659
1134496,2026-07-31,0.49,1659
1134746,2026-07-31,0.48,1659
1134736,2026-07-31,0.48,1659
1135346,2026-07-31,0.48,1659
1135578,2026-07-31,0.48,1659
1135579,2026-07-31,0.48,1659
1134261,2026-07-31,0.41,1659
1134494,2026-07-31,0.40,1659
1134474,2026-07-31,0.40,1659
1134428,2026-07-31,0.40,1659
1134686,2026-07-31,0.40,1659
1134758,2026-07-31,0.40,1659
1135107,2026-07-31,0.40,1659
1135137,2026-07-31,0.40,1659
1135190,2026-07-31,0.40,1659
1135245,2026-07-31,0.40,1659
1135580,2026-07-31,0.40,1659
1134742,2026-07-31,0.36,1659
1135172,2026-07-31,0.36,1659
1134497,2026-07-31,0.32,1659
1134738,2026-07-31,0.32,1659
1134754,2026-07-31,0.32,1659
1134741,2026-07-31,0.32,1659
1135096,2026-07-31,0.32,1659
1134735,2026-07-31,0.32,1659
1135246,2026-07-31,0.32,1659
1135215,2026-07-31,0.32,1659
1134269,2026-07-31,0.28,1659
1134737,2026-07-31,0.28,1659
1135122,2026-07-31,0.28,1659
1134209,2026-07-31,0.28,1659
1134359,2026-07-31,0.24,1659
1134475,2026-07-31,0.24,1659
1134431,2026-07-31,0.24,1659
1134490,2026-07-31,0.24,1659
1134689,2026-07-31,0.24,1659
1134759,2026-07-31,0.24,1659
1135070,2026-07-31,0.24,1659
1135093,2026-07-31,0.24,1659
1135247,2026-07-31,0.24,1659
1135175,2026-07-31,0.24,1659
1135582,2026-07-31,0.24,1659
1135390,2026-07-31,0.20,1659
1131046,2026-07-31,0.20,1659
1135092,2026-07-31,0.20,1659
1130273,2026-07-31,0.20,1659
1134476,2026-07-31,0.16,1659
1134441,2026-07-31,0.16,1659
1134685,2026-07-31,0.16,1659
1134749,2026-07-31,0.16,1659
1135185,2026-07-31,0.16,1659
1134206,2026-07-31,0.16,1659
1134739,2026-07-31,0.16,1659
1134743,2026-07-31,0.16,1659
1134748,2026-07-31,0.16,1659
1133923,2026-07-31,0.16,1659
1135010,2026-07-31,0.16,1659
1135126,2026-07-31,0.16,1659
1135251,2026-07-31,0.16,1659
1135248,2026-07-31,0.16,1659
1135249,2026-07-31,0.16,1659
1135250,2026-07-31,0.16,1659
1135252,2026-07-31,0.16,1659
1134744,2026-07-31,0.12,1659
1134278,2026-07-31,0.08,1659
1134752,2026-07-31,0.08,1659
1135140,2026-07-31,0.08,1659
1135253,2026-07-31,0.08,1659
1135391,2026-07-31,0.04,1659
1134745,2026-07-31,0.04,1659
1135158,2026-07-31,0.04,1659
1134455,2026-07-31,4.29,1659
1134694,2026-07-31,2.34,1659
1135504,2026-07-31,2.15,1659
1134392,2026-07-31,1.68,1659
1134695,2026-07-31,1.44,1659
1135085,2026-07-31,1.34,1659
1135341,2026-07-31,0.82,1659
1135054,2026-07-31,0.81,1659
1135321,2026-07-31,0.70,1659
1130452,2026-07-31,0.16,1659
1117058,2026-07-31,2.01,8029
1123292,2026-07-31,1.04,8029
1122625,2026-07-31,1.01,8029
1118607,2026-07-31,0.97,8029
1117474,2026-07-31,0.88,8029
1117182,2026-07-31,0.84,8029
1108268,2026-07-31,0.44,8029
1117765,2026-07-31,0.35,8029
1123522,2026-07-31,0.31,8029
1116575,2026-07-31,0.13,8029
1108455,2026-07-31,0.12,8029
1118653,2026-07-31,0.09,8029
1123723,2026-07-31,0.04,8029
1113582,2026-07-31,0.04,8029
1057143,2026-07-31,0.02,8029
1108190,2026-07-31,0.02,8029
1135481,2026-07-31,3.49,8029
1129994,2026-07-31,2.33,8029
1135057,2026-07-31,2.28,8029
1134973,2026-07-31,2.11,8029
1134684,2026-07-31,2.07,8029
1133349,2026-07-31,1.32,8029
1135505,2026-07-31,1.31,8029
1135602,2026-07-31,1.31,8029
1134702,2026-07-31,1.14,8029
1134502,2026-07-31,0.88,8029
1134553,2026-07-31,0.88,8029
1134771,2026-07-31,0.88,8029
1134703,2026-07-31,0.88,8029
1135499,2026-07-31,0.88,8029
1135603,2026-07-31,0.87,8029
1134773,2026-07-31,0.70,8029
1134974,2026-07-31,0.53,8029
1130549,2026-07-31,0.48,8029
1134930,2026-07-31,0.44,8029
1134975,2026-07-31,0.44,8029
1135281,2026-07-31,0.44,8029
1135581,2026-07-31,0.44,8029
1135604,2026-07-31,0.44,8029
1130708,2026-07-31,0.44,8029
1130664,2026-07-31,0.35,8029
1130048,2026-07-31,0.35,8029
1134706,2026-07-31,0.22,8029
1133572,2026-07-31,0.18,8029
1130467,2026-07-31,0.18,8029
1135141,2026-07-31,0.18,8029
1130127,2026-07-31,0.09,8029
1134399,2026-07-31,0.04,8029
1134786,2026-07-31,0.04,8029
1130680,2026-07-31,0.02,8029
1129573,2026-07-31,0.01,8029
1133401,2026-07-31,0.01,8029
1134763,2026-07-31,3.13,8029
1135338,2026-07-31,2.10,8029
1134970,2026-07-31,1.76,8029
1134836,2026-07-31,1.76,8029
1130273,2026-07-31,1.71,8029
1135345,2026-07-31,1.58,8029
1134896,2026-07-31,1.32,8029
1134953,2026-07-31,1.32,8029
1135336,2026-07-31,1.32,8029
1135530,2026-07-31,1.31,8029
1134689,2026-07-31,1.23,8029
1134977,2026-07-31,1.06,8029
1134852,2026-07-31,1.06,8029
1134874,2026-07-31,0.97,8029
1135568,2026-07-31,0.89,8029
1134439,2026-07-31,0.88,8029
1134858,2026-07-31,0.88,8029
1134817,2026-07-31,0.88,8029
1134978,2026-07-31,0.88,8029
1135332,2026-07-31,0.88,8029
1134450,2026-07-31,0.79,8029
1134756,2026-07-31,0.79,8029
1134451,2026-07-31,0.71,8029
1135596,2026-07-31,0.55,8029
1134482,2026-07-31,0.53,8029
1134554,2026-07-31,0.53,8029
1134944,2026-07-31,0.53,8029
1134757,2026-07-31,0.53,8029
1134979,2026-07-31,0.53,8029
1135452,2026-07-31,0.53,8029
1135453,2026-07-31,0.53,8029
1135454,2026-07-31,0.52,8029
1134317,2026-07-31,0.44,8029
1134261,2026-07-31,0.44,8029
1134454,2026-07-31,0.44,8029
1134441,2026-07-31,0.44,8029
1134951,2026-07-31,0.44,8029
1134980,2026-07-31,0.44,8029
1134875,2026-07-31,0.44,8029
1134854,2026-07-31,0.44,8029
1134344,2026-07-31,0.35,8029
1134343,2026-07-31,0.35,8029
1134555,2026-07-31,0.35,8029
1134556,2026-07-31,0.35,8029
1134981,2026-07-31,0.35,8029
1134761,2026-07-31,0.35,8029
1135597,2026-07-31,0.35,8029
1134230,2026-07-31,0.27,8029
1134269,2026-07-31,0.27,8029
1134292,2026-07-31,0.27,8029
1134982,2026-07-31,0.26,8029
1134983,2026-07-31,0.26,8029
1134278,2026-07-31,0.18,8029
1134345,2026-07-31,0.18,8029
1134558,2026-07-31,0.18,8029
1134809,2026-07-31,0.18,8029
1134740,2026-07-31,0.18,8029
1135598,2026-07-31,0.18,8029
1134984,2026-07-31,0.13,8029
1134985,2026-07-31,0.13,8029
1134986,2026-07-31,0.13,8029
1132074,2026-07-31,0.09,8029
1134231,2026-07-31,0.09,8029
1134318,2026-07-31,0.09,8029
1130653,2026-07-31,0.09,8029
1131041,2026-07-31,0.09,8029
1134270,2026-07-31,0.04,8029
1134872,2026-07-31,0.04,8029
1135054,2026-07-31,5.28,8029
1135341,2026-07-31,2.59,8029
1132852,2026-07-31,1.59,8029
1133212,2026-07-31,0.98,8029
1132847,2026-07-31,0.89,8029
1134201,2026-07-31,0.89,8029
1135504,2026-07-31,0.88,8029
1134205,2026-07-31,0.80,8029
1132952,2026-07-31,0.53,8029
1134695,2026-07-31,0.48,8029
1133355,2026-07-31,0.48,8029
1134694,2026-07-31,0.46,8029
1132719,2026-07-31,0.13,8029
1129788,2026-07-31,0.02,8029
1118728,2026-07-31,0.44,2060
1117474,2026-07-31,0.19,2060
1117182,2026-07-31,0.16,2060
1117058,2026-07-31,0.11,2060
1058233,2026-07-31,0.59,2060
1135375,2026-07-31,3.66,2060
1135057,2026-07-31,1.93,2060
1135125,2026-07-31,1.93,2060
1134825,2026-07-31,1.74,2060
1134502,2026-07-31,1.55,2060
1135353,2026-07-31,1.45,2060
1134453,2026-07-31,1.26,2060
1134702,2026-07-31,1.26,2060
1134224,2026-07-31,0.97,2060
1134885,2026-07-31,0.97,2060
1129994,2026-07-31,0.97,2060
1135063,2026-07-31,0.97,2060
1135109,2026-07-31,0.97,2060
1135281,2026-07-31,0.97,2060
1135326,2026-07-31,0.96,2060
1135499,2026-07-31,0.96,2060
1135374,2026-07-31,0.96,2060
1135340,2026-07-31,0.96,2060
1135581,2026-07-31,0.96,2060
1134223,2026-07-31,0.83,2060
1134768,2026-07-31,0.78,2060
1134333,2026-07-31,0.68,2060
1130416,2026-07-31,0.68,2060
1134886,2026-07-31,0.58,2060
1134410,2026-07-31,0.49,2060
1134462,2026-07-31,0.49,2060
1130127,2026-07-31,0.49,2060
1134436,2026-07-31,0.49,2060
1134698,2026-07-31,0.48,2060
1134859,2026-07-31,0.48,2060
1134861,2026-07-31,0.48,2060
1134926,2026-07-31,0.48,2060
1134772,2026-07-31,0.48,2060
1135108,2026-07-31,0.48,2060
1130406,2026-07-31,0.48,2060
1135352,2026-07-31,0.48,2060
1135373,2026-07-31,0.48,2060
1134887,2026-07-31,0.39,2060
1135101,2026-07-31,0.39,2060
1135488,2026-07-31,0.38,2060
1134773,2026-07-31,0.29,2060
1130048,2026-07-31,0.29,2060
1134282,2026-07-31,0.29,2060
1134700,2026-07-31,0.24,2060
1130572,2026-07-31,0.19,2060
1133350,2026-07-31,0.19,2060
1133130,2026-07-31,0.19,2060
1133401,2026-07-31,0.19,2060
1129905,2026-07-31,0.10,2060
1129573,2026-07-31,0.05,2060
1134255,2026-07-31,0.05,2060
1130447,2026-07-31,0.01,2060
1135124,2026-07-31,3.86,2060
1135376,2026-07-31,1.94,2060
1134691,2026-07-31,1.93,2060
1134752,2026-07-31,1.45,2060
1135167,2026-07-31,1.35,2060
1135055,2026-07-31,1.06,2060
1134888,2026-07-31,0.97,2060
1134889,2026-07-31,0.97,2060
1135087,2026-07-31,0.97,2060
1135107,2026-07-31,0.97,2060
1134520,2026-07-31,0.87,2060
1134521,2026-07-31,0.78,2060
1134762,2026-07-31,0.78,2060
1134835,2026-07-31,0.77,2060
1135081,2026-07-31,0.77,2060
1134857,2026-07-31,0.73,2060
1135083,2026-07-31,0.68,2060
1134518,2026-07-31,0.58,2060
1134890,2026-07-31,0.58,2060
1135569,2026-07-31,0.58,2060
1134764,2026-07-31,0.53,2060
1134892,2026-07-31,0.53,2060
1134227,2026-07-31,0.49,2060
1134228,2026-07-31,0.49,2060
1134393,2026-07-31,0.49,2060
1134686,2026-07-31,0.48,2060
1134757,2026-07-31,0.48,2060
1134798,2026-07-31,0.48,2060
1134893,2026-07-31,0.48,2060
1134812,2026-07-31,0.48,2060
1135093,2026-07-31,0.48,2060
1135251,2026-07-31,0.48,2060
1134229,2026-07-31,0.39,2060
1134519,2026-07-31,0.39,2060
1134777,2026-07-31,0.39,2060
1134894,2026-07-31,0.39,2060
1134895,2026-07-31,0.39,2060
1134896,2026-07-31,0.39,2060
1134751,2026-07-31,0.39,2060
1134897,2026-07-31,0.39,2060
1134898,2026-07-31,0.39,2060
1134852,2026-07-31,0.39,2060
1135261,2026-07-31,0.39,2060
1135147,2026-07-31,0.39,2060
1134899,2026-07-31,0.39,2060
1135209,2026-07-31,0.39,2060
1135377,2026-07-31,0.38,2060
1135497,2026-07-31,0.38,2060
1134900,2026-07-31,0.34,2060
1134230,2026-07-31,0.29,2060
1134505,2026-07-31,0.29,2060
1134479,2026-07-31,0.29,2060
1134901,2026-07-31,0.29,2060
1134794,2026-07-31,0.29,2060
1134206,2026-07-31,0.29,2060
1135575,2026-07-31,0.29,2060
1134902,2026-07-31,0.29,2060
1134931,2026-07-31,0.29,2060
1135105,2026-07-31,0.29,2060
1134903,2026-07-31,0.29,2060
1135157,2026-07-31,0.29,2060
1134858,2026-07-31,0.24,2060
1134821,2026-07-31,0.24,2060
1134232,2026-07-31,0.19,2060
1134270,2026-07-31,0.19,2060
1134523,2026-07-31,0.19,2060
1134485,2026-07-31,0.19,2060
1134913,2026-07-31,0.19,2060
1134914,2026-07-31,0.19,2060
1134916,2026-07-31,0.19,2060
1134915,2026-07-31,0.19,2060
1134917,2026-07-31,0.19,2060
1135047,2026-07-31,0.19,2060
1135140,2026-07-31,0.19,2060
1135153,2026-07-31,0.19,2060
1130926,2026-07-31,0.19,2060
1134918,2026-07-31,0.15,2060
1135122,2026-07-31,0.14,2060
1134325,2026-07-31,0.10,2060
1134323,2026-07-31,0.10,2060
1134231,2026-07-31,0.10,2060
1134450,2026-07-31,0.10,2060
1134522,2026-07-31,0.10,2060
1133795,2026-07-31,0.10,2060
1134919,2026-07-31,0.10,2060
1134744,2026-07-31,0.05,2060
1134539,2026-07-31,0.04,2060
1134490,2026-07-31,0.01,2060
1134205,2026-07-31,2.53,2060
1135085,2026-07-31,2.40,2060
1134695,2026-07-31,1.94,2060
1135321,2026-07-31,1.93,2060
1135504,2026-07-31,1.93,2060
1134392,2026-07-31,1.46,2060
1133212,2026-07-31,1.21,2060
1134694,2026-07-31,1.11,2060
1134455,2026-07-31,0.68,2060
1132721,2026-07-31,0.33,2060
1129594,2026-07-31,0.33,2060
1132852,2026-07-31,0.33,2060
1134201,2026-07-31,0.27,2060
1132847,2026-07-31,0.19,2060
1133382,2026-07-31,0.19,2060
1135341,2026-07-31,0.17,2060
1133355,2026-07-31,0.10,2060
1061145,2026-07-31,0.49,1690
1061532,2026-07-31,0.22,1690
1062478,2026-07-31,0.22,1690
1099776,2026-07-31,0.19,1690
1061146,2026-07-31,0.15,1690
1132068,2026-07-31,3.92,1690
1132173,2026-07-31,3.00,1690
1132187,2026-07-31,2.65,1690
1132067,2026-07-31,2.38,1690
1132475,2026-07-31,2.23,1690
1132245,2026-07-31,2.09,1690
1132148,2026-07-31,1.69,1690
1132178,2026-07-31,1.68,1690
1132672,2026-07-31,1.67,1690
1132158,2026-07-31,1.54,1690
1132179,2026-07-31,1.47,1690
1132465,2026-07-31,1.39,1690
1132768,2026-07-31,1.39,1690
1132069,2026-07-31,1.26,1690
1132671,2026-07-31,1.25,1690
1132864,2026-07-31,1.25,1690
1133162,2026-07-31,1.18,1690
1133195,2026-07-31,1.18,1690
1132618,2026-07-31,1.11,1690
1132066,2026-07-31,0.98,1690
1132203,2026-07-31,0.98,1690
1132433,2026-07-31,0.98,1690
1132434,2026-07-31,0.98,1690
1132958,2026-07-31,0.97,1690
1133468,2026-07-31,0.97,1690
1133103,2026-07-31,0.90,1690
1135233,2026-07-31,0.90,1690
1132143,2026-07-31,0.84,1690
1132463,2026-07-31,0.84,1690
1132837,2026-07-31,0.83,1690
1133164,2026-07-31,0.83,1690
1132242,2026-07-31,0.77,1690
1132504,2026-07-31,0.77,1690
1132466,2026-07-31,0.77,1690
1132807,2026-07-31,0.76,1690
1132196,2026-07-31,0.70,1690
1132288,2026-07-31,0.70,1690
1132617,2026-07-31,0.70,1690
1132505,2026-07-31,0.70,1690
1132468,2026-07-31,0.70,1690
1132534,2026-07-31,0.70,1690
1133438,2026-07-31,0.60,1690
1132184,2026-07-31,0.56,1690
1132542,2026-07-31,0.56,1690
1133101,2026-07-31,0.55,1690
1132495,2026-07-31,0.49,1690
1133135,2026-07-31,0.49,1690
1133449,2026-07-31,0.48,1690
1132059,2026-07-31,0.42,1690
1132290,2026-07-31,0.42,1690
1132506,2026-07-31,0.42,1690
1133137,2026-07-31,0.42,1690
1133306,2026-07-31,0.41,1690
1132654,2026-07-31,0.35,1690
1133874,2026-07-31,0.35,1690
1133224,2026-07-31,0.35,1690
1133256,2026-07-31,0.35,1690
1133138,2026-07-31,0.35,1690
1131912,2026-07-31,0.28,1690
1132295,2026-07-31,0.28,1690
1132266,2026-07-31,0.28,1690
1132177,2026-07-31,0.28,1690
1132583,2026-07-31,0.28,1690
1133452,2026-07-31,0.28,1690
1135058,2026-07-31,0.28,1690
1132805,2026-07-31,0.28,1690
1133483,2026-07-31,0.28,1690
1133406,2026-07-31,0.21,1690
1133434,2026-07-31,0.17,1690
1131865,2026-07-31,0.14,1690
1132070,2026-07-31,0.14,1690
1132287,2026-07-31,0.14,1690
1132903,2026-07-31,0.14,1690
1132949,2026-07-31,0.14,1690
1133302,2026-07-31,0.14,1690
1133451,2026-07-31,0.14,1690
1133450,2026-07-31,0.14,1690
1132075,2026-07-31,2.23,1690
1132658,2026-07-31,1.39,1690
1132868,2026-07-31,1.25,1690
1132251,2026-07-31,0.98,1690
1132871,2026-07-31,0.97,1690
1132255,2026-07-31,0.83,1690
1132879,2026-07-31,0.83,1690
1132867,2026-07-31,0.83,1690
1132878,2026-07-31,0.70,1690
1132659,2026-07-31,0.69,1690
1133151,2026-07-31,0.69,1690
1133152,2026-07-31,0.69,1690
1132256,2026-07-31,0.56,1690
1132257,2026-07-31,0.56,1690
1132660,2026-07-31,0.56,1690
1132870,2026-07-31,0.55,1690
1132579,2026-07-31,0.49,1690
1132812,2026-07-31,0.42,1690
1132661,2026-07-31,0.42,1690
1135378,2026-07-31,0.41,1690
1133154,2026-07-31,0.41,1690
1133153,2026-07-31,0.41,1690
1132258,2026-07-31,0.35,1690
1132467,2026-07-31,0.35,1690
1133372,2026-07-31,0.34,1690
1132072,2026-07-31,0.28,1690
1132213,2026-07-31,0.28,1690
1132201,2026-07-31,0.28,1690
1132259,2026-07-31,0.28,1690
1132437,2026-07-31,0.28,1690
1132455,2026-07-31,0.28,1690
1132574,2026-07-31,0.28,1690
1132872,2026-07-31,0.28,1690
1133156,2026-07-31,0.28,1690
1133155,2026-07-31,0.28,1690
1133157,2026-07-31,0.28,1690
1133514,2026-07-31,0.27,1690
1133159,2026-07-31,0.21,1690
1133158,2026-07-31,0.21,1690
1132456,2026-07-31,0.14,1690
1132667,2026-07-31,0.14,1690
1133436,2026-07-31,0.14,1690
1135062,2026-07-31,3.54,1690
1135544,2026-07-31,3.09,1690
1135350,2026-07-31,1.39,1690
1135552,2026-07-31,1.22,1690
1135226,2026-07-31,1.13,1690
1134565,2026-07-31,0.71,1690
1134408,2026-07-31,0.68,1690
1131636,2026-07-31,0.09,1690
1129594,2026-07-31,0.01,1690
1064709,2026-07-31,1.44,3267
1062420,2026-07-31,0.28,3267
1037453,2026-07-31,0.07,3267
1135085,2026-07-31,4.14,3267
1131209,2026-07-31,4.01,3267
1133103,2026-07-31,3.59,3267
1132508,2026-07-31,3.39,3267
1133099,2026-07-31,3.23,3267
1132242,2026-07-31,3.04,3267
1131865,2026-07-31,3.00,3267
1132837,2026-07-31,2.82,3267
1133115,2026-07-31,2.81,3267
1135347,2026-07-31,2.66,3267
1130978,2026-07-31,2.66,3267
1135552,2026-07-31,2.42,3267
1135587,2026-07-31,2.13,3267
1135058,2026-07-31,2.11,3267
1135564,2026-07-31,2.11,3267
1133983,2026-07-31,2.10,3267
1134250,2026-07-31,2.07,3267
1131816,2026-07-31,2.00,3267
1132177,2026-07-31,1.98,3267
1132857,2026-07-31,1.97,3267
1132203,2026-07-31,1.84,3267
1132858,2026-07-31,1.68,3267
1133104,2026-07-31,1.55,3267
1131302,2026-07-31,1.43,3267
1131673,2026-07-31,1.43,3267
1132222,2026-07-31,1.42,3267
1135588,2026-07-31,1.40,3267
1132179,2026-07-31,1.27,3267
1133382,2026-07-31,1.18,3267
1132462,2026-07-31,1.14,3267
1132434,2026-07-31,1.13,3267
1132224,2026-07-31,1.13,3267
1133112,2026-07-31,1.12,3267
1133119,2026-07-31,1.05,3267
1132287,2026-07-31,0.99,3267
1132456,2026-07-31,0.99,3267
1135592,2026-07-31,0.98,3267
1132225,2026-07-31,0.85,3267
1132226,2026-07-31,0.85,3267
1132227,2026-07-31,0.84,3267
1133114,2026-07-31,0.84,3267
1133116,2026-07-31,0.84,3267
1134392,2026-07-31,0.82,3267
1131676,2026-07-31,0.71,3267
1131675,2026-07-31,0.71,3267
1132072,2026-07-31,0.71,3267
1132223,2026-07-31,0.70,3267
1132228,2026-07-31,0.70,3267
1132911,2026-07-31,0.70,3267
1133100,2026-07-31,0.70,3267
1133195,2026-07-31,0.70,3267
1133217,2026-07-31,0.70,3267
1135589,2026-07-31,0.70,3267
1135380,2026-07-31,0.69,3267
1131892,2026-07-31,0.64,3267
1132071,2026-07-31,0.64,3267
1132952,2026-07-31,0.58,3267
1130975,2026-07-31,0.57,3267
1132229,2026-07-31,0.57,3267
1132230,2026-07-31,0.56,3267
1132168,2026-07-31,0.56,3267
1133406,2026-07-31,0.56,3267
1133164,2026-07-31,0.49,3267
1135350,2026-07-31,0.44,3267
1132862,2026-07-31,0.42,3267
1132231,2026-07-31,0.42,3267
1135543,2026-07-31,0.42,3267
1130736,2026-07-31,0.36,3267
1133110,2026-07-31,0.35,3267
1131199,2026-07-31,0.29,3267
1132290,2026-07-31,0.28,3267
1132878,2026-07-31,0.28,3267
1132232,2026-07-31,0.28,3267
1132233,2026-07-31,0.14,3267
1133162,2026-07-31,0.14,3267
1133449,2026-07-31,0.14,3267
1132859,2026-07-31,0.07,3267
1130452,2026-07-31,0.01,3267
1131158,2026-07-31,0.00,3267
1040588,2026-07-31,0.05,1999
1100681,2026-07-31,0.02,1999
1132177,2026-07-31,3.43,1999
1132475,2026-07-31,2.55,1999
1132178,2026-07-31,2.47,1999
1132173,2026-07-31,2.40,1999
1132275,2026-07-31,2.39,1999
1133099,2026-07-31,2.38,1999
1133163,2026-07-31,2.25,1999
1132290,2026-07-31,2.23,1999
1132671,2026-07-31,1.91,1999
1132672,2026-07-31,1.75,1999
1132237,2026-07-31,1.60,1999
1132242,2026-07-31,1.60,1999
1132179,2026-07-31,1.59,1999
1132888,2026-07-31,1.59,1999
1132768,2026-07-31,1.51,1999
1133162,2026-07-31,1.35,1999
1132287,2026-07-31,1.28,1999
1132288,2026-07-31,1.27,1999
1132505,2026-07-31,1.27,1999
1132935,2026-07-31,1.27,1999
1132936,2026-07-31,1.20,1999
1133467,2026-07-31,1.19,1999
1132148,2026-07-31,1.12,1999
1132911,2026-07-31,1.11,1999
1132838,2026-07-31,1.04,1999
1132433,2026-07-31,1.04,1999
1132066,2026-07-31,0.96,1999
1132081,2026-07-31,0.96,1999
1133468,2026-07-31,0.95,1999
1132466,2026-07-31,0.80,1999
1132620,2026-07-31,0.80,1999
1132534,2026-07-31,0.80,1999
1132790,2026-07-31,0.79,1999
1132807,2026-07-31,0.79,1999
1135324,2026-07-31,0.78,1999
1131816,2026-07-31,0.72,1999
1132434,2026-07-31,0.64,1999
1133483,2026-07-31,0.63,1999
1130905,2026-07-31,0.62,1999
1132744,2026-07-31,0.56,1999
1132495,2026-07-31,0.56,1999
1133256,2026-07-31,0.55,1999
1131710,2026-07-31,0.48,1999
1133164,2026-07-31,0.48,1999
1132958,2026-07-31,0.48,1999
1133715,2026-07-31,0.40,1999
1131694,2026-07-31,0.32,1999
1131865,2026-07-31,0.32,1999
1132082,2026-07-31,0.32,1999
1132837,2026-07-31,0.32,1999
1133103,2026-07-31,0.32,1999
1133101,2026-07-31,0.32,1999
1133306,2026-07-31,0.32,1999
1133406,2026-07-31,0.32,1999
1133450,2026-07-31,0.32,1999
1131199,2026-07-31,0.24,1999
1132054,2026-07-31,0.21,1999
1132654,2026-07-31,0.16,1999
1133135,2026-07-31,0.16,1999
1130908,2026-07-31,0.08,1999
1132667,2026-07-31,1.27,1999
1131715,2026-07-31,0.97,1999
1132223,2026-07-31,0.95,1999
1132168,2026-07-31,0.95,1999
1132666,2026-07-31,0.95,1999
1133363,2026-07-31,0.95,1999
1132176,2026-07-31,0.80,1999
1132456,2026-07-31,0.79,1999
1132832,2026-07-31,0.79,1999
1132887,2026-07-31,0.79,1999
1132825,2026-07-31,0.79,1999
1135262,2026-07-31,0.79,1999
1133217,2026-07-31,0.71,1999
1132277,2026-07-31,0.64,1999
1132629,2026-07-31,0.64,1999
1132521,2026-07-31,0.64,1999
1132944,2026-07-31,0.63,1999
1132714,2026-07-31,0.63,1999
1134920,2026-07-31,0.48,1999
1132945,2026-07-31,0.48,1999
1133745,2026-07-31,0.48,1999
1132681,2026-07-31,0.48,1999
1132454,2026-07-31,0.47,1999
1132132,2026-07-31,0.45,1999
1132946,2026-07-31,0.39,1999
1133746,2026-07-31,0.39,1999
1132577,2026-07-31,0.32,1999
1132626,2026-07-31,0.32,1999
1132906,2026-07-31,0.32,1999
1132728,2026-07-31,0.32,1999
1133203,2026-07-31,0.32,1999
1132951,2026-07-31,0.31,1999
1133364,2026-07-31,0.31,1999
1132151,2026-07-31,0.24,1999
1132233,2026-07-31,0.24,1999
1132232,2026-07-31,0.24,1999
1135572,2026-07-31,0.22,1999
1131394,2026-07-31,0.16,1999
1131606,2026-07-31,0.16,1999
1133156,2026-07-31,0.16,1999
1132899,2026-07-31,0.16,1999
1133382,2026-07-31,4.43,1999
1133355,2026-07-31,3.28,1999
1135498,2026-07-31,1.61,1999
1132719,2026-07-31,1.32,1999
1133212,2026-07-31,1.23,1999
1135552,2026-07-31,1.11,1999
1132720,2026-07-31,0.64,1999
1132852,2026-07-31,0.49,1999
1132721,2026-07-31,0.33,1999
1130024,2026-07-31,0.33,1999
1127510,2026-07-31,2.30,7925
1134204,2026-07-31,2.12,7925
1122173,2026-07-31,1.65,7925
1129851,2026-07-31,1.61,7925
1100612,2026-07-31,1.60,7925
1129852,2026-07-31,1.37,7925
1129822,2026-07-31,0.95,7925
1132771,2026-07-31,0.75,7925
1130263,2026-07-31,0.66,7925
1130388,2026-07-31,0.66,7925
1130397,2026-07-31,0.60,7925
1130032,2026-07-31,0.57,7925
1129850,2026-07-31,0.49,7925
1123705,2026-07-31,0.49,7925
1126566,2026-07-31,0.48,7925
1132648,2026-07-31,0.44,7925
1126565,2026-07-31,0.43,7925
1127041,2026-07-31,0.36,7925
1131327,2026-07-31,0.27,7925
1131908,2026-07-31,0.26,7925
1129849,2026-07-31,0.24,7925
1130017,2026-07-31,0.19,7925
1126785,2026-07-31,0.18,7925
1132649,2026-07-31,0.12,7925
1130395,2026-07-31,0.09,7925
1126937,2026-07-31,0.07,7925
1130393,2026-07-31,0.05,7925
1131585,2026-07-31,0.02,7925
1124637,2026-07-31,0.02,7925
1129571,2026-07-31,0.01,7925
1130398,2026-07-31,0.01,7925
1130396,2026-07-31,0.01,7925
1108251,2026-07-31,0.00,7925
1129185,2026-07-31,0.00,7925
1127225,2026-07-31,4.82,7925
1126009,2026-07-31,2.47,7925
1132077,2026-07-31,2.44,7925
1124503,2026-07-31,2.27,7925
1135382,2026-07-31,1.65,7925
1131322,2026-07-31,1.60,7925
1124911,2026-07-31,1.54,7925
1124426,2026-07-31,1.35,7925
1135387,2026-07-31,1.32,7925
1127202,2026-07-31,1.16,7925
1128853,2026-07-31,1.00,7925
1115953,2026-07-31,0.99,7925
1128938,2026-07-31,0.99,7925
1129328,2026-07-31,0.98,7925
1130343,2026-07-31,0.98,7925
1122197,2026-07-31,0.96,7925
1123676,2026-07-31,0.95,7925
1121563,2026-07-31,0.94,7925
1125287,2026-07-31,0.88,7925
1134385,2026-07-31,0.83,7925
1129004,2026-07-31,0.83,7925
1117475,2026-07-31,0.75,7925
1134427,2026-07-31,0.74,7925
1123424,2026-07-31,0.71,7925
1134500,2026-07-31,0.68,7925
1118393,2026-07-31,0.67,7925
1134499,2026-07-31,0.66,7925
1128025,2026-07-31,0.66,7925
1075722,2026-07-31,0.63,7925
1124854,2026-07-31,0.63,7925
1124030,2026-07-31,0.61,7925
1133437,2026-07-31,0.58,7925
1134237,2026-07-31,0.58,7925
1119626,2026-07-31,0.57,7925
1123895,2026-07-31,0.56,7925
1133160,2026-07-31,0.55,7925
1109289,2026-07-31,0.54,7925
1102062,2026-07-31,0.53,7925
1124895,2026-07-31,0.51,7925
1123405,2026-07-31,0.51,7925
1117542,2026-07-31,0.50,7925
1133105,2026-07-31,0.48,7925
1133515,2026-07-31,0.46,7925
1121839,2026-07-31,0.45,7925
1085743,2026-07-31,0.44,7925
1121209,2026-07-31,0.41,7925
1126629,2026-07-31,0.41,7925
1125643,2026-07-31,0.41,7925
1128444,2026-07-31,0.41,7925
1121569,2026-07-31,0.40,7925
1120390,2026-07-31,0.37,7925
1120583,2026-07-31,0.35,7925
1119978,2026-07-31,0.33,7925
1114973,2026-07-31,0.33,7925
1121061,2026-07-31,0.33,7925
1135502,2026-07-31,0.33,7925
1115449,2026-07-31,0.33,7925
1135388,2026-07-31,0.33,7925
1124660,2026-07-31,0.33,7925
1126564,2026-07-31,0.33,7925
1125387,2026-07-31,0.33,7925
1128333,2026-07-31,0.33,7925
1133017,2026-07-31,0.33,7925
1128331,2026-07-31,0.33,7925
1128203,2026-07-31,0.33,7925
1119355,2026-07-31,0.32,7925
1130785,2026-07-31,0.31,7925
1117953,2026-07-31,0.30,7925
1130301,2026-07-31,0.30,7925
1130544,2026-07-31,0.30,7925
1120742,2026-07-31,0.27,7925
1132668,2026-07-31,0.26,7925
1114940,2026-07-31,0.26,7925
1087122,2026-07-31,0.25,7925
1116521,2026-07-31,0.25,7925
1124008,2026-07-31,0.25,7925
1117952,2026-07-31,0.25,7925
1120770,2026-07-31,0.25,7925
1124149,2026-07-31,0.25,7925
1128151,2026-07-31,0.25,7925
1132501,2026-07-31,0.25,7925
1133281,2026-07-31,0.25,7925
1132588,2026-07-31,0.24,7925
1122631,2026-07-31,0.23,7925
1122966,2026-07-31,0.22,7925
1132860,2026-07-31,0.20,7925
1121047,2026-07-31,0.18,7925
1064710,2026-07-31,0.17,7925
1121526,2026-07-31,0.17,7925
1117140,2026-07-31,0.17,7925
1120510,2026-07-31,0.17,7925
1116979,2026-07-31,0.17,7925
1123726,2026-07-31,0.17,7925
1118316,2026-07-31,0.17,7925
1121929,2026-07-31,0.17,7925
1127745,2026-07-31,0.17,7925
1132419,2026-07-31,0.16,7925
1128057,2026-07-31,0.16,7925
1133032,2026-07-31,0.16,7925
1135408,2026-07-31,0.16,7925
1127805,2026-07-31,0.16,7925
1129444,2026-07-31,0.16,7925
1121568,2026-07-31,0.15,7925
1135573,2026-07-31,0.15,7925
1057143,2026-07-31,0.13,7925
1131323,2026-07-31,0.12,7925
1122196,2026-07-31,0.10,7925
1124472,2026-07-31,0.10,7925
1115118,2026-07-31,0.10,7925
1109615,2026-07-31,0.10,7925
1118853,2026-07-31,0.08,7925
1123147,2026-07-31,0.08,7925
1127220,2026-07-31,0.08,7925
1068686,2026-07-31,0.08,7925
1132815,2026-07-31,0.08,7925
1127744,2026-07-31,0.08,7925
1128007,2026-07-31,0.08,7925
1130334,2026-07-31,0.08,7925
1102432,2026-07-31,0.08,7925
1132610,2026-07-31,0.07,7925
1119324,2026-07-31,0.05,7925
1123098,2026-07-31,0.05,7925
1068002,2026-07-31,0.05,7925
1116498,2026-07-31,0.03,7925
1124600,2026-07-31,0.03,7925
1115542,2026-07-31,0.03,7925
1118037,2026-07-31,0.03,7925
1123292,2026-07-31,0.03,7925
1119977,2026-07-31,0.02,7925
1119046,2026-07-31,0.02,7925
1122782,2026-07-31,0.02,7925
1126231,2026-07-31,0.02,7925
1119292,2026-07-31,0.01,7925
1127240,2026-07-31,0.01,7925
1058260,2026-07-31,0.01,7925
1129003,2026-07-31,0.01,7925
1120423,2026-07-31,0.01,7925
1107951,2026-07-31,0.00,7925
1116218,2026-07-31,0.00,7925
1117765,2026-07-31,0.00,7925
1119419,2026-07-31,0.00,7925
1125898,2026-07-31,0.00,7925
1130063,2026-07-31,3.28,7925
1130065,2026-07-31,2.93,7925
1124415,2026-07-31,1.54,7925
1124414,2026-07-31,0.49,7925
1133136,2026-07-31,0.96,7925
1132466,2026-07-31,0.72,7925
1133103,2026-07-31,0.64,7925
1133195,2026-07-31,0.64,7925
1133164,2026-07-31,0.56,7925
1133162,2026-07-31,0.48,7925
1133256,2026-07-31,0.48,7925
1133306,2026-07-31,0.32,7925
1132465,2026-07-31,0.16,7925
1058233,2026-07-31,0.89,3212
1117765,2026-07-31,0.45,3212
1135322,2026-07-31,5.33,3212
1135083,2026-07-31,3.86,3212
1134689,2026-07-31,3.42,3212
1135163,2026-07-31,3.41,3212
1134455,2026-07-31,3.25,3212
1130127,2026-07-31,2.80,3212
1134700,2026-07-31,2.79,3212
1135085,2026-07-31,2.79,3212
1134684,2026-07-31,2.52,3212
1134861,2026-07-31,2.52,3212
1129994,2026-07-31,2.52,3212
1135338,2026-07-31,2.51,3212
1135055,2026-07-31,2.42,3212
1130048,2026-07-31,2.25,3212
1134472,2026-07-31,2.16,3212
1134904,2026-07-31,2.16,3212
1134425,2026-07-31,1.99,3212
1135054,2026-07-31,1.87,3212
1134753,2026-07-31,1.80,3212
1134691,2026-07-31,1.80,3212
1135057,2026-07-31,1.80,3212
1135266,2026-07-31,1.80,3212
1135125,2026-07-31,1.79,3212
1135325,2026-07-31,1.79,3212
1135332,2026-07-31,1.79,3212
1135353,2026-07-31,1.79,3212
1135539,2026-07-31,1.78,3212
1135590,2026-07-31,1.78,3212
1135381,2026-07-31,1.52,3212
1135544,2026-07-31,1.45,3212
1134905,2026-07-31,1.44,3212
1135107,2026-07-31,1.44,3212
1134906,2026-07-31,1.26,3212
1134907,2026-07-31,1.26,3212
1135158,2026-07-31,1.26,3212
1134908,2026-07-31,1.08,3212
1135267,2026-07-31,1.08,3212
1134269,2026-07-31,0.90,3212
1134702,2026-07-31,0.90,3212
1134764,2026-07-31,0.90,3212
1130406,2026-07-31,0.90,3212
1134909,2026-07-31,0.90,3212
1134773,2026-07-31,0.81,3212
1130056,2026-07-31,0.72,3212
1133382,2026-07-31,0.72,3212
1134751,2026-07-31,0.72,3212
1134772,2026-07-31,0.72,3212
1135087,2026-07-31,0.72,3212
1130577,2026-07-31,0.72,3212
1135538,2026-07-31,0.71,3212
1134285,2026-07-31,0.54,3212
1134460,2026-07-31,0.54,3212
1134865,2026-07-31,0.54,3212
1134282,2026-07-31,0.54,3212
1135591,2026-07-31,0.53,3212
1134461,2026-07-31,0.36,3212
1133212,2026-07-31,0.36,3212
1134910,2026-07-31,0.36,3212
1133401,2026-07-31,0.36,3212
1134911,2026-07-31,0.36,3212
1134912,2026-07-31,0.36,3212
1133924,2026-07-31,0.36,3212
1130452,2026-07-31,0.31,3212
1133130,2026-07-31,0.27,3212
1132952,2026-07-31,0.05,3212
1117058,2026-07-31,1.61,3590
1117474,2026-07-31,1.44,3590
1122625,2026-07-31,0.94,3590
1118607,2026-07-31,0.54,3590
1123677,2026-07-31,0.39,3590
1119543,2026-07-31,0.37,3590
1118728,2026-07-31,0.37,3590
1117182,2026-07-31,0.37,3590
1134392,2026-07-31,7.71,3590
1135107,2026-07-31,3.15,3590
1129994,2026-07-31,3.07,3590
1135069,2026-07-31,2.78,3590
1135108,2026-07-31,2.60,3590
1132721,2026-07-31,2.54,3590
1134773,2026-07-31,2.23,3590
1134752,2026-07-31,2.23,3590
1134455,2026-07-31,1.86,3590
1134483,2026-07-31,1.86,3590
1135458,2026-07-31,1.86,3590
1135322,2026-07-31,1.85,3590
1135459,2026-07-31,1.85,3590
1134699,2026-07-31,1.77,3590
1134266,2026-07-31,1.68,3590
1135346,2026-07-31,1.66,3590
1134809,2026-07-31,1.49,3590
1134865,2026-07-31,1.49,3590
1134866,2026-07-31,1.30,3590
1135281,2026-07-31,1.30,3590
1135484,2026-07-31,1.29,3590
1132952,2026-07-31,1.21,3590
1134439,2026-07-31,1.21,3590
1134441,2026-07-31,1.12,3590
1134443,2026-07-31,1.12,3590
1134862,2026-07-31,1.12,3590
1134684,2026-07-31,1.12,3590
1133504,2026-07-31,1.11,3590
1135081,2026-07-31,1.11,3590
1135057,2026-07-31,1.11,3590
1135109,2026-07-31,1.11,3590
1135073,2026-07-31,1.11,3590
1135201,2026-07-31,1.11,3590
1135444,2026-07-31,1.11,3590
1134263,2026-07-31,0.93,3590
1135424,2026-07-31,0.93,3590
1129821,2026-07-31,0.93,3590
1134695,2026-07-31,0.93,3590
1133862,2026-07-31,0.93,3590
1134738,2026-07-31,0.93,3590
1134860,2026-07-31,0.93,3590
1134757,2026-07-31,0.93,3590
1134761,2026-07-31,0.93,3590
1135336,2026-07-31,0.93,3590
1135245,2026-07-31,0.93,3590
1135331,2026-07-31,0.93,3590
1135481,2026-07-31,0.92,3590
1135488,2026-07-31,0.92,3590
1134265,2026-07-31,0.75,3590
1134402,2026-07-31,0.75,3590
1134425,2026-07-31,0.75,3590
1134430,2026-07-31,0.75,3590
1134486,2026-07-31,0.74,3590
1134487,2026-07-31,0.74,3590
1134868,2026-07-31,0.74,3590
1133572,2026-07-31,0.74,3590
1134795,2026-07-31,0.74,3590
1135460,2026-07-31,0.74,3590
1135083,2026-07-31,0.74,3590
1135335,2026-07-31,0.74,3590
1135343,2026-07-31,0.74,3590
1130048,2026-07-31,0.65,3590
1134388,2026-07-31,0.56,3590
1134414,2026-07-31,0.56,3590
1134432,2026-07-31,0.56,3590
1134859,2026-07-31,0.56,3590
1134395,2026-07-31,0.47,3590
1134396,2026-07-31,0.37,3590
1134397,2026-07-31,0.37,3590
1134401,2026-07-31,0.37,3590
1134428,2026-07-31,0.37,3590
1134429,2026-07-31,0.37,3590
1134437,2026-07-31,0.37,3590
1134431,2026-07-31,0.37,3590
1134488,2026-07-31,0.37,3590
1135461,2026-07-31,0.37,3590
1134869,2026-07-31,0.37,3590
1134870,2026-07-31,0.37,3590
1133401,2026-07-31,0.37,3590
1135096,2026-07-31,0.37,3590
1134871,2026-07-31,0.37,3590
1135110,2026-07-31,0.37,3590
1135082,2026-07-31,0.37,3590
1135486,2026-07-31,0.37,3590
1134205,2026-07-31,0.32,3590
1134803,2026-07-31,0.28,3590
1134403,2026-07-31,0.19,3590
1134848,2026-07-31,0.19,3590
1133130,2026-07-31,0.19,3590
1135430,2026-07-31,0.19,3590
207979,2026-07-31,0.03,3590
1125792,2026-07-31,0.21,3461
207979,2026-07-31,0.02,3461
1094993,2026-07-31,2.86,1500
1132650,2026-07-31,2.31,1500
1100612,2026-07-31,1.53,1500
1130040,2026-07-31,1.27,1500
1132876,2026-07-31,0.46,1500
1108251,2026-07-31,0.33,1500
1132877,2026-07-31,0.16,1500
1086429,2026-07-31,0.12,1500
1130377,2026-07-31,0.07,1500
1058735,2026-07-31,0.06,1500
1131909,2026-07-31,0.05,1500
1086394,2026-07-31,0.02,1500
1132651,2026-07-31,0.01,1500
1124503,2026-07-31,2.09,1500
1120770,2026-07-31,1.96,1500
1130513,2026-07-31,1.94,1500
1128945,2026-07-31,1.73,1500
1115953,2026-07-31,1.38,1500
1122631,2026-07-31,1.38,1500
1120583,2026-07-31,1.38,1500
1127214,2026-07-31,1.38,1500
1128855,2026-07-31,1.27,1500
1125390,2026-07-31,1.04,1500
1128331,2026-07-31,1.02,1500
1126009,2026-07-31,1.01,1500
1063435,2026-07-31,1.01,1500
1132865,2026-07-31,0.97,1500
1130047,2026-07-31,0.93,1500
1135388,2026-07-31,0.92,1500
1127225,2026-07-31,0.92,1500
1129004,2026-07-31,0.92,1500
1127744,2026-07-31,0.91,1500
1132668,2026-07-31,0.89,1500
1122197,2026-07-31,0.85,1500
1120618,2026-07-31,0.76,1500
1121567,2026-07-31,0.71,1500
1128026,2026-07-31,0.71,1500
1123424,2026-07-31,0.69,1500
1132866,2026-07-31,0.68,1500
1127220,2026-07-31,0.65,1500
1120390,2026-07-31,0.60,1500
1129016,2026-07-31,0.58,1500
1130544,2026-07-31,0.55,1500
1123189,2026-07-31,0.51,1500
1121565,2026-07-31,0.51,1500
1121566,2026-07-31,0.51,1500
1129150,2026-07-31,0.50,1500
1122454,2026-07-31,0.46,1500
1128025,2026-07-31,0.46,1500
1131584,2026-07-31,0.46,1500
1133105,2026-07-31,0.46,1500
1129151,2026-07-31,0.42,1500
1121569,2026-07-31,0.42,1500
1071688,2026-07-31,0.40,1500
1130345,2026-07-31,0.39,1500
1064059,2026-07-31,0.37,1500
1120742,2026-07-31,0.35,1500
1128248,2026-07-31,0.34,1500
1131324,2026-07-31,0.34,1500
1127751,2026-07-31,0.32,1500
1129844,2026-07-31,0.32,1500
1122847,2026-07-31,0.30,1500
1125287,2026-07-31,0.30,1500
1127740,2026-07-31,0.30,1500
1129003,2026-07-31,0.29,1500
1122846,2026-07-31,0.28,1500
1123430,2026-07-31,0.28,1500
1068686,2026-07-31,0.28,1500
1130585,2026-07-31,0.28,1500
1115449,2026-07-31,0.25,1500
1129017,2026-07-31,0.23,1500
1124600,2026-07-31,0.23,1500
1112995,2026-07-31,0.23,1500
1126969,2026-07-31,0.23,1500
1121839,2026-07-31,0.23,1500
1130011,2026-07-31,0.23,1500
1127524,2026-07-31,0.23,1500
1132198,2026-07-31,0.23,1500
1132815,2026-07-31,0.23,1500
1133032,2026-07-31,0.23,1500
1132077,2026-07-31,0.22,1500
1064710,2026-07-31,0.21,1500
1124030,2026-07-31,0.21,1500
1132078,2026-07-31,0.19,1500
1130533,2026-07-31,0.18,1500
1075722,2026-07-31,0.14,1500
1074569,2026-07-31,0.12,1500
1121919,2026-07-31,0.12,1500
1123098,2026-07-31,0.12,1500
1132501,2026-07-31,0.11,1500
1129421,2026-07-31,0.07,1500
1129424,2026-07-31,0.07,1500
1129423,2026-07-31,0.07,1500
1077935,2026-07-31,0.07,1500
1113915,2026-07-31,0.05,1500
1077819,2026-07-31,0.05,1500
1088950,2026-07-31,0.00,1500
1130300,2026-07-31,1.34,1500
1130064,2026-07-31,3.95,1500
1124415,2026-07-31,1.33,1500
1130065,2026-07-31,0.57,1500
1124414,2026-07-31,0.42,1500
1125264,2026-07-31,0.40,1500
1124385,2026-07-31,0.29,1500
1125263,2026-07-31,0.27,1500
1123337,2026-07-31,0.14,1500
1125262,2026-07-31,0.01,1500
1132187,2026-07-31,2.67,1500
1132434,2026-07-31,2.44,1500
1132475,2026-07-31,2.22,1500
1132617,2026-07-31,2.22,1500
1132864,2026-07-31,1.88,1500
1132468,2026-07-31,1.77,1500
1132672,2026-07-31,1.55,1500
1132203,2026-07-31,1.11,1500
1132179,2026-07-31,1.11,1500
1132196,2026-07-31,1.11,1500
1132506,2026-07-31,1.11,1500
1132534,2026-07-31,1.11,1500
1132067,2026-07-31,0.89,1500
1132463,2026-07-31,0.89,1500
1132504,2026-07-31,0.82,1500
1132173,2026-07-31,0.67,1500
1132290,2026-07-31,0.67,1500
1131912,2026-07-31,0.45,1500
1132066,2026-07-31,0.45,1500
1132148,2026-07-31,0.45,1500
1132465,2026-07-31,0.44,1500
1132175,2026-07-31,0.44,1500
1132466,2026-07-31,0.38,1500
1132237,2026-07-31,0.33,1500
1132433,2026-07-31,0.33,1500
1132495,2026-07-31,0.33,1500
1134498,2026-07-31,0.23,1500
1132287,2026-07-31,0.22,1500
1132807,2026-07-31,0.11,1500
1132958,2026-07-31,0.11,1500
1132171,2026-07-31,0.44,1500
1135544,2026-07-31,2.07,1500
1134684,2026-07-31,3.47,1340
1134772,2026-07-31,2.47,1340
1135131,2026-07-31,2.47,1340
1134789,2026-07-31,2.33,1340
1134702,2026-07-31,1.98,1340
1134774,2026-07-31,1.98,1340
1134700,2026-07-31,1.61,1340
1134775,2026-07-31,1.49,1340
1134771,2026-07-31,1.49,1340
1134703,2026-07-31,1.49,1340
1134788,2026-07-31,1.49,1340
1134705,2026-07-31,1.49,1340
1135375,2026-07-31,1.48,1340
1130127,2026-07-31,1.24,1340
1133350,2026-07-31,1.24,1340
1135171,2026-07-31,1.24,1340
1130664,2026-07-31,1.12,1340
1134333,2026-07-31,0.99,1340
1134413,2026-07-31,0.99,1340
1134458,2026-07-31,0.99,1340
1134453,2026-07-31,0.62,1340
1134386,2026-07-31,0.50,1340
1134437,2026-07-31,0.50,1340
1133401,2026-07-31,0.49,1340
1133843,2026-07-31,0.49,1340
1129994,2026-07-31,0.37,1340
1130680,2026-07-31,0.37,1340
1129573,2026-07-31,0.25,1340
1129551,2026-07-31,0.25,1340
1133804,2026-07-31,0.25,1340
1134769,2026-07-31,0.25,1340
1134809,2026-07-31,2.48,1340
1134757,2026-07-31,2.48,1340
1134764,2026-07-31,2.48,1340
1134693,2026-07-31,2.48,1340
1134756,2026-07-31,1.74,1340
1134689,2026-07-31,1.49,1340
1135393,2026-07-31,1.48,1340
1135331,2026-07-31,1.48,1340
1134686,2026-07-31,1.24,1340
1134798,2026-07-31,1.24,1340
1135345,2026-07-31,1.24,1340
1134810,2026-07-31,0.99,1340
1134747,2026-07-31,0.99,1340
1135394,2026-07-31,0.99,1340
1134801,2026-07-31,0.99,1340
1134796,2026-07-31,0.99,1340
1134807,2026-07-31,0.99,1340
1134799,2026-07-31,0.99,1340
1134808,2026-07-31,0.99,1340
1135539,2026-07-31,0.98,1340
1134802,2026-07-31,0.87,1340
1134199,2026-07-31,0.75,1340
1134210,2026-07-31,0.75,1340
1134209,2026-07-31,0.75,1340
1134409,2026-07-31,0.75,1340
1134426,2026-07-31,0.75,1340
1134412,2026-07-31,0.75,1340
1134800,2026-07-31,0.74,1340
1134803,2026-07-31,0.74,1340
1134806,2026-07-31,0.74,1340
1134792,2026-07-31,0.74,1340
1134812,2026-07-31,0.74,1340
1134811,2026-07-31,0.74,1340
1134793,2026-07-31,0.74,1340
1134804,2026-07-31,0.72,1340
1134794,2026-07-31,0.62,1340
1134451,2026-07-31,0.50,1340
1134280,2026-07-31,0.50,1340
1134475,2026-07-31,0.50,1340
1134805,2026-07-31,0.50,1340
1134795,2026-07-31,0.50,1340
1134755,2026-07-31,0.50,1340
1134742,2026-07-31,0.50,1340
1135553,2026-07-31,0.49,1340
1135395,2026-07-31,0.49,1340
1134797,2026-07-31,0.37,1340
1134694,2026-07-31,4.96,1340
1135085,2026-07-31,3.81,1340
1135544,2026-07-31,3.08,1340
1135322,2026-07-31,2.23,1340
1134695,2026-07-31,1.99,1340
1134455,2026-07-31,0.99,1340
1135054,2026-07-31,0.99,1340
1133382,2026-07-31,0.74,1340
1132852,2026-07-31,0.37,1340
1133355,2026-07-31,0.25,1340
1120957,2026-07-31,0.79,21218
1068720,2026-07-31,0.69,21218
1105151,2026-07-31,0.58,21218
1061147,2026-07-31,0.54,21218
1105152,2026-07-31,0.51,21218
1067674,2026-07-31,0.46,21218
1099771,2026-07-31,0.46,21218
1066052,2026-07-31,0.33,21218
1065857,2026-07-31,0.29,21218
1111217,2026-07-31,0.25,21218
1064559,2026-07-31,0.25,21218
1111028,2026-07-31,0.22,21218
1065647,2026-07-31,0.20,21218
1061145,2026-07-31,0.15,21218
1066055,2026-07-31,0.13,21218
1066049,2026-07-31,0.10,21218
1064335,2026-07-31,0.05,21218
1132114,2026-07-31,0.05,21218
1061505,2026-07-31,0.05,21218
1065736,2026-07-31,0.03,21218
1064304,2026-07-31,0.03,21218
1135533,2026-07-31,2.84,21218
1133195,2026-07-31,2.65,21218
1131588,2026-07-31,2.60,21218
1133452,2026-07-31,2.30,21218
1133101,2026-07-31,2.29,21218
1132177,2026-07-31,2.19,21218
1132992,2026-07-31,2.18,21218
1132935,2026-07-31,1.93,21218
1133483,2026-07-31,1.93,21218
1132583,2026-07-31,1.75,21218
1132059,2026-07-31,1.71,21218
1132203,2026-07-31,1.70,21218
1132671,2026-07-31,1.70,21218
1133280,2026-07-31,1.69,21218
1131894,2026-07-31,1.47,21218
1132295,2026-07-31,1.46,21218
1133348,2026-07-31,1.45,21218
1132199,2026-07-31,1.41,21218
1132158,2026-07-31,1.22,21218
1132179,2026-07-31,1.22,21218
1132508,2026-07-31,1.21,21218
1133162,2026-07-31,1.21,21218
1132237,2026-07-31,1.09,21218
1132466,2026-07-31,1.09,21218
1133164,2026-07-31,1.09,21218
1132293,2026-07-31,0.97,21218
1132617,2026-07-31,0.97,21218
1132679,2026-07-31,0.97,21218
1133543,2026-07-31,0.96,21218
1132672,2026-07-31,0.92,21218
1132186,2026-07-31,0.85,21218
1131865,2026-07-31,0.74,21218
1135587,2026-07-31,0.73,21218
1132768,2026-07-31,0.73,21218
1133468,2026-07-31,0.72,21218
1135355,2026-07-31,0.71,21218
1130679,2026-07-31,0.62,21218
1132197,2026-07-31,0.61,21218
1132242,2026-07-31,0.61,21218
1131587,2026-07-31,0.49,21218
1132148,2026-07-31,0.49,21218
1132543,2026-07-31,0.49,21218
1132807,2026-07-31,0.48,21218
1132911,2026-07-31,0.48,21218
1132863,2026-07-31,0.37,21218
1132433,2026-07-31,0.36,21218
1132864,2026-07-31,0.36,21218
1132949,2026-07-31,0.36,21218
1132475,2026-07-31,0.24,21218
1132495,2026-07-31,0.24,21218
1132463,2026-07-31,0.24,21218
1132909,2026-07-31,0.24,21218
1133103,2026-07-31,0.24,21218
1133449,2026-07-31,0.24,21218
1132187,2026-07-31,0.17,21218
1132504,2026-07-31,0.15,21218
1132287,2026-07-31,0.12,21218
1132471,2026-07-31,0.12,21218
1132505,2026-07-31,0.12,21218
1135233,2026-07-31,0.12,21218
1133306,2026-07-31,0.12,21218
1132075,2026-07-31,2.07,21218
1132222,2026-07-31,1.70,21218
1134348,2026-07-31,1.23,21218
1131162,2026-07-31,1.23,21218
1133959,2026-07-31,1.21,21218
1132515,2026-07-31,1.21,21218
1132832,2026-07-31,1.21,21218
1135592,2026-07-31,1.21,21218
1133227,2026-07-31,1.21,21218
1132963,2026-07-31,1.14,21218
1132988,2026-07-31,0.96,21218
1132834,2026-07-31,0.96,21218
1135128,2026-07-31,0.84,21218
1132201,2026-07-31,0.73,21218
1132872,2026-07-31,0.73,21218
1132871,2026-07-31,0.72,21218
1135599,2026-07-31,0.72,21218
1132223,2026-07-31,0.61,21218
1134346,2026-07-31,0.49,21218
1132119,2026-07-31,0.49,21218
1132151,2026-07-31,0.48,21218
1135600,2026-07-31,0.48,21218
1132989,2026-07-31,0.48,21218
1134003,2026-07-31,0.48,21218
1135601,2026-07-31,0.48,21218
1132303,2026-07-31,0.36,21218
1132304,2026-07-31,0.36,21218
1132698,2026-07-31,0.36,21218
1132699,2026-07-31,0.36,21218
1132455,2026-07-31,0.24,21218
1134349,2026-07-31,0.12,21218
1132071,2026-07-31,0.12,21218
1133184,2026-07-31,0.12,21218
1132520,2026-07-31,0.10,21218
1134976,2026-07-31,0.02,21218
1135226,2026-07-31,1.14,21218
1135498,2026-07-31,0.74,21218
1130696,2026-07-31,0.67,21218
1135062,2026-07-31,0.49,21218
1130616,2026-07-31,0.12,21218
1130730,2026-07-31,0.12,21218
1133212,2026-07-31,0.06,21218
1130899,2026-07-31,0.02,21218
1127510,2026-07-31,1.29,1682
1094993,2026-07-31,1.07,1682
1123705,2026-07-31,0.98,1682
1132771,2026-07-31,0.94,1682
1129571,2026-07-31,0.92,1682
1129851,2026-07-31,0.88,1682
1129822,2026-07-31,0.87,1682
1130388,2026-07-31,0.77,1682
1122173,2026-07-31,0.76,1682
1129852,2026-07-31,0.73,1682
1132648,2026-07-31,0.69,1682
1126566,2026-07-31,0.67,1682
1130397,2026-07-31,0.66,1682
1130032,2026-07-31,0.62,1682
1126565,2026-07-31,0.58,1682
1127041,2026-07-31,0.56,1682
1134204,2026-07-31,0.52,1682
1130377,2026-07-31,0.52,1682
1108251,2026-07-31,0.46,1682
1131908,2026-07-31,0.41,1682
1129850,2026-07-31,0.39,1682
1100612,2026-07-31,0.38,1682
1131327,2026-07-31,0.32,1682
1130017,2026-07-31,0.29,1682
1126785,2026-07-31,0.24,1682
1132649,2026-07-31,0.19,1682
1129849,2026-07-31,0.19,1682
1130395,2026-07-31,0.13,1682
1126937,2026-07-31,0.09,1682
1130393,2026-07-31,0.08,1682
1075229,2026-07-31,0.03,1682
1072631,2026-07-31,0.03,1682
1131585,2026-07-31,0.02,1682
1099773,2026-07-31,0.02,1682
1130398,2026-07-31,0.02,1682
1098868,2026-07-31,0.00,1682
1058735,2026-07-31,0.00,1682
1119403,2026-07-31,0.00,1682
1126009,2026-07-31,4.65,1682
1127225,2026-07-31,3.89,1682
1128619,2026-07-31,3.07,1682
1124503,2026-07-31,2.78,1682
1132077,2026-07-31,2.30,1682
1134438,2026-07-31,1.56,1682
1123676,2026-07-31,1.49,1682
1125287,2026-07-31,1.40,1682
1124854,2026-07-31,1.35,1682
1126233,2026-07-31,1.31,1682
1127202,2026-07-31,1.30,1682
1126629,2026-07-31,1.30,1682
1126232,2026-07-31,1.30,1682
1128945,2026-07-31,1.17,1682
1129004,2026-07-31,1.16,1682
1133873,2026-07-31,1.16,1682
1120611,2026-07-31,1.04,1682
1115953,2026-07-31,1.04,1682
1134237,2026-07-31,1.04,1682
1128025,2026-07-31,1.04,1682
1132198,2026-07-31,0.91,1682
1133105,2026-07-31,0.90,1682
1124030,2026-07-31,0.83,1682
1122631,2026-07-31,0.78,1682
1134385,2026-07-31,0.78,1682
1127220,2026-07-31,0.78,1682
1127240,2026-07-31,0.78,1682
1120618,2026-07-31,0.78,1682
1127744,2026-07-31,0.77,1682
1120789,2026-07-31,0.73,1682
1129328,2026-07-31,0.69,1682
1127036,2026-07-31,0.68,1682
1134499,2026-07-31,0.65,1682
1124426,2026-07-31,0.65,1682
1128444,2026-07-31,0.64,1682
1130334,2026-07-31,0.64,1682
1113332,2026-07-31,0.61,1682
1124878,2026-07-31,0.58,1682
1134456,2026-07-31,0.57,1682
1119978,2026-07-31,0.52,1682
1128855,2026-07-31,0.52,1682
1126391,2026-07-31,0.52,1682
1135570,2026-07-31,0.52,1682
1121931,2026-07-31,0.52,1682
1135387,2026-07-31,0.52,1682
1125387,2026-07-31,0.52,1682
1128333,2026-07-31,0.52,1682
1128331,2026-07-31,0.51,1682
1133160,2026-07-31,0.47,1682
1112719,2026-07-31,0.39,1682
1115449,2026-07-31,0.39,1682
1124149,2026-07-31,0.39,1682
1128057,2026-07-31,0.39,1682
1133017,2026-07-31,0.39,1682
1122847,2026-07-31,0.35,1682
1087122,2026-07-31,0.35,1682
1120390,2026-07-31,0.34,1682
1119324,2026-07-31,0.34,1682
1127735,2026-07-31,0.34,1682
1122846,2026-07-31,0.33,1682
1128151,2026-07-31,0.33,1682
1130785,2026-07-31,0.32,1682
1109289,2026-07-31,0.31,1682
1130544,2026-07-31,0.31,1682
1121568,2026-07-31,0.31,1682
1106070,2026-07-31,0.30,1682
1073224,2026-07-31,0.29,1682
1119235,2026-07-31,0.29,1682
1121563,2026-07-31,0.28,1682
1134500,2026-07-31,0.26,1682
1121378,2026-07-31,0.26,1682
1114906,2026-07-31,0.26,1682
1117475,2026-07-31,0.26,1682
1133437,2026-07-31,0.26,1682
1130345,2026-07-31,0.26,1682
1135573,2026-07-31,0.26,1682
1130585,2026-07-31,0.26,1682
1127745,2026-07-31,0.26,1682
1132501,2026-07-31,0.26,1682
1127805,2026-07-31,0.26,1682
1124911,2026-07-31,0.26,1682
1131325,2026-07-31,0.26,1682
1128203,2026-07-31,0.26,1682
1131171,2026-07-31,0.26,1682
1129150,2026-07-31,0.21,1682
1129016,2026-07-31,0.21,1682
1122197,2026-07-31,0.20,1682
1130301,2026-07-31,0.19,1682
1121569,2026-07-31,0.18,1682
1123424,2026-07-31,0.18,1682
1132610,2026-07-31,0.18,1682
1085228,2026-07-31,0.18,1682
1129151,2026-07-31,0.18,1682
1124472,2026-07-31,0.16,1682
1127739,2026-07-31,0.16,1682
1130533,2026-07-31,0.15,1682
1122966,2026-07-31,0.13,1682
1120742,2026-07-31,0.13,1682
1126676,2026-07-31,0.13,1682
1132815,2026-07-31,0.13,1682
1131324,2026-07-31,0.13,1682
1121377,2026-07-31,0.10,1682
1107358,2026-07-31,0.10,1682
1077935,2026-07-31,0.08,1682
1121839,2026-07-31,0.08,1682
1129421,2026-07-31,0.08,1682
1129422,2026-07-31,0.08,1682
1129424,2026-07-31,0.08,1682
1132860,2026-07-31,0.08,1682
1129423,2026-07-31,0.08,1682
1064710,2026-07-31,0.07,1682
1123430,2026-07-31,0.05,1682
1123098,2026-07-31,0.05,1682
1077819,2026-07-31,0.03,1682
1088015,2026-07-31,0.01,1682
1130300,2026-07-31,1.26,1682
1130065,2026-07-31,3.07,1682
1130063,2026-07-31,2.70,1682
1124415,2026-07-31,0.65,1682
1124385,2026-07-31,0.57,1682
1125264,2026-07-31,0.45,1682
1125263,2026-07-31,0.31,1682
1124414,2026-07-31,0.21,1682
1123337,2026-07-31,0.16,1682
1125262,2026-07-31,0.01,1682
1132495,2026-07-31,0.38,1682
1133382,2026-07-31,3.51,7914
1132158,2026-07-31,2.06,7914
1132177,2026-07-31,2.06,7914
1132465,2026-07-31,2.06,7914
1132807,2026-07-31,2.05,7914
1134863,2026-07-31,1.82,7914
1132495,2026-07-31,1.80,7914
1132768,2026-07-31,1.79,7914
1132958,2026-07-31,1.79,7914
1131587,2026-07-31,1.69,7914
1132463,2026-07-31,1.67,7914
1132852,2026-07-31,1.59,7914
1133355,2026-07-31,1.59,7914
1132143,2026-07-31,1.55,7914
1132197,2026-07-31,1.54,7914
1133227,2026-07-31,1.53,7914
1109577,2026-07-31,1.49,7914
1132132,2026-07-31,1.29,7914
1132059,2026-07-31,1.29,7914
1132434,2026-07-31,1.29,7914
1132506,2026-07-31,1.28,7914
1133256,2026-07-31,1.28,7914
1133853,2026-07-31,1.27,7914
1135351,2026-07-31,1.25,7914
1132097,2026-07-31,1.16,7914
1133165,2026-07-31,1.15,7914
1133212,2026-07-31,1.06,7914
1131614,2026-07-31,1.03,7914
1132062,2026-07-31,1.03,7914
1132070,2026-07-31,1.03,7914
1132057,2026-07-31,1.03,7914
1132066,2026-07-31,1.03,7914
1132067,2026-07-31,1.03,7914
1132081,2026-07-31,1.03,7914
1132172,2026-07-31,1.03,7914
1132196,2026-07-31,1.03,7914
1132287,2026-07-31,1.03,7914
1132175,2026-07-31,1.03,7914
1132181,2026-07-31,1.03,7914
1132744,2026-07-31,1.03,7914
1134787,2026-07-31,1.03,7914
1132534,2026-07-31,1.03,7914
1132519,2026-07-31,1.03,7914
1132761,2026-07-31,1.03,7914
1132671,2026-07-31,1.03,7914
1135058,2026-07-31,1.02,7914
1132854,2026-07-31,1.02,7914
1133089,2026-07-31,1.02,7914
1135434,2026-07-31,1.02,7914
1132757,2026-07-31,1.02,7914
1133159,2026-07-31,1.02,7914
1133854,2026-07-31,1.01,7914
1130936,2026-07-31,0.92,7914
1133584,2026-07-31,0.89,7914
1132148,2026-07-31,0.77,7914
1132266,2026-07-31,0.77,7914
1132179,2026-07-31,0.77,7914
1132468,2026-07-31,0.77,7914
1132672,2026-07-31,0.77,7914
1132517,2026-07-31,0.77,7914
1132853,2026-07-31,0.77,7914
1132535,2026-07-31,0.77,7914
1133317,2026-07-31,0.76,7914
1131042,2026-07-31,0.65,7914
1133261,2026-07-31,0.64,7914
1132520,2026-07-31,0.54,7914
1130452,2026-07-31,0.53,7914
1133858,2026-07-31,0.52,7914
1131178,2026-07-31,0.52,7914
1132536,2026-07-31,0.52,7914
1132199,2026-07-31,0.51,7914
1132290,2026-07-31,0.51,7914
1133452,2026-07-31,0.51,7914
1132130,2026-07-31,0.51,7914
1132456,2026-07-31,0.51,7914
1132521,2026-07-31,0.51,7914
1135457,2026-07-31,0.51,7914
1133164,2026-07-31,0.51,7914
1132756,2026-07-31,0.51,7914
1133262,2026-07-31,0.51,7914
1132522,2026-07-31,0.51,7914
1132855,2026-07-31,0.51,7914
1132781,2026-07-31,0.51,7914
1133451,2026-07-31,0.51,7914
1135182,2026-07-31,0.51,7914
1132767,2026-07-31,0.51,7914
1133774,2026-07-31,0.51,7914
1131816,2026-07-31,0.39,7914
1132780,2026-07-31,0.39,7914
1132127,2026-07-31,0.39,7914
1133136,2026-07-31,0.38,7914
1132523,2026-07-31,0.38,7914
1132524,2026-07-31,0.38,7914
1133306,2026-07-31,0.38,7914
1132454,2026-07-31,0.38,7914
1133263,2026-07-31,0.38,7914
1135355,2026-07-31,0.38,7914
1058233,2026-07-31,0.27,7914
1129594,2026-07-31,0.27,7914
1130679,2026-07-31,0.26,7914
1131208,2026-07-31,0.26,7914
1133184,2026-07-31,0.26,7914
1133116,2026-07-31,0.25,7914
1132525,2026-07-31,0.13,7914
207979,2026-07-31,0.03,7914
1120583,2026-07-31,3.67,1995
1124663,2026-07-31,1.91,1995
1133873,2026-07-31,1.90,1995
1126608,2026-07-31,1.28,1995
1124503,2026-07-31,1.27,1995
1127672,2026-07-31,1.27,1995
1132167,2026-07-31,1.27,1995
1131293,2026-07-31,1.25,1995
1132174,2026-07-31,1.21,1995
1128945,2026-07-31,1.12,1995
1132198,2026-07-31,0.95,1995
1131150,2026-07-31,0.95,1995
1124797,2026-07-31,0.80,1995
1135502,2026-07-31,0.80,1995
1120415,2026-07-31,0.64,1995
1134385,2026-07-31,0.64,1995
1134433,2026-07-31,0.64,1995
1130011,2026-07-31,0.64,1995
1135570,2026-07-31,0.64,1995
1109615,2026-07-31,0.64,1995
1132668,2026-07-31,0.63,1995
1132501,2026-07-31,0.63,1995
1130996,2026-07-31,0.47,1995
1125079,2026-07-31,0.38,1995
1128619,2026-07-31,0.32,1995
1134398,2026-07-31,0.32,1995
1128248,2026-07-31,0.32,1995
1130294,2026-07-31,0.32,1995
1129422,2026-07-31,0.32,1995
1129424,2026-07-31,0.32,1995
1129423,2026-07-31,0.31,1995
1129421,2026-07-31,0.28,1995
1120423,2026-07-31,0.16,1995
1123453,2026-07-31,0.16,1995
1125276,2026-07-31,0.16,1995
1118076,2026-07-31,0.15,1995
1123150,2026-07-31,0.10,1995
1120794,2026-07-31,0.03,1995
1117058,2026-07-31,0.03,1995
1117182,2026-07-31,0.02,1995
1130064,2026-07-31,1.30,1995
1130421,2026-07-31,0.36,1995
1128114,2026-07-31,0.34,1995
1128710,2026-07-31,0.71,1995
1116575,2026-07-31,0.04,1995
1132956,2026-07-31,2.85,1995
1132957,2026-07-31,1.91,1995
1071825,2026-07-31,0.97,1995
1108780,2026-07-31,0.80,1995
1123928,2026-07-31,0.64,1995
1061532,2026-07-31,0.48,1995
1114515,2026-07-31,0.29,1995
1105525,2026-07-31,0.01,1995
1096108,2026-07-31,0.16,1995
1132057,2026-07-31,4.32,1995
1132471,2026-07-31,3.69,1995
1132173,2026-07-31,2.16,1995
1133163,2026-07-31,1.86,1995
1132148,2026-07-31,1.70,1995
1132066,2026-07-31,1.54,1995
1132466,2026-07-31,1.54,1995
1132290,2026-07-31,1.54,1995
1132672,2026-07-31,1.53,1995
1132768,2026-07-31,1.53,1995
1133099,2026-07-31,1.53,1995
1132475,2026-07-31,1.38,1995
1132935,2026-07-31,1.22,1995
1133195,2026-07-31,1.22,1995
1132504,2026-07-31,1.08,1995
1132462,2026-07-31,0.93,1995
1132671,2026-07-31,0.92,1995
1132911,2026-07-31,0.92,1995
1135372,2026-07-31,0.90,1995
1132936,2026-07-31,0.77,1995
1132266,2026-07-31,0.62,1995
1132179,2026-07-31,0.62,1995
1132434,2026-07-31,0.61,1995
1132534,2026-07-31,0.61,1995
1133452,2026-07-31,0.61,1995
1132805,2026-07-31,0.61,1995
1133715,2026-07-31,0.61,1995
1132178,2026-07-31,0.46,1995
1131209,2026-07-31,0.31,1995
1132617,2026-07-31,0.31,1995
1132495,2026-07-31,0.31,1995
1132864,2026-07-31,0.31,1995
1133467,2026-07-31,0.31,1995
1133164,2026-07-31,0.31,1995
1133103,2026-07-31,0.31,1995
1133135,2026-07-31,0.31,1995
1131042,2026-07-31,0.16,1995
1134697,2026-07-31,0.16,1995
1131865,2026-07-31,0.16,1995
1132287,2026-07-31,0.15,1995
1133131,2026-07-31,0.15,1995
1133438,2026-07-31,0.15,1995
1130416,2026-07-31,0.03,1995
1135255,2026-07-31,1.79,1995
1131192,2026-07-31,0.93,1995
1132154,2026-07-31,0.92,1995
1132276,2026-07-31,0.92,1995
1132132,2026-07-31,0.90,1995
1131184,2026-07-31,0.62,1995
1131655,2026-07-31,0.62,1995
1132257,2026-07-31,0.61,1995
1133218,2026-07-31,0.61,1995
1135378,2026-07-31,0.61,1995
1133154,2026-07-31,0.61,1995
1132579,2026-07-31,0.46,1995
1133744,2026-07-31,0.46,1995
1133362,2026-07-31,0.42,1995
1132629,2026-07-31,0.31,1995
1133203,2026-07-31,0.30,1995
1132825,2026-07-31,0.06,1995
1132719,2026-07-31,1.59,1995
1132720,2026-07-31,1.24,1995
1132721,2026-07-31,0.64,1995
1130024,2026-07-31,0.63,1995
1108780,2026-07-31,2.01,12454
1061145,2026-07-31,0.40,12454
1111691,2026-07-31,0.36,12454
1066081,2026-07-31,0.33,12454
1064415,2026-07-31,0.29,12454
1121839,2026-07-31,2.27,12454
1128619,2026-07-31,2.22,12454
1120583,2026-07-31,2.11,12454
1132079,2026-07-31,1.62,12454
1129017,2026-07-31,1.50,12454
1126039,2026-07-31,1.13,12454
1120611,2026-07-31,0.98,12454
1064711,2026-07-31,0.97,12454
1126969,2026-07-31,0.97,12454
1124030,2026-07-31,0.97,12454
1126009,2026-07-31,0.97,12454
1121190,2026-07-31,0.95,12454
1123726,2026-07-31,0.94,12454
1109615,2026-07-31,0.94,12454
1120770,2026-07-31,0.81,12454
1062578,2026-07-31,0.81,12454
1129847,2026-07-31,0.81,12454
1134456,2026-07-31,0.71,12454
1122631,2026-07-31,0.65,12454
1117475,2026-07-31,0.65,12454
1119091,2026-07-31,0.65,12454
1128445,2026-07-31,0.65,12454
1134501,2026-07-31,0.65,12454
1131584,2026-07-31,0.64,12454
1131583,2026-07-31,0.64,12454
1135257,2026-07-31,0.49,12454
1120987,2026-07-31,0.49,12454
1065988,2026-07-31,0.49,12454
1128855,2026-07-31,0.49,12454
1134283,2026-07-31,0.49,12454
1117765,2026-07-31,0.49,12454
1127994,2026-07-31,0.48,12454
1131324,2026-07-31,0.48,12454
1120510,2026-07-31,0.45,12454
1129844,2026-07-31,0.39,12454
1132866,2026-07-31,0.34,12454
1121919,2026-07-31,0.32,12454
1127401,2026-07-31,0.32,12454
1130345,2026-07-31,0.32,12454
1126040,2026-07-31,0.32,12454
1121566,2026-07-31,0.32,12454
1128446,2026-07-31,0.32,12454
1130585,2026-07-31,0.32,12454
1132198,2026-07-31,0.32,12454
1120423,2026-07-31,0.32,12454
1135256,2026-07-31,0.32,12454
1130047,2026-07-31,0.29,12454
1135129,2026-07-31,0.26,12454
1132865,2026-07-31,0.25,12454
1123942,2026-07-31,0.25,12454
1134696,2026-07-31,0.19,12454
1122454,2026-07-31,0.16,12454
1120415,2026-07-31,0.16,12454
1119543,2026-07-31,0.16,12454
1121421,2026-07-31,0.16,12454
1124503,2026-07-31,0.16,12454
1129015,2026-07-31,0.16,12454
1128938,2026-07-31,0.16,12454
1131911,2026-07-31,0.11,12454
1077819,2026-07-31,0.07,12454
1077935,2026-07-31,0.07,12454
1127220,2026-07-31,0.06,12454
1129003,2026-07-31,0.06,12454
1130544,2026-07-31,0.06,12454
1123430,2026-07-31,0.03,12454
1071688,2026-07-31,0.02,12454
1119419,2026-07-31,0.01,12454
1118076,2026-07-31,0.01,12454
1125644,2026-07-31,0.00,12454
1130064,2026-07-31,1.75,12454
1133164,2026-07-31,2.95,12454
1132179,2026-07-31,2.81,12454
1132158,2026-07-31,2.50,12454
1132466,2026-07-31,2.50,12454
1132434,2026-07-31,2.19,12454
1132068,2026-07-31,1.88,12454
1131914,2026-07-31,1.57,12454
1132069,2026-07-31,1.57,12454
1132203,2026-07-31,1.56,12454
1131313,2026-07-31,1.28,12454
1132475,2026-07-31,1.25,12454
1135389,2026-07-31,1.22,12454
1131796,2026-07-31,1.10,12454
1130679,2026-07-31,0.95,12454
1131912,2026-07-31,0.95,12454
1135134,2026-07-31,0.94,12454
1132542,2026-07-31,0.94,12454
1132671,2026-07-31,0.93,12454
1133099,2026-07-31,0.93,12454
1135233,2026-07-31,0.93,12454
1132173,2026-07-31,0.63,12454
1132177,2026-07-31,0.63,12454
1132196,2026-07-31,0.63,12454
1132287,2026-07-31,0.63,12454
1132506,2026-07-31,0.62,12454
1132495,2026-07-31,0.62,12454
1133136,2026-07-31,0.62,12454
1135058,2026-07-31,0.62,12454
1132807,2026-07-31,0.62,12454
1133131,2026-07-31,0.62,12454
1133438,2026-07-31,0.62,12454
1133434,2026-07-31,0.62,12454
1133504,2026-07-31,0.48,12454
1132672,2026-07-31,0.47,12454
1132583,2026-07-31,0.31,12454
1132433,2026-07-31,0.31,12454
1132471,2026-07-31,0.31,12454
1132290,2026-07-31,0.31,12454
1133452,2026-07-31,0.31,12454
1132805,2026-07-31,0.31,12454
1132242,2026-07-31,0.16,12454
1131145,2026-07-31,0.03,12454
1132261,2026-07-31,1.86,12454
1132223,2026-07-31,1.25,12454
1132075,2026-07-31,0.94,12454
1133435,2026-07-31,0.78,12454
1131918,2026-07-31,0.63,12454
1130754,2026-07-31,0.48,12454
1130926,2026-07-31,0.32,12454
1135322,2026-07-31,3.21,12454
1135341,2026-07-31,1.92,12454
1130452,2026-07-31,0.06,12454
1127240,2026-07-31,3.46,265
1122369,2026-07-31,2.86,265
1124488,2026-07-31,2.63,265
1126564,2026-07-31,2.31,265
1122593,2026-07-31,1.99,265
1130301,2026-07-31,1.97,265
1119284,2026-07-31,1.82,265
1121225,2026-07-31,1.76,265
1121563,2026-07-31,1.65,265
1124503,2026-07-31,1.65,265
1129328,2026-07-31,1.63,265
1128378,2026-07-31,1.54,265
1127642,2026-07-31,1.48,265
1073224,2026-07-31,1.39,265
1122652,2026-07-31,1.33,265
1118393,2026-07-31,1.33,265
1122594,2026-07-31,1.32,265
1132500,2026-07-31,1.31,265
1129425,2026-07-31,1.30,265
1130533,2026-07-31,1.30,265
1131171,2026-07-31,1.30,265
1128730,2026-07-31,1.29,265
1128891,2026-07-31,1.29,265
1127805,2026-07-31,1.18,265
1121879,2026-07-31,1.16,265
1128057,2026-07-31,1.15,265
1130995,2026-07-31,1.03,265
1134923,2026-07-31,0.99,265
1118305,2026-07-31,0.99,265
1127147,2026-07-31,0.99,265
1126676,2026-07-31,0.99,265
1124189,2026-07-31,0.99,265
1127293,2026-07-31,0.99,265
1134398,2026-07-31,0.99,265
1114906,2026-07-31,0.96,265
1104242,2026-07-31,0.87,265
1015326,2026-07-31,0.83,265
1124028,2026-07-31,0.83,265
1121671,2026-07-31,0.83,265
1127736,2026-07-31,0.81,265
1123461,2026-07-31,0.73,265
1116010,2026-07-31,0.67,265
1123234,2026-07-31,0.67,265
1121279,2026-07-31,0.66,265
1124405,2026-07-31,0.66,265
1118300,2026-07-31,0.66,265
1123725,2026-07-31,0.66,265
1115118,2026-07-31,0.66,265
1134385,2026-07-31,0.66,265
1127643,2026-07-31,0.66,265
1127744,2026-07-31,0.65,265
1129081,2026-07-31,0.65,265
1128379,2026-07-31,0.65,265
1130766,2026-07-31,0.64,265
1123098,2026-07-31,0.50,265
1125482,2026-07-31,0.49,265
1131557,2026-07-31,0.49,265
1088046,2026-07-31,0.38,265
1134828,2026-07-31,0.33,265
1123101,2026-07-31,0.33,265
1126160,2026-07-31,0.33,265
1123147,2026-07-31,0.33,265
1127303,2026-07-31,0.33,265
1124030,2026-07-31,0.33,265
1113772,2026-07-31,0.33,265
1127335,2026-07-31,0.33,265
1124426,2026-07-31,0.33,265
1129124,2026-07-31,0.33,265
1128786,2026-07-31,0.32,265
1099762,2026-07-31,0.32,265
1131340,2026-07-31,0.32,265
1116303,2026-07-31,0.17,265
1118853,2026-07-31,0.17,265
1127514,2026-07-31,0.16,265
1125450,2026-07-31,0.13,265
1124923,2026-07-31,0.10,265
1124600,2026-07-31,0.07,265
1115953,2026-07-31,0.07,265
1129004,2026-07-31,0.05,265
1125743,2026-07-31,0.03,265
1124415,2026-07-31,1.14,265
1130065,2026-07-31,1.13,265
1130063,2026-07-31,1.10,265
1125264,2026-07-31,0.57,265
1123337,2026-07-31,0.25,265
1124738,2026-07-31,0.04,265
1120614,2026-07-31,0.01,265
1132717,2026-07-31,3.04,265
1127510,2026-07-31,2.91,265
1134215,2026-07-31,2.89,265
1132652,2026-07-31,2.79,265
1134925,2026-07-31,1.57,265
1132651,2026-07-31,1.32,265
1130018,2026-07-31,0.67,265
1116287,2026-07-31,0.64,265
1120816,2026-07-31,0.60,265
1132771,2026-07-31,0.50,265
1130398,2026-07-31,0.49,265
1131872,2026-07-31,0.34,265
1130397,2026-07-31,0.22,265
1129571,2026-07-31,0.19,265
1122033,2026-07-31,0.01,265
1124503,2026-07-31,4.23,1971
1073224,2026-07-31,3.47,1971
1115118,2026-07-31,3.33,1971
1126564,2026-07-31,2.80,1971
1127240,2026-07-31,2.73,1971
1126009,2026-07-31,2.66,1971
1123336,2026-07-31,2.46,1971
1122369,2026-07-31,2.20,1971
1125287,2026-07-31,2.14,1971
1130301,2026-07-31,2.09,1971
1131207,2026-07-31,1.89,1971
1129328,2026-07-31,1.73,1971
1127739,2026-07-31,1.72,1971
1123098,2026-07-31,1.58,1971
1121283,2026-07-31,1.40,1971
1128714,2026-07-31,1.39,1971
1129425,2026-07-31,1.38,1971
1131171,2026-07-31,1.38,1971
1128730,2026-07-31,1.37,1971
1128378,2026-07-31,1.36,1971
1123424,2026-07-31,1.23,1971
1118305,2026-07-31,1.05,1971
1124030,2026-07-31,1.05,1971
1125390,2026-07-31,1.05,1971
1127220,2026-07-31,1.05,1971
1124189,2026-07-31,1.05,1971
1127805,2026-07-31,1.04,1971
1128891,2026-07-31,1.02,1971
1121839,2026-07-31,0.88,1971
1126732,2026-07-31,0.87,1971
1116010,2026-07-31,0.71,1971
1122966,2026-07-31,0.70,1971
1123725,2026-07-31,0.70,1971
1115953,2026-07-31,0.70,1971
1127303,2026-07-31,0.70,1971
1134385,2026-07-31,0.70,1971
1134398,2026-07-31,0.70,1971
1135166,2026-07-31,0.70,1971
1127724,2026-07-31,0.70,1971
1127744,2026-07-31,0.70,1971
1128331,2026-07-31,0.69,1971
1128007,2026-07-31,0.69,1971
1129081,2026-07-31,0.69,1971
1129661,2026-07-31,0.69,1971
1128379,2026-07-31,0.69,1971
1130766,2026-07-31,0.68,1971
1130995,2026-07-31,0.68,1971
1114781,2026-07-31,0.56,1971
1131557,2026-07-31,0.52,1971
1130533,2026-07-31,0.52,1971
1128938,2026-07-31,0.45,1971
1118072,2026-07-31,0.36,1971
1095974,2026-07-31,0.36,1971
1118393,2026-07-31,0.35,1971
1134828,2026-07-31,0.35,1971
1115543,2026-07-31,0.35,1971
1127147,2026-07-31,0.35,1971
1127293,2026-07-31,0.35,1971
1129124,2026-07-31,0.35,1971
1123929,2026-07-31,0.32,1971
1118007,2026-07-31,0.18,1971
1125735,2026-07-31,0.17,1971
1132815,2026-07-31,0.17,1971
1122631,2026-07-31,0.04,1971
1057143,2026-07-31,0.00,1971
1123118,2026-07-31,0.00,1971
1124415,2026-07-31,1.30,1971
1130063,2026-07-31,1.10,1971
1130065,2026-07-31,1.09,1971
1125264,2026-07-31,0.40,1971
1125263,2026-07-31,0.38,1971
1123337,2026-07-31,0.05,1971
1124738,2026-07-31,0.03,1971
1120614,2026-07-31,0.01,1971
1127103,2026-07-31,3.51,1971
1132652,2026-07-31,2.96,1971
1127510,2026-07-31,2.30,1971
1134215,2026-07-31,2.21,1971
1134925,2026-07-31,1.75,1971
1132954,2026-07-31,1.49,1971
1132651,2026-07-31,1.40,1971
1127411,2026-07-31,0.99,1971
1132717,2026-07-31,0.83,1971
1120816,2026-07-31,0.63,1971
1133558,2026-07-31,0.53,1971
1132771,2026-07-31,0.53,1971
1130536,2026-07-31,0.48,1971
1130398,2026-07-31,0.35,1971
1128272,2026-07-31,0.32,1971
1130397,2026-07-31,0.23,1971
1130441,2026-07-31,0.20,1971
1129571,2026-07-31,0.07,1971
1123705,2026-07-31,0.07,1971
1104180,2026-07-31,0.01,1971
1100612,2026-07-31,0.00,1971
1102932,2026-07-31,0.00,1971
1130514,2026-07-31,0.00,1971
1127510,2026-07-31,9.27,8499
1122173,2026-07-31,5.39,8499
1129571,2026-07-31,3.65,8499
1123705,2026-07-31,2.28,8499
1129305,2026-07-31,2.14,8499
1129306,2026-07-31,2.08,8499
1126566,2026-07-31,1.94,8499
1129851,2026-07-31,1.83,8499
1129822,2026-07-31,1.80,8499
1126565,2026-07-31,1.72,8499
1129304,2026-07-31,1.71,8499
1134204,2026-07-31,1.52,8499
1129852,2026-07-31,1.50,8499
1132648,2026-07-31,1.34,8499
1130586,2026-07-31,1.12,8499
1130377,2026-07-31,0.94,8499
1127041,2026-07-31,0.82,8499
1126785,2026-07-31,0.82,8499
1094993,2026-07-31,0.77,8499
1129850,2026-07-31,0.75,8499
1130388,2026-07-31,0.75,8499
1130381,2026-07-31,0.74,8499
1130379,2026-07-31,0.68,8499
1130385,2026-07-31,0.67,8499
1130390,2026-07-31,0.67,8499
1131908,2026-07-31,0.59,8499
1130391,2026-07-31,0.53,8499
1135259,2026-07-31,0.47,8499
1129307,2026-07-31,0.40,8499
1112812,2026-07-31,0.39,8499
1130032,2026-07-31,0.39,8499
1132649,2026-07-31,0.37,8499
1129849,2026-07-31,0.36,8499
1108251,2026-07-31,0.30,8499
1130017,2026-07-31,0.28,8499
1126937,2026-07-31,0.26,8499
1130587,2026-07-31,0.24,8499
1130392,2026-07-31,0.21,8499
1100612,2026-07-31,0.14,8499
1130393,2026-07-31,0.12,8499
1130395,2026-07-31,0.10,8499
1125267,2026-07-31,0.05,8499
1118108,2026-07-31,0.00,8499
1127225,2026-07-31,7.09,8499
1126608,2026-07-31,3.03,8499
1135570,2026-07-31,2.26,8499
1134438,2026-07-31,2.26,8499
1128619,2026-07-31,2.10,8499
1123453,2026-07-31,1.52,8499
1124876,2026-07-31,1.51,8499
1130584,2026-07-31,1.51,8499
1126391,2026-07-31,1.51,8499
1123748,2026-07-31,1.14,8499
1125873,2026-07-31,1.13,8499
1135256,2026-07-31,1.12,8499
1128852,2026-07-31,1.04,8499
1130047,2026-07-31,0.95,8499
1125874,2026-07-31,0.95,8499
1133936,2026-07-31,0.94,8499
1122846,2026-07-31,0.79,8499
1122454,2026-07-31,0.76,8499
1125875,2026-07-31,0.76,8499
1128443,2026-07-31,0.76,8499
1124471,2026-07-31,0.76,8499
1105000,2026-07-31,0.75,8499
1132198,2026-07-31,0.75,8499
1132220,2026-07-31,0.75,8499
1113332,2026-07-31,0.61,8499
1127036,2026-07-31,0.57,8499
1135257,2026-07-31,0.57,8499
1127750,2026-07-31,0.53,8499
1118405,2026-07-31,0.44,8499
1116066,2026-07-31,0.38,8499
1126039,2026-07-31,0.38,8499
1123674,2026-07-31,0.38,8499
1130585,2026-07-31,0.30,8499
1109716,2026-07-31,0.26,8499
1120987,2026-07-31,0.19,8499
1121565,2026-07-31,0.19,8499
1121566,2026-07-31,0.19,8499
1121291,2026-07-31,0.19,8499
1122847,2026-07-31,0.15,8499
1119235,2026-07-31,0.15,8499
1129421,2026-07-31,0.15,8499
1129422,2026-07-31,0.15,8499
1129424,2026-07-31,0.15,8499
1129423,2026-07-31,0.15,8499
1131910,2026-07-31,0.12,8499
1110014,2026-07-31,0.11,8499
1090499,2026-07-31,0.04,8499
1121278,2026-07-31,0.04,8499
1088965,2026-07-31,0.01,8499
1130300,2026-07-31,1.30,8499
1124385,2026-07-31,0.18,8499
1133306,2026-07-31,0.72,8499
1134201,2026-07-31,1.44,41653
1132852,2026-07-31,1.29,41653
1134205,2026-07-31,0.84,41653
1132721,2026-07-31,0.76,41653
1132952,2026-07-31,0.57,41653
1134392,2026-07-31,0.23,41653
1129821,2026-07-31,0.11,41653
1134455,2026-07-31,0.11,41653
207979,2026-07-31,0.01,3628
1125792,2026-07-31,0.41,3626
207979,2026-07-31,0.00,3626
1124503,2026-07-31,6.28,16903
1116511,2026-07-31,3.28,16903
1135095,2026-07-31,3.27,16903
1126629,2026-07-31,3.23,16903
1132956,2026-07-31,2.65,16903
1116010,2026-07-31,2.44,16903
1116285,2026-07-31,2.36,16903
1124426,2026-07-31,2.12,16903
1128300,2026-07-31,2.02,16903
1127721,2026-07-31,1.80,16903
1115520,2026-07-31,1.66,16903
1134204,2026-07-31,1.64,16903
1134398,2026-07-31,1.63,16903
1132500,2026-07-31,1.62,16903
1126160,2026-07-31,1.51,16903
1126777,2026-07-31,1.43,16903
1126009,2026-07-31,1.43,16903
1130122,2026-07-31,1.41,16903
1092067,2026-07-31,1.23,16903
1088987,2026-07-31,1.06,16903
1093550,2026-07-31,1.03,16903
1122592,2026-07-31,1.02,16903
1115449,2026-07-31,1.02,16903
1125287,2026-07-31,1.02,16903
1130544,2026-07-31,1.01,16903
1131946,2026-07-31,0.91,16903
1088941,2026-07-31,0.84,16903
1134500,2026-07-31,0.83,16903
1127240,2026-07-31,0.82,16903
1125923,2026-07-31,0.81,16903
1127254,2026-07-31,0.76,16903
1089019,2026-07-31,0.75,16903
1126149,2026-07-31,0.74,16903
1108237,2026-07-31,0.73,16903
1087225,2026-07-31,0.71,16903
1116549,2026-07-31,0.66,16903
1134215,2026-07-31,0.65,16903
1088008,2026-07-31,0.63,16903
1122593,2026-07-31,0.62,16903
1123069,2026-07-31,0.61,16903
1070768,2026-07-31,0.61,16903
1124967,2026-07-31,0.60,16903
1128182,2026-07-31,0.60,16903
1117690,2026-07-31,0.60,16903
1113772,2026-07-31,0.52,16903
1135387,2026-07-31,0.49,16903
1123424,2026-07-31,0.45,16903
1088986,2026-07-31,0.42,16903
1086368,2026-07-31,0.42,16903
1095974,2026-07-31,0.42,16903
1127514,2026-07-31,0.41,16903
1119978,2026-07-31,0.41,16903
1121775,2026-07-31,0.41,16903
1116498,2026-07-31,0.41,16903
1120972,2026-07-31,0.41,16903
1075722,2026-07-31,0.41,16903
1115085,2026-07-31,0.41,16903
1116788,2026-07-31,0.41,16903
1122197,2026-07-31,0.41,16903
1119183,2026-07-31,0.41,16903
1126027,2026-07-31,0.41,16903
1125075,2026-07-31,0.41,16903
1068804,2026-07-31,0.41,16903
1132990,2026-07-31,0.40,16903
1128291,2026-07-31,0.40,16903
1121249,2026-07-31,0.37,16903
1086836,2026-07-31,0.33,16903
1078188,2026-07-31,0.33,16903
1129661,2026-07-31,0.32,16903
1119182,2026-07-31,0.32,16903
1124734,2026-07-31,0.29,16903
1118395,2026-07-31,0.25,16903
1115573,2026-07-31,0.25,16903
1127103,2026-07-31,0.25,16903
1110123,2026-07-31,0.24,16903
1088021,2026-07-31,0.21,16903
1086827,2026-07-31,0.21,16903
1120499,2026-07-31,0.21,16903
1120734,2026-07-31,0.21,16903
1120467,2026-07-31,0.21,16903
1092192,2026-07-31,0.21,16903
1121225,2026-07-31,0.21,16903
1121538,2026-07-31,0.21,16903
1074569,2026-07-31,0.20,16903
1121064,2026-07-31,0.20,16903
1120583,2026-07-31,0.20,16903
1121839,2026-07-31,0.20,16903
1126697,2026-07-31,0.20,16903
1099312,2026-07-31,0.20,16903
1062448,2026-07-31,0.20,16903
1117982,2026-07-31,0.20,16903
1126564,2026-07-31,0.20,16903
1130158,2026-07-31,0.20,16903
1128248,2026-07-31,0.20,16903
1128938,2026-07-31,0.20,16903
1127735,2026-07-31,0.20,16903
1130513,2026-07-31,0.20,16903
1132860,2026-07-31,0.20,16903
1129360,2026-07-31,0.20,16903
1128203,2026-07-31,0.20,16903
1125022,2026-07-31,0.20,16903
1131171,2026-07-31,0.20,16903
1099762,2026-07-31,0.20,16903
1131207,2026-07-31,0.20,16903
1129641,2026-07-31,0.20,16903
1130514,2026-07-31,0.20,16903
1127836,2026-07-31,0.19,16903
1124189,2026-07-31,0.19,16903
1123226,2026-07-31,0.18,16903
1122631,2026-07-31,0.18,16903
1114285,2026-07-31,0.17,16903
1123540,2026-07-31,0.16,16903
1130602,2026-07-31,0.13,16903
1124514,2026-07-31,0.12,16903
1130018,2026-07-31,0.10,16903
1092169,2026-07-31,0.08,16903
1124405,2026-07-31,0.08,16903
1068002,2026-07-31,0.08,16903
1064561,2026-07-31,0.08,16903
1104872,2026-07-31,0.08,16903
1129427,2026-07-31,0.08,16903
1122407,2026-07-31,0.08,16903
1118083,2026-07-31,0.08,16903
1123189,2026-07-31,0.08,16903
1122462,2026-07-31,0.06,16903
1109577,2026-07-31,0.04,16903
1115780,2026-07-31,0.04,16903
1064059,2026-07-31,0.04,16903
1117140,2026-07-31,0.04,16903
1125735,2026-07-31,0.04,16903
1129254,2026-07-31,0.04,16903
1098746,2026-07-31,0.04,16903
1124720,2026-07-31,0.03,16903
1121573,2026-07-31,0.03,16903
1125059,2026-07-31,0.03,16903
1129003,2026-07-31,0.02,16903
1121281,2026-07-31,0.02,16903
1132217,2026-07-31,0.02,16903
1095579,2026-07-31,0.01,16903
1127259,2026-07-31,0.01,16903
1120893,2026-07-31,0.01,16903
1109675,2026-07-31,0.00,16903
1133105,2026-07-31,0.00,16903
1129571,2026-07-31,0.00,16903
1130063,2026-07-31,1.17,16903
1130065,2026-07-31,0.97,16903
1130064,2026-07-31,0.62,16903
1132768,2026-07-31,1.57,16903
1132199,2026-07-31,1.18,16903
1133452,2026-07-31,0.83,16903
1132780,2026-07-31,0.79,16903
1132070,2026-07-31,0.79,16903
1132295,2026-07-31,0.79,16903
1132466,2026-07-31,0.79,16903
1135354,2026-07-31,0.77,16903
1131894,2026-07-31,0.40,16903
1132082,2026-07-31,0.40,16903
1132066,2026-07-31,0.40,16903
1132187,2026-07-31,0.39,16903
1133195,2026-07-31,0.39,16903
1133900,2026-07-31,0.39,16903
1132287,2026-07-31,0.20,16903
1132463,2026-07-31,0.20,16903
1133165,2026-07-31,0.20,16903
1120583,2026-07-31,3.94,4573
1126027,2026-07-31,3.31,4573
1128462,2026-07-31,2.13,4573
1128938,2026-07-31,2.06,4573
1133333,2026-07-31,1.67,4573
1120175,2026-07-31,1.66,4573
1113514,2026-07-31,1.66,4573
1124734,2026-07-31,1.66,4573
1132501,2026-07-31,1.65,4573
1130533,2026-07-31,1.63,4573
1132174,2026-07-31,1.57,4573
1124503,2026-07-31,1.32,4573
1131598,2026-07-31,1.26,4573
1123722,2026-07-31,1.24,4573
1131293,2026-07-31,1.08,4573
1130294,2026-07-31,1.03,4573
1130293,2026-07-31,1.03,4573
1131207,2026-07-31,1.02,4573
1126618,2026-07-31,0.84,4573
1121279,2026-07-31,0.83,4573
1128945,2026-07-31,0.83,4573
1126608,2026-07-31,0.83,4573
1122122,2026-07-31,0.83,4573
1120770,2026-07-31,0.83,4573
1124812,2026-07-31,0.83,4573
1127997,2026-07-31,0.83,4573
1135379,2026-07-31,0.83,4573
1135570,2026-07-31,0.83,4573
1109615,2026-07-31,0.83,4573
1129426,2026-07-31,0.82,4573
1129425,2026-07-31,0.82,4573
1125079,2026-07-31,0.67,4573
1129421,2026-07-31,0.46,4573
1129422,2026-07-31,0.46,4573
1129424,2026-07-31,0.46,4573
1124735,2026-07-31,0.42,4573
1122407,2026-07-31,0.42,4573
1124472,2026-07-31,0.42,4573
1123336,2026-07-31,0.42,4573
1123189,2026-07-31,0.42,4573
1121526,2026-07-31,0.42,4573
1123424,2026-07-31,0.41,4573
1135571,2026-07-31,0.41,4573
1128057,2026-07-31,0.41,4573
1132668,2026-07-31,0.41,4573
1127735,2026-07-31,0.41,4573
1108472,2026-07-31,0.33,4573
1131323,2026-07-31,0.21,4573
1118923,2026-07-31,0.21,4573
1120618,2026-07-31,0.20,4573
1123930,2026-07-31,0.17,4573
1121278,2026-07-31,0.08,4573
1121190,2026-07-31,0.08,4573
1129004,2026-07-31,0.06,4573
1129423,2026-07-31,0.05,4573
1120747,2026-07-31,0.04,4573
1125898,2026-07-31,0.04,4573
1108754,2026-07-31,0.02,4573
1120204,2026-07-31,0.01,4573
1118607,2026-07-31,0.01,4573
1119292,2026-07-31,0.01,4573
1130064,2026-07-31,1.69,4573
1124414,2026-07-31,0.95,4573
1128114,2026-07-31,0.60,4573
1124031,2026-07-31,0.41,4573
1130421,2026-07-31,0.41,4573
1125263,2026-07-31,0.36,4573
1124738,2026-07-31,0.36,4573
1123337,2026-07-31,0.14,4573
1125262,2026-07-31,0.04,4573
1120614,2026-07-31,0.01,4573
1130300,2026-07-31,3.56,4573
1132262,2026-07-31,4.16,4573
1133558,2026-07-31,1.67,4573
1127664,2026-07-31,1.66,4573
1132953,2026-07-31,1.63,4573
1132955,2026-07-31,1.52,4573
1071641,2026-07-31,0.84,4573
1124793,2026-07-31,0.83,4573
1132956,2026-07-31,0.02,4573
1100612,2026-07-31,0.01,4573
1132949,2026-07-31,3.98,4573
1132475,2026-07-31,3.60,4573
1132287,2026-07-31,2.80,4573
1132471,2026-07-31,2.40,4573
1134258,2026-07-31,2.07,4573
1132290,2026-07-31,2.00,4573
1133715,2026-07-31,1.99,4573
1132466,2026-07-31,1.60,4573
1133306,2026-07-31,1.39,4573
1132768,2026-07-31,1.19,4573
1135372,2026-07-31,0.78,4573
1134697,2026-07-31,0.40,4573
1132462,2026-07-31,0.40,4573
1132178,2026-07-31,0.40,4573
1133224,2026-07-31,0.40,4573
1133256,2026-07-31,0.40,4573
1133302,2026-07-31,0.40,4573
1131865,2026-07-31,0.20,4573
1132068,2026-07-31,0.16,4573
1131335,2026-07-31,0.81,4573
1132178,2026-07-31,2.17,3660
1132468,2026-07-31,1.73,3660
1132057,2026-07-31,1.30,3660
1132148,2026-07-31,1.30,3660
1131865,2026-07-31,1.09,3660
1132099,2026-07-31,0.87,3660
1132197,2026-07-31,0.87,3660
1133510,2026-07-31,0.86,3660
1133280,2026-07-31,0.86,3660
1134831,2026-07-31,0.44,3660
1132165,2026-07-31,0.43,3660
1132176,2026-07-31,0.43,3660
1130127,2026-07-31,0.22,3660
1132780,2026-07-31,0.22,3660
1132173,2026-07-31,0.22,3660
1130664,2026-07-31,0.09,3660
207979,2026-07-31,0.04,3660
1134201,2026-07-31,1.72,42062
1132721,2026-07-31,1.62,42062
1129788,2026-07-31,1.37,42062
1132852,2026-07-31,0.98,42062
1134455,2026-07-31,0.24,42062
1122623,2026-07-31,0.26,3644
207979,2026-07-31,0.01,3644
1129571,2026-07-31,10.22,1097
1117690,2026-07-31,2.64,1097
1088987,2026-07-31,0.39,1097
1092169,2026-07-31,0.38,1097
1037453,2026-07-31,0.01,1097
1066858,2026-07-31,0.01,1097
1124503,2026-07-31,5.38,1097
1127240,2026-07-31,4.85,1097
1129661,2026-07-31,3.98,1097
1113772,2026-07-31,2.70,1097
1093550,2026-07-31,2.17,1097
1134934,2026-07-31,2.17,1097
1134827,2026-07-31,2.17,1097
1126564,2026-07-31,2.15,1097
1088961,2026-07-31,2.04,1097
1131171,2026-07-31,1.91,1097
1132077,2026-07-31,1.87,1097
1124030,2026-07-31,1.83,1097
1118765,2026-07-31,1.62,1097
1126904,2026-07-31,1.35,1097
1130513,2026-07-31,1.33,1097
1120734,2026-07-31,1.25,1097
1134922,2026-07-31,1.24,1097
1121775,2026-07-31,1.08,1097
1092192,2026-07-31,1.08,1097
1115543,2026-07-31,1.08,1097
1132815,2026-07-31,1.07,1097
1129360,2026-07-31,1.07,1097
1135383,2026-07-31,0.97,1097
1123540,2026-07-31,0.81,1097
1073224,2026-07-31,0.81,1097
1126027,2026-07-31,0.81,1097
1130454,2026-07-31,0.80,1097
1133814,2026-07-31,0.80,1097
1130334,2026-07-31,0.80,1097
1088976,2026-07-31,0.77,1097
1128938,2026-07-31,0.70,1097
1122652,2026-07-31,0.54,1097
1120510,2026-07-31,0.54,1097
1127234,2026-07-31,0.54,1097
1112620,2026-07-31,0.54,1097
1127688,2026-07-31,0.54,1097
1127735,2026-07-31,0.53,1097
1129236,2026-07-31,0.53,1097
1128331,2026-07-31,0.53,1097
1129253,2026-07-31,0.53,1097
1129003,2026-07-31,0.48,1097
1093054,2026-07-31,0.27,1097
1123226,2026-07-31,0.27,1097
1117475,2026-07-31,0.27,1097
1127202,2026-07-31,0.27,1097
1125390,2026-07-31,0.27,1097
1127220,2026-07-31,0.27,1097
1126009,2026-07-31,0.27,1097
1130123,2026-07-31,0.27,1097
1130122,2026-07-31,0.27,1097
1128007,2026-07-31,0.27,1097
1120747,2026-07-31,0.16,1097
1115766,2026-07-31,0.16,1097
1133195,2026-07-31,2.84,1097
1134766,2026-07-31,1.63,1097
1132287,2026-07-31,1.61,1097
1133715,2026-07-31,1.55,1097
1133164,2026-07-31,1.55,1097
1135462,2026-07-31,1.55,1097
1131865,2026-07-31,1.05,1097
1132849,2026-07-31,1.04,1097
1132463,2026-07-31,1.04,1097
1133543,2026-07-31,1.03,1097
1134204,2026-07-31,15.30,1606
1127510,2026-07-31,14.75,1606
1129571,2026-07-31,9.54,1606
1122173,2026-07-31,8.62,1606
1129305,2026-07-31,3.19,1606
1129306,2026-07-31,3.10,1606
1130586,2026-07-31,2.79,1606
1129304,2026-07-31,2.66,1606
1132648,2026-07-31,2.44,1606
1126566,2026-07-31,2.35,1606
1130388,2026-07-31,2.23,1606
1129851,2026-07-31,2.19,1606
1126565,2026-07-31,1.91,1606
1129822,2026-07-31,1.88,1606
1129852,2026-07-31,1.86,1606
1100612,2026-07-31,1.85,1606
1123705,2026-07-31,1.51,1606
1130377,2026-07-31,1.40,1606
1129850,2026-07-31,1.12,1606
1130263,2026-07-31,1.12,1606
1130381,2026-07-31,1.10,1606
1130379,2026-07-31,1.06,1606
1130385,2026-07-31,1.00,1606
1130390,2026-07-31,1.00,1606
1127041,2026-07-31,0.92,1606
1131327,2026-07-31,0.91,1606
1131908,2026-07-31,0.88,1606
1132649,2026-07-31,0.84,1606
1126785,2026-07-31,0.81,1606
1130391,2026-07-31,0.80,1606
1135259,2026-07-31,0.70,1606
1130587,2026-07-31,0.60,1606
1129307,2026-07-31,0.59,1606
1133833,2026-07-31,0.58,1606
1130032,2026-07-31,0.58,1606
1129849,2026-07-31,0.54,1606
1123233,2026-07-31,0.46,1606
1130017,2026-07-31,0.42,1606
1130392,2026-07-31,0.31,1606
1126937,2026-07-31,0.29,1606
1133516,2026-07-31,0.22,1606
1130393,2026-07-31,0.18,1606
1125267,2026-07-31,0.12,1606
1130395,2026-07-31,0.11,1606
1108251,2026-07-31,0.03,1606
1129185,2026-07-31,0.02,1606
1121466,2026-07-31,0.00,1606
1125059,2026-07-31,0.00,1606
1122773,2026-07-31,0.00,1606
1127510,2026-07-31,3.29,8080
1134204,2026-07-31,2.31,8080
1122173,2026-07-31,1.86,8080
1129851,2026-07-31,1.37,8080
1129852,2026-07-31,1.12,8080
1126566,2026-07-31,0.55,8080
1132648,2026-07-31,0.50,8080
1129571,2026-07-31,0.46,8080
1126565,2026-07-31,0.38,8080
1127041,2026-07-31,0.31,8080
1132771,2026-07-31,0.28,8080
1126785,2026-07-31,0.26,8080
1129307,2026-07-31,0.24,8080
1130032,2026-07-31,0.19,8080
1123705,2026-07-31,0.08,8080
1130395,2026-07-31,0.07,8080
1126937,2026-07-31,0.06,8080
1100612,2026-07-31,0.02,8080
1129185,2026-07-31,0.00,8080
1108251,2026-07-31,0.00,8080
1126009,2026-07-31,4.24,8080
1127225,2026-07-31,3.67,8080
1122631,2026-07-31,3.40,8080
1128938,2026-07-31,2.81,8080
1133105,2026-07-31,2.53,8080
1119626,2026-07-31,2.51,8080
1123098,2026-07-31,2.27,8080
1132501,2026-07-31,2.25,8080
1114940,2026-07-31,2.08,8080
1117956,2026-07-31,1.73,8080
1124426,2026-07-31,1.69,8080
1132077,2026-07-31,1.68,8080
1086357,2026-07-31,1.44,8080
1117952,2026-07-31,1.42,8080
1117475,2026-07-31,1.42,8080
1125826,2026-07-31,1.41,8080
1118073,2026-07-31,1.41,8080
1066074,2026-07-31,1.41,8080
1124503,2026-07-31,1.41,8080
1064710,2026-07-31,1.39,8080
1086370,2026-07-31,1.22,8080
1083696,2026-07-31,1.16,8080
1117951,2026-07-31,1.14,8080
1127220,2026-07-31,1.13,8080
1126905,2026-07-31,1.13,8080
1135382,2026-07-31,1.12,8080
1129328,2026-07-31,1.12,8080
1127254,2026-07-31,1.12,8080
1124854,2026-07-31,1.02,8080
1070696,2026-07-31,0.96,8080
1102062,2026-07-31,0.91,8080
1123424,2026-07-31,0.91,8080
1134398,2026-07-31,0.90,8080
1090476,2026-07-31,0.88,8080
1127202,2026-07-31,0.85,8080
1133437,2026-07-31,0.85,8080
1125753,2026-07-31,0.85,8080
1117994,2026-07-31,0.76,8080
1133160,2026-07-31,0.73,8080
1122197,2026-07-31,0.71,8080
1115118,2026-07-31,0.62,8080
1078188,2026-07-31,0.61,8080
1090499,2026-07-31,0.59,8080
1119978,2026-07-31,0.57,8080
1122966,2026-07-31,0.57,8080
1122783,2026-07-31,0.57,8080
1117960,2026-07-31,0.57,8080
1115449,2026-07-31,0.57,8080
1134385,2026-07-31,0.57,8080
1068002,2026-07-31,0.57,8080
1135385,2026-07-31,0.56,8080
1121929,2026-07-31,0.56,8080
1065798,2026-07-31,0.40,8080
1089667,2026-07-31,0.29,8080
1088950,2026-07-31,0.29,8080
1122652,2026-07-31,0.28,8080
1117904,2026-07-31,0.28,8080
1063435,2026-07-31,0.28,8080
1071688,2026-07-31,0.28,8080
1125387,2026-07-31,0.28,8080
1100175,2026-07-31,0.28,8080
1130334,2026-07-31,0.28,8080
1135386,2026-07-31,0.27,8080
1077935,2026-07-31,0.23,8080
1110160,2026-07-31,0.17,8080
1129133,2026-07-31,0.17,8080
1062773,2026-07-31,0.06,8080
1119419,2026-07-31,0.03,8080
1130063,2026-07-31,2.24,8080
1130065,2026-07-31,1.67,8080
1124415,2026-07-31,0.81,8080
1125264,2026-07-31,0.32,8080
1124414,2026-07-31,0.26,8080
1125263,2026-07-31,0.23,8080
1125262,2026-07-31,0.01,8080
1132068,2026-07-31,1.10,8080
1133434,2026-07-31,1.08,8080
1131912,2026-07-31,0.55,8080
1132059,2026-07-31,0.55,8080
1132504,2026-07-31,0.55,8080
1133164,2026-07-31,0.54,8080
1133935,2026-07-31,0.54,8080
1132719,2026-07-31,1.13,41944
1132952,2026-07-31,1.13,41944
1132721,2026-07-31,0.57,41944
1134392,2026-07-31,0.40,41944
1100612,2026-07-31,4.24,1512
1130040,2026-07-31,2.38,1512
1132876,2026-07-31,2.36,1512
1134925,2026-07-31,1.81,1512
1108251,2026-07-31,1.48,1512
1132650,2026-07-31,1.19,1512
1133897,2026-07-31,0.93,1512
1120839,2026-07-31,0.90,1512
1132877,2026-07-31,0.84,1512
1130377,2026-07-31,0.59,1512
1131908,2026-07-31,0.46,1512
1132771,2026-07-31,0.27,1512
1131909,2026-07-31,0.05,1512
1134204,2026-07-31,0.01,1512
1126009,2026-07-31,3.31,1512
1133160,2026-07-31,3.08,1512
1115953,2026-07-31,2.96,1512
1127202,2026-07-31,2.66,1512
1127220,2026-07-31,2.66,1512
1127225,2026-07-31,2.36,1512
1135382,2026-07-31,2.35,1512
1124426,2026-07-31,2.24,1512
1133105,2026-07-31,2.00,1512
1122631,2026-07-31,1.78,1512
1120770,2026-07-31,1.78,1512
1134385,2026-07-31,1.78,1512
1134499,2026-07-31,1.77,1512
1128007,2026-07-31,1.75,1512
1115543,2026-07-31,1.66,1512
1124503,2026-07-31,1.59,1512
1128331,2026-07-31,1.58,1512
1131323,2026-07-31,1.49,1512
1125387,2026-07-31,1.47,1512
1132077,2026-07-31,1.45,1512
1131322,2026-07-31,1.45,1512
1126564,2026-07-31,1.42,1512
1135502,2026-07-31,1.19,1512
1129328,2026-07-31,1.05,1512
1121569,2026-07-31,1.04,1512
1064059,2026-07-31,1.01,1512
1120583,2026-07-31,1.01,1512
1126629,2026-07-31,0.95,1512
1131171,2026-07-31,0.93,1512
1123226,2026-07-31,0.89,1512
1120390,2026-07-31,0.89,1512
1120742,2026-07-31,0.89,1512
1124895,2026-07-31,0.89,1512
1132588,2026-07-31,0.87,1512
1129844,2026-07-31,0.82,1512
1130785,2026-07-31,0.79,1512
1120611,2026-07-31,0.71,1512
1115449,2026-07-31,0.71,1512
1126676,2026-07-31,0.59,1512
1063435,2026-07-31,0.59,1512
1135573,2026-07-31,0.59,1512
1132815,2026-07-31,0.59,1512
1132501,2026-07-31,0.59,1512
1130544,2026-07-31,0.53,1512
1066074,2026-07-31,0.47,1512
1127740,2026-07-31,0.47,1512
1128151,2026-07-31,0.43,1512
1132610,2026-07-31,0.41,1512
1130533,2026-07-31,0.35,1512
1076414,2026-07-31,0.30,1512
1134237,2026-07-31,0.30,1512
1125287,2026-07-31,0.30,1512
1062773,2026-07-31,0.30,1512
1128057,2026-07-31,0.29,1512
1102432,2026-07-31,0.29,1512
1130301,2026-07-31,0.26,1512
1077819,2026-07-31,0.12,1512
1077935,2026-07-31,0.12,1512
1130063,2026-07-31,2.05,1512
1130065,2026-07-31,2.03,1512
1125264,2026-07-31,0.51,1512
1124385,2026-07-31,0.37,1512
1125263,2026-07-31,0.35,1512
1123337,2026-07-31,0.18,1512
1125262,2026-07-31,0.02,1512
1132809,2026-07-31,1.14,1512
1133103,2026-07-31,1.13,1512
1133195,2026-07-31,1.13,1512
1132069,2026-07-31,0.57,1512
1132504,2026-07-31,0.57,1512
1071814,2026-07-31,7.38,45898
1070888,2026-07-31,4.45,45898
1071641,2026-07-31,4.43,45898
1084671,2026-07-31,3.32,45898
1071826,2026-07-31,3.04,45898
1075295,2026-07-31,2.49,45898
1071815,2026-07-31,2.47,45898
1071594,2026-07-31,2.37,45898
1108196,2026-07-31,2.14,45898
1070889,2026-07-31,2.06,45898
1070708,2026-07-31,1.80,45898
1107442,2026-07-31,1.17,45898
1069945,2026-07-31,1.11,45898
1069997,2026-07-31,1.02,45898
1069893,2026-07-31,1.02,45898
1110054,2026-07-31,1.02,45898
1099774,2026-07-31,0.96,45898
1110580,2026-07-31,0.93,45898
1107371,2026-07-31,0.86,45898
1099716,2026-07-31,0.72,45898
1108720,2026-07-31,0.71,45898
1108250,2026-07-31,0.68,45898
1070751,2026-07-31,0.68,45898
1110055,2026-07-31,0.68,45898
1095785,2026-07-31,0.66,45898
1111973,2026-07-31,0.62,45898
1108328,2026-07-31,0.61,45898
1108928,2026-07-31,0.56,45898
1099334,2026-07-31,0.53,45898
1127042,2026-07-31,0.43,45898
1108719,2026-07-31,0.43,45898
1111738,2026-07-31,0.43,45898
1069944,2026-07-31,0.38,45898
1112956,2026-07-31,0.37,45898
1069972,2026-07-31,0.37,45898
1068682,2026-07-31,0.32,45898
1113667,2026-07-31,0.31,45898
1099666,2026-07-31,0.29,45898
1108695,2026-07-31,0.28,45898
1069399,2026-07-31,0.27,45898
1105438,2026-07-31,0.25,45898
1112579,2026-07-31,0.25,45898
1111717,2026-07-31,0.25,45898
1109290,2026-07-31,0.25,45898
1069892,2026-07-31,0.25,45898
1112189,2026-07-31,0.25,45898
1113668,2026-07-31,0.25,45898
1094279,2026-07-31,0.19,45898
1071825,2026-07-31,0.18,45898
1080151,2026-07-31,0.12,45898
1065857,2026-07-31,0.12,45898
1064415,2026-07-31,0.12,45898
1130930,2026-07-31,0.12,45898
1130929,2026-07-31,0.12,45898
1131539,2026-07-31,0.12,45898
1066052,2026-07-31,0.10,45898
1090567,2026-07-31,0.06,45898
1104955,2026-07-31,0.06,45898
1108880,2026-07-31,0.06,45898
1113669,2026-07-31,0.06,45898
1092166,2026-07-31,0.06,45898
1065774,2026-07-31,0.06,45898
1063269,2026-07-31,0.05,45898
1114944,2026-07-31,0.04,45898
1065939,2026-07-31,0.04,45898
1110581,2026-07-31,0.03,45898
1070750,2026-07-31,0.01,45898
1122631,2026-07-31,8.15,45898
1070768,2026-07-31,6.11,45898
1068002,2026-07-31,4.27,45898
1099259,2026-07-31,3.82,45898
1070696,2026-07-31,3.06,45898
1068804,2026-07-31,2.44,45898
1107343,2026-07-31,2.09,45898
1070699,2026-07-31,1.98,45898
1067847,2026-07-31,1.50,45898
1113915,2026-07-31,1.06,45898
1065798,2026-07-31,0.92,45898
1071688,2026-07-31,0.79,45898
1010802,2026-07-31,0.38,45898
1067659,2026-07-31,0.31,45898
1068024,2026-07-31,0.31,45898
1068001,2026-07-31,0.31,45898
1064561,2026-07-31,0.26,45898
1005361,2026-07-31,0.25,45898
1064710,2026-07-31,0.14,45898
1005386,2026-07-31,0.12,45898
1018117,2026-07-31,0.12,45898
1063435,2026-07-31,0.06,45898
1116511,2026-07-31,3.77,8488
1134204,2026-07-31,3.47,8488
1132500,2026-07-31,3.42,8488
1128203,2026-07-31,2.47,8488
1128711,2026-07-31,2.18,8488
1135095,2026-07-31,2.00,8488
1134215,2026-07-31,1.97,8488
1133437,2026-07-31,1.88,8488
1135130,2026-07-31,1.87,8488
1132301,2026-07-31,1.81,8488
1123101,2026-07-31,1.75,8488
1127805,2026-07-31,1.55,8488
1120568,2026-07-31,1.26,8488
1096118,2026-07-31,1.26,8488
1122907,2026-07-31,1.25,8488
1134385,2026-07-31,1.25,8488
1123566,2026-07-31,1.25,8488
1125287,2026-07-31,1.25,8488
1134398,2026-07-31,1.25,8488
1135483,2026-07-31,1.25,8488
1135387,2026-07-31,1.25,8488
1130294,2026-07-31,1.24,8488
1130293,2026-07-31,1.18,8488
1127735,2026-07-31,1.12,8488
1123225,2026-07-31,1.09,8488
1128710,2026-07-31,1.08,8488
1125456,2026-07-31,1.06,8488
1127524,2026-07-31,1.06,8488
1127744,2026-07-31,0.99,8488
1134500,2026-07-31,0.95,8488
1124812,2026-07-31,0.94,8488
1135570,2026-07-31,0.94,8488
1129427,2026-07-31,0.92,8488
1133211,2026-07-31,0.87,8488
1130533,2026-07-31,0.86,8488
1120611,2026-07-31,0.80,8488
1135412,2026-07-31,0.76,8488
1131598,2026-07-31,0.69,8488
1125635,2026-07-31,0.69,8488
1130300,2026-07-31,0.67,8488
1115520,2026-07-31,0.63,8488
1126777,2026-07-31,0.63,8488
1122407,2026-07-31,0.63,8488
1126904,2026-07-31,0.63,8488
1111257,2026-07-31,0.63,8488
1132775,2026-07-31,0.62,8488
1130422,2026-07-31,0.62,8488
1128300,2026-07-31,0.62,8488
1127737,2026-07-31,0.62,8488
1129444,2026-07-31,0.61,8488
1133841,2026-07-31,0.57,8488
1128709,2026-07-31,0.56,8488
1135323,2026-07-31,0.50,8488
1108237,2026-07-31,0.49,8488
1129426,2026-07-31,0.49,8488
1127623,2026-07-31,0.44,8488
1129422,2026-07-31,0.37,8488
1113543,2026-07-31,0.32,8488
1120734,2026-07-31,0.32,8488
1093550,2026-07-31,0.31,8488
1123453,2026-07-31,0.31,8488
1125743,2026-07-31,0.31,8488
1122631,2026-07-31,0.31,8488
1123098,2026-07-31,0.31,8488
1127202,2026-07-31,0.31,8488
1113772,2026-07-31,0.31,8488
1073224,2026-07-31,0.31,8488
1126697,2026-07-31,0.31,8488
1116788,2026-07-31,0.31,8488
1127214,2026-07-31,0.31,8488
1071688,2026-07-31,0.31,8488
1134438,2026-07-31,0.31,8488
1134417,2026-07-31,0.31,8488
1127835,2026-07-31,0.31,8488
1130334,2026-07-31,0.31,8488
1128182,2026-07-31,0.31,8488
1125081,2026-07-31,0.26,8488
1124921,2026-07-31,0.25,8488
1128295,2026-07-31,0.25,8488
1129421,2026-07-31,0.25,8488
1133017,2026-07-31,0.25,8488
1130454,2026-07-31,0.25,8488
1129424,2026-07-31,0.25,8488
1129423,2026-07-31,0.25,8488
1130996,2026-07-31,0.25,8488
1128479,2026-07-31,0.21,8488
1127919,2026-07-31,0.21,8488
1108729,2026-07-31,0.20,8488
1124472,2026-07-31,0.19,8488
1127688,2026-07-31,0.19,8488
1123475,2026-07-31,0.17,8488
1100612,2026-07-31,0.15,8488
1124331,2026-07-31,0.13,8488
1131946,2026-07-31,0.13,8488
1105152,2026-07-31,0.13,8488
1126149,2026-07-31,0.13,8488
1119324,2026-07-31,0.13,8488
1130123,2026-07-31,0.12,8488
1132990,2026-07-31,0.12,8488
1124332,2026-07-31,0.12,8488
1130514,2026-07-31,0.08,8488
1020229,2026-07-31,0.07,8488
1119536,2026-07-31,0.06,8488
1085721,2026-07-31,0.06,8488
1074613,2026-07-31,0.06,8488
1120560,2026-07-31,0.06,8488
1121378,2026-07-31,0.06,8488
1126009,2026-07-31,0.06,8488
1134433,2026-07-31,0.06,8488
1124734,2026-07-31,0.06,8488
1131721,2026-07-31,0.06,8488
1101767,2026-07-31,0.06,8488
1131207,2026-07-31,0.06,8488
1122623,2026-07-31,0.06,8488
1121882,2026-07-31,0.06,8488
1108329,2026-07-31,0.06,8488
1135500,2026-07-31,0.05,8488
1105372,2026-07-31,0.05,8488
1115449,2026-07-31,0.05,8488
1121057,2026-07-31,0.05,8488
1129254,2026-07-31,0.05,8488
1131725,2026-07-31,0.05,8488
1119309,2026-07-31,0.05,8488
1116706,2026-07-31,0.04,8488
1125792,2026-07-31,0.04,8488
1127996,2026-07-31,0.04,8488
1121839,2026-07-31,0.04,8488
1122173,2026-07-31,0.04,8488
1112784,2026-07-31,0.03,8488
1113513,2026-07-31,0.03,8488
1117690,2026-07-31,0.03,8488
1111219,2026-07-31,0.03,8488
1066858,2026-07-31,0.03,8488
1032969,2026-07-31,0.03,8488
1086821,2026-07-31,0.03,8488
1105524,2026-07-31,0.03,8488
1067923,2026-07-31,0.03,8488
1120390,2026-07-31,0.03,8488
1120742,2026-07-31,0.03,8488
1122348,2026-07-31,0.03,8488
1068002,2026-07-31,0.02,8488
1107409,2026-07-31,0.02,8488
1121567,2026-07-31,0.02,8488
1122033,2026-07-31,0.02,8488
1125059,2026-07-31,0.02,8488
1124637,2026-07-31,0.02,8488
1129185,2026-07-31,0.01,8488
1115780,2026-07-31,0.01,8488
1095211,2026-07-31,0.01,8488
1123163,2026-07-31,0.01,8488
1062366,2026-07-31,0.01,8488
1123424,2026-07-31,0.01,8488
1068682,2026-07-31,0.01,8488
1116898,2026-07-31,0.01,8488
1028206,2026-07-31,0.00,8488
1118108,2026-07-31,0.00,8488
1047145,2026-07-31,0.00,8488
1127545,2026-07-31,0.00,8488
1040396,2026-07-31,0.00,8488
1130085,2026-07-31,0.00,8488
1098746,2026-07-31,0.00,8488
1041653,2026-07-31,0.00,8488
1125076,2026-07-31,0.94,8488
1130063,2026-07-31,2.61,8488
1130065,2026-07-31,1.44,8488
1124415,2026-07-31,1.38,8488
1130064,2026-07-31,0.90,8488
1125264,2026-07-31,0.59,8488
1127710,2026-07-31,0.42,8488
1125263,2026-07-31,0.36,8488
1124414,2026-07-31,0.24,8488
1123337,2026-07-31,0.19,8488
1120896,2026-07-31,0.08,8488
1131042,2026-07-31,1.22,8488
1133103,2026-07-31,1.20,8488
1131054,2026-07-31,0.61,8488
1131546,2026-07-31,0.61,8488
1134697,2026-07-31,0.61,8488
1131865,2026-07-31,0.61,8488
1135354,2026-07-31,0.59,8488
1134831,2026-07-31,0.30,8488
1132059,2026-07-31,0.30,8488
1132287,2026-07-31,0.30,8488
1132199,2026-07-31,0.12,8488
1132500,2026-07-31,3.85,36744
1130334,2026-07-31,3.50,36744
1134204,2026-07-31,3.38,36744
1126027,2026-07-31,2.58,36744
1135130,2026-07-31,2.58,36744
1134398,2026-07-31,2.58,36744
1131207,2026-07-31,2.41,36744
1119978,2026-07-31,2.41,36744
1116511,2026-07-31,2.40,36744
1134500,2026-07-31,1.97,36744
1126009,2026-07-31,1.87,36744
1089019,2026-07-31,1.72,36744
1134215,2026-07-31,1.71,36744
1131202,2026-07-31,1.70,36744
1124503,2026-07-31,1.61,36744
1116285,2026-07-31,1.57,36744
1135095,2026-07-31,1.49,36744
1123405,2026-07-31,1.38,36744
1096118,2026-07-31,1.30,36744
1127202,2026-07-31,1.29,36744
1126629,2026-07-31,1.29,36744
1125287,2026-07-31,1.29,36744
1135387,2026-07-31,1.29,36744
1130422,2026-07-31,1.28,36744
1130514,2026-07-31,1.28,36744
1128331,2026-07-31,1.28,36744
1131598,2026-07-31,1.28,36744
1131171,2026-07-31,1.27,36744
1115629,2026-07-31,0.99,36744
1116498,2026-07-31,0.98,36744
1123540,2026-07-31,0.97,36744
1127240,2026-07-31,0.97,36744
1127805,2026-07-31,0.96,36744
1133714,2026-07-31,0.96,36744
1130533,2026-07-31,0.95,36744
1127737,2026-07-31,0.95,36744
1104242,2026-07-31,0.94,36744
1129185,2026-07-31,0.94,36744
1115449,2026-07-31,0.85,36744
1135271,2026-07-31,0.80,36744
1135323,2026-07-31,0.77,36744
1129661,2026-07-31,0.76,36744
1135412,2026-07-31,0.71,36744
1128709,2026-07-31,0.70,36744
1120568,2026-07-31,0.65,36744
1116350,2026-07-31,0.65,36744
1126777,2026-07-31,0.65,36744
1133211,2026-07-31,0.65,36744
1135483,2026-07-31,0.64,36744
1130602,2026-07-31,0.64,36744
1128290,2026-07-31,0.64,36744
1133017,2026-07-31,0.64,36744
1132860,2026-07-31,0.64,36744
1128203,2026-07-31,0.64,36744
1128182,2026-07-31,0.63,36744
1117690,2026-07-31,0.63,36744
1123368,2026-07-31,0.58,36744
1127744,2026-07-31,0.58,36744
1119288,2026-07-31,0.47,36744
1116516,2026-07-31,0.46,36744
1108237,2026-07-31,0.45,36744
1088938,2026-07-31,0.40,36744
1127735,2026-07-31,0.38,36744
1116010,2026-07-31,0.33,36744
1120734,2026-07-31,0.33,36744
1093550,2026-07-31,0.33,36744
1118393,2026-07-31,0.32,36744
1120972,2026-07-31,0.32,36744
1126149,2026-07-31,0.32,36744
1133674,2026-07-31,0.32,36744
1116115,2026-07-31,0.32,36744
1111257,2026-07-31,0.32,36744
1121569,2026-07-31,0.32,36744
1124660,2026-07-31,0.32,36744
1127514,2026-07-31,0.32,36744
1126564,2026-07-31,0.32,36744
1130158,2026-07-31,0.32,36744
1132077,2026-07-31,0.32,36744
1127468,2026-07-31,0.32,36744
1127254,2026-07-31,0.32,36744
1110124,2026-07-31,0.32,36744
1129571,2026-07-31,0.31,36744
1128056,2026-07-31,0.31,36744
1107148,2026-07-31,0.31,36744
1114073,2026-07-31,0.30,36744
1112620,2026-07-31,0.26,36744
1122369,2026-07-31,0.26,36744
1116032,2026-07-31,0.22,36744
1123069,2026-07-31,0.21,36744
1088008,2026-07-31,0.20,36744
1124405,2026-07-31,0.19,36744
1117475,2026-07-31,0.19,36744
1121064,2026-07-31,0.19,36744
1121225,2026-07-31,0.13,36744
1115118,2026-07-31,0.13,36744
1124333,2026-07-31,0.13,36744
1127225,2026-07-31,0.13,36744
1127835,2026-07-31,0.13,36744
1125022,2026-07-31,0.13,36744
1123474,2026-07-31,0.12,36744
1123336,2026-07-31,0.11,36744
1118108,2026-07-31,0.07,36744
1080148,2026-07-31,0.07,36744
1123098,2026-07-31,0.06,36744
1124189,2026-07-31,0.06,36744
1121055,2026-07-31,0.06,36744
1116706,2026-07-31,0.06,36744
1117677,2026-07-31,0.06,36744
1119536,2026-07-31,0.05,36744
1124518,2026-07-31,0.03,36744
1124923,2026-07-31,0.03,36744
1123118,2026-07-31,0.03,36744
1113543,2026-07-31,0.02,36744
1119309,2026-07-31,0.02,36744
1110546,2026-07-31,0.02,36744
1129254,2026-07-31,0.01,36744
1131723,2026-07-31,0.01,36744
1127259,2026-07-31,0.01,36744
1132652,2026-07-31,0.00,36744
1122033,2026-07-31,0.00,36744
1130063,2026-07-31,2.46,36744
1130065,2026-07-31,1.70,36744
1124415,2026-07-31,1.12,36744
1130064,2026-07-31,0.69,36744
1125264,2026-07-31,0.61,36744
1124414,2026-07-31,0.19,36744
1125263,2026-07-31,0.16,36744
1117765,2026-07-31,1.59,14561
1117182,2026-07-31,1.45,14561
1108268,2026-07-31,1.32,14561
1117058,2026-07-31,0.99,14561
1123292,2026-07-31,0.66,14561
1117726,2026-07-31,0.66,14561
1123677,2026-07-31,0.66,14561
1061167,2026-07-31,0.33,14561
1134693,2026-07-31,2.63,14561
1134407,2026-07-31,1.98,14561
1134970,2026-07-31,1.97,14561
1134971,2026-07-31,1.97,14561
1134445,2026-07-31,1.32,14561
1134686,2026-07-31,1.31,14561
1134738,2026-07-31,1.31,14561
1134809,2026-07-31,1.31,14561
1134755,2026-07-31,1.31,14561
1134916,2026-07-31,1.31,14561
1134822,2026-07-31,1.31,14561
1135077,2026-07-31,1.31,14561
1135093,2026-07-31,1.31,14561
1135337,2026-07-31,1.31,14561
1135331,2026-07-31,1.31,14561
1134517,2026-07-31,0.99,14561
1134802,2026-07-31,0.98,14561
1135167,2026-07-31,0.98,14561
1135168,2026-07-31,0.98,14561
1135158,2026-07-31,0.98,14561
1135203,2026-07-31,0.98,14561
1134233,2026-07-31,0.66,14561
1134241,2026-07-31,0.66,14561
1134242,2026-07-31,0.66,14561
1134478,2026-07-31,0.66,14561
1134414,2026-07-31,0.66,14561
1134412,2026-07-31,0.66,14561
1134441,2026-07-31,0.66,14561
1134972,2026-07-31,0.66,14561
1134752,2026-07-31,0.66,14561
1134691,2026-07-31,0.66,14561
1134896,2026-07-31,0.66,14561
1134945,2026-07-31,0.66,14561
1135065,2026-07-31,0.66,14561
1135124,2026-07-31,0.66,14561
1130273,2026-07-31,0.65,14561
1133733,2026-07-31,0.65,14561
1135590,2026-07-31,0.65,14561
1135594,2026-07-31,0.65,14561
1135591,2026-07-31,0.65,14561
1134240,2026-07-31,0.33,14561
1134756,2026-07-31,0.33,14561
1131943,2026-07-31,0.33,14561
1129994,2026-07-31,4.92,14561
1135059,2026-07-31,3.28,14561
1134878,2026-07-31,2.63,14561
1134684,2026-07-31,1.97,14561
1135069,2026-07-31,1.97,14561
1134304,2026-07-31,1.32,14561
1133130,2026-07-31,1.31,14561
1133349,2026-07-31,1.31,14561
1135171,2026-07-31,1.31,14561
1135325,2026-07-31,1.31,14561
1135326,2026-07-31,1.31,14561
1135499,2026-07-31,1.31,14561
1134775,2026-07-31,0.99,14561
1130664,2026-07-31,0.66,14561
1134770,2026-07-31,0.66,14561
1134967,2026-07-31,0.66,14561
1134969,2026-07-31,0.66,14561
1133401,2026-07-31,0.66,14561
1130447,2026-07-31,0.66,14561
1135484,2026-07-31,0.65,14561
1134386,2026-07-31,0.33,14561
1135054,2026-07-31,4.27,14561
1134392,2026-07-31,3.30,14561
1134455,2026-07-31,3.29,14561
1134205,2026-07-31,2.64,14561
1134694,2026-07-31,1.97,14561
1135544,2026-07-31,1.50,14561
1135504,2026-07-31,1.31,14561
1134201,2026-07-31,0.40,14561
1064412,2026-07-31,1.34,621
1063269,2026-07-31,1.15,621
1111028,2026-07-31,0.37,621
1133438,2026-07-31,4.09,621
1132504,2026-07-31,3.09,621
1133164,2026-07-31,3.07,621
1132475,2026-07-31,2.06,621
1133135,2026-07-31,2.05,621
1134791,2026-07-31,1.73,621
1132057,2026-07-31,1.72,621
1132178,2026-07-31,1.72,621
1133165,2026-07-31,1.71,621
1133103,2026-07-31,1.71,621
1132466,2026-07-31,1.37,621
1132290,2026-07-31,1.37,621
1132744,2026-07-31,1.37,621
1134787,2026-07-31,1.37,621
1132671,2026-07-31,1.37,621
1132807,2026-07-31,1.37,621
1133279,2026-07-31,1.37,621
1133137,2026-07-31,1.36,621
1133306,2026-07-31,1.36,621
1135389,2026-07-31,1.34,621
1135354,2026-07-31,1.34,621
1132203,2026-07-31,1.17,621
1131694,2026-07-31,1.04,621
1132062,2026-07-31,1.04,621
1132068,2026-07-31,1.03,621
1132434,2026-07-31,1.03,621
1132768,2026-07-31,1.03,621
1135058,2026-07-31,1.03,621
1135180,2026-07-31,0.70,621
1130913,2026-07-31,0.70,621
1131054,2026-07-31,0.70,621
1131894,2026-07-31,0.69,621
1132808,2026-07-31,0.69,621
1131865,2026-07-31,0.69,621
1131892,2026-07-31,0.69,621
1132462,2026-07-31,0.69,621
1131830,2026-07-31,0.69,621
1132070,2026-07-31,0.69,621
1132067,2026-07-31,0.69,621
1132672,2026-07-31,0.68,621
1133104,2026-07-31,0.68,621
1133162,2026-07-31,0.68,621
1133195,2026-07-31,0.68,621
1133101,2026-07-31,0.68,621
1134790,2026-07-31,0.67,621
1135355,2026-07-31,0.67,621
1133874,2026-07-31,0.62,621
1133302,2026-07-31,0.61,621
1131042,2026-07-31,0.35,621
1134697,2026-07-31,0.35,621
1132468,2026-07-31,0.34,621
1133136,2026-07-31,0.34,621
1133131,2026-07-31,0.34,621
1133089,2026-07-31,0.34,621
1133166,2026-07-31,2.39,621
1133435,2026-07-31,2.05,621
1133588,2026-07-31,2.05,621
1131100,2026-07-31,1.40,621
1132256,2026-07-31,1.37,621
1132666,2026-07-31,1.37,621
1132813,2026-07-31,1.36,621
1133904,2026-07-31,1.36,621
1133312,2026-07-31,1.35,621
1132200,2026-07-31,1.03,621
1133201,2026-07-31,1.02,621
1133202,2026-07-31,1.02,621
1133514,2026-07-31,1.02,621
1132204,2026-07-31,0.69,621
1132201,2026-07-31,0.69,621
1132223,2026-07-31,0.68,621
1132578,2026-07-31,0.68,621
1132517,2026-07-31,0.68,621
1132812,2026-07-31,0.68,621
1130736,2026-07-31,0.35,621
1134408,2026-07-31,2.87,621
1131637,2026-07-31,2.09,621
1135392,2026-07-31,1.40,621
1131305,2026-07-31,1.40,621
1135552,2026-07-31,1.38,621
1131636,2026-07-31,1.05,621
1132753,2026-07-31,0.69,621
1133107,2026-07-31,0.69,621
1108505,2026-07-31,1.43,38735
1117474,2026-07-31,0.71,38735
1135141,2026-07-31,3.89,38735
1134772,2026-07-31,3.54,38735
1135109,2026-07-31,3.54,38735
1130048,2026-07-31,2.83,38735
1133349,2026-07-31,2.83,38735
1134424,2026-07-31,2.13,38735
1135069,2026-07-31,2.12,38735
1134203,2026-07-31,1.78,38735
1133401,2026-07-31,1.77,38735
1133130,2026-07-31,1.42,38735
1129994,2026-07-31,1.42,38735
1131311,2026-07-31,1.42,38735
1133600,2026-07-31,1.06,38735
1130416,2026-07-31,1.06,38735
1134386,2026-07-31,0.71,38735
1134700,2026-07-31,0.71,38735
1134687,2026-07-31,0.71,38735
1134706,2026-07-31,0.71,38735
1133350,2026-07-31,0.71,38735
1129599,2026-07-31,0.36,38735
1134416,2026-07-31,0.36,38735
1134757,2026-07-31,3.54,38735
1134689,2026-07-31,3.54,38735
1135158,2026-07-31,3.53,38735
1134484,2026-07-31,3.19,38735
1135124,2026-07-31,3.18,38735
1134692,2026-07-31,2.83,38735
1134693,2026-07-31,2.83,38735
1130273,2026-07-31,2.12,38735
1134206,2026-07-31,1.77,38735
1134426,2026-07-31,1.42,38735
1134485,2026-07-31,1.42,38735
1134690,2026-07-31,1.42,38735
1134691,2026-07-31,1.42,38735
1135163,2026-07-31,1.41,38735
1135065,2026-07-31,1.41,38735
1135568,2026-07-31,1.41,38735
1133733,2026-07-31,1.41,38735
1135531,2026-07-31,1.41,38735
1135497,2026-07-31,1.41,38735
1134486,2026-07-31,0.71,38735
1135400,2026-07-31,0.71,38735
1134200,2026-07-31,0.36,38735
1131944,2026-07-31,0.35,38735
1135341,2026-07-31,4.16,38735
1135322,2026-07-31,2.33,38735
1134694,2026-07-31,1.42,38735
1135504,2026-07-31,1.41,38735
1129821,2026-07-31,0.28,38735
1134455,2026-07-31,0.21,38735
1133437,2026-07-31,0.72,7143
1127514,2026-07-31,0.71,7143
1121856,2026-07-31,0.36,7143
1134384,2026-07-31,0.36,7143
1134680,2026-07-31,0.36,7143
1126676,2026-07-31,0.36,7143
1134433,2026-07-31,0.36,7143
1134438,2026-07-31,0.36,7143
1126492,2026-07-31,0.35,7143
1130454,2026-07-31,0.35,7143
1131171,2026-07-31,0.35,7143
1127736,2026-07-31,0.35,7143
1134816,2026-07-31,0.34,7143
1129571,2026-07-31,1.18,7143
1133405,2026-07-31,0.36,7143
1132766,2026-07-31,0.36,7143
1129185,2026-07-31,0.35,7143
1127259,2026-07-31,0.35,7143
1122173,2026-07-31,0.35,7143
1129221,2026-07-31,0.35,7143
1133101,2026-07-31,0.34,7143
1119536,2026-07-31,0.30,7143
1132741,2026-07-31,0.14,7143
1135500,2026-07-31,0.14,7143
1132736,2026-07-31,0.11,7143
1122033,2026-07-31,0.07,7143
1133589,2026-07-31,0.07,7143
1133394,2026-07-31,0.05,7143
1127510,2026-07-31,0.00,7143
207979,2026-07-31,0.01,7143
1058409,2026-07-31,1.84,5926
1117876,2026-07-31,1.10,5926
1057878,2026-07-31,0.37,5926
1134767,2026-07-31,3.66,5926
1133349,2026-07-31,3.29,5926
1134768,2026-07-31,2.93,5926
1130447,2026-07-31,2.92,5926
1134769,2026-07-31,2.20,5926
1129994,2026-07-31,2.19,5926
1130416,2026-07-31,2.19,5926
1134437,2026-07-31,1.47,5926
1134770,2026-07-31,1.46,5926
1135057,2026-07-31,1.46,5926
1135340,2026-07-31,1.45,5926
1130567,2026-07-31,1.45,5926
1135484,2026-07-31,1.45,5926
1130048,2026-07-31,0.73,5926
1135342,2026-07-31,0.73,5926
1134861,2026-07-31,0.37,5926
1135059,2026-07-31,0.37,5926
1134410,2026-07-31,0.29,5926
1134761,2026-07-31,3.65,5926
1135120,2026-07-31,3.65,5926
1134762,2026-07-31,2.93,5926
1135185,2026-07-31,2.93,5926
1135105,2026-07-31,2.92,5926
1135093,2026-07-31,2.92,5926
1135124,2026-07-31,2.92,5926
1131943,2026-07-31,2.55,5926
1134472,2026-07-31,1.83,5926
1134211,2026-07-31,1.47,5926
1134412,2026-07-31,1.47,5926
1134763,2026-07-31,1.46,5926
1134756,2026-07-31,1.46,5926
1134809,2026-07-31,1.46,5926
1134764,2026-07-31,1.46,5926
1134755,2026-07-31,1.46,5926
1135071,2026-07-31,1.46,5926
1134765,2026-07-31,1.46,5926
1135126,2026-07-31,1.46,5926
1135119,2026-07-31,1.46,5926
1135339,2026-07-31,1.46,5926
1135336,2026-07-31,1.46,5926
1135343,2026-07-31,1.46,5926
1135541,2026-07-31,1.45,5926
1134473,2026-07-31,1.10,5926
1135127,2026-07-31,1.09,5926
1135344,2026-07-31,0.73,5926
1134426,2026-07-31,0.73,5926
1135345,2026-07-31,0.73,5926
1135190,2026-07-31,0.73,5926
1135158,2026-07-31,0.73,5926
1135159,2026-07-31,0.73,5926
1134214,2026-07-31,0.37,5926
1134738,2026-07-31,0.37,5926
1134689,2026-07-31,0.37,5926
1135085,2026-07-31,3.65,5926
1135054,2026-07-31,2.56,5926
1135322,2026-07-31,0.88,5926
1134205,2026-07-31,0.22,5926
1134433,2026-07-31,0.74,3437
1127254,2026-07-31,0.73,3437
1130334,2026-07-31,0.73,3437
1134816,2026-07-31,0.69,3437
1128463,2026-07-31,0.66,3437
1135408,2026-07-31,0.55,3437
1120734,2026-07-31,0.37,3437
1121775,2026-07-31,0.37,3437
1134384,2026-07-31,0.37,3437
1121061,2026-07-31,0.37,3437
1114906,2026-07-31,0.37,3437
1129337,2026-07-31,0.37,3437
1126676,2026-07-31,0.37,3437
1127514,2026-07-31,0.37,3437
1126564,2026-07-31,0.37,3437
1135483,2026-07-31,0.37,3437
1134438,2026-07-31,0.37,3437
1129777,2026-07-31,0.37,3437
1128175,2026-07-31,0.37,3437
1130454,2026-07-31,0.37,3437
1129253,2026-07-31,0.37,3437
1128007,2026-07-31,0.37,3437
1127736,2026-07-31,0.36,3437
1132077,2026-07-31,0.34,3437
1093548,2026-07-31,0.23,3437
1128915,2026-07-31,0.22,3437
1132147,2026-07-31,0.22,3437
1108608,2026-07-31,0.12,3437
1128263,2026-07-31,0.07,3437
1128737,2026-07-31,0.07,3437
1124518,2026-07-31,0.01,3437
1068002,2026-07-31,0.01,3437
1015025,2026-07-31,0.00,3437
1062417,2026-07-31,0.00,3437
1135570,2026-07-31,0.37,3437
1124414,2026-07-31,0.21,3437
1129571,2026-07-31,1.33,3437
1127510,2026-07-31,1.22,3437
1130514,2026-07-31,0.74,3437
1131587,2026-07-31,0.72,3437
1128894,2026-07-31,0.71,3437
1132589,2026-07-31,0.60,3437
1135500,2026-07-31,0.53,3437
1129185,2026-07-31,0.50,3437
1128978,2026-07-31,0.48,3437
1132766,2026-07-31,0.37,3437
1132741,2026-07-31,0.37,3437
1132492,2026-07-31,0.37,3437
1130643,2026-07-31,0.37,3437
1129736,2026-07-31,0.36,3437
1133900,2026-07-31,0.35,3437
1129307,2026-07-31,0.35,3437
1134790,2026-07-31,0.35,3437
1133589,2026-07-31,0.23,3437
1132742,2026-07-31,0.20,3437
1127041,2026-07-31,0.18,3437
1133585,2026-07-31,0.15,3437
1133596,2026-07-31,0.15,3437
1133597,2026-07-31,0.15,3437
1118108,2026-07-31,0.08,3437
1133591,2026-07-31,0.08,3437
1133394,2026-07-31,0.05,3437
1127261,2026-07-31,0.03,3437
1129254,2026-07-31,0.02,3437
1095006,2026-07-31,0.01,3437
1126837,2026-07-31,0.01,3437
1122226,2026-07-31,0.00,3437
1012264,2026-07-31,0.12,3437
207979,2026-07-31,0.03,3437
1012264,2026-07-31,0.11,16672
207979,2026-07-31,0.02,16672
1120583,2026-07-31,9.51,41798
1132220,2026-07-31,2.34,41798
1123956,2026-07-31,1.96,41798
1128945,2026-07-31,1.58,41798
1133886,2026-07-31,1.57,41798
1134456,2026-07-31,1.57,41798
1129015,2026-07-31,1.25,41798
1064711,2026-07-31,1.18,41798
1133106,2026-07-31,1.17,41798
1133475,2026-07-31,1.17,41798
1127214,2026-07-31,0.94,41798
1135540,2026-07-31,0.88,41798
1129362,2026-07-31,0.78,41798
1133985,2026-07-31,0.71,41798
1126232,2026-07-31,0.71,41798
1131699,2026-07-31,0.55,41798
1130589,2026-07-31,0.47,41798
1119054,2026-07-31,0.39,41798
1132174,2026-07-31,0.08,41798
1132614,2026-07-31,2.00,41798
1131865,2026-07-31,7.64,41798
1132738,2026-07-31,5.36,41798
1130905,2026-07-31,4.93,41798
1134455,2026-07-31,4.69,41798
1132952,2026-07-31,3.91,41798
1131301,2026-07-31,3.83,41798
1135487,2026-07-31,3.82,41798
1135372,2026-07-31,3.69,41798
1133099,2026-07-31,3.39,41798
1133577,2026-07-31,3.36,41798
1133578,2026-07-31,2.99,41798
1130984,2026-07-31,2.69,41798
1133398,2026-07-31,2.33,41798
1135268,2026-07-31,2.27,41798
1132468,2026-07-31,2.27,41798
1134201,2026-07-31,1.57,41798
1130985,2026-07-31,1.54,41798
1132205,2026-07-31,1.51,41798
1132454,2026-07-31,1.50,41798
1130975,2026-07-31,0.77,41798
1132619,2026-07-31,0.75,41798
1132555,2026-07-31,0.38,41798
1134205,2026-07-31,0.16,41798
1134204,2026-07-31,4.30,12456
1130263,2026-07-31,0.79,12456
1130377,2026-07-31,0.79,12456
1130927,2026-07-31,0.78,12456
1127510,2026-07-31,0.72,12456
1130397,2026-07-31,0.62,12456
1129571,2026-07-31,0.54,12456
1131285,2026-07-31,0.54,12456
1120839,2026-07-31,0.40,12456
1130928,2026-07-31,0.38,12456
1122173,2026-07-31,0.35,12456
1131327,2026-07-31,0.32,12456
1131908,2026-07-31,0.31,12456
1126565,2026-07-31,0.31,12456
1131326,2026-07-31,0.30,12456
1130017,2026-07-31,0.30,12456
1126566,2026-07-31,0.25,12456
1130388,2026-07-31,0.24,12456
1126785,2026-07-31,0.16,12456
1130395,2026-07-31,0.05,12456
1126937,2026-07-31,0.04,12456
1131585,2026-07-31,0.02,12456
1130398,2026-07-31,0.01,12456
1126608,2026-07-31,3.18,12456
1130584,2026-07-31,3.17,12456
1130344,2026-07-31,3.15,12456
1135256,2026-07-31,3.13,12456
1126244,2026-07-31,2.94,12456
1132220,2026-07-31,2.76,12456
1121190,2026-07-31,2.38,12456
1135574,2026-07-31,2.38,12456
1134357,2026-07-31,2.35,12456
1127333,2026-07-31,1.98,12456
1118363,2026-07-31,1.74,12456
1135257,2026-07-31,1.59,12456
1128443,2026-07-31,1.59,12456
1128854,2026-07-31,1.59,12456
1129845,2026-07-31,1.59,12456
1119637,2026-07-31,1.58,12456
1127240,2026-07-31,1.58,12456
1125125,2026-07-31,1.58,12456
1132198,2026-07-31,1.58,12456
1113080,2026-07-31,1.53,12456
1127307,2026-07-31,1.50,12456
1128619,2026-07-31,1.20,12456
1134310,2026-07-31,1.18,12456
1131171,2026-07-31,1.17,12456
1123266,2026-07-31,1.11,12456
1126009,2026-07-31,1.03,12456
1122455,2026-07-31,1.01,12456
1121423,2026-07-31,0.95,12456
1134500,2026-07-31,0.81,12456
1122734,2026-07-31,0.80,12456
1128945,2026-07-31,0.80,12456
1125874,2026-07-31,0.79,12456
1124876,2026-07-31,0.79,12456
1127202,2026-07-31,0.79,12456
1119402,2026-07-31,0.79,12456
1130345,2026-07-31,0.79,12456
1121931,2026-07-31,0.79,12456
1118405,2026-07-31,0.78,12456
1118612,2026-07-31,0.78,12456
1125875,2026-07-31,0.76,12456
1124471,2026-07-31,0.63,12456
1102062,2026-07-31,0.63,12456
1121565,2026-07-31,0.55,12456
1121566,2026-07-31,0.55,12456
1126177,2026-07-31,0.48,12456
1134696,2026-07-31,0.47,12456
1121874,2026-07-31,0.43,12456
1121873,2026-07-31,0.43,12456
1134358,2026-07-31,0.40,12456
1134456,2026-07-31,0.40,12456
1126391,2026-07-31,0.40,12456
1124426,2026-07-31,0.39,12456
1130294,2026-07-31,0.39,12456
1130293,2026-07-31,0.39,12456
1132860,2026-07-31,0.39,12456
1119235,2026-07-31,0.32,12456
1110058,2026-07-31,0.30,12456
1121278,2026-07-31,0.24,12456
1124503,2026-07-31,0.16,12456
1129421,2026-07-31,0.10,12456
1129424,2026-07-31,0.10,12456
1129423,2026-07-31,0.10,12456
1129422,2026-07-31,0.08,12456
1067847,2026-07-31,0.01,12456
1130300,2026-07-31,3.91,12456
1132433,2026-07-31,0.38,12456
1094230,2026-07-31,5.33,631
1087784,2026-07-31,4.83,631
1126009,2026-07-31,3.02,631
1086827,2026-07-31,2.88,631
1092067,2026-07-31,2.80,631
1124854,2026-07-31,2.66,631
1126629,2026-07-31,2.61,631
1092165,2026-07-31,2.37,631
1119978,2026-07-31,2.05,631
1093548,2026-07-31,1.91,631
1075722,2026-07-31,1.84,631
1121538,2026-07-31,1.74,631
1128007,2026-07-31,1.71,631
1122407,2026-07-31,1.70,631
1088949,2026-07-31,1.69,631
1128151,2026-07-31,1.68,631
1127220,2026-07-31,1.39,631
1088938,2026-07-31,1.38,631
1129003,2026-07-31,1.33,631
1114906,2026-07-31,1.30,631
1133122,2026-07-31,1.29,631
1128177,2026-07-31,1.27,631
1135556,2026-07-31,1.26,631
1127240,2026-07-31,1.25,631
1115118,2026-07-31,1.24,631
1127303,2026-07-31,1.13,631
1130088,2026-07-31,1.09,631
1084722,2026-07-31,0.93,631
1130013,2026-07-31,0.91,631
1122577,2026-07-31,0.91,631
1123336,2026-07-31,0.90,631
1122122,2026-07-31,0.90,631
1087993,2026-07-31,0.90,631
1126938,2026-07-31,0.89,631
1130544,2026-07-31,0.88,631
1124734,2026-07-31,0.88,631
1084927,2026-07-31,0.88,631
1131293,2026-07-31,0.87,631
1130533,2026-07-31,0.87,631
1117725,2026-07-31,0.86,631
1091302,2026-07-31,0.86,631
1131171,2026-07-31,0.86,631
1133892,2026-07-31,0.86,631
1124556,2026-07-31,0.85,631
1134398,2026-07-31,0.85,631
1117475,2026-07-31,0.85,631
1133437,2026-07-31,0.84,631
1128462,2026-07-31,0.84,631
1128057,2026-07-31,0.84,631
1120972,2026-07-31,0.79,631
1124503,2026-07-31,0.78,631
1131557,2026-07-31,0.78,631
1122631,2026-07-31,0.77,631
1114440,2026-07-31,0.63,631
1132815,2026-07-31,0.60,631
1087148,2026-07-31,0.54,631
1084925,2026-07-31,0.44,631
1115449,2026-07-31,0.44,631
1126027,2026-07-31,0.43,631
1116498,2026-07-31,0.43,631
1118763,2026-07-31,0.43,631
1124472,2026-07-31,0.42,631
1127735,2026-07-31,0.42,631
1128625,2026-07-31,0.42,631
1117956,2026-07-31,0.38,631
1088008,2026-07-31,0.37,631
1129444,2026-07-31,0.26,631
1130064,2026-07-31,2.06,631
1129341,2026-07-31,2.82,631
1122623,2026-07-31,2.34,631
1095492,2026-07-31,1.73,631
1125792,2026-07-31,1.71,631
1119309,2026-07-31,1.23,631
1130419,2026-07-31,1.02,631
1088987,2026-07-31,0.89,631
1116730,2026-07-31,0.78,631
1097043,2026-07-31,0.53,631
1102839,2026-07-31,0.42,631
1123704,2026-07-31,0.36,631
1133193,2026-07-31,0.25,631
1118923,2026-07-31,3.40,29356
1130300,2026-07-31,1.82,29356
1133820,2026-07-31,1.72,29356
1129462,2026-07-31,1.70,29356
1121931,2026-07-31,1.69,29356
1128737,2026-07-31,1.52,29356
1125644,2026-07-31,1.27,29356
1122631,2026-07-31,1.02,29356
1124503,2026-07-31,1.02,29356
1124797,2026-07-31,0.85,29356
1135551,2026-07-31,0.85,29356
1120583,2026-07-31,0.85,29356
1134456,2026-07-31,0.85,29356
1129292,2026-07-31,0.85,29356
1129847,2026-07-31,0.85,29356
1130011,2026-07-31,0.85,29356
1131304,2026-07-31,0.85,29356
1130546,2026-07-31,0.84,29356
1133946,2026-07-31,0.84,29356
1119054,2026-07-31,0.59,29356
1132198,2026-07-31,0.51,29356
1121997,2026-07-31,0.43,29356
1111028,2026-07-31,0.42,29356
1120794,2026-07-31,0.42,29356
1108472,2026-07-31,0.42,29356
1127524,2026-07-31,0.42,29356
1131923,2026-07-31,0.42,29356
1131924,2026-07-31,0.42,29356
1129015,2026-07-31,0.34,29356
1121362,2026-07-31,0.32,29356
1128855,2026-07-31,0.17,29356
1065728,2026-07-31,0.09,29356
1128954,2026-07-31,0.08,29356
1127745,2026-07-31,0.08,29356
1130996,2026-07-31,0.02,29356
1130421,2026-07-31,0.58,29356
1127710,2026-07-31,0.57,29356
1123337,2026-07-31,0.13,29356
1129251,2026-07-31,0.08,29356
1125262,2026-07-31,0.03,29356
1131865,2026-07-31,4.54,29356
1131546,2026-07-31,4.13,29356
1132179,2026-07-31,4.09,29356
1135484,2026-07-31,3.34,29356
1132066,2026-07-31,3.28,29356
1131892,2026-07-31,2.89,29356
1133468,2026-07-31,2.43,29356
1131816,2026-07-31,2.06,29356
1135233,2026-07-31,2.03,29356
1131588,2026-07-31,1.65,29356
1132082,2026-07-31,1.64,29356
1132187,2026-07-31,1.64,29356
1132295,2026-07-31,1.64,29356
1132175,2026-07-31,1.63,29356
1132290,2026-07-31,1.63,29356
1135373,2026-07-31,0.83,29356
1131640,2026-07-31,0.82,29356
1132466,2026-07-31,0.82,29356
1132495,2026-07-31,0.82,29356
1132672,2026-07-31,0.81,29356
1132972,2026-07-31,0.81,29356
1133715,2026-07-31,0.81,29356
1132177,2026-07-31,0.57,29356
1131054,2026-07-31,0.41,29356
1131587,2026-07-31,0.41,29356
1131876,2026-07-31,0.41,29356
1132067,2026-07-31,0.41,29356
1132287,2026-07-31,0.41,29356
1133467,2026-07-31,0.41,29356
1133483,2026-07-31,0.41,29356
1135487,2026-07-31,2.48,29356
1134390,2026-07-31,1.69,29356
1135598,2026-07-31,1.67,29356
1133462,2026-07-31,1.63,29356
1135455,2026-07-31,1.26,29356
1135456,2026-07-31,1.25,29356
1132075,2026-07-31,1.23,29356
1135341,2026-07-31,0.67,29356
1117474,2026-07-31,4.19,3406
1122625,2026-07-31,3.35,3406
1123522,2026-07-31,1.44,3406
1117058,2026-07-31,1.43,3406
1123942,2026-07-31,0.97,3406
1117182,2026-07-31,0.95,3406
1116550,2026-07-31,0.92,3406
1058260,2026-07-31,0.48,3406
1134703,2026-07-31,4.44,3406
1134453,2026-07-31,3.83,3406
1134413,2026-07-31,2.67,3406
1130127,2026-07-31,2.67,3406
1135352,2026-07-31,2.21,3406
1134684,2026-07-31,1.78,3406
1135375,2026-07-31,1.77,3406
1135340,2026-07-31,1.76,3406
1135581,2026-07-31,1.76,3406
1134258,2026-07-31,1.34,3406
1134458,2026-07-31,1.33,3406
1129573,2026-07-31,0.89,3406
1134203,2026-07-31,0.89,3406
1134880,2026-07-31,0.89,3406
1134767,2026-07-31,0.89,3406
1134815,2026-07-31,0.89,3406
1130416,2026-07-31,0.88,3406
1130679,2026-07-31,0.88,3406
1134769,2026-07-31,0.44,3406
1134881,2026-07-31,5.14,3406
1134756,2026-07-31,3.55,3406
1135497,2026-07-31,3.08,3406
1134882,2026-07-31,2.66,3406
1135417,2026-07-31,2.22,3406
1135565,2026-07-31,1.93,3406
1134691,2026-07-31,1.77,3406
1135343,2026-07-31,1.77,3406
1135584,2026-07-31,1.76,3406
1134211,2026-07-31,1.34,3406
1134883,2026-07-31,1.34,3406
1134387,2026-07-31,1.34,3406
1134388,2026-07-31,1.33,3406
1134752,2026-07-31,1.33,3406
1134884,2026-07-31,1.33,3406
1135534,2026-07-31,1.32,3406
1134800,2026-07-31,1.06,3406
1134476,2026-07-31,0.89,3406
1134420,2026-07-31,0.89,3406
1130925,2026-07-31,0.88,3406
1135606,2026-07-31,0.88,3406
1134295,2026-07-31,0.45,3406
1134474,2026-07-31,0.44,3406
1133484,2026-07-31,0.44,3406
1134903,2026-07-31,0.44,3406
1133485,2026-07-31,0.44,3406
1135465,2026-07-31,0.44,3406
1135607,2026-07-31,0.44,3406
1135322,2026-07-31,8.85,3406
1134205,2026-07-31,0.46,3406
1129788,2026-07-31,0.25,3406
1134204,2026-07-31,4.11,1667
1127510,2026-07-31,3.17,1667
1122173,2026-07-31,2.62,1667
1129571,2026-07-31,1.60,1667
1130379,2026-07-31,0.45,1667
1130388,2026-07-31,0.45,1667
1130928,2026-07-31,0.44,1667
1130385,2026-07-31,0.41,1667
1130390,2026-07-31,0.41,1667
1131327,2026-07-31,0.37,1667
1131908,2026-07-31,0.36,1667
1126565,2026-07-31,0.35,1667
1131326,2026-07-31,0.35,1667
1130017,2026-07-31,0.34,1667
1130391,2026-07-31,0.32,1667
1126566,2026-07-31,0.29,1667
1130393,2026-07-31,0.28,1667
1127041,2026-07-31,0.25,1667
1126785,2026-07-31,0.24,1667
1123705,2026-07-31,0.17,1667
1130392,2026-07-31,0.12,1667
1130395,2026-07-31,0.06,1667
1126937,2026-07-31,0.05,1667
1131585,2026-07-31,0.02,1667
1130584,2026-07-31,3.20,1667
1126608,2026-07-31,3.11,1667
1124876,2026-07-31,2.74,1667
1126391,2026-07-31,2.74,1667
1132220,2026-07-31,2.27,1667
1113332,2026-07-31,2.04,1667
1121377,2026-07-31,1.93,1667
1125874,2026-07-31,1.83,1667
1129846,2026-07-31,1.83,1667
1124148,2026-07-31,1.82,1667
1135256,2026-07-31,1.80,1667
1072617,2026-07-31,1.50,1667
1128619,2026-07-31,1.38,1667
1135570,2026-07-31,1.37,1667
1124476,2026-07-31,1.32,1667
1123639,2026-07-31,1.20,1667
1135220,2026-07-31,1.14,1667
1135221,2026-07-31,1.14,1667
1123748,2026-07-31,1.01,1667
1134456,2026-07-31,1.00,1667
1116066,2026-07-31,0.93,1667
1123453,2026-07-31,0.92,1667
1135258,2026-07-31,0.92,1667
1122734,2026-07-31,0.92,1667
1135257,2026-07-31,0.92,1667
1128443,2026-07-31,0.92,1667
1130345,2026-07-31,0.91,1667
1125125,2026-07-31,0.91,1667
1130585,2026-07-31,0.91,1667
1132198,2026-07-31,0.91,1667
1128025,2026-07-31,0.91,1667
1100687,2026-07-31,0.91,1667
1127805,2026-07-31,0.90,1667
1131325,2026-07-31,0.90,1667
1118405,2026-07-31,0.90,1667
1102062,2026-07-31,0.88,1667
1135574,2026-07-31,0.82,1667
1109716,2026-07-31,0.82,1667
1124471,2026-07-31,0.73,1667
1127333,2026-07-31,0.68,1667
1128854,2026-07-31,0.61,1667
1125875,2026-07-31,0.59,1667
1072618,2026-07-31,0.56,1667
1123674,2026-07-31,0.55,1667
1072619,2026-07-31,0.55,1667
1134696,2026-07-31,0.54,1667
1134433,2026-07-31,0.47,1667
1127036,2026-07-31,0.46,1667
1134358,2026-07-31,0.46,1667
1128945,2026-07-31,0.46,1667
1122846,2026-07-31,0.46,1667
1126009,2026-07-31,0.46,1667
1127240,2026-07-31,0.46,1667
1121565,2026-07-31,0.46,1667
1127225,2026-07-31,0.46,1667
1121566,2026-07-31,0.46,1667
1126231,2026-07-31,0.45,1667
1131324,2026-07-31,0.45,1667
1124911,2026-07-31,0.45,1667
1126177,2026-07-31,0.28,1667
1119235,2026-07-31,0.27,1667
1131911,2026-07-31,0.15,1667
1131910,2026-07-31,0.15,1667
1129421,2026-07-31,0.14,1667
1129424,2026-07-31,0.14,1667
1129423,2026-07-31,0.14,1667
1090499,2026-07-31,0.04,1667
1089667,2026-07-31,0.01,1667
1130300,2026-07-31,2.94,1667
1130063,2026-07-31,2.71,1667
1132852,2026-07-31,1.89,42706
1132952,2026-07-31,1.42,42706
1134205,2026-07-31,0.95,42706
1129594,2026-07-31,0.19,42706
1132721,2026-07-31,0.09,42706
207979,2026-07-31,0.02,44511
1134385,2026-07-31,2.44,3662
1115573,2026-07-31,1.99,3662
1118531,2026-07-31,1.48,3662
1134398,2026-07-31,0.98,3662
1126564,2026-07-31,0.98,3662
1121061,2026-07-31,0.59,3662
1120734,2026-07-31,0.49,3662
1121775,2026-07-31,0.49,3662
1132079,2026-07-31,0.49,3662
1127147,2026-07-31,0.49,3662
1123424,2026-07-31,0.49,3662
1125753,2026-07-31,0.49,3662
1135386,2026-07-31,0.49,3662
1109289,2026-07-31,0.49,3662
1130544,2026-07-31,0.48,3662
1129777,2026-07-31,0.48,3662
1132077,2026-07-31,0.48,3662
1128175,2026-07-31,0.48,3662
1129253,2026-07-31,0.48,3662
1108608,2026-07-31,0.42,3662
1130294,2026-07-31,0.24,3662
1130293,2026-07-31,0.24,3662
1132174,2026-07-31,0.16,3662
1127736,2026-07-31,0.10,3662
1078589,2026-07-31,0.06,3662
1120972,2026-07-31,0.01,3662
1072493,2026-07-31,0.00,3662
1062417,2026-07-31,0.00,3662
1124415,2026-07-31,0.64,3662
1124414,2026-07-31,0.27,3662
1118108,2026-07-31,8.00,3662
1119536,2026-07-31,4.03,3662
1129571,2026-07-31,2.56,3662
1134390,2026-07-31,1.94,3662
1135178,2026-07-31,1.90,3662
1133590,2026-07-31,1.49,3662
1108789,2026-07-31,1.44,3662
1133904,2026-07-31,1.40,3662
1130262,2026-07-31,1.12,3662
1122033,2026-07-31,1.05,3662
1115629,2026-07-31,1.00,3662
1132545,2026-07-31,0.98,3662
1132739,2026-07-31,0.98,3662
1132740,2026-07-31,0.98,3662
1132741,2026-07-31,0.95,3662
1132179,2026-07-31,0.94,3662
1128894,2026-07-31,0.93,3662
1129307,2026-07-31,0.92,3662
1133598,2026-07-31,0.75,3662
1132647,2026-07-31,0.65,3662
1121811,2026-07-31,0.59,3662
1133273,2026-07-31,0.49,3662
1130643,2026-07-31,0.48,3662
1129254,2026-07-31,0.48,3662
1129736,2026-07-31,0.48,3662
1127259,2026-07-31,0.47,3662
1132172,2026-07-31,0.47,3662
1132178,2026-07-31,0.47,3662
1132807,2026-07-31,0.47,3662
1133900,2026-07-31,0.47,3662
1130514,2026-07-31,0.29,3662
1132780,2026-07-31,0.09,3662
1130263,2026-07-31,0.03,3662
1126837,2026-07-31,0.01,3662
1117690,2026-07-31,0.00,3662
207979,2026-07-31,0.01,3662
1134205,2026-07-31,1.96,3574
1134201,2026-07-31,0.98,3574
1129788,2026-07-31,0.98,3574
207979,2026-07-31,0.09,3574
1124959,2026-07-31,0.00,3574
1121225,2026-07-31,6.66,2044
1134922,2026-07-31,4.00,2044
1123461,2026-07-31,3.84,2044
1119288,2026-07-31,3.25,2044
1117956,2026-07-31,3.07,2044
1116285,2026-07-31,3.06,2044
1100137,2026-07-31,2.89,2044
1116303,2026-07-31,2.62,2044
1119978,2026-07-31,2.53,2044
1127240,2026-07-31,2.51,2044
1124426,2026-07-31,2.50,2044
1098915,2026-07-31,2.03,2044
1121538,2026-07-31,2.02,2044
1121879,2026-07-31,2.01,2044
1115118,2026-07-31,2.01,2044
1105983,2026-07-31,1.97,2044
1131339,2026-07-31,1.97,2044
1128378,2026-07-31,1.95,2044
1058384,2026-07-31,1.93,2044
1126009,2026-07-31,1.70,2044
1125450,2026-07-31,1.59,2044
1015326,2026-07-31,1.51,2044
1124189,2026-07-31,1.50,2044
1127293,2026-07-31,1.50,2044
1117975,2026-07-31,1.41,2044
1116032,2026-07-31,1.36,2044
1077892,2026-07-31,1.23,2044
1104242,2026-07-31,1.17,2044
1118072,2026-07-31,1.03,2044
1121775,2026-07-31,1.01,2044
1096024,2026-07-31,1.01,2044
1123540,2026-07-31,1.01,2044
1118073,2026-07-31,1.00,2044
1126564,2026-07-31,1.00,2044
1131171,2026-07-31,0.99,2044
1130766,2026-07-31,0.98,2044
1102062,2026-07-31,0.97,2044
1117953,2026-07-31,0.92,2044
1124503,2026-07-31,0.90,2044
1074569,2026-07-31,0.50,2044
1122631,2026-07-31,0.50,2044
1117475,2026-07-31,0.50,2044
1128331,2026-07-31,0.50,2044
1115519,2026-07-31,0.10,2044
1119626,2026-07-31,0.10,2044
1088959,2026-07-31,0.05,2044
1116010,2026-07-31,0.02,2044
1131289,2026-07-31,3.33,2044
1132651,2026-07-31,3.01,2044
1134925,2026-07-31,2.05,2044
1134215,2026-07-31,1.94,2044
1127510,2026-07-31,1.65,2044
1132652,2026-07-31,1.39,2044
1132718,2026-07-31,1.30,2044
1120816,2026-07-31,0.78,2044
1130398,2026-07-31,0.70,2044
1128272,2026-07-31,0.61,2044
1130397,2026-07-31,0.33,2044
1129571,2026-07-31,0.10,2044
1102434,2026-07-31,0.01,2044
1130514,2026-07-31,0.00,2044
1127735,2026-07-31,4.14,39515
1120972,2026-07-31,3.66,39515
1124503,2026-07-31,3.12,39515
1127514,2026-07-31,2.71,39515
1120742,2026-07-31,2.09,39515
1125825,2026-07-31,2.09,39515
1124030,2026-07-31,2.09,39515
1127240,2026-07-31,2.08,39515
1131171,2026-07-31,2.05,39515
1132762,2026-07-31,1.68,39515
1134427,2026-07-31,1.63,39515
1120734,2026-07-31,1.58,39515
1117725,2026-07-31,1.57,39515
1126149,2026-07-31,1.57,39515
1134385,2026-07-31,1.57,39515
1108610,2026-07-31,1.56,39515
1124426,2026-07-31,1.56,39515
1128300,2026-07-31,1.54,39515
1132193,2026-07-31,1.34,39515
1078589,2026-07-31,1.26,39515
1125977,2026-07-31,1.05,39515
1123336,2026-07-31,1.05,39515
1126904,2026-07-31,1.05,39515
1115118,2026-07-31,1.05,39515
1117475,2026-07-31,1.04,39515
1126448,2026-07-31,1.04,39515
1121839,2026-07-31,1.04,39515
1125390,2026-07-31,1.04,39515
1125287,2026-07-31,1.04,39515
1129152,2026-07-31,1.04,39515
1124803,2026-07-31,1.04,39515
1133945,2026-07-31,1.04,39515
1133032,2026-07-31,1.03,39515
1130544,2026-07-31,1.03,39515
1129485,2026-07-31,1.03,39515
1128335,2026-07-31,1.03,39515
1128730,2026-07-31,1.02,39515
1125753,2026-07-31,0.83,39515
1124923,2026-07-31,0.73,39515
1068804,2026-07-31,0.63,39515
1088008,2026-07-31,0.54,39515
1120892,2026-07-31,0.53,39515
1125079,2026-07-31,0.52,39515
1121538,2026-07-31,0.52,39515
1092067,2026-07-31,0.52,39515
1126938,2026-07-31,0.52,39515
1121323,2026-07-31,0.52,39515
1127202,2026-07-31,0.52,39515
1120639,2026-07-31,0.52,39515
1127220,2026-07-31,0.52,39515
1126009,2026-07-31,0.52,39515
1114165,2026-07-31,0.52,39515
1124488,2026-07-31,0.52,39515
1127688,2026-07-31,0.52,39515
1111204,2026-07-31,0.52,39515
1128331,2026-07-31,0.52,39515
1128203,2026-07-31,0.51,39515
1127737,2026-07-31,0.51,39515
1131304,2026-07-31,0.31,39515
1129651,2026-07-31,0.31,39515
1067659,2026-07-31,0.10,39515
1130063,2026-07-31,3.17,39515
1124415,2026-07-31,1.35,39515
1130065,2026-07-31,0.51,39515
1129571,2026-07-31,6.59,39515
1132173,2026-07-31,2.02,39515
1133406,2026-07-31,1.70,39515
1131830,2026-07-31,1.52,39515
1132196,2026-07-31,1.51,39515
1132199,2026-07-31,1.01,39515
1116248,2026-07-31,0.53,39515
1127041,2026-07-31,0.51,39515
1122033,2026-07-31,0.43,39515
1133405,2026-07-31,0.40,39515
1133275,2026-07-31,0.14,39515
1100612,2026-07-31,0.01,39515
207979,2026-07-31,0.01,39515
1132852,2026-07-31,2.09,42784
1134392,2026-07-31,1.57,42784
1134201,2026-07-31,1.47,42784
1132719,2026-07-31,0.10,42784
1118531,2026-07-31,1.61,3650
1120734,2026-07-31,1.07,3650
1127147,2026-07-31,1.06,3650
1127514,2026-07-31,1.06,3650
1126564,2026-07-31,1.06,3650
1126493,2026-07-31,0.74,3650
1115573,2026-07-31,0.54,3650
1121775,2026-07-31,0.53,3650
1121061,2026-07-31,0.53,3650
1129337,2026-07-31,0.53,3650
1057143,2026-07-31,0.53,3650
1109289,2026-07-31,0.53,3650
1133122,2026-07-31,0.53,3650
1129777,2026-07-31,0.52,3650
1132077,2026-07-31,0.52,3650
1128175,2026-07-31,0.52,3650
1129253,2026-07-31,0.52,3650
1132149,2026-07-31,0.42,3650
1108608,2026-07-31,0.33,3650
1128730,2026-07-31,0.31,3650
1130294,2026-07-31,0.26,3650
1130293,2026-07-31,0.26,3650
1120583,2026-07-31,0.21,3650
1132147,2026-07-31,0.02,3650
1124415,2026-07-31,0.55,3650
1130065,2026-07-31,0.52,3650
1118108,2026-07-31,6.83,3650
1119536,2026-07-31,3.06,3650
1129571,2026-07-31,2.57,3650
1129185,2026-07-31,2.05,3650
1129254,2026-07-31,1.56,3650
1130262,2026-07-31,1.20,3650
1132545,2026-07-31,1.12,3650
1133590,2026-07-31,1.08,3650
1132739,2026-07-31,1.06,3650
1132740,2026-07-31,1.06,3650
1125059,2026-07-31,1.06,3650
1132741,2026-07-31,1.03,3650
1132177,2026-07-31,1.02,3650
1132647,2026-07-31,1.01,3650
1128894,2026-07-31,1.01,3650
1122033,2026-07-31,0.94,3650
1133598,2026-07-31,0.81,3650
1133273,2026-07-31,0.53,3650
1130643,2026-07-31,0.52,3650
1129736,2026-07-31,0.52,3650
1127259,2026-07-31,0.51,3650
1132178,2026-07-31,0.51,3650
1132179,2026-07-31,0.51,3650
1129307,2026-07-31,0.50,3650
1128978,2026-07-31,0.31,3650
1133138,2026-07-31,0.20,3650
1121811,2026-07-31,0.04,3650
1127260,2026-07-31,0.02,3650
1126837,2026-07-31,0.01,3650
1134204,2026-07-31,0.00,3650
1121443,2026-07-31,0.00,3650
1012264,2026-07-31,0.11,3650
207979,2026-07-31,0.02,3650
1108780,2026-07-31,3.79,8032
1124503,2026-07-31,3.77,8032
1115449,2026-07-31,2.70,8032
1129462,2026-07-31,2.17,8032
1130300,2026-07-31,1.74,8032
1132198,2026-07-31,1.72,8032
1088987,2026-07-31,1.66,8032
1112995,2026-07-31,1.51,8032
1096597,2026-07-31,1.44,8032
1130544,2026-07-31,1.28,8032
1130996,2026-07-31,1.17,8032
1120611,2026-07-31,1.11,8032
1116511,2026-07-31,1.09,8032
1075722,2026-07-31,1.08,8032
1124921,2026-07-31,1.08,8032
1123566,2026-07-31,1.08,8032
1134433,2026-07-31,1.08,8032
1127744,2026-07-31,1.07,8032
1132860,2026-07-31,1.07,8032
1129661,2026-07-31,1.06,8032
1130454,2026-07-31,0.96,8032
1134456,2026-07-31,0.86,8032
1127214,2026-07-31,0.86,8032
1130011,2026-07-31,0.84,8032
1129426,2026-07-31,0.75,8032
1121278,2026-07-31,0.65,8032
1130745,2026-07-31,0.63,8032
1070888,2026-07-31,0.54,8032
1093550,2026-07-31,0.54,8032
1116549,2026-07-31,0.54,8032
1134827,2026-07-31,0.54,8032
1105151,2026-07-31,0.54,8032
1096614,2026-07-31,0.54,8032
1124416,2026-07-31,0.54,8032
1121567,2026-07-31,0.54,8032
1126027,2026-07-31,0.54,8032
1127240,2026-07-31,0.54,8032
1134438,2026-07-31,0.54,8032
1132501,2026-07-31,0.54,8032
1130422,2026-07-31,0.54,8032
1128300,2026-07-31,0.53,8032
1130589,2026-07-31,0.43,8032
1109615,2026-07-31,0.43,8032
1128151,2026-07-31,0.43,8032
1128710,2026-07-31,0.36,8032
1128711,2026-07-31,0.36,8032
1133873,2026-07-31,0.32,8032
1130546,2026-07-31,0.23,8032
1123225,2026-07-31,0.22,8032
1122631,2026-07-31,0.22,8032
1065995,2026-07-31,0.11,8032
1069893,2026-07-31,0.11,8032
1125390,2026-07-31,0.11,8032
1116788,2026-07-31,0.11,8032
1132668,2026-07-31,0.11,8032
1133714,2026-07-31,0.11,8032
1063685,2026-07-31,0.10,8032
1131092,2026-07-31,0.10,8032
1132147,2026-07-31,0.08,8032
1133105,2026-07-31,0.05,8032
1119487,2026-07-31,0.01,8032
1125076,2026-07-31,0.54,8032
1130063,2026-07-31,1.00,8032
1130065,2026-07-31,0.99,8032
1130421,2026-07-31,0.81,8032
1127710,2026-07-31,0.73,8032
1130064,2026-07-31,0.65,8032
1124414,2026-07-31,0.62,8032
1125263,2026-07-31,0.49,8032
1123337,2026-07-31,0.33,8032
1120896,2026-07-31,0.16,8032
1125262,2026-07-31,0.02,8032
1132504,2026-07-31,3.12,8032
1132672,2026-07-31,2.59,8032
1135233,2026-07-31,2.58,8032
1132471,2026-07-31,2.08,8032
1133195,2026-07-31,2.07,8032
1134968,2026-07-31,2.07,8032
1135533,2026-07-31,2.03,8032
1131830,2026-07-31,1.89,8032
1132287,2026-07-31,1.77,8032
1132617,2026-07-31,1.56,8032
1132859,2026-07-31,1.55,8032
1132808,2026-07-31,1.05,8032
1132067,2026-07-31,1.04,8032
1132179,2026-07-31,1.04,8032
1132475,2026-07-31,1.04,8032
1132466,2026-07-31,1.04,8032
1133103,2026-07-31,1.04,8032
1133162,2026-07-31,1.03,8032
1130680,2026-07-31,0.85,8032
1131587,2026-07-31,0.53,8032
1131865,2026-07-31,0.53,8032
1132066,2026-07-31,0.52,8032
1132508,2026-07-31,0.52,8032
1132768,2026-07-31,0.52,8032
1132158,2026-07-31,0.42,8032
1133452,2026-07-31,0.39,8032
1133462,2026-07-31,1.04,8032
1132514,2026-07-31,0.52,8032
1133212,2026-07-31,2.15,8032
1133382,2026-07-31,1.61,8032
1135498,2026-07-31,1.05,8032
1135103,2026-07-31,1.25,3449
1118531,2026-07-31,1.14,3449
1134398,2026-07-31,1.13,3449
1109289,2026-07-31,1.13,3449
1132077,2026-07-31,1.12,3449
1127254,2026-07-31,1.12,3449
1115573,2026-07-31,0.58,3449
1120734,2026-07-31,0.57,3449
1121775,2026-07-31,0.57,3449
1092067,2026-07-31,0.57,3449
1121061,2026-07-31,0.57,3449
1127147,2026-07-31,0.57,3449
1126564,2026-07-31,0.57,3449
1129015,2026-07-31,0.56,3449
1129777,2026-07-31,0.56,3449
1128175,2026-07-31,0.56,3449
1129253,2026-07-31,0.56,3449
1127736,2026-07-31,0.56,3449
1132166,2026-07-31,0.45,3449
1129421,2026-07-31,0.45,3449
1108608,2026-07-31,0.39,3449
1130294,2026-07-31,0.28,3449
1130293,2026-07-31,0.28,3449
1129422,2026-07-31,0.11,3449
1129423,2026-07-31,0.11,3449
1062417,2026-07-31,0.00,3449
1130065,2026-07-31,0.73,3449
1124414,2026-07-31,0.33,3449
1119536,2026-07-31,3.86,3449
1129571,2026-07-31,2.75,3449
1118108,2026-07-31,2.67,3449
1135178,2026-07-31,2.21,3449
1129185,2026-07-31,2.19,3449
1130262,2026-07-31,1.84,3449
1133590,2026-07-31,1.73,3449
1127996,2026-07-31,1.21,3449
1132545,2026-07-31,1.14,3449
1132739,2026-07-31,1.13,3449
1132740,2026-07-31,1.13,3449
1132741,2026-07-31,1.10,3449
1132177,2026-07-31,1.09,3449
1128894,2026-07-31,1.08,3449
1129307,2026-07-31,1.07,3449
1122033,2026-07-31,1.00,3449
1133273,2026-07-31,0.57,3449
1130643,2026-07-31,0.56,3449
1129254,2026-07-31,0.56,3449
1129736,2026-07-31,0.55,3449
1127259,2026-07-31,0.55,3449
1132172,2026-07-31,0.55,3449
1132178,2026-07-31,0.55,3449
1132179,2026-07-31,0.55,3449
1132196,2026-07-31,0.55,3449
1133598,2026-07-31,0.46,3449
1132647,2026-07-31,0.38,3449
1123059,2026-07-31,0.05,3449
1121811,2026-07-31,0.05,3449
1130263,2026-07-31,0.03,3449
1126837,2026-07-31,0.02,3449
1134204,2026-07-31,0.01,3449
207979,2026-07-31,0.01,3449
1122623,2026-07-31,0.12,3435
207979,2026-07-31,0.03,3435
1132768,2026-07-31,5.72,3361
1133468,2026-07-31,4.56,3361
1132158,2026-07-31,4.14,3361
1132177,2026-07-31,3.45,3361
1132196,2026-07-31,2.87,3361
1135505,2026-07-31,2.34,3361
1131741,2026-07-31,2.32,3361
1132536,2026-07-31,2.32,3361
1132054,2026-07-31,2.31,3361
1132057,2026-07-31,2.31,3361
1132672,2026-07-31,2.29,3361
1131587,2026-07-31,1.74,3361
1131894,2026-07-31,1.74,3361
1132780,2026-07-31,1.74,3361
1132475,2026-07-31,1.72,3361
1132290,2026-07-31,1.72,3361
1133164,2026-07-31,1.71,3361
1132671,2026-07-31,1.49,3361
1132179,2026-07-31,1.15,3361
1132287,2026-07-31,1.15,3361
1132805,2026-07-31,1.14,3361
1131198,2026-07-31,0.58,3361
1132173,2026-07-31,0.12,3361
1132906,2026-07-31,6.86,3361
1130772,2026-07-31,6.18,3361
1133128,2026-07-31,4.55,3361
1133203,2026-07-31,3.41,3361
1135328,2026-07-31,3.35,3361
1132213,2026-07-31,1.72,3361
1133586,2026-07-31,1.71,3361
1133351,2026-07-31,1.70,3361
1133228,2026-07-31,1.14,3361
1135177,2026-07-31,1.11,3361
1132721,2026-07-31,0.59,3361
1132852,2026-07-31,0.12,3361
1113692,2026-07-31,9.23,3361
1090567,2026-07-31,0.24,3361
1064258,2026-07-31,0.12,3361
1131092,2026-07-31,0.12,3361
1135264,2026-07-31,0.12,3361
1128151,2026-07-31,2.39,15772
1086827,2026-07-31,1.92,15772
1127240,2026-07-31,1.91,15772
1119978,2026-07-31,1.90,15772
1127303,2026-07-31,1.85,15772
1130088,2026-07-31,1.44,15772
1116498,2026-07-31,1.35,15772
1130533,2026-07-31,1.31,15772
1130013,2026-07-31,1.30,15772
1092165,2026-07-31,1.30,15772
1122577,2026-07-31,1.29,15772
1122631,2026-07-31,1.27,15772
1125287,2026-07-31,1.26,15772
1132775,2026-07-31,1.23,15772
1126027,2026-07-31,1.23,15772
1126009,2026-07-31,1.23,15772
1131207,2026-07-31,1.22,15772
1133892,2026-07-31,1.22,15772
1125075,2026-07-31,1.22,15772
1125735,2026-07-31,1.22,15772
1134814,2026-07-31,1.21,15772
1134398,2026-07-31,1.21,15772
1123461,2026-07-31,1.21,15772
1117475,2026-07-31,1.21,15772
1133437,2026-07-31,1.20,15772
1135555,2026-07-31,1.20,15772
1127735,2026-07-31,1.20,15772
1135558,2026-07-31,1.20,15772
1129236,2026-07-31,1.19,15772
1135382,2026-07-31,1.19,15772
1133879,2026-07-31,1.18,15772
1135095,2026-07-31,1.15,15772
1126904,2026-07-31,1.11,15772
1126777,2026-07-31,1.06,15772
1132077,2026-07-31,0.98,15772
1084722,2026-07-31,0.92,15772
1108237,2026-07-31,0.89,15772
1089019,2026-07-31,0.65,15772
1125079,2026-07-31,0.64,15772
1096616,2026-07-31,0.63,15772
1130544,2026-07-31,0.63,15772
1126160,2026-07-31,0.62,15772
1124030,2026-07-31,0.62,15772
1134500,2026-07-31,0.62,15772
1124503,2026-07-31,0.62,15772
1121839,2026-07-31,0.61,15772
1127738,2026-07-31,0.61,15772
1134385,2026-07-31,0.61,15772
1128007,2026-07-31,0.61,15772
1092067,2026-07-31,0.60,15772
1110003,2026-07-31,0.60,15772
1123618,2026-07-31,0.60,15772
1115551,2026-07-31,0.60,15772
1128057,2026-07-31,0.60,15772
1135557,2026-07-31,0.60,15772
1127782,2026-07-31,0.60,15772
1124472,2026-07-31,0.36,15772
1129004,2026-07-31,0.36,15772
1123424,2026-07-31,0.26,15772
1125390,2026-07-31,0.25,15772
1096040,2026-07-31,0.24,15772
1134813,2026-07-31,0.23,15772
1130065,2026-07-31,2.47,15772
1130064,2026-07-31,1.05,15772
1125263,2026-07-31,0.70,15772
1130063,2026-07-31,0.59,15772
1124414,2026-07-31,0.41,15772
1134204,2026-07-31,4.16,15772
1129185,2026-07-31,2.33,15772
1132492,2026-07-31,2.21,15772
1132301,2026-07-31,1.68,15772
1129401,2026-07-31,1.39,15772
1116504,2026-07-31,1.26,15772
1132956,2026-07-31,1.22,15772
1107513,2026-07-31,1.20,15772
1116946,2026-07-31,0.99,15772
1130419,2026-07-31,0.97,15772
1113543,2026-07-31,0.64,15772
1113782,2026-07-31,0.63,15772
1112569,2026-07-31,0.62,15772
1130514,2026-07-31,0.36,15772
1116365,2026-07-31,0.25,15772
1132744,2026-07-31,1.73,15772
1132059,2026-07-31,1.16,15772
1132057,2026-07-31,1.16,15772
1132504,2026-07-31,1.15,15772
1132434,2026-07-31,1.15,15772
1132949,2026-07-31,1.15,15772
1133135,2026-07-31,1.15,15772
1135533,2026-07-31,1.12,15772
1133164,2026-07-31,0.57,15772
1133138,2026-07-31,0.57,15772
1132809,2026-07-31,1.15,15772
1122623,2026-07-31,0.53,3454
207979,2026-07-31,0.01,3454
1126149,2026-07-31,3.44,916
1123461,2026-07-31,3.34,916
1088976,2026-07-31,2.89,916
1125753,2026-07-31,2.76,916
1131207,2026-07-31,2.70,916
1128625,2026-07-31,2.63,916
1126160,2026-07-31,2.06,916
1121538,2026-07-31,2.05,916
1132775,2026-07-31,2.04,916
1127735,2026-07-31,1.98,916
1129328,2026-07-31,1.96,916
1086836,2026-07-31,1.88,916
1133437,2026-07-31,1.86,916
1127240,2026-07-31,1.83,916
1124189,2026-07-31,1.69,916
1086357,2026-07-31,1.41,916
1124854,2026-07-31,1.40,916
1125287,2026-07-31,1.39,916
1125450,2026-07-31,1.38,916
1129444,2026-07-31,1.37,916
1117725,2026-07-31,1.36,916
1132077,2026-07-31,1.35,916
1133892,2026-07-31,1.35,916
1125735,2026-07-31,1.34,916
1132500,2026-07-31,1.34,916
1132860,2026-07-31,1.34,916
1134398,2026-07-31,1.34,916
1128151,2026-07-31,1.32,916
1135555,2026-07-31,1.32,916
1135323,2026-07-31,1.32,916
1135067,2026-07-31,1.32,916
1126904,2026-07-31,1.23,916
1123368,2026-07-31,1.22,916
1127782,2026-07-31,1.13,916
1127293,2026-07-31,1.09,916
1128938,2026-07-31,1.06,916
1094208,2026-07-31,0.84,916
1092192,2026-07-31,0.82,916
1088008,2026-07-31,0.73,916
1087993,2026-07-31,0.71,916
1096603,2026-07-31,0.68,916
1126009,2026-07-31,0.68,916
1128331,2026-07-31,0.67,916
1125075,2026-07-31,0.67,916
1134385,2026-07-31,0.67,916
1135186,2026-07-31,0.67,916
1135095,2026-07-31,0.67,916
1128057,2026-07-31,0.66,916
1135556,2026-07-31,0.66,916
1133887,2026-07-31,0.55,916
1129004,2026-07-31,0.48,916
1017743,2026-07-31,0.27,916
1096040,2026-07-31,0.27,916
1127220,2026-07-31,0.14,916
1130065,2026-07-31,2.21,916
1130063,2026-07-31,1.05,916
1129185,2026-07-31,2.58,916
1134204,2026-07-31,2.03,916
1113782,2026-07-31,1.40,916
1132492,2026-07-31,1.35,916
1116946,2026-07-31,1.10,916
1130514,2026-07-31,0.93,916
1116504,2026-07-31,0.70,916
1129571,2026-07-31,0.66,916
1129341,2026-07-31,0.65,916
1133193,2026-07-31,0.40,916
1133195,2026-07-31,2.15,916
1132287,2026-07-31,1.91,916
1132495,2026-07-31,1.91,916
1132744,2026-07-31,1.66,916
1132618,2026-07-31,1.27,916
1135533,2026-07-31,1.24,916
207979,2026-07-31,0.01,3462
1135567,2026-07-31,5.64,45338
1104808,2026-07-31,4.32,45338
1127103,2026-07-31,4.04,45338
1116069,2026-07-31,3.70,45338
1133206,2026-07-31,2.74,45338
1097044,2026-07-31,2.22,45338
1114257,2026-07-31,2.22,45338
1120523,2026-07-31,2.21,45338
1124028,2026-07-31,2.17,45338
1126676,2026-07-31,2.16,45338
1135166,2026-07-31,2.15,45338
1134934,2026-07-31,1.74,45338
1105878,2026-07-31,1.57,45338
1114450,2026-07-31,1.49,45338
1113782,2026-07-31,1.47,45338
1118329,2026-07-31,1.46,45338
1122966,2026-07-31,1.45,45338
1121673,2026-07-31,1.44,45338
1132893,2026-07-31,1.44,45338
1130078,2026-07-31,1.44,45338
1127199,2026-07-31,1.44,45338
1125735,2026-07-31,1.44,45338
1127735,2026-07-31,1.43,45338
1116992,2026-07-31,1.31,45338
1105048,2026-07-31,1.30,45338
1119548,2026-07-31,1.18,45338
1116492,2026-07-31,1.04,45338
1115767,2026-07-31,1.03,45338
1107159,2026-07-31,0.85,45338
1116287,2026-07-31,0.74,45338
1116504,2026-07-31,0.74,45338
1122871,2026-07-31,0.74,45338
1123824,2026-07-31,0.73,45338
1123336,2026-07-31,0.72,45338
1127293,2026-07-31,0.72,45338
1096617,2026-07-31,0.71,45338
1127621,2026-07-31,0.71,45338
1127736,2026-07-31,0.71,45338
1127925,2026-07-31,0.71,45338
1110536,2026-07-31,0.71,45338
1130995,2026-07-31,0.70,45338
1119005,2026-07-31,0.61,45338
1083446,2026-07-31,0.45,45338
1127355,2026-07-31,0.43,45338
1129124,2026-07-31,0.43,45338
1102358,2026-07-31,0.42,45338
1086432,2026-07-31,0.30,45338
1114698,2026-07-31,0.30,45338
1112979,2026-07-31,0.30,45338
1116488,2026-07-31,0.30,45338
1116969,2026-07-31,0.29,45338
1118967,2026-07-31,0.29,45338
1111275,2026-07-31,0.29,45338
1127804,2026-07-31,0.29,45338
1102134,2026-07-31,0.29,45338
1128447,2026-07-31,0.28,45338
1110053,2026-07-31,0.28,45338
1132262,2026-07-31,0.17,45338
1085710,2026-07-31,0.15,45338
1112592,2026-07-31,0.15,45338
1128868,2026-07-31,0.15,45338
1117416,2026-07-31,0.15,45338
1126980,2026-07-31,0.14,45338
1127226,2026-07-31,0.14,45338
1107139,2026-07-31,0.14,45338
1129238,2026-07-31,0.14,45338
1108934,2026-07-31,0.14,45338
1110075,2026-07-31,0.14,45338
1135401,2026-07-31,0.14,45338
1119054,2026-07-31,2.92,3533
1128945,2026-07-31,2.48,3533
1126534,2026-07-31,2.19,3533
1120175,2026-07-31,2.19,3533
1130589,2026-07-31,2.18,3533
1130011,2026-07-31,2.18,3533
1124416,2026-07-31,1.89,3533
1127100,2026-07-31,1.46,3533
1135485,2026-07-31,1.45,3533
1127427,2026-07-31,1.45,3533
1121293,2026-07-31,1.45,3533
1111972,2026-07-31,1.45,3533
1130960,2026-07-31,1.44,3533
1122847,2026-07-31,0.73,3533
1124663,2026-07-31,0.73,3533
1129847,2026-07-31,0.73,3533
1120618,2026-07-31,0.72,3533
1126618,2026-07-31,0.44,3533
1120748,2026-07-31,0.39,3533
1120583,2026-07-31,0.29,3533
1130585,2026-07-31,0.29,3533
1131305,2026-07-31,5.71,3533
1132172,2026-07-31,4.92,3533
1135058,2026-07-31,4.19,3533
1132197,2026-07-31,3.51,3533
1132780,2026-07-31,2.83,3533
1131774,2026-07-31,2.81,3533
1132173,2026-07-31,2.81,3533
1132158,2026-07-31,2.81,3533
1132809,2026-07-31,2.79,3533
1135281,2026-07-31,2.16,3533
1135184,2026-07-31,2.12,3533
1132067,2026-07-31,2.11,3533
1132847,2026-07-31,1.45,3533
1134831,2026-07-31,1.42,3533
1135487,2026-07-31,1.42,3533
1135178,2026-07-31,1.42,3533
1132808,2026-07-31,1.42,3533
1131830,2026-07-31,1.41,3533
1135098,2026-07-31,1.41,3533
1132057,2026-07-31,1.41,3533
1132266,2026-07-31,1.40,3533
1132177,2026-07-31,1.40,3533
1132434,2026-07-31,1.40,3533
1132542,2026-07-31,1.40,3533
1132543,2026-07-31,1.40,3533
1132495,2026-07-31,1.40,3533
1132463,2026-07-31,1.40,3533
1132805,2026-07-31,1.40,3533
1132911,2026-07-31,1.39,3533
1064310,2026-07-31,0.73,3533
1063316,2026-07-31,0.73,3533
1134280,2026-07-31,0.72,3533
1132462,2026-07-31,0.71,3533
207979,2026-07-31,0.03,3533
1132501,2026-07-31,5.78,42597
1132815,2026-07-31,5.06,42597
1121568,2026-07-31,4.84,42597
1123234,2026-07-31,2.93,42597
1124405,2026-07-31,2.92,42597
1133873,2026-07-31,2.90,42597
1132419,2026-07-31,2.90,42597
1129426,2026-07-31,2.87,42597
1129425,2026-07-31,2.87,42597
1130533,2026-07-31,2.87,42597
1124472,2026-07-31,2.63,42597
1122930,2026-07-31,2.21,42597
1135145,2026-07-31,2.18,42597
1133017,2026-07-31,2.16,42597
1118853,2026-07-31,2.05,42597
1117956,2026-07-31,1.49,42597
1124028,2026-07-31,1.46,42597
1135502,2026-07-31,1.46,42597
1125743,2026-07-31,1.46,42597
1126629,2026-07-31,1.46,42597
1126009,2026-07-31,1.46,42597
1124488,2026-07-31,1.45,42597
1127735,2026-07-31,1.44,42597
1127805,2026-07-31,1.44,42597
1128619,2026-07-31,1.32,42597
1132668,2026-07-31,1.30,42597
1135154,2026-07-31,0.87,42597
1131323,2026-07-31,0.73,42597
1125287,2026-07-31,0.73,42597
1124503,2026-07-31,0.73,42597
1127642,2026-07-31,0.72,42597
1121569,2026-07-31,0.44,42597
1121565,2026-07-31,0.36,42597
1121566,2026-07-31,0.36,42597
1130063,2026-07-31,2.00,42597
1130065,2026-07-31,1.99,42597
1124031,2026-07-31,1.15,42597
1121953,2026-07-31,0.08,42597
1128710,2026-07-31,3.24,42597
1130300,2026-07-31,3.13,42597
1132953,2026-07-31,5.69,42597
1132955,2026-07-31,5.34,42597
1133558,2026-07-31,2.20,42597
1129185,2026-07-31,1.41,42597
1122033,2026-07-31,0.00,42597
1134258,2026-07-31,0.73,42597
1134204,2026-07-31,4.49,1615
1127510,2026-07-31,4.09,1615
1108251,2026-07-31,1.64,1615
1130377,2026-07-31,0.74,1615
1130927,2026-07-31,0.73,1615
1129571,2026-07-31,0.72,1615
1129185,2026-07-31,0.72,1615
1132648,2026-07-31,0.66,1615
1131327,2026-07-31,0.60,1615
1131326,2026-07-31,0.57,1615
1131285,2026-07-31,0.50,1615
1135259,2026-07-31,0.46,1615
1130928,2026-07-31,0.36,1615
1126566,2026-07-31,0.29,1615
1126565,2026-07-31,0.29,1615
1130393,2026-07-31,0.23,1615
1126785,2026-07-31,0.20,1615
1132649,2026-07-31,0.19,1615
1126937,2026-07-31,0.08,1615
1131585,2026-07-31,0.03,1615
1130584,2026-07-31,2.98,1615
1131583,2026-07-31,2.95,1615
1123453,2026-07-31,2.25,1615
1115449,2026-07-31,2.24,1615
1058471,2026-07-31,1.93,1615
1128619,2026-07-31,1.51,1615
1125873,2026-07-31,1.49,1615
1122846,2026-07-31,1.49,1615
1122847,2026-07-31,1.49,1615
1119355,2026-07-31,1.49,1615
1134456,2026-07-31,1.49,1615
1135570,2026-07-31,1.49,1615
1121931,2026-07-31,1.49,1615
1132198,2026-07-31,1.49,1615
1132220,2026-07-31,1.48,1615
1131584,2026-07-31,1.48,1615
1130344,2026-07-31,1.26,1615
1135220,2026-07-31,1.11,1615
1135221,2026-07-31,1.11,1615
1126608,2026-07-31,0.90,1615
1122455,2026-07-31,0.90,1615
1123266,2026-07-31,0.89,1615
1134433,2026-07-31,0.78,1615
1133333,2026-07-31,0.75,1615
1123150,2026-07-31,0.75,1615
1120987,2026-07-31,0.75,1615
1125635,2026-07-31,0.75,1615
1118363,2026-07-31,0.75,1615
1126391,2026-07-31,0.75,1615
1127225,2026-07-31,0.74,1615
1135387,2026-07-31,0.74,1615
1133936,2026-07-31,0.74,1615
1126041,2026-07-31,0.74,1615
1133873,2026-07-31,0.74,1615
1134310,2026-07-31,0.74,1615
1132866,2026-07-31,0.74,1615
1134357,2026-07-31,0.74,1615
1130757,2026-07-31,0.74,1615
1121291,2026-07-31,0.70,1615
1125875,2026-07-31,0.60,1615
1109716,2026-07-31,0.60,1615
1126244,2026-07-31,0.45,1615
1124878,2026-07-31,0.42,1615
1135129,2026-07-31,0.30,1615
1119235,2026-07-31,0.15,1615
1124503,2026-07-31,0.15,1615
1127307,2026-07-31,0.15,1615
1124663,2026-07-31,0.12,1615
1130063,2026-07-31,1.47,1615
1130065,2026-07-31,0.73,1615
1125264,2026-07-31,0.44,1615
1125263,2026-07-31,0.29,1615
1125262,2026-07-31,0.01,1615
1132187,2026-07-31,0.72,1615
1132495,2026-07-31,0.72,1615
1130544,2026-07-31,3.16,44328
1127240,2026-07-31,2.41,44328
1123956,2026-07-31,2.38,44328
1118923,2026-07-31,2.28,44328
1125644,2026-07-31,1.58,44328
1120423,2026-07-31,1.56,44328
1127994,2026-07-31,1.55,44328
1112995,2026-07-31,1.52,44328
1130088,2026-07-31,1.51,44328
1124503,2026-07-31,0.78,44328
1126009,2026-07-31,0.77,44328
1109615,2026-07-31,0.76,44328
1129004,2026-07-31,0.23,44328
1125262,2026-07-31,0.04,44328
1131042,2026-07-31,3.69,44328
1132808,2026-07-31,3.67,44328
1131865,2026-07-31,2.94,44328
1131892,2026-07-31,2.94,44328
1132067,2026-07-31,2.92,44328
1134787,2026-07-31,2.90,44328
1133165,2026-07-31,2.89,44328
1133103,2026-07-31,2.89,44328
1133302,2026-07-31,2.89,44328
1130936,2026-07-31,2.22,44328
1131198,2026-07-31,2.21,44328
1132505,2026-07-31,2.18,44328
1130913,2026-07-31,1.48,44328
1131199,2026-07-31,1.47,44328
1131894,2026-07-31,1.47,44328
1132059,2026-07-31,1.46,44328
1132057,2026-07-31,1.46,44328
1132066,2026-07-31,1.46,44328
1132158,2026-07-31,1.46,44328
1132187,2026-07-31,1.46,44328
1132466,2026-07-31,1.45,44328
1132434,2026-07-31,1.45,44328
1132744,2026-07-31,1.45,44328
1135058,2026-07-31,1.45,44328
1135354,2026-07-31,1.41,44328
1132062,2026-07-31,0.73,44328
1132178,2026-07-31,0.73,44328
1133089,2026-07-31,0.72,44328
1133162,2026-07-31,0.72,44328
1133195,2026-07-31,0.72,44328
1132179,2026-07-31,0.44,44328
1135094,2026-07-31,2.90,44328
1130273,2026-07-31,1.49,44328
1131745,2026-07-31,1.48,44328
1132666,2026-07-31,1.45,44328
1135085,2026-07-31,5.97,44328
1132852,2026-07-31,3.00,44328
1130977,2026-07-31,1.48,44328
1134408,2026-07-31,1.48,44328
1133897,2026-07-31,3.12,46079
1127510,2026-07-31,2.82,46079
1134204,2026-07-31,1.82,46079
1135500,2026-07-31,1.55,46079
1120714,2026-07-31,0.95,46079
1135593,2026-07-31,0.82,46079
1118395,2026-07-31,0.79,46079
1116504,2026-07-31,0.32,46079
1123302,2026-07-31,0.07,46079
1070924,2026-07-31,0.06,46079
1090565,2026-07-31,0.02,46079
1119547,2026-07-31,0.02,46079
1122173,2026-07-31,0.01,46079
1132492,2026-07-31,0.00,46079
1128300,2026-07-31,4.88,46079
1127240,2026-07-31,4.64,46079
1134816,2026-07-31,3.09,46079
1124503,2026-07-31,3.09,46079
1131171,2026-07-31,3.04,46079
1128891,2026-07-31,3.01,46079
1128263,2026-07-31,2.77,46079
1119978,2026-07-31,2.34,46079
1124030,2026-07-31,2.32,46079
1128028,2026-07-31,2.29,46079
1090476,2026-07-31,1.92,46079
1125276,2026-07-31,1.85,46079
1123748,2026-07-31,1.72,46079
1087784,2026-07-31,1.59,46079
1126777,2026-07-31,1.55,46079
1123829,2026-07-31,1.55,46079
1123098,2026-07-31,1.55,46079
1124812,2026-07-31,1.55,46079
1125359,2026-07-31,1.55,46079
1135570,2026-07-31,1.54,46079
1124426,2026-07-31,1.54,46079
1130301,2026-07-31,1.54,46079
1126492,2026-07-31,1.53,46079
1128331,2026-07-31,1.53,46079
1130334,2026-07-31,1.52,46079
1092069,2026-07-31,1.40,46079
1067659,2026-07-31,1.39,46079
1126232,2026-07-31,1.39,46079
1127225,2026-07-31,1.23,46079
1041923,2026-07-31,1.10,46079
1133879,2026-07-31,1.00,46079
1125194,2026-07-31,0.96,46079
1109289,2026-07-31,0.92,46079
1135540,2026-07-31,0.86,46079
1122473,2026-07-31,0.78,46079
1078589,2026-07-31,0.78,46079
1117398,2026-07-31,0.77,46079
1122340,2026-07-31,0.77,46079
1126234,2026-07-31,0.77,46079
1121047,2026-07-31,0.77,46079
1122782,2026-07-31,0.77,46079
1133892,2026-07-31,0.77,46079
1128057,2026-07-31,0.77,46079
1129274,2026-07-31,0.77,46079
1130454,2026-07-31,0.76,46079
1131340,2026-07-31,0.75,46079
1113507,2026-07-31,0.47,46079
1115349,2026-07-31,0.31,46079
1088959,2026-07-31,0.16,46079
1096038,2026-07-31,0.04,46079
1130063,2026-07-31,3.03,46079
1132614,2026-07-31,2.25,46079
1124415,2026-07-31,1.26,46079
1127710,2026-07-31,1.04,46079
1125264,2026-07-31,0.68,46079
1123337,2026-07-31,0.35,46079
1123424,2026-07-31,2.45,48102
1125753,2026-07-31,1.95,48102
1121538,2026-07-31,1.64,48102
1127736,2026-07-31,1.28,48102
1078188,2026-07-31,0.82,48102
1119978,2026-07-31,0.82,48102
1125079,2026-07-31,0.82,48102
1120972,2026-07-31,0.82,48102
1125826,2026-07-31,0.81,48102
1125287,2026-07-31,0.81,48102
1124426,2026-07-31,0.81,48102
1128263,2026-07-31,0.81,48102
1133945,2026-07-31,0.81,48102
1120770,2026-07-31,0.33,48102
1121209,2026-07-31,0.16,48102
1127994,2026-07-31,0.16,48102
1131293,2026-07-31,0.16,48102
1116668,2026-07-31,3.47,48102
1132176,2026-07-31,1.57,48102
1122033,2026-07-31,0.83,48102
1130913,2026-07-31,0.80,48102
1133089,2026-07-31,0.78,48102
1118108,2026-07-31,0.33,48102
1132178,2026-07-31,0.31,48102
1132199,2026-07-31,0.16,48102
207979,2026-07-31,0.02,48102
1134204,2026-07-31,6.51,3286
1119536,2026-07-31,3.51,3286
1129603,2026-07-31,1.85,3286
1127742,2026-07-31,0.84,3286
1116706,2026-07-31,0.52,3286
1132492,2026-07-31,0.17,3286
1120714,2026-07-31,0.10,3286
1086213,2026-07-31,0.00,3286
1120972,2026-07-31,5.13,3286
1130544,2026-07-31,5.06,3286
1125359,2026-07-31,4.26,3286
1072635,2026-07-31,4.03,3286
1131207,2026-07-31,3.51,3286
1123069,2026-07-31,3.41,3286
1126009,2026-07-31,3.40,3286
1126027,2026-07-31,3.40,3286
1127240,2026-07-31,3.40,3286
1128263,2026-07-31,3.39,3286
1133105,2026-07-31,3.38,3286
1128331,2026-07-31,3.36,3286
1135130,2026-07-31,3.35,3286
1131171,2026-07-31,3.35,3286
1115118,2026-07-31,2.56,3286
1125287,2026-07-31,2.55,3286
1132815,2026-07-31,2.54,3286
1132860,2026-07-31,2.52,3286
1118393,2026-07-31,1.71,3286
1123930,2026-07-31,1.71,3286
1117475,2026-07-31,1.70,3286
1127202,2026-07-31,1.70,3286
1134816,2026-07-31,1.70,3286
1126061,2026-07-31,0.85,3286
1128028,2026-07-31,0.67,3286
1088957,2026-07-31,0.01,3286
1132614,2026-07-31,1.86,3286
1125263,2026-07-31,0.68,3286
1124414,2026-07-31,0.39,3286
1123337,2026-07-31,0.39,3286
1133131,2026-07-31,6.53,3286
1133437,2026-07-31,3.50,2051
1135130,2026-07-31,2.62,2051
1127721,2026-07-31,2.06,2051
1134456,2026-07-31,1.75,2051
1135570,2026-07-31,1.75,2051
1131812,2026-07-31,1.67,2051
1132174,2026-07-31,1.22,2051
1125521,2026-07-31,1.16,2051
1121280,2026-07-31,0.88,2051
1134433,2026-07-31,0.87,2051
1133122,2026-07-31,0.87,2051
1130334,2026-07-31,0.86,2051
1131811,2026-07-31,0.79,2051
1131809,2026-07-31,0.62,2051
1116010,2026-07-31,0.53,2051
1131813,2026-07-31,0.39,2051
1119543,2026-07-31,0.35,2051
1076414,2026-07-31,0.25,2051
1104370,2026-07-31,0.21,2051
1077892,2026-07-31,0.21,2051
1122462,2026-07-31,0.18,2051
1123189,2026-07-31,0.18,2051
1090476,2026-07-31,0.16,2051
1092192,2026-07-31,0.15,2051
1064711,2026-07-31,0.12,2051
1068001,2026-07-31,0.07,2051
1115118,2026-07-31,0.07,2051
1077819,2026-07-31,0.06,2051
1041923,2026-07-31,0.06,2051
1078188,2026-07-31,0.06,2051
1070699,2026-07-31,0.06,2051
1114239,2026-07-31,0.01,2051
1130063,2026-07-31,2.58,2051
1130065,2026-07-31,2.56,2051
1130300,2026-07-31,3.76,2051
1124563,2026-07-31,0.26,2051
1129571,2026-07-31,7.14,2051
1127510,2026-07-31,6.63,2051
1134924,2026-07-31,1.78,2051
1135567,2026-07-31,1.76,2051
1133354,2026-07-31,1.23,2051
1130085,2026-07-31,1.23,2051
1132718,2026-07-31,1.06,2051
1133274,2026-07-31,1.05,2051
1134380,2026-07-31,0.89,2051
1134938,2026-07-31,0.54,2051
1132717,2026-07-31,0.51,2051
1130032,2026-07-31,0.35,2051
1126727,2026-07-31,0.35,2051
1117690,2026-07-31,0.32,2051
1080148,2026-07-31,0.18,2051
1073549,2026-07-31,0.18,2051
1116706,2026-07-31,0.17,2051
1099820,2026-07-31,0.17,2051
1129323,2026-07-31,0.17,2051
1125267,2026-07-31,0.07,2051
1079004,2026-07-31,0.07,2051
1115780,2026-07-31,0.04,2051
1122173,2026-07-31,0.02,2051
1114388,2026-07-31,0.00,2051
1102054,2026-07-31,0.00,2051
1125370,2026-07-31,0.57,2051
1128380,2026-07-31,0.46,2051
1124750,2026-07-31,0.32,2051
1128273,2026-07-31,0.26,2051
1125758,2026-07-31,0.21,2051
1124992,2026-07-31,0.18,2051
1125363,2026-07-31,0.10,2051
1125364,2026-07-31,0.09,2051
1125365,2026-07-31,0.09,2051
1125366,2026-07-31,0.08,2051
1125761,2026-07-31,0.07,2051
1125763,2026-07-31,0.07,2051
1125760,2026-07-31,0.07,2051
1131865,2026-07-31,0.85,2051
1134234,2026-07-31,0.87,2051
1134976,2026-07-31,0.17,2051
1119536,2026-07-31,0.36,3617
1125792,2026-07-31,0.37,3634
207979,2026-07-31,0.03,3634
207979,2026-07-31,0.01,45685
1120770,2026-07-31,5.88,3601
1120583,2026-07-31,5.25,3601
1120898,2026-07-31,4.20,3601
1109615,2026-07-31,3.98,3601
1108472,2026-07-31,3.77,3601
1124503,2026-07-31,3.14,3601
1127267,2026-07-31,2.10,3601
1120748,2026-07-31,2.10,3601
1124416,2026-07-31,2.10,3601
1121249,2026-07-31,2.10,3601
1127997,2026-07-31,2.10,3601
1108610,2026-07-31,2.09,3601
1130546,2026-07-31,2.09,3601
1132198,2026-07-31,2.09,3601
1129319,2026-07-31,2.08,3601
1133281,2026-07-31,2.08,3601
1061238,2026-07-31,1.47,3601
1131304,2026-07-31,1.47,3601
1130294,2026-07-31,1.25,3601
1118393,2026-07-31,1.05,3601
1075722,2026-07-31,1.05,3601
1115085,2026-07-31,1.05,3601
1123069,2026-07-31,1.05,3601
1120390,2026-07-31,1.05,3601
1115449,2026-07-31,1.05,3601
1127994,2026-07-31,1.05,3601
1128263,2026-07-31,1.04,3601
1130088,2026-07-31,1.04,3601
1128300,2026-07-31,1.04,3601
1128162,2026-07-31,0.47,3601
1135570,2026-07-31,1.47,3601
1130064,2026-07-31,2.24,3601
1131637,2026-07-31,8.22,3601
1131145,2026-07-31,4.11,3601
1135178,2026-07-31,4.09,3601
1132179,2026-07-31,2.02,3601
1132168,2026-07-31,2.01,3601
1133089,2026-07-31,2.01,3601
1132533,2026-07-31,2.01,3601
1132059,2026-07-31,1.02,3601
1132199,2026-07-31,1.01,3601
207979,2026-07-31,0.05,3601
1122930,2026-07-31,6.42,5430
1133333,2026-07-31,6.40,5430
1132174,2026-07-31,4.00,5430
1114078,2026-07-31,3.18,5430
1129124,2026-07-31,2.08,5430
1130766,2026-07-31,2.07,5430
1116882,2026-07-31,1.06,5430
1122369,2026-07-31,1.05,5430
1132166,2026-07-31,0.53,5430
1088960,2026-07-31,0.22,5430
1088961,2026-07-31,0.04,5430
1127510,2026-07-31,20.48,5430
1132718,2026-07-31,10.51,5430
1134925,2026-07-31,6.27,5430
1134215,2026-07-31,5.38,5430
1117677,2026-07-31,4.67,5430
1132717,2026-07-31,4.28,5430
1133274,2026-07-31,4.24,5430
1120816,2026-07-31,1.44,5430
1117690,2026-07-31,1.02,5430
1129571,2026-07-31,0.82,5430
1121570,2026-07-31,0.47,5430
1121571,2026-07-31,0.25,5430
1104180,2026-07-31,0.03,5430
1102727,2026-07-31,0.02,5430
1102932,2026-07-31,0.01,5430
1102054,2026-07-31,0.00,5430
1067635,2026-07-31,4.29,3205
1104625,2026-07-31,1.87,3205
1113463,2026-07-31,0.91,3205
1083471,2026-07-31,0.69,3205
1088022,2026-07-31,0.46,3205
1086378,2026-07-31,0.23,3205
1089048,2026-07-31,0.23,3205
1115588,2026-07-31,0.23,3205
1085402,2026-07-31,0.07,3205
1129426,2026-07-31,5.51,3205
1120583,2026-07-31,3.36,3205
1125644,2026-07-31,3.13,3205
1132220,2026-07-31,2.89,3205
1132167,2026-07-31,2.67,3205
1127740,2026-07-31,2.23,3205
1117882,2026-07-31,2.02,3205
1133454,2026-07-31,1.84,3205
1135133,2026-07-31,1.79,3205
1119054,2026-07-31,1.57,3205
1127101,2026-07-31,1.57,3205
1132762,2026-07-31,1.33,3205
1120770,2026-07-31,1.12,3205
1130301,2026-07-31,1.11,3205
1120414,2026-07-31,0.67,3205
1126402,2026-07-31,0.22,3205
1132614,2026-07-31,3.25,3205
1124414,2026-07-31,0.64,3205
1125262,2026-07-31,0.02,3205
1133306,2026-07-31,5.35,3205
1132749,2026-07-31,4.45,3205
1131145,2026-07-31,4.37,3205
1133438,2026-07-31,4.28,3205
1131745,2026-07-31,3.29,3205
1132847,2026-07-31,2.23,3205
1133504,2026-07-31,2.22,3205
1133401,2026-07-31,2.22,3205
1131100,2026-07-31,2.19,3205
1130913,2026-07-31,2.19,3205
1132070,2026-07-31,2.17,3205
1132495,2026-07-31,2.15,3205
1133103,2026-07-31,2.14,3205
1134790,2026-07-31,2.10,3205
1134205,2026-07-31,1.11,3205
1130417,2026-07-31,1.11,3205
1131198,2026-07-31,1.09,3205
1134766,2026-07-31,1.09,3205
1132780,2026-07-31,1.09,3205
1132672,2026-07-31,1.07,3205
1132807,2026-07-31,1.07,3205
1129571,2026-07-31,15.49,2040
1127510,2026-07-31,14.91,2040
1134924,2026-07-31,8.79,2040
1133354,2026-07-31,6.81,2040
1133274,2026-07-31,6.36,2040
1132652,2026-07-31,5.23,2040
1132954,2026-07-31,4.86,2040
1129323,2026-07-31,2.19,2040
1117690,2026-07-31,1.96,2040
1132279,2026-07-31,0.55,2040
1110103,2026-07-31,0.43,2040
1080280,2026-07-31,0.23,2040
1121570,2026-07-31,0.14,2040
1114388,2026-07-31,0.12,2040
1086394,2026-07-31,0.09,2040
1080281,2026-07-31,0.09,2040
1113327,2026-07-31,0.07,2040
1125267,2026-07-31,0.06,2040
1116287,2026-07-31,0.05,2040
1100614,2026-07-31,0.04,2040
1080149,2026-07-31,0.01,2040
1102054,2026-07-31,0.00,2040
1124748,2026-07-31,0.98,2040
1126053,2026-07-31,0.82,2040
1126054,2026-07-31,0.79,2040
1124751,2026-07-31,0.76,2040
1125367,2026-07-31,0.75,2040
1124752,2026-07-31,0.74,2040
1124994,2026-07-31,0.73,2040
1125371,2026-07-31,0.68,2040
1124991,2026-07-31,0.68,2040
1128381,2026-07-31,0.56,2040
1124978,2026-07-31,0.54,2040
1124992,2026-07-31,0.54,2040
1124750,2026-07-31,0.50,2040
1128277,2026-07-31,0.42,2040
1128274,2026-07-31,0.38,2040
1125364,2026-07-31,0.33,2040
1125760,2026-07-31,0.32,2040
1125372,2026-07-31,0.32,2040
1128278,2026-07-31,0.31,2040
1124753,2026-07-31,0.31,2040
1128267,2026-07-31,0.29,2040
1125368,2026-07-31,0.29,2040
1128273,2026-07-31,0.28,2040
1124749,2026-07-31,0.28,2040
1125369,2026-07-31,0.10,2040
1124754,2026-07-31,0.10,2040
1129571,2026-07-31,15.49,2042
1127510,2026-07-31,14.91,2042
1134924,2026-07-31,8.79,2042
1133354,2026-07-31,6.81,2042
1133274,2026-07-31,6.36,2042
1132652,2026-07-31,5.23,2042
1132954,2026-07-31,4.86,2042
1129323,2026-07-31,2.19,2042
1117690,2026-07-31,1.96,2042
1132279,2026-07-31,0.55,2042
1110103,2026-07-31,0.43,2042
1080280,2026-07-31,0.23,2042
1121570,2026-07-31,0.14,2042
1114388,2026-07-31,0.12,2042
1086394,2026-07-31,0.09,2042
1080281,2026-07-31,0.09,2042
1113327,2026-07-31,0.07,2042
1125267,2026-07-31,0.06,2042
1116287,2026-07-31,0.05,2042
1100614,2026-07-31,0.04,2042
1080149,2026-07-31,0.01,2042
1102054,2026-07-31,0.00,2042
1124748,2026-07-31,0.98,2042
1126053,2026-07-31,0.82,2042
1126054,2026-07-31,0.79,2042
1124751,2026-07-31,0.76,2042
1125367,2026-07-31,0.75,2042
1124752,2026-07-31,0.74,2042
1124994,2026-07-31,0.73,2042
1125371,2026-07-31,0.68,2042
1124991,2026-07-31,0.68,2042
1128381,2026-07-31,0.56,2042
1124978,2026-07-31,0.54,2042
1124992,2026-07-31,0.54,2042
1124750,2026-07-31,0.50,2042
1128277,2026-07-31,0.42,2042
1128274,2026-07-31,0.38,2042
1125364,2026-07-31,0.33,2042
1125760,2026-07-31,0.32,2042
1125372,2026-07-31,0.32,2042
1128278,2026-07-31,0.31,2042
1124753,2026-07-31,0.31,2042
1128267,2026-07-31,0.29,2042
1125368,2026-07-31,0.29,2042
1128273,2026-07-31,0.28,2042
1124749,2026-07-31,0.28,2042
1125369,2026-07-31,0.10,2042
1124754,2026-07-31,0.10,2042
1127672,2026-07-31,12.16,49127
1123163,2026-07-31,11.70,49127
1121281,2026-07-31,9.98,49127
1121327,2026-07-31,8.61,49127
1127836,2026-07-31,7.42,49127
1128334,2026-07-31,6.42,49127
1120893,2026-07-31,5.47,49127
1126778,2026-07-31,3.92,49127
1128026,2026-07-31,3.91,49127
1128510,2026-07-31,3.43,49127
1123117,2026-07-31,3.35,49127
1124515,2026-07-31,3.10,49127
1124720,2026-07-31,2.31,49127
1130614,2026-07-31,2.31,49127
1112992,2026-07-31,2.30,49127
1127738,2026-07-31,1.38,49127
1121882,2026-07-31,1.15,49127
1119601,2026-07-31,0.69,49127
1121865,2026-07-31,0.30,49127
1134207,2026-07-31,2.17,49127
1134976,2026-07-31,1.77,49127
1133328,2026-07-31,1.10,49127
1134268,2026-07-31,1.09,49127
207979,2026-07-31,0.01,3582
1130514,2026-07-31,0.46,49884
207979,2026-07-31,0.02,49884
1134204,2026-07-31,11.65,8136
1128711,2026-07-31,3.44,8136
1129061,2026-07-31,3.19,8136
1131632,2026-07-31,3.02,8136
1128710,2026-07-31,2.92,8136
1126608,2026-07-31,2.87,8136
1132220,2026-07-31,2.85,8136
1129059,2026-07-31,2.71,8136
1123920,2026-07-31,2.62,8136
1133601,2026-07-31,2.46,8136
1121278,2026-07-31,2.39,8136
1121190,2026-07-31,2.39,8136
1135129,2026-07-31,2.38,8136
1135483,2026-07-31,2.38,8136
1133454,2026-07-31,2.21,8136
1129615,2026-07-31,2.01,8136
1130615,2026-07-31,2.00,8136
1126244,2026-07-31,1.91,8136
1132198,2026-07-31,1.90,8136
1130707,2026-07-31,1.90,8136
1130300,2026-07-31,1.79,8136
1130124,2026-07-31,1.79,8136
1124416,2026-07-31,1.67,8136
1128954,2026-07-31,1.67,8136
1126939,2026-07-31,1.64,8136
1130344,2026-07-31,1.61,8136
1127510,2026-07-31,1.44,8136
1129185,2026-07-31,1.39,8136
1122033,2026-07-31,1.31,8136
1120987,2026-07-31,1.20,8136
1135500,2026-07-31,1.20,8136
1125456,2026-07-31,1.19,8136
1126102,2026-07-31,1.19,8136
1129254,2026-07-31,1.17,8136
1127629,2026-07-31,1.16,8136
1134215,2026-07-31,0.97,8136
1125743,2026-07-31,0.96,8136
1127805,2026-07-31,0.94,8136
1129638,2026-07-31,0.76,8136
1122907,2026-07-31,0.72,8136
1134417,2026-07-31,0.71,8136
1059403,2026-07-31,0.71,8136
1119626,2026-07-31,0.70,8136
1115780,2026-07-31,0.49,8136
1114878,2026-07-31,0.49,8136
1128619,2026-07-31,0.48,8136
1133437,2026-07-31,0.48,8136
1135485,2026-07-31,0.48,8136
1127689,2026-07-31,0.47,8136
1132707,2026-07-31,0.31,8136
1129060,2026-07-31,0.31,8136
1124517,2026-07-31,0.24,8136
1090137,2026-07-31,0.15,8136
1130514,2026-07-31,0.14,8136
1122173,2026-07-31,0.14,8136
1113543,2026-07-31,0.10,8136
1121820,2026-07-31,0.09,8136
1041653,2026-07-31,0.07,8136
1087993,2026-07-31,0.06,8136
1111947,2026-07-31,0.05,8136
1122044,2026-07-31,0.05,8136
1086821,2026-07-31,0.02,8136
1098746,2026-07-31,0.02,8136
1028206,2026-07-31,0.02,8136
1124637,2026-07-31,0.02,8136
1120618,2026-07-31,0.00,8136
1032969,2026-07-31,0.00,8136
1047145,2026-07-31,0.00,8136
1130063,2026-07-31,0.89,8136
1130065,2026-07-31,0.88,8136
1130064,2026-07-31,0.56,8136
1127514,2026-07-31,6.13,3656
1127240,2026-07-31,4.91,3656
1133333,2026-07-31,4.85,3656
1124030,2026-07-31,3.69,3656
1126564,2026-07-31,3.68,3656
1132198,2026-07-31,3.67,3656
1127672,2026-07-31,3.67,3656
1130589,2026-07-31,3.44,3656
1091250,2026-07-31,2.51,3656
1085743,2026-07-31,2.51,3656
1116010,2026-07-31,2.48,3656
1120734,2026-07-31,2.48,3656
1123069,2026-07-31,2.46,3656
1122631,2026-07-31,2.46,3656
1121064,2026-07-31,2.46,3656
1123424,2026-07-31,2.46,3656
1125753,2026-07-31,2.45,3656
1127994,2026-07-31,2.45,3656
1124426,2026-07-31,2.45,3656
1128945,2026-07-31,1.23,3656
1124503,2026-07-31,1.23,3656
1108610,2026-07-31,1.23,3656
1128263,2026-07-31,1.22,3656
1130544,2026-07-31,1.22,3656
1128462,2026-07-31,1.21,3656
1129253,2026-07-31,1.21,3656
1128300,2026-07-31,1.21,3656
1131293,2026-07-31,0.97,3656
1130585,2026-07-31,0.73,3656
1130063,2026-07-31,2.41,3656
1124415,2026-07-31,1.27,3656
1124414,2026-07-31,0.42,3656
1118395,2026-07-31,2.52,3656
1134204,2026-07-31,2.47,3656
1129254,2026-07-31,2.42,3656
1134766,2026-07-31,2.39,3656
1134863,2026-07-31,2.39,3656
1132701,2026-07-31,1.23,3656
1132704,2026-07-31,1.23,3656
1130514,2026-07-31,1.20,3656
1132771,2026-07-31,0.55,3656
1132772,2026-07-31,0.49,3656
1124637,2026-07-31,0.49,3656
207979,2026-07-31,0.01,3656
1134204,2026-07-31,55.53,30426
1129185,2026-07-31,20.46,30426
1105372,2026-07-31,6.45,30426
1132771,2026-07-31,3.78,30426
1131287,2026-07-31,2.71,30426
1120715,2026-07-31,2.56,30426
1115135,2026-07-31,0.78,30426
1108329,2026-07-31,0.75,30426
1118108,2026-07-31,0.10,30426
1122173,2026-07-31,9.32,6197
1127510,2026-07-31,6.83,6197
1129304,2026-07-31,3.58,6197
1129305,2026-07-31,3.57,6197
1129306,2026-07-31,3.48,6197
1130586,2026-07-31,2.50,6197
1126566,2026-07-31,2.43,6197
1132648,2026-07-31,2.25,6197
1126565,2026-07-31,1.96,6197
1098508,2026-07-31,1.93,6197
1127041,2026-07-31,1.37,6197
1126785,2026-07-31,1.32,6197
1108251,2026-07-31,1.29,6197
1134204,2026-07-31,1.27,6197
1129850,2026-07-31,1.25,6197
1130379,2026-07-31,1.25,6197
1129852,2026-07-31,1.25,6197
1129822,2026-07-31,1.25,6197
1129851,2026-07-31,1.25,6197
1130381,2026-07-31,1.24,6197
1130385,2026-07-31,1.12,6197
1130391,2026-07-31,0.89,6197
1130032,2026-07-31,0.86,6197
1100612,2026-07-31,0.74,6197
1132649,2026-07-31,0.63,6197
1129849,2026-07-31,0.61,6197
1130587,2026-07-31,0.54,6197
1129307,2026-07-31,0.42,6197
1130017,2026-07-31,0.38,6197
1130392,2026-07-31,0.34,6197
1125267,2026-07-31,0.33,6197
1126937,2026-07-31,0.29,6197
1129571,2026-07-31,0.17,6197
1115780,2026-07-31,0.01,6197
1123676,2026-07-31,5.94,6197
1117997,2026-07-31,5.39,6197
1121563,2026-07-31,3.78,6197
1126009,2026-07-31,3.03,6197
1085743,2026-07-31,2.58,6197
1134500,2026-07-31,2.57,6197
1115449,2026-07-31,2.53,6197
1127240,2026-07-31,2.52,6197
1127225,2026-07-31,2.52,6197
1124008,2026-07-31,1.27,6197
1133437,2026-07-31,1.21,6197
1130757,2026-07-31,1.00,6197
1090476,2026-07-31,0.25,6197
1088015,2026-07-31,0.05,6197
1133103,2026-07-31,2.42,6197
1127805,2026-07-31,5.18,22514
1126244,2026-07-31,4.72,22514
1132174,2026-07-31,4.68,22514
1114078,2026-07-31,3.93,22514
1134456,2026-07-31,3.92,22514
1135366,2026-07-31,3.86,22514
1124416,2026-07-31,3.14,22514
1124064,2026-07-31,2.89,22514
1121277,2026-07-31,2.64,22514
1128619,2026-07-31,2.64,22514
1126618,2026-07-31,2.64,22514
1123453,2026-07-31,2.63,22514
1125743,2026-07-31,2.62,22514
1121278,2026-07-31,1.84,22514
1125635,2026-07-31,1.57,22514
1122930,2026-07-31,1.32,22514
1128945,2026-07-31,1.31,22514
1130294,2026-07-31,1.30,22514
1130293,2026-07-31,1.29,22514
1121565,2026-07-31,0.65,22514
1121566,2026-07-31,0.65,22514
1132166,2026-07-31,0.65,22514
1129421,2026-07-31,0.65,22514
1129422,2026-07-31,0.65,22514
1129424,2026-07-31,0.65,22514
1129423,2026-07-31,0.65,22514
1121563,2026-07-31,0.41,22514
1114240,2026-07-31,0.21,22514
1114236,2026-07-31,0.21,22514
1114238,2026-07-31,0.21,22514
1114235,2026-07-31,0.21,22514
1111699,2026-07-31,0.21,22514
1114237,2026-07-31,0.21,22514
1111700,2026-07-31,0.21,22514
1111702,2026-07-31,0.21,22514
1111701,2026-07-31,0.21,22514
1114239,2026-07-31,0.16,22514
1111704,2026-07-31,0.16,22514
1111698,2026-07-31,0.13,22514
1088960,2026-07-31,0.11,22514
1126732,2026-07-31,0.11,22514
1028768,2026-07-31,0.00,22514
1028771,2026-07-31,0.00,22514
1028769,2026-07-31,0.00,22514
1072493,2026-07-31,0.00,22514
1130063,2026-07-31,2.05,22514
1130065,2026-07-31,1.78,22514
1124031,2026-07-31,0.69,22514
1124738,2026-07-31,0.61,22514
1123337,2026-07-31,0.40,22514
1130300,2026-07-31,5.61,22514
1134215,2026-07-31,2.93,22514
1131289,2026-07-31,2.59,22514
1127510,2026-07-31,2.15,22514
1130398,2026-07-31,2.08,22514
1123705,2026-07-31,1.50,22514
1132771,2026-07-31,1.31,22514
1130397,2026-07-31,0.87,22514
1132652,2026-07-31,0.79,22514
1104180,2026-07-31,0.15,22514
1067674,2026-07-31,27.99,45999
1067908,2026-07-31,18.75,45999
1067924,2026-07-31,10.49,45999
1067923,2026-07-31,8.04,45999
1065827,2026-07-31,6.41,45999
1105151,2026-07-31,4.05,45999
1105524,2026-07-31,3.42,45999
1065858,2026-07-31,3.26,45999
1111217,2026-07-31,2.72,45999
1105152,2026-07-31,2.70,45999
1065746,2026-07-31,2.17,45999
1065711,2026-07-31,2.01,45999
1064416,2026-07-31,1.79,45999
1064709,2026-07-31,1.14,45999
1111221,2026-07-31,0.81,45999
1111725,2026-07-31,0.54,45999
1064413,2026-07-31,0.54,45999
1128087,2026-07-31,0.54,45999
1065826,2026-07-31,0.27,45999
1065857,2026-07-31,0.27,45999
1122678,2026-07-31,0.11,45999
1064417,2026-07-31,0.03,45999
1127721,2026-07-31,7.65,1968
1104370,2026-07-31,2.84,1968
1120390,2026-07-31,1.40,1968
1126539,2026-07-31,1.39,1968
1130334,2026-07-31,1.37,1968
1135130,2026-07-31,1.32,1968
1127220,2026-07-31,1.00,1968
1116010,2026-07-31,0.56,1968
1114906,2026-07-31,0.34,1968
1125644,2026-07-31,0.11,1968
1123292,2026-07-31,0.11,1968
1130063,2026-07-31,4.10,1968
1130065,2026-07-31,4.08,1968
1129571,2026-07-31,15.11,1968
1123705,2026-07-31,5.34,1968
1132279,2026-07-31,4.74,1968
1130085,2026-07-31,4.46,1968
1130032,2026-07-31,4.46,1968
1127510,2026-07-31,4.44,1968
1110851,2026-07-31,1.39,1968
1129323,2026-07-31,1.34,1968
1115628,2026-07-31,0.11,1968
1064416,2026-07-31,0.11,1968
1122871,2026-07-31,0.09,1968
1102054,2026-07-31,0.00,1968
1099811,2026-07-31,0.00,1968
1128382,2026-07-31,0.82,1968
1128383,2026-07-31,0.79,1968
1124753,2026-07-31,0.75,1968
1128384,2026-07-31,0.43,1968
1128276,2026-07-31,0.41,1968
1128274,2026-07-31,0.39,1968
1125370,2026-07-31,0.16,1968
1125371,2026-07-31,0.15,1968
1125372,2026-07-31,0.14,1968
1125373,2026-07-31,0.13,1968
1116668,2026-07-31,29.84,46506
1074711,2026-07-31,10.69,46506
1116730,2026-07-31,7.68,46506
1079004,2026-07-31,6.98,46506
1075763,2026-07-31,5.77,46506
1096614,2026-07-31,4.98,46506
1096644,2026-07-31,3.23,46506
1040335,2026-07-31,2.99,46506
1077865,2026-07-31,2.99,46506
1096597,2026-07-31,2.93,46506
1112784,2026-07-31,2.60,46506
1037455,2026-07-31,2.11,46506
1076881,2026-07-31,1.50,46506
1077882,2026-07-31,1.49,46506
1078287,2026-07-31,1.48,46506
1109263,2026-07-31,1.44,46506
1075759,2026-07-31,1.44,46506
1077864,2026-07-31,1.27,46506
1075341,2026-07-31,1.16,46506
1078282,2026-07-31,1.16,46506
1075760,2026-07-31,1.15,46506
1113101,2026-07-31,0.89,46506
1077808,2026-07-31,0.87,46506
1077880,2026-07-31,0.59,46506
1114564,2026-07-31,0.59,46506
1098511,2026-07-31,0.58,46506
1113132,2026-07-31,0.30,46506
1122705,2026-07-31,0.12,46506
1073543,2026-07-31,0.04,46506
1125735,2026-07-31,4.51,3631
1117952,2026-07-31,3.02,3631
1126856,2026-07-31,3.01,3631
1128335,2026-07-31,2.97,3631
1131171,2026-07-31,2.97,3631
1098915,2026-07-31,1.53,3631
1134384,2026-07-31,1.51,3631
1134680,2026-07-31,1.51,3631
1126676,2026-07-31,1.51,3631
1133437,2026-07-31,1.51,3631
1134433,2026-07-31,1.51,3631
1127514,2026-07-31,1.50,3631
1135483,2026-07-31,1.50,3631
1134438,2026-07-31,1.50,3631
1127735,2026-07-31,1.50,3631
1132077,2026-07-31,1.49,3631
1130454,2026-07-31,1.49,3631
1134816,2026-07-31,1.41,3631
1132147,2026-07-31,1.08,3631
1093548,2026-07-31,0.61,3631
1135570,2026-07-31,1.50,3631
1130063,2026-07-31,2.96,3631
1130065,2026-07-31,1.47,3631
1127510,2026-07-31,3.58,3631
1132741,2026-07-31,3.03,3631
1122173,2026-07-31,2.92,3631
1129571,2026-07-31,2.07,3631
1135500,2026-07-31,1.57,3631
1132589,2026-07-31,1.54,3631
1132766,2026-07-31,1.52,3631
1132492,2026-07-31,1.50,3631
1127259,2026-07-31,1.46,3631
1129221,2026-07-31,1.45,3631
1132495,2026-07-31,1.45,3631
1129401,2026-07-31,1.45,3631
1133900,2026-07-31,1.44,3631
1129185,2026-07-31,0.88,3631
1133589,2026-07-31,0.61,3631
1134204,2026-07-31,0.61,3631
1132736,2026-07-31,0.46,3631
1133585,2026-07-31,0.31,3631
1133597,2026-07-31,0.31,3631
1133394,2026-07-31,0.22,3631
1130514,2026-07-31,0.19,3631
1122623,2026-07-31,0.12,3631
207979,2026-07-31,0.01,3631
1134213,2026-07-31,6.23,883
1134214,2026-07-31,6.23,883
1134211,2026-07-31,6.22,883
1135055,2026-07-31,6.18,883
1135497,2026-07-31,6.14,883
1135546,2026-07-31,4.60,883
1134393,2026-07-31,3.11,883
1135547,2026-07-31,3.06,883
1135320,2026-07-31,6.17,883
1130567,2026-07-31,6.15,883
1134212,2026-07-31,3.11,883
1134202,2026-07-31,3.11,883
1135482,2026-07-31,3.08,883
1135481,2026-07-31,3.07,883
1133600,2026-07-31,1.55,883
1134392,2026-07-31,3.11,883
1119536,2026-07-31,0.67,49528
1125792,2026-07-31,0.66,49528
207979,2026-07-31,0.02,49528
1120583,2026-07-31,4.95,39630
1120892,2026-07-31,3.33,39630
1121249,2026-07-31,3.30,39630
1108472,2026-07-31,3.29,39630
1124426,2026-07-31,3.28,39630
1128248,2026-07-31,3.28,39630
1128510,2026-07-31,3.27,39630
1113507,2026-07-31,2.31,39630
1127267,2026-07-31,1.98,39630
1078188,2026-07-31,1.66,39630
1118393,2026-07-31,1.66,39630
1065798,2026-07-31,1.65,39630
1115085,2026-07-31,1.65,39630
1120390,2026-07-31,1.65,39630
1122122,2026-07-31,1.65,39630
1115543,2026-07-31,1.65,39630
1122631,2026-07-31,1.65,39630
1125390,2026-07-31,1.65,39630
1120770,2026-07-31,1.65,39630
1128026,2026-07-31,1.65,39630
1061238,2026-07-31,1.65,39630
1131304,2026-07-31,1.64,39630
1113711,2026-07-31,1.64,39630
1120618,2026-07-31,1.64,39630
1130544,2026-07-31,1.63,39630
1129444,2026-07-31,1.62,39630
1130546,2026-07-31,1.15,39630
1130064,2026-07-31,1.60,39630
1124415,2026-07-31,1.14,39630
1124414,2026-07-31,0.38,39630
1108780,2026-07-31,6.63,39630
1131865,2026-07-31,6.42,39630
1132184,2026-07-31,6.37,39630
1132176,2026-07-31,4.78,39630
1132290,2026-07-31,3.18,39630
1134268,2026-07-31,3.12,39630
1116069,2026-07-31,1.69,39630
1119309,2026-07-31,1.69,39630
1135608,2026-07-31,1.58,39630
207979,2026-07-31,0.01,39630
1120583,2026-07-31,3.72,21956
1096059,2026-07-31,3.71,21956
1126493,2026-07-31,2.70,21956
1123069,2026-07-31,2.37,21956
1058301,2026-07-31,2.36,21956
1064711,2026-07-31,2.03,21956
1125079,2026-07-31,1.70,21956
1115118,2026-07-31,1.69,21956
1064059,2026-07-31,1.69,21956
1121526,2026-07-31,1.69,21956
1122034,2026-07-31,1.69,21956
1122197,2026-07-31,1.69,21956
1070696,2026-07-31,1.69,21956
1120796,2026-07-31,1.35,21956
1121209,2026-07-31,1.35,21956
1127994,2026-07-31,1.35,21956
1078589,2026-07-31,1.02,21956
1068748,2026-07-31,1.01,21956
1096576,2026-07-31,1.01,21956
1132178,2026-07-31,7.50,21956
1132148,2026-07-31,6.53,21956
1133900,2026-07-31,4.84,21956
1112784,2026-07-31,3.42,21956
1066049,2026-07-31,3.40,21956
1135178,2026-07-31,3.29,21956
1132068,2026-07-31,3.27,21956
1132173,2026-07-31,3.26,21956
1132158,2026-07-31,3.26,21956
1132196,2026-07-31,3.26,21956
1132181,2026-07-31,3.25,21956
1132807,2026-07-31,3.24,21956
1064709,2026-07-31,1.71,21956
1132172,2026-07-31,1.63,21956
1132290,2026-07-31,1.63,21956
1133452,2026-07-31,1.63,21956
1132768,2026-07-31,1.62,21956
1132199,2026-07-31,1.30,21956
1132515,2026-07-31,0.97,21956
1133138,2026-07-31,0.97,21956
1133406,2026-07-31,0.97,21956
1095012,2026-07-31,0.43,21956
207979,2026-07-31,0.01,21956
1070888,2026-07-31,10.94,46528
1069892,2026-07-31,9.71,46528
1071814,2026-07-31,8.42,46528
1071641,2026-07-31,6.96,46528
1099774,2026-07-31,4.87,46528
1084671,2026-07-31,4.52,46528
1099716,2026-07-31,4.12,46528
1070750,2026-07-31,3.74,46528
1069945,2026-07-31,3.60,46528
1108250,2026-07-31,3.44,46528
1113669,2026-07-31,2.91,46528
1071815,2026-07-31,2.90,46528
1110054,2026-07-31,2.84,46528
1071594,2026-07-31,2.57,46528
1108695,2026-07-31,2.27,46528
1111738,2026-07-31,1.80,46528
1069997,2026-07-31,1.44,46528
1071826,2026-07-31,1.39,46528
1075295,2026-07-31,1.38,46528
1069944,2026-07-31,1.32,46528
1070751,2026-07-31,1.11,46528
1116579,2026-07-31,0.97,46528
1095785,2026-07-31,0.92,46528
1067923,2026-07-31,0.83,46528
1108720,2026-07-31,0.81,46528
1105438,2026-07-31,0.79,46528
1069893,2026-07-31,0.74,46528
1098509,2026-07-31,0.70,46528
1112741,2026-07-31,0.69,46528
1099666,2026-07-31,0.69,46528
1069051,2026-07-31,0.69,46528
1068682,2026-07-31,0.56,46528
1099334,2026-07-31,0.49,46528
1065712,2026-07-31,0.35,46528
1070708,2026-07-31,0.35,46528
1070889,2026-07-31,0.35,46528
1092166,2026-07-31,0.35,46528
1111049,2026-07-31,0.21,46528
1063270,2026-07-31,0.14,46528
1065935,2026-07-31,0.12,46528
1114944,2026-07-31,0.12,46528
1063438,2026-07-31,0.10,46528
1063269,2026-07-31,0.07,46528
207979,2026-07-31,0.01,3439
207979,2026-07-31,0.02,3646
1118393,2026-07-31,6.04,3381
1119324,2026-07-31,5.93,3381
1120583,2026-07-31,5.75,3381
1130546,2026-07-31,4.53,3381
1131598,2026-07-31,4.21,3381
1123189,2026-07-31,4.12,3381
1123676,2026-07-31,3.78,3381
1134385,2026-07-31,3.78,3381
1128057,2026-07-31,3.72,3381
1128711,2026-07-31,3.53,3381
1134934,2026-07-31,3.41,3381
1128710,2026-07-31,3.37,3381
1120423,2026-07-31,2.32,3381
1124563,2026-07-31,2.21,3381
1118728,2026-07-31,1.99,3381
1117182,2026-07-31,1.99,3381
1122369,2026-07-31,1.92,3381
1102432,2026-07-31,1.91,3381
1110124,2026-07-31,1.90,3381
1127672,2026-07-31,1.89,3381
1125735,2026-07-31,1.89,3381
1128869,2026-07-31,1.89,3381
1134816,2026-07-31,1.76,3381
1125081,2026-07-31,1.65,3381
1125080,2026-07-31,1.60,3381
1063435,2026-07-31,1.49,3381
1114906,2026-07-31,1.15,3381
1128938,2026-07-31,1.11,3381
1128248,2026-07-31,0.74,3381
1118607,2026-07-31,0.40,3381
1133401,2026-07-31,1.84,3381
1133387,2026-07-31,4.23,3381
1135263,2026-07-31,2.61,3381
1132280,2026-07-31,1.88,3381
1116513,2026-07-31,1.17,3381
1130773,2026-07-31,0.72,3381
1131872,2026-07-31,0.72,3381
1135418,2026-07-31,0.51,3381
1135419,2026-07-31,0.47,3381
1097078,2026-07-31,0.38,3381
1111937,2026-07-31,0.38,3381
1134215,2026-07-31,0.09,3381
1131893,2026-07-31,0.08,3381
1127041,2026-07-31,0.04,3381
1127111,2026-07-31,0.04,3381
1127510,2026-07-31,0.00,3381
1123522,2026-07-31,5.08,35846
1108267,2026-07-31,0.78,35846
1135504,2026-07-31,5.79,35846
1135544,2026-07-31,3.86,35846
1135054,2026-07-31,1.94,35846
1134205,2026-07-31,0.08,35846
1130416,2026-07-31,5.81,35846
1135484,2026-07-31,3.85,35846
1135505,2026-07-31,3.85,35846
1130679,2026-07-31,3.84,35846
1135158,2026-07-31,5.81,35846
1134693,2026-07-31,3.88,35846
1135124,2026-07-31,3.87,35846
1135055,2026-07-31,3.87,35846
1135497,2026-07-31,3.85,35846
1135595,2026-07-31,3.84,35846
1134479,2026-07-31,2.72,35846
1134481,2026-07-31,1.94,35846
1134480,2026-07-31,1.94,35846
1134482,2026-07-31,1.94,35846
1134444,2026-07-31,1.94,35846
1134762,2026-07-31,1.94,35846
1134891,2026-07-31,1.94,35846
1135139,2026-07-31,1.94,35846
1135136,2026-07-31,1.94,35846
1130273,2026-07-31,1.94,35846
1135249,2026-07-31,1.93,35846
1133733,2026-07-31,1.93,35846
1134286,2026-07-31,1.93,35846
1135423,2026-07-31,1.93,35846
1134435,2026-07-31,1.17,35846
1129571,2026-07-31,20.84,1084
1117690,2026-07-31,2.48,1084
1115839,2026-07-31,0.41,1084
1085746,2026-07-31,0.16,1084
1129185,2026-07-31,0.15,1084
1066858,2026-07-31,0.02,1084
1037453,2026-07-31,0.01,1084
1112620,2026-07-31,8.33,1084
1120747,2026-07-31,7.95,1084
1126009,2026-07-31,7.94,1084
1131171,2026-07-31,5.08,1084
1123540,2026-07-31,3.98,1084
1126149,2026-07-31,3.98,1084
1127240,2026-07-31,3.17,1084
1120734,2026-07-31,2.00,1084
1122652,2026-07-31,2.00,1084
1114906,2026-07-31,1.99,1084
1127202,2026-07-31,1.99,1084
1124426,2026-07-31,1.98,1084
1127735,2026-07-31,1.97,1084
1132077,2026-07-31,1.97,1084
1130454,2026-07-31,1.96,1084
1135383,2026-07-31,0.79,1084
1120181,2026-07-31,0.24,1084
1134766,2026-07-31,6.19,1084
1131816,2026-07-31,1.93,1084
1132178,2026-07-31,1.92,1084
1132287,2026-07-31,1.53,1084
1132462,2026-07-31,1.16,1084
1132654,2026-07-31,1.15,1084
1132475,2026-07-31,0.38,1084
207979,2026-07-31,0.03,3450
1129485,2026-07-31,6.83,535
1126027,2026-07-31,4.61,535
1127735,2026-07-31,4.57,535
1129003,2026-07-31,4.57,535
1124503,2026-07-31,3.22,535
1120583,2026-07-31,2.31,535
1124734,2026-07-31,2.30,535
1123118,2026-07-31,2.30,535
1078589,2026-07-31,1.39,535
1118765,2026-07-31,0.92,535
1132290,2026-07-31,6.49,535
1133600,2026-07-31,4.57,535
1132475,2026-07-31,4.45,535
1133089,2026-07-31,4.42,535
1133543,2026-07-31,4.41,535
1135583,2026-07-31,4.34,535
1131830,2026-07-31,3.14,535
1132738,2026-07-31,2.25,535
1134766,2026-07-31,2.25,535
1132863,2026-07-31,2.25,535
1132780,2026-07-31,2.24,535
1132186,2026-07-31,2.23,535
1134787,2026-07-31,2.22,535
1133452,2026-07-31,2.22,535
1133195,2026-07-31,2.21,535
1133306,2026-07-31,2.20,535
1132463,2026-07-31,1.33,535
1133438,2026-07-31,1.33,535
1130549,2026-07-31,0.45,535
1133101,2026-07-31,0.44,535
1132456,2026-07-31,2.22,535
1100612,2026-07-31,4.31,535
1127664,2026-07-31,2.31,535
1064309,2026-07-31,0.93,535
1110050,2026-07-31,0.94,45360
1062534,2026-07-31,0.47,45360
1061532,2026-07-31,0.47,45360
1113295,2026-07-31,0.47,45360
1133435,2026-07-31,6.71,45360
1133217,2026-07-31,4.47,45360
1135169,2026-07-31,4.45,45360
1134302,2026-07-31,2.27,45360
1133984,2026-07-31,2.27,45360
1135572,2026-07-31,2.24,45360
1133904,2026-07-31,2.23,45360
1133968,2026-07-31,2.23,45360
1133158,2026-07-31,2.23,45360
1133406,2026-07-31,6.70,45360
1133135,2026-07-31,6.00,45360
1132738,2026-07-31,4.56,45360
1131865,2026-07-31,4.55,45360
1134787,2026-07-31,4.50,45360
1133164,2026-07-31,4.48,45360
1135462,2026-07-31,4.48,45360
1133100,2026-07-31,4.48,45360
1133104,2026-07-31,4.48,45360
1133162,2026-07-31,4.47,45360
1131545,2026-07-31,2.28,45360
1131892,2026-07-31,2.27,45360
1132744,2026-07-31,2.25,45360
1132672,2026-07-31,2.24,45360
1132911,2026-07-31,2.24,45360
1133224,2026-07-31,2.24,45360
1133256,2026-07-31,2.24,45360
1133138,2026-07-31,2.24,45360
1134968,2026-07-31,2.23,45360
1133107,2026-07-31,4.06,45360
1131636,2026-07-31,2.29,45360
1131798,2026-07-31,2.28,45360
1133378,2026-07-31,1.19,45360
1133075,2026-07-31,0.90,45360
1134215,2026-07-31,7.16,12380
1117690,2026-07-31,6.88,12380
1116010,2026-07-31,4.07,12380
1116516,2026-07-31,3.56,12380
1135500,2026-07-31,3.38,12380
1123705,2026-07-31,3.37,12380
1100137,2026-07-31,2.64,12380
1134204,2026-07-31,2.53,12380
1129571,2026-07-31,1.89,12380
1113543,2026-07-31,1.55,12380
1088974,2026-07-31,1.54,12380
1074678,2026-07-31,1.53,12380
1130158,2026-07-31,1.51,12380
1076030,2026-07-31,1.04,12380
1062410,2026-07-31,1.00,12380
1107779,2026-07-31,0.98,12380
1087993,2026-07-31,0.91,12380
1105445,2026-07-31,0.90,12380
1090499,2026-07-31,0.52,12380
1088015,2026-07-31,0.52,12380
1088957,2026-07-31,0.52,12380
1117956,2026-07-31,0.51,12380
1088956,2026-07-31,0.51,12380
1119345,2026-07-31,0.51,12380
1098828,2026-07-31,0.51,12380
1118005,2026-07-31,0.51,12380
1092165,2026-07-31,0.51,12380
1094217,2026-07-31,0.51,12380
1094219,2026-07-31,0.50,12380
1098817,2026-07-31,0.50,12380
1131724,2026-07-31,0.50,12380
1105954,2026-07-31,0.50,12380
1034721,2026-07-31,0.41,12380
1111947,2026-07-31,0.41,12380
1102071,2026-07-31,0.39,12380
1131872,2026-07-31,0.38,12380
1102999,2026-07-31,0.36,12380
1132772,2026-07-31,0.33,12380
1133407,2026-07-31,0.29,12380
1010718,2026-07-31,0.29,12380
1132112,2026-07-31,0.26,12380
1132301,2026-07-31,0.20,12380
1127510,2026-07-31,0.16,12380
1097127,2026-07-31,0.12,12380
1098825,2026-07-31,0.10,12380
1028206,2026-07-31,0.03,12380
1130063,2026-07-31,1.08,12380
1130065,2026-07-31,1.08,12380
1130064,2026-07-31,0.78,12380
1131042,2026-07-31,4.92,12380
1132199,2026-07-31,4.85,12380
1132290,2026-07-31,4.84,12380
1132066,2026-07-31,2.43,12380
1132433,2026-07-31,2.42,12380
1127220,2026-07-31,5.19,13350
1068002,2026-07-31,5.08,13350
1122631,2026-07-31,4.29,13350
1118854,2026-07-31,2.71,13350
1124854,2026-07-31,2.66,13350
1125287,2026-07-31,2.64,13350
1115449,2026-07-31,2.62,13350
1127202,2026-07-31,2.59,13350
1126027,2026-07-31,2.59,13350
1116498,2026-07-31,2.58,13350
1128619,2026-07-31,2.58,13350
1067961,2026-07-31,2.56,13350
1125826,2026-07-31,2.55,13350
1128855,2026-07-31,2.55,13350
1126009,2026-07-31,2.07,13350
1123424,2026-07-31,1.62,13350
1129005,2026-07-31,1.60,13350
1132815,2026-07-31,1.55,13350
1121567,2026-07-31,1.54,13350
1118923,2026-07-31,1.52,13350
1129413,2026-07-31,1.52,13350
1124016,2026-07-31,1.09,13350
1127997,2026-07-31,1.03,13350
1128954,2026-07-31,1.02,13350
1129004,2026-07-31,0.61,13350
1130047,2026-07-31,0.55,13350
1120972,2026-07-31,0.52,13350
1133886,2026-07-31,0.52,13350
1108505,2026-07-31,0.51,13350
1132614,2026-07-31,1.84,13350
1130421,2026-07-31,0.88,13350
1112784,2026-07-31,5.14,13350
1100612,2026-07-31,2.67,13350
1131694,2026-07-31,4.91,13350
1131894,2026-07-31,2.45,13350
1131892,2026-07-31,2.45,13350
1132287,2026-07-31,2.43,13350
1133452,2026-07-31,2.42,13350
1133089,2026-07-31,2.41,13350
1133135,2026-07-31,2.41,13350
1132203,2026-07-31,1.46,13350
1132179,2026-07-31,0.97,13350
1130273,2026-07-31,2.49,13350
1134408,2026-07-31,2.97,13350
1084722,2026-07-31,5.05,210
1117475,2026-07-31,2.76,210
1127658,2026-07-31,2.25,210
1129185,2026-07-31,2.16,210
1113513,2026-07-31,2.12,210
1126149,2026-07-31,2.02,210
1129571,2026-07-31,1.96,210
1124735,2026-07-31,1.92,210
1121839,2026-07-31,1.91,210
1132501,2026-07-31,1.90,210
1121362,2026-07-31,1.70,210
1108608,2026-07-31,1.70,210
1126904,2026-07-31,1.59,210
1127240,2026-07-31,1.59,210
1068804,2026-07-31,1.59,210
1124660,2026-07-31,1.59,210
1123705,2026-07-31,1.52,210
1130544,2026-07-31,1.47,210
1134433,2026-07-31,1.38,210
1114393,2026-07-31,1.09,210
1088938,2026-07-31,1.09,210
1123069,2026-07-31,1.06,210
1125635,2026-07-31,1.06,210
1120415,2026-07-31,1.06,210
1120064,2026-07-31,1.06,210
1132816,2026-07-31,1.06,210
1133969,2026-07-31,1.06,210
1132673,2026-07-31,1.06,210
1129661,2026-07-31,1.04,210
1122592,2026-07-31,0.96,210
1114550,2026-07-31,0.85,210
1092067,2026-07-31,0.85,210
1105168,2026-07-31,0.85,210
1124734,2026-07-31,0.85,210
1125977,2026-07-31,0.74,210
1132167,2026-07-31,0.74,210
1112784,2026-07-31,0.54,210
1134204,2026-07-31,0.53,210
1116498,2026-07-31,0.53,210
1118393,2026-07-31,0.53,210
1124797,2026-07-31,0.53,210
1124030,2026-07-31,0.53,210
1122197,2026-07-31,0.53,210
1126885,2026-07-31,0.53,210
1126009,2026-07-31,0.53,210
1128057,2026-07-31,0.53,210
1131293,2026-07-31,0.52,210
1127510,2026-07-31,0.45,210
1086369,2026-07-31,0.44,210
1127782,2026-07-31,0.31,210
1065935,2026-07-31,0.11,210
1134816,2026-07-31,0.02,210
1094003,2026-07-31,0.00,210
1128473,2026-07-31,1.37,210
1125263,2026-07-31,0.39,210
1124738,2026-07-31,0.31,210
1133467,2026-07-31,1.53,210
1132177,2026-07-31,1.02,210
1132672,2026-07-31,0.51,210
1129788,2026-07-31,3.34,43438
1134205,2026-07-31,2.59,43438
1132852,2026-07-31,2.15,43438
1120583,2026-07-31,11.09,50232
1120770,2026-07-31,11.08,50232
1127234,2026-07-31,8.31,50232
1133515,2026-07-31,5.55,50232
1063435,2026-07-31,3.32,50232
1120796,2026-07-31,2.77,50232
1111050,2026-07-31,2.75,50232
1118015,2026-07-31,1.11,50232
1113582,2026-07-31,0.55,50232
1133162,2026-07-31,7.96,50232
1132465,2026-07-31,5.34,50232
1132807,2026-07-31,5.32,50232
1133100,2026-07-31,5.31,50232
1133164,2026-07-31,2.66,50232
1133138,2026-07-31,2.65,50232
1133438,2026-07-31,0.53,50232
1133156,2026-07-31,10.61,50232
1133328,2026-07-31,7.95,50232
1133217,2026-07-31,2.65,50232
1135500,2026-07-31,45.68,3230
1127510,2026-07-31,30.18,3230
1123705,2026-07-31,13.64,3230
1118395,2026-07-31,2.92,3230
1122033,2026-07-31,2.90,3230
1134204,2026-07-31,2.87,3230
1122173,2026-07-31,36.43,1617
1127510,2026-07-31,13.47,1617
1129306,2026-07-31,8.41,1617
1126566,2026-07-31,5.72,1617
1129304,2026-07-31,5.61,1617
1129305,2026-07-31,5.60,1617
1130379,2026-07-31,2.95,1617
1130381,2026-07-31,2.91,1617
1126565,2026-07-31,2.88,1617
1130385,2026-07-31,2.64,1617
1130390,2026-07-31,2.36,1617
1129307,2026-07-31,2.34,1617
1130391,2026-07-31,2.10,1617
1130032,2026-07-31,1.01,1617
1130392,2026-07-31,0.81,1617
1126937,2026-07-31,0.67,1617
1129571,2026-07-31,0.04,1617
1088965,2026-07-31,0.01,1617
1119536,2026-07-31,7.99,35818
1122623,2026-07-31,5.66,35818
1129341,2026-07-31,4.70,35818
1116668,2026-07-31,2.42,35818
1012264,2026-07-31,0.59,35818
207979,2026-07-31,0.00,35818
1086213,2026-07-31,17.90,46359
1086368,2026-07-31,11.57,46359
1086438,2026-07-31,6.80,46359
1084266,2026-07-31,6.26,46359
1086378,2026-07-31,4.35,46359
1083617,2026-07-31,3.88,46359
1085413,2026-07-31,3.75,46359
1086363,2026-07-31,3.74,46359
1083572,2026-07-31,3.69,46359
1083622,2026-07-31,3.63,46359
1086393,2026-07-31,3.05,46359
1086394,2026-07-31,2.98,46359
1085402,2026-07-31,2.50,46359
1102136,2026-07-31,2.40,46359
1086369,2026-07-31,1.90,46359
1085224,2026-07-31,1.87,46359
1086437,2026-07-31,1.86,46359
1086405,2026-07-31,1.62,46359
1084394,2026-07-31,1.25,46359
1085218,2026-07-31,1.25,46359
1083615,2026-07-31,1.25,46359
1086431,2026-07-31,1.24,46359
1116524,2026-07-31,1.22,46359
1084409,2026-07-31,1.00,46359
1083334,2026-07-31,0.78,46359
1086429,2026-07-31,0.68,46359
1084670,2026-07-31,0.63,46359
1085429,2026-07-31,0.62,46359
1086434,2026-07-31,0.62,46359
1083477,2026-07-31,0.62,46359
1102301,2026-07-31,0.60,46359
1075341,2026-07-31,0.49,46359
1084412,2026-07-31,0.25,46359
1083708,2026-07-31,0.13,46359
1085477,2026-07-31,0.12,46359
1085207,2026-07-31,0.06,46359
1085414,2026-07-31,0.03,46359
1040396,2026-07-31,65.11,46358
1020229,2026-07-31,24.54,46358
1041653,2026-07-31,3.03,46358
1099699,2026-07-31,2.27,46358
1102385,2026-07-31,1.20,46358
1053783,2026-07-31,0.87,46358
1098746,2026-07-31,0.05,46358
207979,2026-07-31,0.02,48238
1126618,2026-07-31,6.56,8472
1126244,2026-07-31,6.52,8472
1123023,2026-07-31,6.50,8472
1134433,2026-07-31,6.50,8472
1124064,2026-07-31,5.87,8472
1124416,2026-07-31,5.21,8472
1113475,2026-07-31,3.91,8472
1134456,2026-07-31,3.25,8472
1128331,2026-07-31,3.21,8472
1135366,2026-07-31,3.20,8472
1121278,2026-07-31,2.61,8472
1125635,2026-07-31,2.60,8472
1131811,2026-07-31,1.97,8472
1059173,2026-07-31,1.30,8472
1129421,2026-07-31,0.81,8472
1129422,2026-07-31,0.81,8472
1129424,2026-07-31,0.80,8472
1129423,2026-07-31,0.80,8472
1121190,2026-07-31,0.65,8472
1111702,2026-07-31,0.46,8472
1111701,2026-07-31,0.46,8472
1111704,2026-07-31,0.34,8472
1114238,2026-07-31,0.26,8472
1114235,2026-07-31,0.26,8472
1114237,2026-07-31,0.26,8472
1114239,2026-07-31,0.20,8472
1130535,2026-07-31,0.07,8472
1130534,2026-07-31,0.07,8472
1072493,2026-07-31,0.00,8472
1121953,2026-07-31,0.36,8472
1124031,2026-07-31,0.34,8472
1123337,2026-07-31,0.30,8472
1128710,2026-07-31,7.22,8472
1132652,2026-07-31,5.89,8472
1132771,2026-07-31,3.26,8472
1130514,2026-07-31,2.54,8472
1134215,2026-07-31,0.66,8472
207979,2026-07-31,0.01,3581
1124312,2026-07-31,4.51,31014
1123920,2026-07-31,3.93,31014
1124416,2026-07-31,3.92,31014
1117725,2026-07-31,3.74,31014
1128855,2026-07-31,3.70,31014
1135095,2026-07-31,3.68,31014
1133437,2026-07-31,3.66,31014
1135557,2026-07-31,3.64,31014
1127782,2026-07-31,3.63,31014
1128625,2026-07-31,3.63,31014
1130047,2026-07-31,3.16,31014
1129413,2026-07-31,2.93,31014
1125390,2026-07-31,2.32,31014
1125287,2026-07-31,2.30,31014
1133886,2026-07-31,1.50,31014
1127739,2026-07-31,1.46,31014
1129004,2026-07-31,0.88,31014
1128954,2026-07-31,0.74,31014
1130300,2026-07-31,3.91,31014
1133454,2026-07-31,3.76,31014
1130063,2026-07-31,3.60,31014
1124857,2026-07-31,1.80,31014
1135188,2026-07-31,1.38,31014
1123682,2026-07-31,0.83,31014
1134204,2026-07-31,17.88,31014
1129185,2026-07-31,4.97,31014
1129571,2026-07-31,3.66,31014
1130514,2026-07-31,1.09,31014
1074555,2026-07-31,8.72,46351
1074613,2026-07-31,6.32,46351
1074612,2026-07-31,6.01,46351
1074611,2026-07-31,5.61,46351
1074679,2026-07-31,4.73,46351
1074683,2026-07-31,3.94,46351
1073545,2026-07-31,3.60,46351
1075229,2026-07-31,3.18,46351
1074677,2026-07-31,3.16,46351
1073256,2026-07-31,2.53,46351
1074680,2026-07-31,2.36,46351
1074614,2026-07-31,1.58,46351
1074560,2026-07-31,1.58,46351
1114732,2026-07-31,1.58,46351
1096625,2026-07-31,1.58,46351
1074488,2026-07-31,0.79,46351
1135269,2026-07-31,0.79,46351
1073543,2026-07-31,0.79,46351
1112784,2026-07-31,0.79,46351
1074675,2026-07-31,0.32,46351
1114721,2026-07-31,0.14,46351
1074568,2026-07-31,0.05,46351
1074569,2026-07-31,12.93,46351
1072635,2026-07-31,8.88,46351
1068001,2026-07-31,6.07,46351
1070699,2026-07-31,5.74,46351
1073542,2026-07-31,3.64,46351
1129571,2026-07-31,20.58,497
1132492,2026-07-31,15.66,497
1127510,2026-07-31,11.65,497
1123705,2026-07-31,5.71,497
1105168,2026-07-31,3.15,497
1118395,2026-07-31,2.09,497
1132816,2026-07-31,0.78,497
1129185,2026-07-31,0.38,497
1132301,2026-07-31,0.31,497
1133355,2026-07-31,15.58,497
1132852,2026-07-31,3.90,497
1134201,2026-07-31,1.63,43213
1129788,2026-07-31,1.63,43213
1134455,2026-07-31,1.63,43213
1132952,2026-07-31,0.81,43213
1132852,2026-07-31,0.81,43213
1134204,2026-07-31,97.87,47331
1126551,2026-07-31,5.33,28458
1122631,2026-07-31,4.56,28458
1096059,2026-07-31,4.44,28458
1134385,2026-07-31,4.34,28458
1134816,2026-07-31,4.05,28458
1124563,2026-07-31,3.65,28458
1126697,2026-07-31,3.54,28458
1128711,2026-07-31,2.19,28458
1121839,2026-07-31,1.76,28458
1122592,2026-07-31,1.74,28458
1128710,2026-07-31,1.04,28458
1117960,2026-07-31,0.88,28458
1134934,2026-07-31,0.87,28458
1133401,2026-07-31,4.24,28458
1131145,2026-07-31,4.19,28458
1132738,2026-07-31,4.17,28458
1131587,2026-07-31,4.17,28458
1132054,2026-07-31,4.15,28458
1132059,2026-07-31,4.15,28458
1132186,2026-07-31,4.13,28458
1134790,2026-07-31,4.02,28458
1132173,2026-07-31,3.31,28458
1132158,2026-07-31,3.31,28458
1133438,2026-07-31,3.28,28458
1133387,2026-07-31,5.47,28458
1135263,2026-07-31,3.43,28458
1116513,2026-07-31,1.80,28458
1132280,2026-07-31,1.73,28458
1131872,2026-07-31,1.10,28458
1111937,2026-07-31,0.88,28458
1131893,2026-07-31,0.24,28458
1134215,2026-07-31,0.16,28458
1127041,2026-07-31,0.09,28458
1127111,2026-07-31,0.09,28458
1135418,2026-07-31,0.09,28458
1127510,2026-07-31,0.03,28458
1135419,2026-07-31,0.02,28458
1135551,2026-07-31,4.33,5902
1120510,2026-07-31,4.32,5902
1133515,2026-07-31,4.32,5902
1122034,2026-07-31,4.32,5902
1132290,2026-07-31,4.49,5902
1134766,2026-07-31,4.21,5902
1132462,2026-07-31,4.20,5902
1132780,2026-07-31,4.20,5902
1132582,2026-07-31,4.17,5902
1132466,2026-07-31,4.16,5902
1132671,2026-07-31,4.15,5902
1133089,2026-07-31,4.14,5902
1133195,2026-07-31,4.14,5902
1133543,2026-07-31,4.13,5902
1135583,2026-07-31,4.06,5902
1130549,2026-07-31,3.40,5902
1133101,2026-07-31,3.31,5902
1131830,2026-07-31,2.52,5902
1132463,2026-07-31,1.66,5902
1133438,2026-07-31,1.66,5902
1134426,2026-07-31,4.30,5902
1135169,2026-07-31,3.29,5902
1134565,2026-07-31,5.95,5902
1130977,2026-07-31,1.70,5902
1100612,2026-07-31,0.90,5902
1122631,2026-07-31,6.48,36894
1124472,2026-07-31,4.64,36894
1127202,2026-07-31,4.63,36894
1123424,2026-07-31,4.63,36894
1073224,2026-07-31,4.63,36894
1120748,2026-07-31,4.45,36894
1121376,2026-07-31,4.36,36894
1110014,2026-07-31,3.72,36894
1113507,2026-07-31,3.71,36894
1119324,2026-07-31,3.71,36894
1125390,2026-07-31,3.70,36894
1131699,2026-07-31,2.79,36894
1131392,2026-07-31,2.76,36894
1105152,2026-07-31,1.86,36894
1119054,2026-07-31,1.86,36894
1120742,2026-07-31,1.85,36894
1121291,2026-07-31,1.85,36894
1127240,2026-07-31,1.85,36894
1127214,2026-07-31,1.85,36894
1131643,2026-07-31,1.83,36894
1129424,2026-07-31,1.83,36894
1131557,2026-07-31,1.83,36894
1120770,2026-07-31,1.76,36894
1065647,2026-07-31,0.93,36894
1062534,2026-07-31,0.93,36894
1130589,2026-07-31,0.93,36894
1067847,2026-07-31,0.93,36894
1134456,2026-07-31,0.92,36894
1120423,2026-07-31,0.92,36894
1128057,2026-07-31,0.92,36894
1130616,2026-07-31,1.83,36894
1133893,2026-07-31,0.91,36894
1130550,2026-07-31,4.56,36894
1135583,2026-07-31,4.35,36894
1132148,2026-07-31,0.89,36894
1132199,2026-07-31,0.89,36894
1117211,2026-07-31,7.46,19756
1116938,2026-07-31,4.66,19756
1108268,2026-07-31,4.66,19756
1117474,2026-07-31,2.80,19756
1058741,2026-07-31,1.86,19756
1058260,2026-07-31,1.86,19756
1118607,2026-07-31,0.93,19756
1134216,2026-07-31,7.45,19756
1134426,2026-07-31,4.64,19756
1133349,2026-07-31,7.40,19756
1134243,2026-07-31,4.65,19756
1135482,2026-07-31,4.60,19756
1130679,2026-07-31,4.58,19756
1133401,2026-07-31,3.70,19756
1135321,2026-07-31,12.92,19756
1135322,2026-07-31,8.31,19756
1133212,2026-07-31,4.64,19756
1130802,2026-07-31,4.61,19756
1120423,2026-07-31,9.78,49708
1118200,2026-07-31,6.88,49708
1120175,2026-07-31,4.92,49708
1119355,2026-07-31,4.91,49708
1119648,2026-07-31,4.91,49708
1123726,2026-07-31,4.91,49708
1125644,2026-07-31,0.88,49708
1116575,2026-07-31,13.47,49708
1130936,2026-07-31,4.82,49708
1131198,2026-07-31,4.80,49708
1134697,2026-07-31,4.79,49708
1132462,2026-07-31,4.78,49708
1131145,2026-07-31,3.84,49708
1131587,2026-07-31,2.87,49708
1131588,2026-07-31,0.96,49708
1131745,2026-07-31,9.63,49708
1135550,2026-07-31,4.80,49708
1133984,2026-07-31,4.78,49708
1115449,2026-07-31,8.41,46730
1116303,2026-07-31,6.92,46730
1116549,2026-07-31,3.96,46730
1077892,2026-07-31,3.58,46730
1115118,2026-07-31,3.55,46730
1077384,2026-07-31,1.99,46730
1078589,2026-07-31,1.92,46730
1114906,2026-07-31,1.77,46730
1117475,2026-07-31,0.98,46730
1124503,2026-07-31,0.98,46730
1015025,2026-07-31,0.80,46730
1041923,2026-07-31,0.66,46730
1076414,2026-07-31,0.60,46730
1078188,2026-07-31,0.60,46730
1018118,2026-07-31,0.50,46730
1127220,2026-07-31,0.39,46730
1053247,2026-07-31,0.30,46730
1080148,2026-07-31,17.52,46730
1082182,2026-07-31,6.32,46730
1077865,2026-07-31,5.92,46730
1079004,2026-07-31,5.72,46730
1076418,2026-07-31,5.04,46730
1080231,2026-07-31,3.02,46730
1104224,2026-07-31,2.92,46730
1080281,2026-07-31,1.82,46730
1077339,2026-07-31,1.72,46730
1076423,2026-07-31,1.68,46730
1081766,2026-07-31,1.22,46730
1076422,2026-07-31,1.21,46730
1079003,2026-07-31,1.11,46730
1074614,2026-07-31,0.91,46730
1075341,2026-07-31,0.85,46730
1082179,2026-07-31,0.69,46730
1075229,2026-07-31,0.60,46730
1080149,2026-07-31,0.15,46730
1077529,2026-07-31,0.10,46730
1127240,2026-07-31,9.70,3396
1128710,2026-07-31,6.00,3396
1121839,2026-07-31,5.20,3396
1116898,2026-07-31,5.18,3396
1127724,2026-07-31,5.13,3396
1112995,2026-07-31,5.11,3396
1127621,2026-07-31,5.09,3396
1128711,2026-07-31,4.00,3396
1125080,2026-07-31,2.18,3396
1124563,2026-07-31,1.74,3396
1121865,2026-07-31,1.02,3396
1130936,2026-07-31,6.95,3396
1135181,2026-07-31,2.96,3396
1133387,2026-07-31,2.19,3396
1088933,2026-07-31,17.94,43023
1089008,2026-07-31,16.76,43023
1088758,2026-07-31,13.62,43023
1089006,2026-07-31,6.29,43023
1087995,2026-07-31,3.97,43023
1088760,2026-07-31,3.14,43023
1088761,2026-07-31,3.14,43023
1088026,2026-07-31,3.14,43023
1088061,2026-07-31,3.13,43023
1129848,2026-07-31,3.07,43023
1088986,2026-07-31,2.38,43023
1088023,2026-07-31,2.10,43023
1088067,2026-07-31,2.09,43023
1089003,2026-07-31,2.09,43023
1088000,2026-07-31,2.07,43023
1087227,2026-07-31,1.88,43023
1088021,2026-07-31,1.39,43023
1116216,2026-07-31,1.07,43023
1088971,2026-07-31,1.05,43023
1087998,2026-07-31,1.05,43023
1105285,2026-07-31,1.02,43023
1111773,2026-07-31,1.02,43023
1088075,2026-07-31,0.73,43023
1086368,2026-07-31,0.52,43023
1105286,2026-07-31,0.52,43023
1088940,2026-07-31,0.42,43023
1105287,2026-07-31,0.21,43023
1088756,2026-07-31,0.10,43023
1089300,2026-07-31,0.08,43023
1123118,2026-07-31,9.87,49109
1124516,2026-07-31,9.65,49109
1123379,2026-07-31,9.42,49109
1123336,2026-07-31,9.40,49109
1124556,2026-07-31,8.35,49109
1122122,2026-07-31,7.30,49109
1122631,2026-07-31,7.30,49109
1116979,2026-07-31,5.98,49109
1122407,2026-07-31,5.23,49109
1123069,2026-07-31,4.18,49109
1122592,2026-07-31,3.13,49109
1114169,2026-07-31,3.12,49109
1129003,2026-07-31,3.10,49109
1113772,2026-07-31,2.08,49109
1123424,2026-07-31,1.04,49109
1124720,2026-07-31,0.42,49109
1130247,2026-07-31,8.04,8016
1124416,2026-07-31,5.85,8016
1070699,2026-07-31,5.82,8016
1121190,2026-07-31,5.65,8016
1133105,2026-07-31,5.56,8016
1129422,2026-07-31,5.39,8016
1123920,2026-07-31,3.52,8016
1129615,2026-07-31,3.49,8016
1124312,2026-07-31,3.37,8016
1128619,2026-07-31,3.34,8016
1129413,2026-07-31,3.28,8016
1124016,2026-07-31,2.35,8016
1129444,2026-07-31,2.26,8016
1133886,2026-07-31,2.23,8016
1128954,2026-07-31,2.20,8016
1135187,2026-07-31,2.18,8016
1130300,2026-07-31,5.84,8016
1133454,2026-07-31,4.49,8016
1124857,2026-07-31,2.29,8016
1135554,2026-07-31,1.66,8016
1123682,2026-07-31,0.98,8016
1129341,2026-07-31,6.45,8016
1100612,2026-07-31,2.31,8016
1130514,2026-07-31,1.08,8016
1129185,2026-07-31,1.06,8016
1134201,2026-07-31,2.25,43350
1134392,2026-07-31,2.25,43350
1129571,2026-07-31,28.63,1090
1117690,2026-07-31,8.98,1090
1114155,2026-07-31,8.85,1090
1127510,2026-07-31,0.65,1090
1066858,2026-07-31,0.24,1090
1129185,2026-07-31,0.23,1090
1047142,2026-07-31,0.09,1090
1131171,2026-07-31,6.96,1090
1121775,2026-07-31,5.93,1090
1119182,2026-07-31,5.89,1090
1127240,2026-07-31,5.89,1090
1125753,2026-07-31,5.89,1090
1115766,2026-07-31,2.36,1090
1129152,2026-07-31,2.35,1090
1130454,2026-07-31,2.33,1090
1129003,2026-07-31,1.17,1090
1120181,2026-07-31,0.47,1090
1134766,2026-07-31,4.60,1090
1132475,2026-07-31,4.55,1090
1133107,2026-07-31,38.15,3560
1127510,2026-07-31,12.97,3560
1066858,2026-07-31,11.92,3560
1130514,2026-07-31,5.78,3560
1133599,2026-07-31,5.36,3560
1133781,2026-07-31,3.59,3560
1070750,2026-07-31,3.58,3560
1130440,2026-07-31,2.03,3560
1075912,2026-07-31,1.20,3560
207979,2026-07-31,0.41,3560
1128710,2026-07-31,6.95,49676
1123424,2026-07-31,6.37,49676
1122631,2026-07-31,6.35,49676
1062773,2026-07-31,6.19,49676
1131598,2026-07-31,6.12,49676
1123189,2026-07-31,5.99,49676
1109615,2026-07-31,5.98,49676
1130546,2026-07-31,4.88,49676
1134385,2026-07-31,4.84,49676
1128711,2026-07-31,4.39,49676
1123336,2026-07-31,3.84,49676
1113514,2026-07-31,3.58,49676
1128248,2026-07-31,3.56,49676
1124797,2026-07-31,2.44,49676
1127724,2026-07-31,2.42,49676
1128938,2026-07-31,2.38,49676
1133452,2026-07-31,4.59,49676
1133306,2026-07-31,2.28,49676
1135263,2026-07-31,9.55,49676
1083572,2026-07-31,2.55,49676
1130929,2026-07-31,2.41,49676
1108251,2026-07-31,0.99,49676
1125079,2026-07-31,6.20,11896
1118393,2026-07-31,6.20,11896
1120898,2026-07-31,6.18,11896
1121249,2026-07-31,6.17,11896
1127240,2026-07-31,6.16,11896
1108505,2026-07-31,6.16,11896
1127267,2026-07-31,4.95,11896
1132147,2026-07-31,4.91,11896
1128737,2026-07-31,4.90,11896
1124663,2026-07-31,2.47,11896
1129015,2026-07-31,2.45,11896
1124797,2026-07-31,1.24,11896
1135570,2026-07-31,2.46,11896
1132808,2026-07-31,6.01,11896
1131865,2026-07-31,6.01,11896
1132780,2026-07-31,6.00,11896
1130514,2026-07-31,4.98,11896
1127510,2026-07-31,3.38,11896
1133599,2026-07-31,3.35,11896
1130440,2026-07-31,2.12,11896
1104180,2026-07-31,1.21,11896
207979,2026-07-31,0.15,11896
1134215,2026-07-31,30.17,15652
1134204,2026-07-31,18.03,15652
1135500,2026-07-31,12.38,15652
1122173,2026-07-31,5.97,15652
1123705,2026-07-31,5.91,15652
1132589,2026-07-31,5.03,15652
1121909,2026-07-31,3.67,15652
1127510,2026-07-31,1.31,15652
1119662,2026-07-31,1.21,15652
1129571,2026-07-31,1.20,15652
1127742,2026-07-31,1.00,15652
1133841,2026-07-31,0.85,15652
1131724,2026-07-31,0.78,15652
1129185,2026-07-31,0.64,15652
1121704,2026-07-31,0.58,15652
1118395,2026-07-31,0.51,15652
1108299,2026-07-31,0.48,15652
1125267,2026-07-31,0.33,15652
1124637,2026-07-31,0.28,15652
1127996,2026-07-31,0.24,15652
1117726,2026-07-31,5.12,205
1120423,2026-07-31,4.34,205
1124735,2026-07-31,3.73,205
1128331,2026-07-31,3.29,205
1127658,2026-07-31,3.11,205
1129462,2026-07-31,2.57,205
1124797,2026-07-31,2.57,205
1117475,2026-07-31,2.57,205
1108754,2026-07-31,2.56,205
1130088,2026-07-31,2.55,205
1121362,2026-07-31,2.31,205
1132167,2026-07-31,2.04,205
1124734,2026-07-31,1.79,205
1122623,2026-07-31,1.57,205
1120415,2026-07-31,1.54,205
1125792,2026-07-31,1.29,205
1126149,2026-07-31,1.29,205
1122197,2026-07-31,1.28,205
1128057,2026-07-31,1.27,205
1130544,2026-07-31,1.27,205
1112784,2026-07-31,0.52,205
1128472,2026-07-31,1.28,205
1125262,2026-07-31,0.03,205
1131042,2026-07-31,5.53,205
1132175,2026-07-31,4.94,205
1132672,2026-07-31,3.70,205
1132780,2026-07-31,2.49,205
1132186,2026-07-31,2.48,205
1132290,2026-07-31,2.47,205
1129185,2026-07-31,5.18,23018
1128710,2026-07-31,4.45,23018
1126533,2026-07-31,4.00,23018
1123920,2026-07-31,3.99,23018
1127689,2026-07-31,3.98,23018
1126608,2026-07-31,3.21,23018
1129615,2026-07-31,2.81,23018
1129059,2026-07-31,2.75,23018
1133454,2026-07-31,2.75,23018
1129061,2026-07-31,2.75,23018
1134204,2026-07-31,2.69,23018
1126244,2026-07-31,2.68,23018
1124517,2026-07-31,2.67,23018
1135129,2026-07-31,2.67,23018
1132198,2026-07-31,2.66,23018
1132174,2026-07-31,2.66,23018
1130707,2026-07-31,2.65,23018
1130344,2026-07-31,2.26,23018
1130124,2026-07-31,2.22,23018
1130615,2026-07-31,2.13,23018
1133601,2026-07-31,2.12,23018
1126939,2026-07-31,1.84,23018
1129060,2026-07-31,1.50,23018
1128711,2026-07-31,1.48,23018
1128619,2026-07-31,1.35,23018
1124416,2026-07-31,1.34,23018
1134456,2026-07-31,1.33,23018
1118395,2026-07-31,0.55,23018
1126701,2026-07-31,0.36,23018
1115780,2026-07-31,0.14,23018
1047145,2026-07-31,0.14,23018
1130064,2026-07-31,1.82,23018
1130065,2026-07-31,0.78,23018
1134325,2026-07-31,2.66,23018
1118393,2026-07-31,7.32,49982
1117475,2026-07-31,7.29,49982
1127240,2026-07-31,7.28,49982
1124734,2026-07-31,7.28,49982
1128248,2026-07-31,7.25,49982
1133105,2026-07-31,7.24,49982
1131876,2026-07-31,7.10,49982
1132475,2026-07-31,7.03,49982
1135462,2026-07-31,6.99,49982
1133103,2026-07-31,6.99,49982
1133256,2026-07-31,6.98,49982
1133444,2026-07-31,6.97,49982
1133165,2026-07-31,4.19,49982
1130486,2026-07-31,2.89,49982
1116668,2026-07-31,36.03,47409
1079004,2026-07-31,31.99,47409
1078121,2026-07-31,13.97,47409
1134350,2026-07-31,9.01,47409
1077531,2026-07-31,1.53,47409
1080231,2026-07-31,1.52,47409
1078287,2026-07-31,1.52,47409
1080148,2026-07-31,1.10,47409
1128480,2026-07-31,0.60,47409
1119977,2026-07-31,7.86,49672
1120204,2026-07-31,7.86,49672
1060513,2026-07-31,7.85,49672
1120423,2026-07-31,7.82,49672
1117765,2026-07-31,1.57,49672
1108268,2026-07-31,1.57,49672
1132738,2026-07-31,13.80,49672
1134766,2026-07-31,12.26,49672
1131830,2026-07-31,12.23,49672
1134697,2026-07-31,7.66,49672
1131816,2026-07-31,7.65,49672
1133401,2026-07-31,3.74,49672
1131892,2026-07-31,1.53,49672
1130447,2026-07-31,0.31,49672
1134235,2026-07-31,1.57,49672
1134691,2026-07-31,1.56,49672
1108610,2026-07-31,8.27,3441
1128462,2026-07-31,8.19,3441
1130300,2026-07-31,6.05,3441
1128945,2026-07-31,4.99,3441
1124416,2026-07-31,4.98,3441
1132147,2026-07-31,4.95,3441
1131790,2026-07-31,2.30,3441
1124797,2026-07-31,1.66,3441
1131293,2026-07-31,1.64,3441
1130996,2026-07-31,0.65,3441
1135570,2026-07-31,4.96,3441
1130063,2026-07-31,6.50,3441
1124415,2026-07-31,4.30,3441
1127259,2026-07-31,8.03,3441
1129571,2026-07-31,4.83,3441
1133593,2026-07-31,3.41,3441
1133407,2026-07-31,3.33,3441
1132741,2026-07-31,3.14,3441
1127510,2026-07-31,3.03,3441
1116008,2026-07-31,1.70,3441
1116488,2026-07-31,1.70,3441
1132766,2026-07-31,1.67,3441
1134204,2026-07-31,1.67,3441
1132733,2026-07-31,1.66,3441
1132743,2026-07-31,0.07,3441
1129185,2026-07-31,0.00,3441
207979,2026-07-31,0.21,3441
1112391,2026-07-31,66.09,1079
1129185,2026-07-31,19.86,1079
1132652,2026-07-31,6.19,1079
1122033,2026-07-31,1.74,1079
1118395,2026-07-31,0.35,1079
1037453,2026-07-31,0.15,1079
1129302,2026-07-31,8.38,39478
1124803,2026-07-31,5.12,39478
1131171,2026-07-31,5.05,39478
1120558,2026-07-31,3.49,39478
1116939,2026-07-31,3.46,39478
1120734,2026-07-31,3.45,39478
1116498,2026-07-31,3.44,39478
1116303,2026-07-31,3.44,39478
1117725,2026-07-31,3.44,39478
1121061,2026-07-31,3.44,39478
1122966,2026-07-31,3.44,39478
1123226,2026-07-31,3.43,39478
1126149,2026-07-31,3.43,39478
1118854,2026-07-31,3.43,39478
1115118,2026-07-31,3.43,39478
1117475,2026-07-31,3.43,39478
1116788,2026-07-31,3.42,39478
1126009,2026-07-31,3.42,39478
1124922,2026-07-31,3.42,39478
1135323,2026-07-31,3.40,39478
1124797,2026-07-31,1.72,39478
1128335,2026-07-31,1.68,39478
1129185,2026-07-31,9.95,39478
1127510,2026-07-31,4.69,39478
1135322,2026-07-31,0.11,39478
1121249,2026-07-31,8.81,3392
1128711,2026-07-31,7.82,3392
1128710,2026-07-31,7.75,3392
1122369,2026-07-31,7.13,3392
1127724,2026-07-31,3.50,3392
1131546,2026-07-31,8.43,3392
1133195,2026-07-31,8.27,3392
1133306,2026-07-31,8.26,3392
1132692,2026-07-31,8.96,3392
1133284,2026-07-31,8.91,3392
1133334,2026-07-31,8.87,3392
1069944,2026-07-31,3.48,3392
1100612,2026-07-31,1.83,3392
1069972,2026-07-31,1.74,3392
1116218,2026-07-31,8.74,12382
1112999,2026-07-31,8.67,12382
1122197,2026-07-31,8.67,12382
1125898,2026-07-31,8.66,12382
1066074,2026-07-31,8.66,12382
1128462,2026-07-31,8.57,12382
1129253,2026-07-31,8.56,12382
1070699,2026-07-31,6.93,12382
1134766,2026-07-31,8.45,12382
1130024,2026-07-31,0.69,12382
1129254,2026-07-31,5.12,12382
1134204,2026-07-31,3.49,12382
1132301,2026-07-31,1.74,12382
1130514,2026-07-31,1.69,12382
1064709,2026-07-31,0.10,12382
1127401,2026-07-31,8.90,49073
1117211,2026-07-31,8.85,49073
1123069,2026-07-31,8.76,49073
1128510,2026-07-31,8.72,49073
1128710,2026-07-31,6.79,49073
1128711,2026-07-31,3.00,49073
1118607,2026-07-31,1.86,49073
1130549,2026-07-31,8.54,49073
1132177,2026-07-31,8.37,49073
1133162,2026-07-31,8.31,49073
1133449,2026-07-31,3.32,49073
1132963,2026-07-31,4.99,49073
1133203,2026-07-31,3.31,49073
1130772,2026-07-31,1.70,49073
1108880,2026-07-31,3.61,49073
1130157,2026-07-31,3.57,49073
1108780,2026-07-31,3.56,49073
1134201,2026-07-31,1.78,42560
1134392,2026-07-31,1.78,42560
1134205,2026-07-31,1.42,42560
1117211,2026-07-31,9.10,49971
1118653,2026-07-31,9.06,49971
1125644,2026-07-31,7.29,49971
1119648,2026-07-31,5.47,49971
1116575,2026-07-31,2.50,49971
1062376,2026-07-31,1.82,49971
1123726,2026-07-31,1.82,49971
1113582,2026-07-31,1.82,49971
1108455,2026-07-31,1.82,49971
1130978,2026-07-31,8.94,49971
1130913,2026-07-31,8.93,49971
1131865,2026-07-31,8.87,49971
1132172,2026-07-31,8.81,49971
1132178,2026-07-31,8.80,49971
1132237,2026-07-31,8.80,49971
1130664,2026-07-31,1.81,49971
1116488,2026-07-31,9.42,47337
1116522,2026-07-31,9.42,47337
1116213,2026-07-31,9.41,47337
1121284,2026-07-31,8.69,47337
1115776,2026-07-31,7.50,47337
1115143,2026-07-31,5.63,47337
1116212,2026-07-31,5.45,47337
1132760,2026-07-31,3.77,47337
1115777,2026-07-31,3.75,47337
1115861,2026-07-31,3.74,47337
1127468,2026-07-31,3.63,47337
1115142,2026-07-31,3.37,47337
1115493,2026-07-31,3.01,47337
1116724,2026-07-31,2.82,47337
1115321,2026-07-31,2.35,47337
1116004,2026-07-31,1.98,47337
1115146,2026-07-31,1.88,47337
1115774,2026-07-31,1.87,47337
1115492,2026-07-31,1.87,47337
1121467,2026-07-31,1.86,47337
1126488,2026-07-31,1.82,47337
1116818,2026-07-31,1.04,47337
1121704,2026-07-31,0.74,47337
1115942,2026-07-31,0.41,47337
1114698,2026-07-31,0.28,47337
1115628,2026-07-31,0.28,47337
1116490,2026-07-31,0.28,47337
1115494,2026-07-31,0.11,47337
1130300,2026-07-31,7.65,14960
1108608,2026-07-31,7.06,14960
1126618,2026-07-31,5.99,14960
1121278,2026-07-31,5.96,14960
1120442,2026-07-31,5.94,14960
1132174,2026-07-31,5.91,14960
1126535,2026-07-31,5.75,14960
1122846,2026-07-31,4.56,14960
1135485,2026-07-31,3.96,14960
1130011,2026-07-31,3.96,14960
1124416,2026-07-31,3.57,14960
1130294,2026-07-31,2.95,14960
1130293,2026-07-31,2.94,14960
1122847,2026-07-31,2.58,14960
1133333,2026-07-31,0.80,14960
1130065,2026-07-31,5.80,14960
1122033,2026-07-31,9.49,14960
1118395,2026-07-31,4.07,14960
1116490,2026-07-31,0.89,14960
1110545,2026-07-31,0.79,14960
1112784,2026-07-31,0.00,14960
207979,2026-07-31,0.05,14960
1058735,2026-07-31,46.23,47333
1108267,2026-07-31,16.62,47333
1073926,2026-07-31,6.74,47333
1095579,2026-07-31,4.51,47333
1114122,2026-07-31,4.51,47333
1061526,2026-07-31,4.50,47333
1096685,2026-07-31,2.61,47333
1105263,2026-07-31,2.25,47333
1132080,2026-07-31,2.25,47333
1099775,2026-07-31,1.86,47333
1057514,2026-07-31,1.52,47333
1119299,2026-07-31,0.82,9765
1118395,2026-07-31,15.88,9765
1124637,2026-07-31,11.83,9765
1134204,2026-07-31,11.45,9765
1116010,2026-07-31,6.91,9765
1118108,2026-07-31,4.19,9765
1129615,2026-07-31,2.39,9765
1122033,2026-07-31,2.32,9765
1126244,2026-07-31,2.28,9765
1133437,2026-07-31,2.28,9765
1134433,2026-07-31,2.27,9765
1108505,2026-07-31,2.27,9765
1134417,2026-07-31,2.27,9765
1133601,2026-07-31,2.26,9765
1130124,2026-07-31,1.90,9765
1129060,2026-07-31,1.82,9765
1126939,2026-07-31,1.56,9765
1122044,2026-07-31,1.40,9765
1098825,2026-07-31,0.09,9765
1120583,2026-07-31,6.85,43845
1118607,2026-07-31,6.59,43845
1119054,2026-07-31,5.88,43845
1118076,2026-07-31,4.89,43845
1120770,2026-07-31,2.69,43845
1131699,2026-07-31,2.46,43845
1122454,2026-07-31,2.45,43845
1113507,2026-07-31,2.45,43845
1129005,2026-07-31,2.45,43845
1124472,2026-07-31,2.45,43845
1121293,2026-07-31,2.44,43845
1127623,2026-07-31,2.44,43845
1121567,2026-07-31,1.96,43845
1120423,2026-07-31,1.95,43845
1134456,2026-07-31,1.22,43845
1127240,2026-07-31,1.22,43845
1130589,2026-07-31,0.98,43845
1131357,2026-07-31,4.84,43845
1131021,2026-07-31,8.62,43845
1130913,2026-07-31,8.62,43845
1132463,2026-07-31,7.06,43845
1133131,2026-07-31,4.69,43845
1134444,2026-07-31,2.43,43845
1131138,2026-07-31,2.39,43845
1132171,2026-07-31,1.88,43845
1122369,2026-07-31,7.87,1018
1128710,2026-07-31,7.33,1018
1127240,2026-07-31,5.41,1018
1121839,2026-07-31,5.22,1018
1116898,2026-07-31,5.20,1018
1127724,2026-07-31,5.15,1018
1124563,2026-07-31,3.44,1018
1121865,2026-07-31,2.57,1018
1063435,2026-07-31,2.54,1018
1128711,2026-07-31,1.97,1018
1130936,2026-07-31,7.47,1018
1132059,2026-07-31,7.38,1018
1135181,2026-07-31,4.96,1018
1133387,2026-07-31,2.62,1018
1112784,2026-07-31,82.89,47676
1037453,2026-07-31,11.52,47676
1066858,2026-07-31,2.82,47676
1122705,2026-07-31,2.39,47676
1114155,2026-07-31,27.32,46626
1117677,2026-07-31,22.10,46626
1122173,2026-07-31,20.77,46626
1123705,2026-07-31,16.54,46626
1129571,2026-07-31,8.39,46626
1117690,2026-07-31,0.85,46626
1115519,2026-07-31,8.95,46050
1125977,2026-07-31,8.83,46050
1117474,2026-07-31,8.79,46050
1127743,2026-07-31,8.69,46050
1105441,2026-07-31,8.64,46050
1086357,2026-07-31,5.98,46050
1098820,2026-07-31,5.93,46050
1123336,2026-07-31,5.88,46050
1122782,2026-07-31,5.87,46050
1113030,2026-07-31,5.86,46050
1126149,2026-07-31,2.94,46050
1067659,2026-07-31,2.94,46050
1070699,2026-07-31,2.93,46050
1134410,2026-07-31,2.92,46050
1130024,2026-07-31,0.58,46050
1130514,2026-07-31,5.73,46050
1124637,2026-07-31,20.74,15378
1116706,2026-07-31,9.11,15378
1112784,2026-07-31,9.00,15378
1132492,2026-07-31,8.85,15378
1114155,2026-07-31,5.86,15378
1127510,2026-07-31,5.41,15378
1108754,2026-07-31,5.91,15378
1130065,2026-07-31,2.89,15378
1064710,2026-07-31,6.18,45498
1057878,2026-07-31,3.08,45498
1120423,2026-07-31,3.07,45498
1057281,2026-07-31,2.77,45498
1057609,2026-07-31,0.62,45498
1135533,2026-07-31,8.68,45498
1133131,2026-07-31,8.28,45498
1134787,2026-07-31,5.93,45498
1132672,2026-07-31,5.92,45498
1129994,2026-07-31,3.67,45498
1135069,2026-07-31,3.66,45498
1133504,2026-07-31,3.05,45498
1130416,2026-07-31,3.05,45498
1132177,2026-07-31,2.97,45498
1132466,2026-07-31,2.97,45498
1133089,2026-07-31,2.95,45498
1132173,2026-07-31,1.19,45498
1134835,2026-07-31,6.73,45498
1134809,2026-07-31,5.50,45498
1135132,2026-07-31,3.65,45498
1135054,2026-07-31,7.33,45498
1134695,2026-07-31,1.84,45498
1129571,2026-07-31,24.04,586
1127510,2026-07-31,19.91,586
1134204,2026-07-31,16.03,586
1129185,2026-07-31,7.33,586
1116504,2026-07-31,6.61,586
1116365,2026-07-31,5.27,586
1135500,2026-07-31,5.03,586
1129401,2026-07-31,4.56,586
1130419,2026-07-31,3.17,586
1133423,2026-07-31,1.30,586
1125267,2026-07-31,0.12,586
1127240,2026-07-31,6.93,1458
1127220,2026-07-31,6.71,1458
1108237,2026-07-31,6.55,1458
1124189,2026-07-31,3.47,1458
1116504,2026-07-31,10.28,1458
1135500,2026-07-31,6.52,1458
1129185,2026-07-31,6.33,1458
1130514,2026-07-31,3.89,1458
1119536,2026-07-31,3.41,1458
1111947,2026-07-31,3.38,1458
1134204,2026-07-31,3.32,1458
1124637,2026-07-31,3.32,1458
1127510,2026-07-31,3.04,1458
1129341,2026-07-31,2.57,1458
1125267,2026-07-31,0.06,1458
1133195,2026-07-31,3.12,1458
1133387,2026-07-31,20.84,3373
1135263,2026-07-31,13.49,3373
1116513,2026-07-31,10.62,3373
1132280,2026-07-31,10.22,3373
1112997,2026-07-31,6.99,3373
1127510,2026-07-31,6.47,3373
1135418,2026-07-31,3.71,3373
1111937,2026-07-31,3.45,3373
1135419,2026-07-31,3.43,3373
1131872,2026-07-31,2.16,3373
1131893,2026-07-31,0.47,3373
1127041,2026-07-31,0.36,3373
1127111,2026-07-31,0.34,3373
1111947,2026-07-31,51.30,47405
1062366,2026-07-31,45.43,47405
1134204,2026-07-31,12.15,45632
1122173,2026-07-31,7.28,45632
1128710,2026-07-31,4.47,45632
1128711,2026-07-31,4.47,45632
1100612,2026-07-31,4.18,45632
1132589,2026-07-31,4.10,45632
1134215,2026-07-31,4.10,45632
1121568,2026-07-31,4.05,45632
1135500,2026-07-31,4.03,45632
1130589,2026-07-31,4.03,45632
1134456,2026-07-31,4.02,45632
1134438,2026-07-31,4.02,45632
1130454,2026-07-31,3.98,45632
1131724,2026-07-31,3.98,45632
1107501,2026-07-31,3.97,45632
1130996,2026-07-31,3.97,45632
1107541,2026-07-31,3.94,45632
1121569,2026-07-31,2.42,45632
1133105,2026-07-31,2.00,45632
1130514,2026-07-31,0.00,45632
1131830,2026-07-31,7.83,45632
1132054,2026-07-31,3.90,45632
1132520,2026-07-31,3.87,45632
1102438,2026-07-31,59.71,47401
1108391,2026-07-31,18.30,47401
1123223,2026-07-31,15.07,47401
1115319,2026-07-31,4.76,47401
1126904,2026-07-31,6.34,925
1132077,2026-07-31,5.86,925
1127782,2026-07-31,5.70,925
1126777,2026-07-31,4.23,925
1130533,2026-07-31,4.22,925
1123368,2026-07-31,4.18,925
1133437,2026-07-31,2.46,925
1134215,2026-07-31,8.45,925
1134204,2026-07-31,8.36,925
1135500,2026-07-31,8.20,925
1129185,2026-07-31,7.96,925
1127510,2026-07-31,7.24,925
1130514,2026-07-31,4.38,925
1116365,2026-07-31,4.29,925
1129571,2026-07-31,4.23,925
1129401,2026-07-31,3.96,925
1119547,2026-07-31,2.55,925
1130514,2026-07-31,24.01,538
1100612,2026-07-31,21.28,538
1069534,2026-07-31,20.66,538
1134204,2026-07-31,20.64,538
1112784,2026-07-31,2.08,538
1133193,2026-07-31,1.93,538
1116706,2026-07-31,1.33,538
1042914,2026-07-31,0.09,538
1120382,2026-07-31,8.42,45375
1088756,2026-07-31,4.26,45375
1102074,2026-07-31,4.13,45375
1132492,2026-07-31,4.10,45375
1126149,2026-07-31,8.27,45375
1123069,2026-07-31,8.26,45375
1129319,2026-07-31,8.19,45375
1128300,2026-07-31,8.14,45375
1127267,2026-07-31,4.14,45375
1119054,2026-07-31,4.13,45375
1126402,2026-07-31,4.13,45375
1126102,2026-07-31,4.11,45375
1127739,2026-07-31,4.11,45375
1075722,2026-07-31,3.31,45375
1115449,2026-07-31,3.30,45375
1135570,2026-07-31,3.29,45375
1127710,2026-07-31,2.78,45375
1134204,2026-07-31,44.62,40967
1124637,2026-07-31,13.29,40967
1130514,2026-07-31,12.98,40967
1118108,2026-07-31,12.71,40967
1129185,2026-07-31,8.59,40967
1135500,2026-07-31,1.96,40967
1129571,2026-07-31,0.43,40967
207979,2026-07-31,0.23,40967
1130024,2026-07-31,0.90,542
1134204,2026-07-31,18.33,542
1108251,2026-07-31,14.00,542
1127510,2026-07-31,12.47,542
1104896,2026-07-31,9.13,542
1088057,2026-07-31,4.69,542
1090541,2026-07-31,4.68,542
1098888,2026-07-31,4.58,542
1130514,2026-07-31,4.44,542
1129571,2026-07-31,4.42,542
1129254,2026-07-31,0.59,542
1119355,2026-07-31,12.69,49471
1118200,2026-07-31,9.26,49471
1123292,2026-07-31,9.25,49471
1121186,2026-07-31,8.34,49471
1119977,2026-07-31,8.34,49471
1125644,2026-07-31,8.33,49471
1119368,2026-07-31,6.48,49471
1117474,2026-07-31,5.55,49471
1060513,2026-07-31,4.62,49471
1118076,2026-07-31,3.70,49471
1062376,2026-07-31,3.70,49471
1058260,2026-07-31,3.70,49471
1125898,2026-07-31,3.05,49471
1120204,2026-07-31,0.93,49471
1119419,2026-07-31,0.46,49471
1116575,2026-07-31,6.73,49471
1085514,2026-07-31,4.83,23504
1117956,2026-07-31,4.81,23504
1116596,2026-07-31,4.78,23504
1041922,2026-07-31,4.75,23504
1011991,2026-07-31,4.74,23504
1121186,2026-07-31,4.71,23504
1120747,2026-07-31,4.71,23504
1122782,2026-07-31,4.71,23504
1127240,2026-07-31,4.70,23504
1117474,2026-07-31,4.70,23504
1111204,2026-07-31,4.68,23504
1127735,2026-07-31,4.67,23504
1129682,2026-07-31,4.67,23504
1130024,2026-07-31,0.93,23504
1134204,2026-07-31,14.21,23504
1090541,2026-07-31,4.84,23504
1132492,2026-07-31,4.68,23504
1125977,2026-07-31,9.98,49467
1135323,2026-07-31,9.87,49467
1100599,2026-07-31,9.83,49467
1128335,2026-07-31,9.78,49467
1126009,2026-07-31,7.95,49467
1129185,2026-07-31,9.64,49467
1133165,2026-07-31,9.54,49467
1133135,2026-07-31,7.63,49467
1133256,2026-07-31,7.62,49467
1058233,2026-07-31,9.98,50478
1123292,2026-07-31,4.99,50478
1123942,2026-07-31,4.99,50478
1122625,2026-07-31,4.99,50478
1123677,2026-07-31,4.98,50478
1108505,2026-07-31,4.98,50478
1117058,2026-07-31,3.99,50478
1096685,2026-07-31,3.00,50478
1134789,2026-07-31,4.95,50478
1129994,2026-07-31,4.95,50478
1133349,2026-07-31,4.94,50478
1130467,2026-07-31,4.94,50478
1135165,2026-07-31,4.94,50478
1134212,2026-07-31,3.48,50478
1135084,2026-07-31,4.96,50478
1134972,2026-07-31,4.95,50478
1134809,2026-07-31,4.95,50478
1134804,2026-07-31,4.94,50478
1134695,2026-07-31,4.96,50478
1134205,2026-07-31,0.50,50478
1134204,2026-07-31,24.14,25668
1122173,2026-07-31,6.01,25668
1127510,2026-07-31,3.78,25668
1108251,2026-07-31,1.73,25668
1084925,2026-07-31,5.32,25668
1115449,2026-07-31,5.18,25668
1088961,2026-07-31,4.25,25668
1121190,2026-07-31,3.63,25668
1116596,2026-07-31,2.10,25668
1128619,2026-07-31,2.09,25668
1058471,2026-07-31,2.07,25668
1070768,2026-07-31,1.35,25668
1124426,2026-07-31,1.03,25668
1124415,2026-07-31,1.80,25668
1124414,2026-07-31,0.60,25668
1084103,2026-07-31,5.84,37428
1133437,2026-07-31,5.66,37428
1124426,2026-07-31,5.64,37428
1127721,2026-07-31,5.55,37428
1134215,2026-07-31,17.29,37428
1129571,2026-07-31,16.51,37428
1129185,2026-07-31,10.98,37428
1122623,2026-07-31,5.77,37428
1132085,2026-07-31,5.69,37428
1135500,2026-07-31,5.67,37428
1130431,2026-07-31,5.66,37428
1134204,2026-07-31,2.28,37428
1130514,2026-07-31,1.11,37428
1130407,2026-07-31,0.82,37428
1117690,2026-07-31,0.00,37428
1134215,2026-07-31,35.35,46221
1129571,2026-07-31,33.77,46221
1127510,2026-07-31,19.04,46221
1129185,2026-07-31,5.61,46221
1135169,2026-07-31,5.72,7792
1134204,2026-07-31,36.23,7792
1129571,2026-07-31,11.66,7792
1075763,2026-07-31,9.72,7792
1112784,2026-07-31,3.04,7792
1133193,2026-07-31,2.82,7792
1116706,2026-07-31,0.57,7792
1070924,2026-07-31,0.28,7792
1116303,2026-07-31,6.11,45310
1126160,2026-07-31,6.09,45310
1125743,2026-07-31,6.09,45310
1127202,2026-07-31,6.08,45310
1124426,2026-07-31,6.05,45310
1127744,2026-07-31,6.03,45310
1129423,2026-07-31,6.00,45310
1131557,2026-07-31,6.00,45310
1130334,2026-07-31,5.99,45310
1125080,2026-07-31,3.69,45310
1123150,2026-07-31,3.66,45310
1134433,2026-07-31,3.64,45310
1131392,2026-07-31,3.62,45310
1129185,2026-07-31,3.53,45310
1120825,2026-07-31,3.07,45310
1127658,2026-07-31,3.07,45310
1129302,2026-07-31,2.97,45310
1128978,2026-07-31,2.93,45310
1131699,2026-07-31,2.44,45310
1127510,2026-07-31,2.22,45310
1121376,2026-07-31,1.83,45310
1120748,2026-07-31,1.83,45310
1134204,2026-07-31,13.65,25670
1122173,2026-07-31,11.94,25670
1108251,2026-07-31,8.78,25670
1127510,2026-07-31,5.63,25670
1121190,2026-07-31,7.41,25670
1084925,2026-07-31,6.33,25670
1085743,2026-07-31,6.31,25670
1120415,2026-07-31,6.17,25670
1058471,2026-07-31,6.15,25670
1088961,2026-07-31,5.06,25670
1116596,2026-07-31,3.76,25670
1128619,2026-07-31,3.73,25670
1127036,2026-07-31,3.73,25670
1122847,2026-07-31,3.70,25670
1117975,2026-07-31,1.36,25670
1124426,2026-07-31,1.23,25670
1062773,2026-07-31,0.98,25670
1129571,2026-07-31,18.44,47345
1115407,2026-07-31,12.88,47345
1129185,2026-07-31,12.26,47345
1119025,2026-07-31,9.73,47345
1122150,2026-07-31,8.15,47345
1115610,2026-07-31,6.53,47345
1114024,2026-07-31,6.40,47345
1124382,2026-07-31,4.53,47345
1037450,2026-07-31,1.28,47345
1114073,2026-07-31,6.53,47345
1114516,2026-07-31,6.27,47345
1114618,2026-07-31,2.29,47345
1032969,2026-07-31,76.58,47436
1109577,2026-07-31,21.34,47436
1127510,2026-07-31,46.01,47733
1133781,2026-07-31,14.53,47733
1123705,2026-07-31,13.78,47733
1133599,2026-07-31,13.04,47733
1122173,2026-07-31,2.79,47733
1122044,2026-07-31,1.47,47733
207979,2026-07-31,0.13,47733
1095579,2026-07-31,50.88,47688
1098867,2026-07-31,21.74,47688
1110594,2026-07-31,7.24,47688
1059500,2026-07-31,4.34,47688
1099775,2026-07-31,2.90,47688
1108462,2026-07-31,2.00,47688
1096685,2026-07-31,1.81,47688
1058735,2026-07-31,1.45,47688
1057514,2026-07-31,1.09,47688
1058735,2026-07-31,42.69,47113
1107975,2026-07-31,13.61,47113
1108267,2026-07-31,12.17,47113
1105525,2026-07-31,7.63,47113
1108174,2026-07-31,7.61,47113
1095579,2026-07-31,6.19,47113
1099775,2026-07-31,2.52,47113
1067908,2026-07-31,15.48,47369
1065728,2026-07-31,15.46,47369
1067674,2026-07-31,14.70,47369
1067923,2026-07-31,7.73,47369
1064416,2026-07-31,7.73,47369
1064414,2026-07-31,7.73,47369
1099300,2026-07-31,7.69,47369
1111218,2026-07-31,7.66,47369
1064413,2026-07-31,2.71,47369
1065995,2026-07-31,2.32,47369
1068682,2026-07-31,2.04,47369
1111725,2026-07-31,1.55,47369
1068824,2026-07-31,1.47,47369
1067635,2026-07-31,0.77,47369
1065774,2026-07-31,0.69,47369
1095006,2026-07-31,99.64,47684
1088976,2026-07-31,8.00,16032
1120085,2026-07-31,7.94,16032
1126009,2026-07-31,7.80,16032
1127510,2026-07-31,45.60,16032
1129571,2026-07-31,22.75,16032
1135322,2026-07-31,0.09,16032
1134924,2026-07-31,16.69,48538
1124749,2026-07-31,15.41,48538
1128278,2026-07-31,12.74,48538
1125365,2026-07-31,11.07,48538
1125366,2026-07-31,10.66,48538
1124754,2026-07-31,7.07,48538
1125766,2026-07-31,2.79,48538
1124744,2026-07-31,2.79,48538
1125758,2026-07-31,2.68,48538
1125764,2026-07-31,2.57,48538
1125767,2026-07-31,2.46,48538
1125765,2026-07-31,2.36,48538
1127510,2026-07-31,21.24,40695
1126160,2026-07-31,9.32,40695
1121839,2026-07-31,9.31,40695
1130928,2026-07-31,9.16,40695
1129571,2026-07-31,9.04,40695
1120748,2026-07-31,4.66,40695
1134433,2026-07-31,4.65,40695
1134438,2026-07-31,4.64,40695
1120498,2026-07-31,3.81,40695
1132077,2026-07-31,6.26,1432
1108237,2026-07-31,6.17,1432
1126904,2026-07-31,5.27,1432
1126777,2026-07-31,4.22,1432
1130533,2026-07-31,4.21,1432
1133879,2026-07-31,4.20,1432
1133437,2026-07-31,4.09,1432
1134813,2026-07-31,0.83,1432
1134204,2026-07-31,10.42,1432
1129571,2026-07-31,10.25,1432
1127510,2026-07-31,7.62,1432
1133423,2026-07-31,6.33,1432
1129185,2026-07-31,5.96,1432
1129401,2026-07-31,4.94,1432
1116365,2026-07-31,4.29,1432
1119547,2026-07-31,4.23,1432
1135500,2026-07-31,4.09,1432
1112170,2026-07-31,4.09,49844
1130664,2026-07-31,10.18,49844
1134789,2026-07-31,10.16,49844
1133130,2026-07-31,10.16,49844
1133401,2026-07-31,10.15,49844
1134200,2026-07-31,10.22,49844
1057609,2026-07-31,8.34,43396
1130664,2026-07-31,10.37,43396
1133504,2026-07-31,10.35,43396
1133349,2026-07-31,9.31,43396
1129994,2026-07-31,8.28,43396
1135069,2026-07-31,8.28,43396
1134835,2026-07-31,8.29,43396
1135132,2026-07-31,8.26,43396
1134809,2026-07-31,2.07,43396
1135054,2026-07-31,14.50,43396
1134695,2026-07-31,4.15,43396
1118108,2026-07-31,33.26,43843
1122173,2026-07-31,14.81,43843
1122033,2026-07-31,10.68,43843
1128710,2026-07-31,7.23,48952
1128711,2026-07-31,6.68,48952
1112997,2026-07-31,11.94,48952
1135263,2026-07-31,11.53,48952
1126235,2026-07-31,8.07,48952
1127627,2026-07-31,7.45,48952
1133387,2026-07-31,7.12,48952
1127416,2026-07-31,6.47,48952
1133405,2026-07-31,5.99,48952
1120933,2026-07-31,5.47,48952
1135418,2026-07-31,3.17,48952
1134215,2026-07-31,2.98,48952
1135419,2026-07-31,2.93,48952
1127736,2026-07-31,8.04,31387
1132174,2026-07-31,5.42,31387
1120748,2026-07-31,4.10,31387
1122846,2026-07-31,2.73,31387
1124416,2026-07-31,2.73,31387
1122847,2026-07-31,2.73,31387
1108608,2026-07-31,2.47,31387
1126535,2026-07-31,1.36,31387
1130065,2026-07-31,5.32,31387
1118395,2026-07-31,18.17,31387
1113543,2026-07-31,11.24,31387
1116490,2026-07-31,8.51,31387
1122033,2026-07-31,6.94,31387
207979,2026-07-31,0.08,31387
1112784,2026-07-31,47.73,47621
1075295,2026-07-31,28.03,47621
1068682,2026-07-31,7.00,47621
1071814,2026-07-31,2.81,47621
1069399,2026-07-31,2.80,47621
1069893,2026-07-31,2.80,47621
1108196,2026-07-31,2.40,47621
1070750,2026-07-31,1.40,47621
1070888,2026-07-31,1.40,47621
1036110,2026-07-31,9.11,44398
1123069,2026-07-31,8.99,44398
1120770,2026-07-31,8.98,44398
1070768,2026-07-31,8.98,44398
1119324,2026-07-31,7.49,44398
1062773,2026-07-31,7.46,44398
1126009,2026-07-31,5.98,44398
1127240,2026-07-31,2.99,44398
1057281,2026-07-31,1.49,44398
1134204,2026-07-31,9.03,44398
1132492,2026-07-31,5.96,44398
1127510,2026-07-31,4.10,44398
1132173,2026-07-31,8.68,44398
1133131,2026-07-31,2.87,44398
1133349,2026-07-31,1.48,44398
1115449,2026-07-31,7.16,47706
1077892,2026-07-31,6.47,47706
1115118,2026-07-31,3.66,47706
1015025,2026-07-31,2.80,47706
1077935,2026-07-31,1.54,47706
1126009,2026-07-31,1.22,47706
1078188,2026-07-31,0.61,47706
1120972,2026-07-31,0.61,47706
1079002,2026-07-31,27.93,47706
1079004,2026-07-31,19.43,47706
1078121,2026-07-31,15.52,47706
1116605,2026-07-31,3.12,47706
1077864,2026-07-31,3.11,47706
1078287,2026-07-31,3.10,47706
1076424,2026-07-31,0.62,47706
1075763,2026-07-31,0.31,47706
1134204,2026-07-31,64.50,45597
1127510,2026-07-31,12.05,45597
1132492,2026-07-31,11.26,45597
1132492,2026-07-31,97.01,48533
1134204,2026-07-31,98.36,48534
1132492,2026-07-31,96.25,46440
1124720,2026-07-31,13.12,49126
1120893,2026-07-31,13.10,49126
1113513,2026-07-31,13.07,49126
1124515,2026-07-31,6.56,49126
1121865,2026-07-31,6.55,49126
1121327,2026-07-31,6.55,49126
1121281,2026-07-31,6.55,49126
1123117,2026-07-31,6.55,49126
1120510,2026-07-31,6.54,49126
1121882,2026-07-31,6.54,49126
1121567,2026-07-31,6.54,49126
1123163,2026-07-31,3.27,49126
1124515,2026-07-31,14.10,49254
1123189,2026-07-31,9.38,49254
1122631,2026-07-31,9.37,49254
1121839,2026-07-31,9.37,49254
1123424,2026-07-31,9.37,49254
1113772,2026-07-31,9.37,49254
1123118,2026-07-31,9.34,49254
1116979,2026-07-31,5.62,49254
1122407,2026-07-31,4.70,49254
1123336,2026-07-31,4.69,49254
1123069,2026-07-31,4.69,49254
1123163,2026-07-31,4.69,49254
